ISO-10303-21;
HEADER;
FILE_DESCRIPTION(('KiCad electronic assembly'),'2;1');
FILE_NAME('camera ethernet pcb.step','2024-08-24T14:08:54',('Pcbnew'),(
    'Kicad'),'Open CASCADE STEP processor 7.7','KiCad to STEP converter'
  ,'Unknown');
FILE_SCHEMA(('AUTOMOTIVE_DESIGN { 1 0 10303 214 1 1 1 1 }'));
ENDSEC;
DATA;
#1 = APPLICATION_PROTOCOL_DEFINITION('international standard',
  'automotive_design',2000,#2);
#2 = APPLICATION_CONTEXT(
  'core data for automotive mechanical design processes');
#3 = SHAPE_DEFINITION_REPRESENTATION(#4,#10);
#4 = PRODUCT_DEFINITION_SHAPE('','',#5);
#5 = PRODUCT_DEFINITION('design','',#6,#9);
#6 = PRODUCT_DEFINITION_FORMATION('','',#7);
#7 = PRODUCT('camera ethernet pcb 1','camera ethernet pcb 1','',(#8));
#8 = PRODUCT_CONTEXT('',#2,'mechanical');
#9 = PRODUCT_DEFINITION_CONTEXT('part definition',#2,'design');
#10 = SHAPE_REPRESENTATION('',(#11,#15,#19),#23);
#11 = AXIS2_PLACEMENT_3D('',#12,#13,#14);
#12 = CARTESIAN_POINT('',(0.,0.,0.));
#13 = DIRECTION('',(0.,0.,1.));
#14 = DIRECTION('',(1.,0.,-0.));
#15 = AXIS2_PLACEMENT_3D('',#16,#17,#18);
#16 = CARTESIAN_POINT('',(89.5,-116.75,1.65));
#17 = DIRECTION('',(0.,0.,1.));
#18 = DIRECTION('',(1.,0.,0.));
#19 = AXIS2_PLACEMENT_3D('',#20,#21,#22);
#20 = CARTESIAN_POINT('',(0.,0.,0.));
#21 = DIRECTION('',(0.,0.,1.));
#22 = DIRECTION('',(1.,0.,-0.));
#23 = ( GEOMETRIC_REPRESENTATION_CONTEXT(3) 
GLOBAL_UNCERTAINTY_ASSIGNED_CONTEXT((#27)) GLOBAL_UNIT_ASSIGNED_CONTEXT(
(#24,#25,#26)) REPRESENTATION_CONTEXT('Context #1',
  '3D Context with UNIT and UNCERTAINTY') );
#24 = ( LENGTH_UNIT() NAMED_UNIT(*) SI_UNIT(.MILLI.,.METRE.) );
#25 = ( NAMED_UNIT(*) PLANE_ANGLE_UNIT() SI_UNIT($,.RADIAN.) );
#26 = ( NAMED_UNIT(*) SI_UNIT($,.STERADIAN.) SOLID_ANGLE_UNIT() );
#27 = UNCERTAINTY_MEASURE_WITH_UNIT(LENGTH_MEASURE(1.E-07),#24,
  'distance_accuracy_value','confusion accuracy');
#28 = PRODUCT_RELATED_PRODUCT_CATEGORY('part',$,(#7));
#29 = SHAPE_DEFINITION_REPRESENTATION(#30,#36);
#30 = PRODUCT_DEFINITION_SHAPE('','',#31);
#31 = PRODUCT_DEFINITION('design','',#32,#35);
#32 = PRODUCT_DEFINITION_FORMATION('','',#33);
#33 = PRODUCT('PinHeader_1x03_P1.00mm_Vertical',
  'PinHeader_1x03_P1.00mm_Vertical','',(#34));
#34 = PRODUCT_CONTEXT('',#2,'mechanical');
#35 = PRODUCT_DEFINITION_CONTEXT('part definition',#2,'design');
#36 = SHAPE_REPRESENTATION('',(#11,#37),#41);
#37 = AXIS2_PLACEMENT_3D('',#38,#39,#40);
#38 = CARTESIAN_POINT('',(0.,0.,0.));
#39 = DIRECTION('',(0.,0.,1.));
#40 = DIRECTION('',(1.,0.,-0.));
#41 = ( GEOMETRIC_REPRESENTATION_CONTEXT(3) 
GLOBAL_UNCERTAINTY_ASSIGNED_CONTEXT((#45)) GLOBAL_UNIT_ASSIGNED_CONTEXT(
(#42,#43,#44)) REPRESENTATION_CONTEXT('Context #1',
  '3D Context with UNIT and UNCERTAINTY') );
#42 = ( LENGTH_UNIT() NAMED_UNIT(*) SI_UNIT(.MILLI.,.METRE.) );
#43 = ( NAMED_UNIT(*) PLANE_ANGLE_UNIT() SI_UNIT($,.RADIAN.) );
#44 = ( NAMED_UNIT(*) SI_UNIT($,.STERADIAN.) SOLID_ANGLE_UNIT() );
#45 = UNCERTAINTY_MEASURE_WITH_UNIT(LENGTH_MEASURE(1.E-07),#42,
  'distance_accuracy_value','confusion accuracy');
#46 = CONTEXT_DEPENDENT_SHAPE_REPRESENTATION(#47,#49);
#47 = ( REPRESENTATION_RELATIONSHIP('','',#36,#10) 
REPRESENTATION_RELATIONSHIP_WITH_TRANSFORMATION(#48) 
SHAPE_REPRESENTATION_RELATIONSHIP() );
#48 = ITEM_DEFINED_TRANSFORMATION('','',#11,#15);
#49 = PRODUCT_DEFINITION_SHAPE('Placement','Placement of an item',#50);
#50 = NEXT_ASSEMBLY_USAGE_OCCURRENCE('2','J3','',#5,#31,$);
#51 = PRODUCT_RELATED_PRODUCT_CATEGORY('part',$,(#33));
#52 = SHAPE_DEFINITION_REPRESENTATION(#53,#59);
#53 = PRODUCT_DEFINITION_SHAPE('','',#54);
#54 = PRODUCT_DEFINITION('design','',#55,#58);
#55 = PRODUCT_DEFINITION_FORMATION('','',#56);
#56 = PRODUCT('PinHeader_1x03_P100mm_Vertical',
  'PinHeader_1x03_P100mm_Vertical','',(#57));
#57 = PRODUCT_CONTEXT('',#2,'mechanical');
#58 = PRODUCT_DEFINITION_CONTEXT('part definition',#2,'design');
#59 = ADVANCED_BREP_SHAPE_REPRESENTATION('',(#11,#60),#2166);
#60 = MANIFOLD_SOLID_BREP('',#61);
#61 = CLOSED_SHELL('',(#62,#102,#133,#164,#411,#658,#675,#692,#709,#726,
    #743,#760,#777,#794,#811,#828,#845,#862,#879,#896,#913,#930,#942,
    #973,#997,#1021,#1038,#1069,#1093,#1117,#1134,#1165,#1189,#1213,
    #1230,#1261,#1285,#1309,#1326,#1357,#1381,#1405,#1422,#1453,#1477,
    #1501,#1518,#1549,#1573,#1597,#1614,#1645,#1669,#1693,#1710,#1741,
    #1765,#1789,#1806,#1837,#1861,#1885,#1902,#1933,#1957,#1981,#1998,
    #2029,#2053,#2077,#2094,#2106,#2118,#2130,#2142,#2154));
#62 = ADVANCED_FACE('',(#63),#97,.F.);
#63 = FACE_BOUND('',#64,.F.);
#64 = EDGE_LOOP('',(#65,#75,#83,#91));
#65 = ORIENTED_EDGE('',*,*,#66,.T.);
#66 = EDGE_CURVE('',#67,#69,#71,.T.);
#67 = VERTEX_POINT('',#68);
#68 = CARTESIAN_POINT('',(-0.535,0.5,0.));
#69 = VERTEX_POINT('',#70);
#70 = CARTESIAN_POINT('',(-0.535,0.5,1.));
#71 = LINE('',#72,#73);
#72 = CARTESIAN_POINT('',(-0.535,0.5,0.));
#73 = VECTOR('',#74,1.);
#74 = DIRECTION('',(0.,0.,1.));
#75 = ORIENTED_EDGE('',*,*,#76,.T.);
#76 = EDGE_CURVE('',#69,#77,#79,.T.);
#77 = VERTEX_POINT('',#78);
#78 = CARTESIAN_POINT('',(-0.635,0.4,1.));
#79 = LINE('',#80,#81);
#80 = CARTESIAN_POINT('',(-0.535,0.5,1.));
#81 = VECTOR('',#82,1.);
#82 = DIRECTION('',(-0.707106781187,-0.707106781187,0.));
#83 = ORIENTED_EDGE('',*,*,#84,.F.);
#84 = EDGE_CURVE('',#85,#77,#87,.T.);
#85 = VERTEX_POINT('',#86);
#86 = CARTESIAN_POINT('',(-0.635,0.4,0.));
#87 = LINE('',#88,#89);
#88 = CARTESIAN_POINT('',(-0.635,0.4,0.));
#89 = VECTOR('',#90,1.);
#90 = DIRECTION('',(0.,0.,1.));
#91 = ORIENTED_EDGE('',*,*,#92,.F.);
#92 = EDGE_CURVE('',#67,#85,#93,.T.);
#93 = LINE('',#94,#95);
#94 = CARTESIAN_POINT('',(-0.535,0.5,0.));
#95 = VECTOR('',#96,1.);
#96 = DIRECTION('',(-0.707106781187,-0.707106781187,0.));
#97 = PLANE('',#98);
#98 = AXIS2_PLACEMENT_3D('',#99,#100,#101);
#99 = CARTESIAN_POINT('',(-0.535,0.5,0.));
#100 = DIRECTION('',(0.707106781187,-0.707106781187,0.));
#101 = DIRECTION('',(-0.707106781187,-0.707106781187,0.));
#102 = ADVANCED_FACE('',(#103),#128,.F.);
#103 = FACE_BOUND('',#104,.F.);
#104 = EDGE_LOOP('',(#105,#115,#121,#122));
#105 = ORIENTED_EDGE('',*,*,#106,.T.);
#106 = EDGE_CURVE('',#107,#109,#111,.T.);
#107 = VERTEX_POINT('',#108);
#108 = CARTESIAN_POINT('',(0.535,0.5,0.));
#109 = VERTEX_POINT('',#110);
#110 = CARTESIAN_POINT('',(0.535,0.5,1.));
#111 = LINE('',#112,#113);
#112 = CARTESIAN_POINT('',(0.535,0.5,0.));
#113 = VECTOR('',#114,1.);
#114 = DIRECTION('',(0.,0.,1.));
#115 = ORIENTED_EDGE('',*,*,#116,.T.);
#116 = EDGE_CURVE('',#109,#69,#117,.T.);
#117 = LINE('',#118,#119);
#118 = CARTESIAN_POINT('',(0.535,0.5,1.));
#119 = VECTOR('',#120,1.);
#120 = DIRECTION('',(-1.,1.037591611799E-16,0.));
#121 = ORIENTED_EDGE('',*,*,#66,.F.);
#122 = ORIENTED_EDGE('',*,*,#123,.F.);
#123 = EDGE_CURVE('',#107,#67,#124,.T.);
#124 = LINE('',#125,#126);
#125 = CARTESIAN_POINT('',(0.535,0.5,0.));
#126 = VECTOR('',#127,1.);
#127 = DIRECTION('',(-1.,1.037591611799E-16,0.));
#128 = PLANE('',#129);
#129 = AXIS2_PLACEMENT_3D('',#130,#131,#132);
#130 = CARTESIAN_POINT('',(0.535,0.5,0.));
#131 = DIRECTION('',(-1.037591611799E-16,-1.,0.));
#132 = DIRECTION('',(-1.,1.037591611799E-16,0.));
#133 = ADVANCED_FACE('',(#134),#159,.F.);
#134 = FACE_BOUND('',#135,.F.);
#135 = EDGE_LOOP('',(#136,#137,#145,#153));
#136 = ORIENTED_EDGE('',*,*,#84,.T.);
#137 = ORIENTED_EDGE('',*,*,#138,.T.);
#138 = EDGE_CURVE('',#77,#139,#141,.T.);
#139 = VERTEX_POINT('',#140);
#140 = CARTESIAN_POINT('',(-0.635,-0.4,1.));
#141 = LINE('',#142,#143);
#142 = CARTESIAN_POINT('',(-0.635,0.4,1.));
#143 = VECTOR('',#144,1.);
#144 = DIRECTION('',(0.,-1.,0.));
#145 = ORIENTED_EDGE('',*,*,#146,.F.);
#146 = EDGE_CURVE('',#147,#139,#149,.T.);
#147 = VERTEX_POINT('',#148);
#148 = CARTESIAN_POINT('',(-0.635,-0.4,0.));
#149 = LINE('',#150,#151);
#150 = CARTESIAN_POINT('',(-0.635,-0.4,0.));
#151 = VECTOR('',#152,1.);
#152 = DIRECTION('',(0.,0.,1.));
#153 = ORIENTED_EDGE('',*,*,#154,.F.);
#154 = EDGE_CURVE('',#85,#147,#155,.T.);
#155 = LINE('',#156,#157);
#156 = CARTESIAN_POINT('',(-0.635,0.4,0.));
#157 = VECTOR('',#158,1.);
#158 = DIRECTION('',(0.,-1.,0.));
#159 = PLANE('',#160);
#160 = AXIS2_PLACEMENT_3D('',#161,#162,#163);
#161 = CARTESIAN_POINT('',(-0.635,0.4,0.));
#162 = DIRECTION('',(1.,0.,0.));
#163 = DIRECTION('',(0.,-1.,0.));
#164 = ADVANCED_FACE('',(#165,#304,#338,#372),#406,.F.);
#165 = FACE_BOUND('',#166,.F.);
#166 = EDGE_LOOP('',(#167,#168,#169,#177,#185,#193,#201,#209,#217,#225,
    #233,#241,#249,#257,#265,#273,#281,#289,#297,#303));
#167 = ORIENTED_EDGE('',*,*,#92,.T.);
#168 = ORIENTED_EDGE('',*,*,#154,.T.);
#169 = ORIENTED_EDGE('',*,*,#170,.T.);
#170 = EDGE_CURVE('',#147,#171,#173,.T.);
#171 = VERTEX_POINT('',#172);
#172 = CARTESIAN_POINT('',(-0.535,-0.5,0.));
#173 = LINE('',#174,#175);
#174 = CARTESIAN_POINT('',(-0.635,-0.4,0.));
#175 = VECTOR('',#176,1.);
#176 = DIRECTION('',(0.707106781187,-0.707106781187,0.));
#177 = ORIENTED_EDGE('',*,*,#178,.T.);
#178 = EDGE_CURVE('',#171,#179,#181,.T.);
#179 = VERTEX_POINT('',#180);
#180 = CARTESIAN_POINT('',(-0.635,-0.6,0.));
#181 = LINE('',#182,#183);
#182 = CARTESIAN_POINT('',(-0.535,-0.5,0.));
#183 = VECTOR('',#184,1.);
#184 = DIRECTION('',(-0.707106781187,-0.707106781187,0.));
#185 = ORIENTED_EDGE('',*,*,#186,.T.);
#186 = EDGE_CURVE('',#179,#187,#189,.T.);
#187 = VERTEX_POINT('',#188);
#188 = CARTESIAN_POINT('',(-0.635,-1.4,0.));
#189 = LINE('',#190,#191);
#190 = CARTESIAN_POINT('',(-0.635,-0.6,0.));
#191 = VECTOR('',#192,1.);
#192 = DIRECTION('',(0.,-1.,0.));
#193 = ORIENTED_EDGE('',*,*,#194,.T.);
#194 = EDGE_CURVE('',#187,#195,#197,.T.);
#195 = VERTEX_POINT('',#196);
#196 = CARTESIAN_POINT('',(-0.535,-1.5,0.));
#197 = LINE('',#198,#199);
#198 = CARTESIAN_POINT('',(-0.635,-1.4,0.));
#199 = VECTOR('',#200,1.);
#200 = DIRECTION('',(0.707106781187,-0.707106781187,0.));
#201 = ORIENTED_EDGE('',*,*,#202,.T.);
#202 = EDGE_CURVE('',#195,#203,#205,.T.);
#203 = VERTEX_POINT('',#204);
#204 = CARTESIAN_POINT('',(-0.635,-1.6,0.));
#205 = LINE('',#206,#207);
#206 = CARTESIAN_POINT('',(-0.535,-1.5,0.));
#207 = VECTOR('',#208,1.);
#208 = DIRECTION('',(-0.707106781187,-0.707106781187,0.));
#209 = ORIENTED_EDGE('',*,*,#210,.T.);
#210 = EDGE_CURVE('',#203,#211,#213,.T.);
#211 = VERTEX_POINT('',#212);
#212 = CARTESIAN_POINT('',(-0.635,-2.4,0.));
#213 = LINE('',#214,#215);
#214 = CARTESIAN_POINT('',(-0.635,-1.6,0.));
#215 = VECTOR('',#216,1.);
#216 = DIRECTION('',(0.,-1.,0.));
#217 = ORIENTED_EDGE('',*,*,#218,.T.);
#218 = EDGE_CURVE('',#211,#219,#221,.T.);
#219 = VERTEX_POINT('',#220);
#220 = CARTESIAN_POINT('',(-0.535,-2.5,0.));
#221 = LINE('',#222,#223);
#222 = CARTESIAN_POINT('',(-0.635,-2.4,0.));
#223 = VECTOR('',#224,1.);
#224 = DIRECTION('',(0.707106781187,-0.707106781187,0.));
#225 = ORIENTED_EDGE('',*,*,#226,.T.);
#226 = EDGE_CURVE('',#219,#227,#229,.T.);
#227 = VERTEX_POINT('',#228);
#228 = CARTESIAN_POINT('',(0.535,-2.5,0.));
#229 = LINE('',#230,#231);
#230 = CARTESIAN_POINT('',(-0.535,-2.5,0.));
#231 = VECTOR('',#232,1.);
#232 = DIRECTION('',(1.,0.,0.));
#233 = ORIENTED_EDGE('',*,*,#234,.T.);
#234 = EDGE_CURVE('',#227,#235,#237,.T.);
#235 = VERTEX_POINT('',#236);
#236 = CARTESIAN_POINT('',(0.635,-2.4,0.));
#237 = LINE('',#238,#239);
#238 = CARTESIAN_POINT('',(0.535,-2.5,0.));
#239 = VECTOR('',#240,1.);
#240 = DIRECTION('',(0.707106781187,0.707106781187,0.));
#241 = ORIENTED_EDGE('',*,*,#242,.T.);
#242 = EDGE_CURVE('',#235,#243,#245,.T.);
#243 = VERTEX_POINT('',#244);
#244 = CARTESIAN_POINT('',(0.635,-1.6,0.));
#245 = LINE('',#246,#247);
#246 = CARTESIAN_POINT('',(0.635,-2.4,0.));
#247 = VECTOR('',#248,1.);
#248 = DIRECTION('',(0.,1.,0.));
#249 = ORIENTED_EDGE('',*,*,#250,.T.);
#250 = EDGE_CURVE('',#243,#251,#253,.T.);
#251 = VERTEX_POINT('',#252);
#252 = CARTESIAN_POINT('',(0.535,-1.5,0.));
#253 = LINE('',#254,#255);
#254 = CARTESIAN_POINT('',(0.635,-1.6,0.));
#255 = VECTOR('',#256,1.);
#256 = DIRECTION('',(-0.707106781187,0.707106781187,0.));
#257 = ORIENTED_EDGE('',*,*,#258,.T.);
#258 = EDGE_CURVE('',#251,#259,#261,.T.);
#259 = VERTEX_POINT('',#260);
#260 = CARTESIAN_POINT('',(0.635,-1.4,0.));
#261 = LINE('',#262,#263);
#262 = CARTESIAN_POINT('',(0.535,-1.5,0.));
#263 = VECTOR('',#264,1.);
#264 = DIRECTION('',(0.707106781187,0.707106781187,0.));
#265 = ORIENTED_EDGE('',*,*,#266,.T.);
#266 = EDGE_CURVE('',#259,#267,#269,.T.);
#267 = VERTEX_POINT('',#268);
#268 = CARTESIAN_POINT('',(0.635,-0.6,0.));
#269 = LINE('',#270,#271);
#270 = CARTESIAN_POINT('',(0.635,-1.4,0.));
#271 = VECTOR('',#272,1.);
#272 = DIRECTION('',(0.,1.,0.));
#273 = ORIENTED_EDGE('',*,*,#274,.T.);
#274 = EDGE_CURVE('',#267,#275,#277,.T.);
#275 = VERTEX_POINT('',#276);
#276 = CARTESIAN_POINT('',(0.535,-0.5,0.));
#277 = LINE('',#278,#279);
#278 = CARTESIAN_POINT('',(0.635,-0.6,0.));
#279 = VECTOR('',#280,1.);
#280 = DIRECTION('',(-0.707106781187,0.707106781187,0.));
#281 = ORIENTED_EDGE('',*,*,#282,.T.);
#282 = EDGE_CURVE('',#275,#283,#285,.T.);
#283 = VERTEX_POINT('',#284);
#284 = CARTESIAN_POINT('',(0.635,-0.4,0.));
#285 = LINE('',#286,#287);
#286 = CARTESIAN_POINT('',(0.535,-0.5,0.));
#287 = VECTOR('',#288,1.);
#288 = DIRECTION('',(0.707106781187,0.707106781187,0.));
#289 = ORIENTED_EDGE('',*,*,#290,.T.);
#290 = EDGE_CURVE('',#283,#291,#293,.T.);
#291 = VERTEX_POINT('',#292);
#292 = CARTESIAN_POINT('',(0.635,0.4,0.));
#293 = LINE('',#294,#295);
#294 = CARTESIAN_POINT('',(0.635,-0.4,0.));
#295 = VECTOR('',#296,1.);
#296 = DIRECTION('',(0.,1.,0.));
#297 = ORIENTED_EDGE('',*,*,#298,.T.);
#298 = EDGE_CURVE('',#291,#107,#299,.T.);
#299 = LINE('',#300,#301);
#300 = CARTESIAN_POINT('',(0.635,0.4,0.));
#301 = VECTOR('',#302,1.);
#302 = DIRECTION('',(-0.707106781187,0.707106781187,0.));
#303 = ORIENTED_EDGE('',*,*,#123,.T.);
#304 = FACE_BOUND('',#305,.F.);
#305 = EDGE_LOOP('',(#306,#316,#324,#332));
#306 = ORIENTED_EDGE('',*,*,#307,.F.);
#307 = EDGE_CURVE('',#308,#310,#312,.T.);
#308 = VERTEX_POINT('',#309);
#309 = CARTESIAN_POINT('',(0.15,-0.15,0.));
#310 = VERTEX_POINT('',#311);
#311 = CARTESIAN_POINT('',(0.15,0.15,0.));
#312 = LINE('',#313,#314);
#313 = CARTESIAN_POINT('',(0.15,-0.575,0.));
#314 = VECTOR('',#315,1.);
#315 = DIRECTION('',(0.,1.,0.));
#316 = ORIENTED_EDGE('',*,*,#317,.T.);
#317 = EDGE_CURVE('',#308,#318,#320,.T.);
#318 = VERTEX_POINT('',#319);
#319 = CARTESIAN_POINT('',(-0.15,-0.15,0.));
#320 = LINE('',#321,#322);
#321 = CARTESIAN_POINT('',(-7.5E-02,-0.15,0.));
#322 = VECTOR('',#323,1.);
#323 = DIRECTION('',(-1.,0.,0.));
#324 = ORIENTED_EDGE('',*,*,#325,.T.);
#325 = EDGE_CURVE('',#318,#326,#328,.T.);
#326 = VERTEX_POINT('',#327);
#327 = CARTESIAN_POINT('',(-0.15,0.15,0.));
#328 = LINE('',#329,#330);
#329 = CARTESIAN_POINT('',(-0.15,-0.575,0.));
#330 = VECTOR('',#331,1.);
#331 = DIRECTION('',(0.,1.,0.));
#332 = ORIENTED_EDGE('',*,*,#333,.F.);
#333 = EDGE_CURVE('',#310,#326,#334,.T.);
#334 = LINE('',#335,#336);
#335 = CARTESIAN_POINT('',(-7.5E-02,0.15,0.));
#336 = VECTOR('',#337,1.);
#337 = DIRECTION('',(-1.,0.,0.));
#338 = FACE_BOUND('',#339,.F.);
#339 = EDGE_LOOP('',(#340,#350,#358,#366));
#340 = ORIENTED_EDGE('',*,*,#341,.T.);
#341 = EDGE_CURVE('',#342,#344,#346,.T.);
#342 = VERTEX_POINT('',#343);
#343 = CARTESIAN_POINT('',(0.15,-1.15,0.));
#344 = VERTEX_POINT('',#345);
#345 = CARTESIAN_POINT('',(-0.15,-1.15,0.));
#346 = LINE('',#347,#348);
#347 = CARTESIAN_POINT('',(-7.5E-02,-1.15,0.));
#348 = VECTOR('',#349,1.);
#349 = DIRECTION('',(-1.,0.,0.));
#350 = ORIENTED_EDGE('',*,*,#351,.T.);
#351 = EDGE_CURVE('',#344,#352,#354,.T.);
#352 = VERTEX_POINT('',#353);
#353 = CARTESIAN_POINT('',(-0.15,-0.85,0.));
#354 = LINE('',#355,#356);
#355 = CARTESIAN_POINT('',(-0.15,-1.075,0.));
#356 = VECTOR('',#357,1.);
#357 = DIRECTION('',(0.,1.,0.));
#358 = ORIENTED_EDGE('',*,*,#359,.F.);
#359 = EDGE_CURVE('',#360,#352,#362,.T.);
#360 = VERTEX_POINT('',#361);
#361 = CARTESIAN_POINT('',(0.15,-0.85,0.));
#362 = LINE('',#363,#364);
#363 = CARTESIAN_POINT('',(-7.5E-02,-0.85,0.));
#364 = VECTOR('',#365,1.);
#365 = DIRECTION('',(-1.,0.,0.));
#366 = ORIENTED_EDGE('',*,*,#367,.F.);
#367 = EDGE_CURVE('',#342,#360,#368,.T.);
#368 = LINE('',#369,#370);
#369 = CARTESIAN_POINT('',(0.15,-1.075,0.));
#370 = VECTOR('',#371,1.);
#371 = DIRECTION('',(0.,1.,0.));
#372 = FACE_BOUND('',#373,.F.);
#373 = EDGE_LOOP('',(#374,#384,#392,#400));
#374 = ORIENTED_EDGE('',*,*,#375,.F.);
#375 = EDGE_CURVE('',#376,#378,#380,.T.);
#376 = VERTEX_POINT('',#377);
#377 = CARTESIAN_POINT('',(0.15,-1.85,0.));
#378 = VERTEX_POINT('',#379);
#379 = CARTESIAN_POINT('',(-0.15,-1.85,0.));
#380 = LINE('',#381,#382);
#381 = CARTESIAN_POINT('',(-7.5E-02,-1.85,0.));
#382 = VECTOR('',#383,1.);
#383 = DIRECTION('',(-1.,0.,0.));
#384 = ORIENTED_EDGE('',*,*,#385,.F.);
#385 = EDGE_CURVE('',#386,#376,#388,.T.);
#386 = VERTEX_POINT('',#387);
#387 = CARTESIAN_POINT('',(0.15,-2.15,0.));
#388 = LINE('',#389,#390);
#389 = CARTESIAN_POINT('',(0.15,-1.575,0.));
#390 = VECTOR('',#391,1.);
#391 = DIRECTION('',(0.,1.,0.));
#392 = ORIENTED_EDGE('',*,*,#393,.T.);
#393 = EDGE_CURVE('',#386,#394,#396,.T.);
#394 = VERTEX_POINT('',#395);
#395 = CARTESIAN_POINT('',(-0.15,-2.15,0.));
#396 = LINE('',#397,#398);
#397 = CARTESIAN_POINT('',(-7.5E-02,-2.15,0.));
#398 = VECTOR('',#399,1.);
#399 = DIRECTION('',(-1.,0.,0.));
#400 = ORIENTED_EDGE('',*,*,#401,.T.);
#401 = EDGE_CURVE('',#394,#378,#402,.T.);
#402 = LINE('',#403,#404);
#403 = CARTESIAN_POINT('',(-0.15,-1.575,0.));
#404 = VECTOR('',#405,1.);
#405 = DIRECTION('',(0.,1.,0.));
#406 = PLANE('',#407);
#407 = AXIS2_PLACEMENT_3D('',#408,#409,#410);
#408 = CARTESIAN_POINT('',(-5.784382377318E-17,-1.,0.));
#409 = DIRECTION('',(0.,0.,1.));
#410 = DIRECTION('',(1.,0.,-0.));
#411 = ADVANCED_FACE('',(#412,#551,#585,#619),#653,.T.);
#412 = FACE_BOUND('',#413,.T.);
#413 = EDGE_LOOP('',(#414,#415,#416,#424,#432,#440,#448,#456,#464,#472,
    #480,#488,#496,#504,#512,#520,#528,#536,#544,#550));
#414 = ORIENTED_EDGE('',*,*,#76,.T.);
#415 = ORIENTED_EDGE('',*,*,#138,.T.);
#416 = ORIENTED_EDGE('',*,*,#417,.T.);
#417 = EDGE_CURVE('',#139,#418,#420,.T.);
#418 = VERTEX_POINT('',#419);
#419 = CARTESIAN_POINT('',(-0.535,-0.5,1.));
#420 = LINE('',#421,#422);
#421 = CARTESIAN_POINT('',(-0.635,-0.4,1.));
#422 = VECTOR('',#423,1.);
#423 = DIRECTION('',(0.707106781187,-0.707106781187,0.));
#424 = ORIENTED_EDGE('',*,*,#425,.T.);
#425 = EDGE_CURVE('',#418,#426,#428,.T.);
#426 = VERTEX_POINT('',#427);
#427 = CARTESIAN_POINT('',(-0.635,-0.6,1.));
#428 = LINE('',#429,#430);
#429 = CARTESIAN_POINT('',(-0.535,-0.5,1.));
#430 = VECTOR('',#431,1.);
#431 = DIRECTION('',(-0.707106781187,-0.707106781187,0.));
#432 = ORIENTED_EDGE('',*,*,#433,.T.);
#433 = EDGE_CURVE('',#426,#434,#436,.T.);
#434 = VERTEX_POINT('',#435);
#435 = CARTESIAN_POINT('',(-0.635,-1.4,1.));
#436 = LINE('',#437,#438);
#437 = CARTESIAN_POINT('',(-0.635,-0.6,1.));
#438 = VECTOR('',#439,1.);
#439 = DIRECTION('',(0.,-1.,0.));
#440 = ORIENTED_EDGE('',*,*,#441,.T.);
#441 = EDGE_CURVE('',#434,#442,#444,.T.);
#442 = VERTEX_POINT('',#443);
#443 = CARTESIAN_POINT('',(-0.535,-1.5,1.));
#444 = LINE('',#445,#446);
#445 = CARTESIAN_POINT('',(-0.635,-1.4,1.));
#446 = VECTOR('',#447,1.);
#447 = DIRECTION('',(0.707106781187,-0.707106781187,0.));
#448 = ORIENTED_EDGE('',*,*,#449,.T.);
#449 = EDGE_CURVE('',#442,#450,#452,.T.);
#450 = VERTEX_POINT('',#451);
#451 = CARTESIAN_POINT('',(-0.635,-1.6,1.));
#452 = LINE('',#453,#454);
#453 = CARTESIAN_POINT('',(-0.535,-1.5,1.));
#454 = VECTOR('',#455,1.);
#455 = DIRECTION('',(-0.707106781187,-0.707106781187,0.));
#456 = ORIENTED_EDGE('',*,*,#457,.T.);
#457 = EDGE_CURVE('',#450,#458,#460,.T.);
#458 = VERTEX_POINT('',#459);
#459 = CARTESIAN_POINT('',(-0.635,-2.4,1.));
#460 = LINE('',#461,#462);
#461 = CARTESIAN_POINT('',(-0.635,-1.6,1.));
#462 = VECTOR('',#463,1.);
#463 = DIRECTION('',(0.,-1.,0.));
#464 = ORIENTED_EDGE('',*,*,#465,.T.);
#465 = EDGE_CURVE('',#458,#466,#468,.T.);
#466 = VERTEX_POINT('',#467);
#467 = CARTESIAN_POINT('',(-0.535,-2.5,1.));
#468 = LINE('',#469,#470);
#469 = CARTESIAN_POINT('',(-0.635,-2.4,1.));
#470 = VECTOR('',#471,1.);
#471 = DIRECTION('',(0.707106781187,-0.707106781187,0.));
#472 = ORIENTED_EDGE('',*,*,#473,.T.);
#473 = EDGE_CURVE('',#466,#474,#476,.T.);
#474 = VERTEX_POINT('',#475);
#475 = CARTESIAN_POINT('',(0.535,-2.5,1.));
#476 = LINE('',#477,#478);
#477 = CARTESIAN_POINT('',(-0.535,-2.5,1.));
#478 = VECTOR('',#479,1.);
#479 = DIRECTION('',(1.,0.,0.));
#480 = ORIENTED_EDGE('',*,*,#481,.T.);
#481 = EDGE_CURVE('',#474,#482,#484,.T.);
#482 = VERTEX_POINT('',#483);
#483 = CARTESIAN_POINT('',(0.635,-2.4,1.));
#484 = LINE('',#485,#486);
#485 = CARTESIAN_POINT('',(0.535,-2.5,1.));
#486 = VECTOR('',#487,1.);
#487 = DIRECTION('',(0.707106781187,0.707106781187,0.));
#488 = ORIENTED_EDGE('',*,*,#489,.T.);
#489 = EDGE_CURVE('',#482,#490,#492,.T.);
#490 = VERTEX_POINT('',#491);
#491 = CARTESIAN_POINT('',(0.635,-1.6,1.));
#492 = LINE('',#493,#494);
#493 = CARTESIAN_POINT('',(0.635,-2.4,1.));
#494 = VECTOR('',#495,1.);
#495 = DIRECTION('',(0.,1.,0.));
#496 = ORIENTED_EDGE('',*,*,#497,.T.);
#497 = EDGE_CURVE('',#490,#498,#500,.T.);
#498 = VERTEX_POINT('',#499);
#499 = CARTESIAN_POINT('',(0.535,-1.5,1.));
#500 = LINE('',#501,#502);
#501 = CARTESIAN_POINT('',(0.635,-1.6,1.));
#502 = VECTOR('',#503,1.);
#503 = DIRECTION('',(-0.707106781187,0.707106781187,0.));
#504 = ORIENTED_EDGE('',*,*,#505,.T.);
#505 = EDGE_CURVE('',#498,#506,#508,.T.);
#506 = VERTEX_POINT('',#507);
#507 = CARTESIAN_POINT('',(0.635,-1.4,1.));
#508 = LINE('',#509,#510);
#509 = CARTESIAN_POINT('',(0.535,-1.5,1.));
#510 = VECTOR('',#511,1.);
#511 = DIRECTION('',(0.707106781187,0.707106781187,0.));
#512 = ORIENTED_EDGE('',*,*,#513,.T.);
#513 = EDGE_CURVE('',#506,#514,#516,.T.);
#514 = VERTEX_POINT('',#515);
#515 = CARTESIAN_POINT('',(0.635,-0.6,1.));
#516 = LINE('',#517,#518);
#517 = CARTESIAN_POINT('',(0.635,-1.4,1.));
#518 = VECTOR('',#519,1.);
#519 = DIRECTION('',(0.,1.,0.));
#520 = ORIENTED_EDGE('',*,*,#521,.T.);
#521 = EDGE_CURVE('',#514,#522,#524,.T.);
#522 = VERTEX_POINT('',#523);
#523 = CARTESIAN_POINT('',(0.535,-0.5,1.));
#524 = LINE('',#525,#526);
#525 = CARTESIAN_POINT('',(0.635,-0.6,1.));
#526 = VECTOR('',#527,1.);
#527 = DIRECTION('',(-0.707106781187,0.707106781187,0.));
#528 = ORIENTED_EDGE('',*,*,#529,.T.);
#529 = EDGE_CURVE('',#522,#530,#532,.T.);
#530 = VERTEX_POINT('',#531);
#531 = CARTESIAN_POINT('',(0.635,-0.4,1.));
#532 = LINE('',#533,#534);
#533 = CARTESIAN_POINT('',(0.535,-0.5,1.));
#534 = VECTOR('',#535,1.);
#535 = DIRECTION('',(0.707106781187,0.707106781187,0.));
#536 = ORIENTED_EDGE('',*,*,#537,.T.);
#537 = EDGE_CURVE('',#530,#538,#540,.T.);
#538 = VERTEX_POINT('',#539);
#539 = CARTESIAN_POINT('',(0.635,0.4,1.));
#540 = LINE('',#541,#542);
#541 = CARTESIAN_POINT('',(0.635,-0.4,1.));
#542 = VECTOR('',#543,1.);
#543 = DIRECTION('',(0.,1.,0.));
#544 = ORIENTED_EDGE('',*,*,#545,.T.);
#545 = EDGE_CURVE('',#538,#109,#546,.T.);
#546 = LINE('',#547,#548);
#547 = CARTESIAN_POINT('',(0.635,0.4,1.));
#548 = VECTOR('',#549,1.);
#549 = DIRECTION('',(-0.707106781187,0.707106781187,0.));
#550 = ORIENTED_EDGE('',*,*,#116,.T.);
#551 = FACE_BOUND('',#552,.T.);
#552 = EDGE_LOOP('',(#553,#563,#571,#579));
#553 = ORIENTED_EDGE('',*,*,#554,.F.);
#554 = EDGE_CURVE('',#555,#557,#559,.T.);
#555 = VERTEX_POINT('',#556);
#556 = CARTESIAN_POINT('',(0.15,-0.15,1.));
#557 = VERTEX_POINT('',#558);
#558 = CARTESIAN_POINT('',(0.15,0.15,1.));
#559 = LINE('',#560,#561);
#560 = CARTESIAN_POINT('',(0.15,-0.575,1.));
#561 = VECTOR('',#562,1.);
#562 = DIRECTION('',(0.,1.,0.));
#563 = ORIENTED_EDGE('',*,*,#564,.T.);
#564 = EDGE_CURVE('',#555,#565,#567,.T.);
#565 = VERTEX_POINT('',#566);
#566 = CARTESIAN_POINT('',(-0.15,-0.15,1.));
#567 = LINE('',#568,#569);
#568 = CARTESIAN_POINT('',(-7.5E-02,-0.15,1.));
#569 = VECTOR('',#570,1.);
#570 = DIRECTION('',(-1.,0.,0.));
#571 = ORIENTED_EDGE('',*,*,#572,.T.);
#572 = EDGE_CURVE('',#565,#573,#575,.T.);
#573 = VERTEX_POINT('',#574);
#574 = CARTESIAN_POINT('',(-0.15,0.15,1.));
#575 = LINE('',#576,#577);
#576 = CARTESIAN_POINT('',(-0.15,-0.575,1.));
#577 = VECTOR('',#578,1.);
#578 = DIRECTION('',(0.,1.,0.));
#579 = ORIENTED_EDGE('',*,*,#580,.F.);
#580 = EDGE_CURVE('',#557,#573,#581,.T.);
#581 = LINE('',#582,#583);
#582 = CARTESIAN_POINT('',(-7.5E-02,0.15,1.));
#583 = VECTOR('',#584,1.);
#584 = DIRECTION('',(-1.,0.,0.));
#585 = FACE_BOUND('',#586,.T.);
#586 = EDGE_LOOP('',(#587,#597,#605,#613));
#587 = ORIENTED_EDGE('',*,*,#588,.T.);
#588 = EDGE_CURVE('',#589,#591,#593,.T.);
#589 = VERTEX_POINT('',#590);
#590 = CARTESIAN_POINT('',(0.15,-1.15,1.));
#591 = VERTEX_POINT('',#592);
#592 = CARTESIAN_POINT('',(-0.15,-1.15,1.));
#593 = LINE('',#594,#595);
#594 = CARTESIAN_POINT('',(-7.5E-02,-1.15,1.));
#595 = VECTOR('',#596,1.);
#596 = DIRECTION('',(-1.,0.,0.));
#597 = ORIENTED_EDGE('',*,*,#598,.T.);
#598 = EDGE_CURVE('',#591,#599,#601,.T.);
#599 = VERTEX_POINT('',#600);
#600 = CARTESIAN_POINT('',(-0.15,-0.85,1.));
#601 = LINE('',#602,#603);
#602 = CARTESIAN_POINT('',(-0.15,-1.075,1.));
#603 = VECTOR('',#604,1.);
#604 = DIRECTION('',(0.,1.,0.));
#605 = ORIENTED_EDGE('',*,*,#606,.F.);
#606 = EDGE_CURVE('',#607,#599,#609,.T.);
#607 = VERTEX_POINT('',#608);
#608 = CARTESIAN_POINT('',(0.15,-0.85,1.));
#609 = LINE('',#610,#611);
#610 = CARTESIAN_POINT('',(-7.5E-02,-0.85,1.));
#611 = VECTOR('',#612,1.);
#612 = DIRECTION('',(-1.,0.,0.));
#613 = ORIENTED_EDGE('',*,*,#614,.F.);
#614 = EDGE_CURVE('',#589,#607,#615,.T.);
#615 = LINE('',#616,#617);
#616 = CARTESIAN_POINT('',(0.15,-1.075,1.));
#617 = VECTOR('',#618,1.);
#618 = DIRECTION('',(0.,1.,0.));
#619 = FACE_BOUND('',#620,.T.);
#620 = EDGE_LOOP('',(#621,#631,#639,#647));
#621 = ORIENTED_EDGE('',*,*,#622,.F.);
#622 = EDGE_CURVE('',#623,#625,#627,.T.);
#623 = VERTEX_POINT('',#624);
#624 = CARTESIAN_POINT('',(0.15,-1.85,1.));
#625 = VERTEX_POINT('',#626);
#626 = CARTESIAN_POINT('',(-0.15,-1.85,1.));
#627 = LINE('',#628,#629);
#628 = CARTESIAN_POINT('',(-7.5E-02,-1.85,1.));
#629 = VECTOR('',#630,1.);
#630 = DIRECTION('',(-1.,0.,0.));
#631 = ORIENTED_EDGE('',*,*,#632,.F.);
#632 = EDGE_CURVE('',#633,#623,#635,.T.);
#633 = VERTEX_POINT('',#634);
#634 = CARTESIAN_POINT('',(0.15,-2.15,1.));
#635 = LINE('',#636,#637);
#636 = CARTESIAN_POINT('',(0.15,-1.575,1.));
#637 = VECTOR('',#638,1.);
#638 = DIRECTION('',(0.,1.,0.));
#639 = ORIENTED_EDGE('',*,*,#640,.T.);
#640 = EDGE_CURVE('',#633,#641,#643,.T.);
#641 = VERTEX_POINT('',#642);
#642 = CARTESIAN_POINT('',(-0.15,-2.15,1.));
#643 = LINE('',#644,#645);
#644 = CARTESIAN_POINT('',(-7.5E-02,-2.15,1.));
#645 = VECTOR('',#646,1.);
#646 = DIRECTION('',(-1.,0.,0.));
#647 = ORIENTED_EDGE('',*,*,#648,.T.);
#648 = EDGE_CURVE('',#641,#625,#649,.T.);
#649 = LINE('',#650,#651);
#650 = CARTESIAN_POINT('',(-0.15,-1.575,1.));
#651 = VECTOR('',#652,1.);
#652 = DIRECTION('',(0.,1.,0.));
#653 = PLANE('',#654);
#654 = AXIS2_PLACEMENT_3D('',#655,#656,#657);
#655 = CARTESIAN_POINT('',(-5.784382377318E-17,-1.,1.));
#656 = DIRECTION('',(0.,0.,1.));
#657 = DIRECTION('',(1.,0.,-0.));
#658 = ADVANCED_FACE('',(#659),#670,.F.);
#659 = FACE_BOUND('',#660,.F.);
#660 = EDGE_LOOP('',(#661,#667,#668,#669));
#661 = ORIENTED_EDGE('',*,*,#662,.T.);
#662 = EDGE_CURVE('',#291,#538,#663,.T.);
#663 = LINE('',#664,#665);
#664 = CARTESIAN_POINT('',(0.635,0.4,0.));
#665 = VECTOR('',#666,1.);
#666 = DIRECTION('',(0.,0.,1.));
#667 = ORIENTED_EDGE('',*,*,#545,.T.);
#668 = ORIENTED_EDGE('',*,*,#106,.F.);
#669 = ORIENTED_EDGE('',*,*,#298,.F.);
#670 = PLANE('',#671);
#671 = AXIS2_PLACEMENT_3D('',#672,#673,#674);
#672 = CARTESIAN_POINT('',(0.635,0.4,0.));
#673 = DIRECTION('',(-0.707106781187,-0.707106781187,0.));
#674 = DIRECTION('',(-0.707106781187,0.707106781187,0.));
#675 = ADVANCED_FACE('',(#676),#687,.F.);
#676 = FACE_BOUND('',#677,.F.);
#677 = EDGE_LOOP('',(#678,#679,#680,#686));
#678 = ORIENTED_EDGE('',*,*,#146,.T.);
#679 = ORIENTED_EDGE('',*,*,#417,.T.);
#680 = ORIENTED_EDGE('',*,*,#681,.F.);
#681 = EDGE_CURVE('',#171,#418,#682,.T.);
#682 = LINE('',#683,#684);
#683 = CARTESIAN_POINT('',(-0.535,-0.5,0.));
#684 = VECTOR('',#685,1.);
#685 = DIRECTION('',(0.,0.,1.));
#686 = ORIENTED_EDGE('',*,*,#170,.F.);
#687 = PLANE('',#688);
#688 = AXIS2_PLACEMENT_3D('',#689,#690,#691);
#689 = CARTESIAN_POINT('',(-0.635,-0.4,0.));
#690 = DIRECTION('',(0.707106781187,0.707106781187,0.));
#691 = DIRECTION('',(0.707106781187,-0.707106781187,0.));
#692 = ADVANCED_FACE('',(#693),#704,.F.);
#693 = FACE_BOUND('',#694,.F.);
#694 = EDGE_LOOP('',(#695,#701,#702,#703));
#695 = ORIENTED_EDGE('',*,*,#696,.T.);
#696 = EDGE_CURVE('',#283,#530,#697,.T.);
#697 = LINE('',#698,#699);
#698 = CARTESIAN_POINT('',(0.635,-0.4,0.));
#699 = VECTOR('',#700,1.);
#700 = DIRECTION('',(0.,0.,1.));
#701 = ORIENTED_EDGE('',*,*,#537,.T.);
#702 = ORIENTED_EDGE('',*,*,#662,.F.);
#703 = ORIENTED_EDGE('',*,*,#290,.F.);
#704 = PLANE('',#705);
#705 = AXIS2_PLACEMENT_3D('',#706,#707,#708);
#706 = CARTESIAN_POINT('',(0.635,-0.4,0.));
#707 = DIRECTION('',(-1.,0.,0.));
#708 = DIRECTION('',(0.,1.,0.));
#709 = ADVANCED_FACE('',(#710),#721,.F.);
#710 = FACE_BOUND('',#711,.F.);
#711 = EDGE_LOOP('',(#712,#713,#714,#720));
#712 = ORIENTED_EDGE('',*,*,#681,.T.);
#713 = ORIENTED_EDGE('',*,*,#425,.T.);
#714 = ORIENTED_EDGE('',*,*,#715,.F.);
#715 = EDGE_CURVE('',#179,#426,#716,.T.);
#716 = LINE('',#717,#718);
#717 = CARTESIAN_POINT('',(-0.635,-0.6,0.));
#718 = VECTOR('',#719,1.);
#719 = DIRECTION('',(0.,0.,1.));
#720 = ORIENTED_EDGE('',*,*,#178,.F.);
#721 = PLANE('',#722);
#722 = AXIS2_PLACEMENT_3D('',#723,#724,#725);
#723 = CARTESIAN_POINT('',(-0.535,-0.5,0.));
#724 = DIRECTION('',(0.707106781187,-0.707106781187,0.));
#725 = DIRECTION('',(-0.707106781187,-0.707106781187,0.));
#726 = ADVANCED_FACE('',(#727),#738,.F.);
#727 = FACE_BOUND('',#728,.F.);
#728 = EDGE_LOOP('',(#729,#735,#736,#737));
#729 = ORIENTED_EDGE('',*,*,#730,.T.);
#730 = EDGE_CURVE('',#275,#522,#731,.T.);
#731 = LINE('',#732,#733);
#732 = CARTESIAN_POINT('',(0.535,-0.5,0.));
#733 = VECTOR('',#734,1.);
#734 = DIRECTION('',(0.,0.,1.));
#735 = ORIENTED_EDGE('',*,*,#529,.T.);
#736 = ORIENTED_EDGE('',*,*,#696,.F.);
#737 = ORIENTED_EDGE('',*,*,#282,.F.);
#738 = PLANE('',#739);
#739 = AXIS2_PLACEMENT_3D('',#740,#741,#742);
#740 = CARTESIAN_POINT('',(0.535,-0.5,0.));
#741 = DIRECTION('',(-0.707106781187,0.707106781187,0.));
#742 = DIRECTION('',(0.707106781187,0.707106781187,0.));
#743 = ADVANCED_FACE('',(#744),#755,.F.);
#744 = FACE_BOUND('',#745,.F.);
#745 = EDGE_LOOP('',(#746,#747,#748,#754));
#746 = ORIENTED_EDGE('',*,*,#715,.T.);
#747 = ORIENTED_EDGE('',*,*,#433,.T.);
#748 = ORIENTED_EDGE('',*,*,#749,.F.);
#749 = EDGE_CURVE('',#187,#434,#750,.T.);
#750 = LINE('',#751,#752);
#751 = CARTESIAN_POINT('',(-0.635,-1.4,0.));
#752 = VECTOR('',#753,1.);
#753 = DIRECTION('',(0.,0.,1.));
#754 = ORIENTED_EDGE('',*,*,#186,.F.);
#755 = PLANE('',#756);
#756 = AXIS2_PLACEMENT_3D('',#757,#758,#759);
#757 = CARTESIAN_POINT('',(-0.635,-0.6,0.));
#758 = DIRECTION('',(1.,0.,0.));
#759 = DIRECTION('',(0.,-1.,0.));
#760 = ADVANCED_FACE('',(#761),#772,.F.);
#761 = FACE_BOUND('',#762,.F.);
#762 = EDGE_LOOP('',(#763,#769,#770,#771));
#763 = ORIENTED_EDGE('',*,*,#764,.T.);
#764 = EDGE_CURVE('',#267,#514,#765,.T.);
#765 = LINE('',#766,#767);
#766 = CARTESIAN_POINT('',(0.635,-0.6,0.));
#767 = VECTOR('',#768,1.);
#768 = DIRECTION('',(0.,0.,1.));
#769 = ORIENTED_EDGE('',*,*,#521,.T.);
#770 = ORIENTED_EDGE('',*,*,#730,.F.);
#771 = ORIENTED_EDGE('',*,*,#274,.F.);
#772 = PLANE('',#773);
#773 = AXIS2_PLACEMENT_3D('',#774,#775,#776);
#774 = CARTESIAN_POINT('',(0.635,-0.6,0.));
#775 = DIRECTION('',(-0.707106781187,-0.707106781187,0.));
#776 = DIRECTION('',(-0.707106781187,0.707106781187,0.));
#777 = ADVANCED_FACE('',(#778),#789,.F.);
#778 = FACE_BOUND('',#779,.F.);
#779 = EDGE_LOOP('',(#780,#781,#782,#788));
#780 = ORIENTED_EDGE('',*,*,#749,.T.);
#781 = ORIENTED_EDGE('',*,*,#441,.T.);
#782 = ORIENTED_EDGE('',*,*,#783,.F.);
#783 = EDGE_CURVE('',#195,#442,#784,.T.);
#784 = LINE('',#785,#786);
#785 = CARTESIAN_POINT('',(-0.535,-1.5,0.));
#786 = VECTOR('',#787,1.);
#787 = DIRECTION('',(0.,0.,1.));
#788 = ORIENTED_EDGE('',*,*,#194,.F.);
#789 = PLANE('',#790);
#790 = AXIS2_PLACEMENT_3D('',#791,#792,#793);
#791 = CARTESIAN_POINT('',(-0.635,-1.4,0.));
#792 = DIRECTION('',(0.707106781187,0.707106781187,0.));
#793 = DIRECTION('',(0.707106781187,-0.707106781187,0.));
#794 = ADVANCED_FACE('',(#795),#806,.F.);
#795 = FACE_BOUND('',#796,.F.);
#796 = EDGE_LOOP('',(#797,#803,#804,#805));
#797 = ORIENTED_EDGE('',*,*,#798,.T.);
#798 = EDGE_CURVE('',#259,#506,#799,.T.);
#799 = LINE('',#800,#801);
#800 = CARTESIAN_POINT('',(0.635,-1.4,0.));
#801 = VECTOR('',#802,1.);
#802 = DIRECTION('',(0.,0.,1.));
#803 = ORIENTED_EDGE('',*,*,#513,.T.);
#804 = ORIENTED_EDGE('',*,*,#764,.F.);
#805 = ORIENTED_EDGE('',*,*,#266,.F.);
#806 = PLANE('',#807);
#807 = AXIS2_PLACEMENT_3D('',#808,#809,#810);
#808 = CARTESIAN_POINT('',(0.635,-1.4,0.));
#809 = DIRECTION('',(-1.,0.,0.));
#810 = DIRECTION('',(0.,1.,0.));
#811 = ADVANCED_FACE('',(#812),#823,.F.);
#812 = FACE_BOUND('',#813,.F.);
#813 = EDGE_LOOP('',(#814,#815,#816,#822));
#814 = ORIENTED_EDGE('',*,*,#783,.T.);
#815 = ORIENTED_EDGE('',*,*,#449,.T.);
#816 = ORIENTED_EDGE('',*,*,#817,.F.);
#817 = EDGE_CURVE('',#203,#450,#818,.T.);
#818 = LINE('',#819,#820);
#819 = CARTESIAN_POINT('',(-0.635,-1.6,0.));
#820 = VECTOR('',#821,1.);
#821 = DIRECTION('',(0.,0.,1.));
#822 = ORIENTED_EDGE('',*,*,#202,.F.);
#823 = PLANE('',#824);
#824 = AXIS2_PLACEMENT_3D('',#825,#826,#827);
#825 = CARTESIAN_POINT('',(-0.535,-1.5,0.));
#826 = DIRECTION('',(0.707106781187,-0.707106781187,0.));
#827 = DIRECTION('',(-0.707106781187,-0.707106781187,0.));
#828 = ADVANCED_FACE('',(#829),#840,.F.);
#829 = FACE_BOUND('',#830,.F.);
#830 = EDGE_LOOP('',(#831,#837,#838,#839));
#831 = ORIENTED_EDGE('',*,*,#832,.T.);
#832 = EDGE_CURVE('',#251,#498,#833,.T.);
#833 = LINE('',#834,#835);
#834 = CARTESIAN_POINT('',(0.535,-1.5,0.));
#835 = VECTOR('',#836,1.);
#836 = DIRECTION('',(0.,0.,1.));
#837 = ORIENTED_EDGE('',*,*,#505,.T.);
#838 = ORIENTED_EDGE('',*,*,#798,.F.);
#839 = ORIENTED_EDGE('',*,*,#258,.F.);
#840 = PLANE('',#841);
#841 = AXIS2_PLACEMENT_3D('',#842,#843,#844);
#842 = CARTESIAN_POINT('',(0.535,-1.5,0.));
#843 = DIRECTION('',(-0.707106781187,0.707106781187,0.));
#844 = DIRECTION('',(0.707106781187,0.707106781187,0.));
#845 = ADVANCED_FACE('',(#846),#857,.F.);
#846 = FACE_BOUND('',#847,.F.);
#847 = EDGE_LOOP('',(#848,#849,#850,#856));
#848 = ORIENTED_EDGE('',*,*,#817,.T.);
#849 = ORIENTED_EDGE('',*,*,#457,.T.);
#850 = ORIENTED_EDGE('',*,*,#851,.F.);
#851 = EDGE_CURVE('',#211,#458,#852,.T.);
#852 = LINE('',#853,#854);
#853 = CARTESIAN_POINT('',(-0.635,-2.4,0.));
#854 = VECTOR('',#855,1.);
#855 = DIRECTION('',(0.,0.,1.));
#856 = ORIENTED_EDGE('',*,*,#210,.F.);
#857 = PLANE('',#858);
#858 = AXIS2_PLACEMENT_3D('',#859,#860,#861);
#859 = CARTESIAN_POINT('',(-0.635,-1.6,0.));
#860 = DIRECTION('',(1.,0.,0.));
#861 = DIRECTION('',(0.,-1.,0.));
#862 = ADVANCED_FACE('',(#863),#874,.F.);
#863 = FACE_BOUND('',#864,.F.);
#864 = EDGE_LOOP('',(#865,#871,#872,#873));
#865 = ORIENTED_EDGE('',*,*,#866,.T.);
#866 = EDGE_CURVE('',#243,#490,#867,.T.);
#867 = LINE('',#868,#869);
#868 = CARTESIAN_POINT('',(0.635,-1.6,0.));
#869 = VECTOR('',#870,1.);
#870 = DIRECTION('',(0.,0.,1.));
#871 = ORIENTED_EDGE('',*,*,#497,.T.);
#872 = ORIENTED_EDGE('',*,*,#832,.F.);
#873 = ORIENTED_EDGE('',*,*,#250,.F.);
#874 = PLANE('',#875);
#875 = AXIS2_PLACEMENT_3D('',#876,#877,#878);
#876 = CARTESIAN_POINT('',(0.635,-1.6,0.));
#877 = DIRECTION('',(-0.707106781187,-0.707106781187,0.));
#878 = DIRECTION('',(-0.707106781187,0.707106781187,0.));
#879 = ADVANCED_FACE('',(#880),#891,.F.);
#880 = FACE_BOUND('',#881,.F.);
#881 = EDGE_LOOP('',(#882,#883,#884,#890));
#882 = ORIENTED_EDGE('',*,*,#851,.T.);
#883 = ORIENTED_EDGE('',*,*,#465,.T.);
#884 = ORIENTED_EDGE('',*,*,#885,.F.);
#885 = EDGE_CURVE('',#219,#466,#886,.T.);
#886 = LINE('',#887,#888);
#887 = CARTESIAN_POINT('',(-0.535,-2.5,0.));
#888 = VECTOR('',#889,1.);
#889 = DIRECTION('',(0.,0.,1.));
#890 = ORIENTED_EDGE('',*,*,#218,.F.);
#891 = PLANE('',#892);
#892 = AXIS2_PLACEMENT_3D('',#893,#894,#895);
#893 = CARTESIAN_POINT('',(-0.635,-2.4,0.));
#894 = DIRECTION('',(0.707106781187,0.707106781187,0.));
#895 = DIRECTION('',(0.707106781187,-0.707106781187,0.));
#896 = ADVANCED_FACE('',(#897),#908,.F.);
#897 = FACE_BOUND('',#898,.F.);
#898 = EDGE_LOOP('',(#899,#905,#906,#907));
#899 = ORIENTED_EDGE('',*,*,#900,.T.);
#900 = EDGE_CURVE('',#235,#482,#901,.T.);
#901 = LINE('',#902,#903);
#902 = CARTESIAN_POINT('',(0.635,-2.4,0.));
#903 = VECTOR('',#904,1.);
#904 = DIRECTION('',(0.,0.,1.));
#905 = ORIENTED_EDGE('',*,*,#489,.T.);
#906 = ORIENTED_EDGE('',*,*,#866,.F.);
#907 = ORIENTED_EDGE('',*,*,#242,.F.);
#908 = PLANE('',#909);
#909 = AXIS2_PLACEMENT_3D('',#910,#911,#912);
#910 = CARTESIAN_POINT('',(0.635,-2.4,0.));
#911 = DIRECTION('',(-1.,0.,0.));
#912 = DIRECTION('',(0.,1.,0.));
#913 = ADVANCED_FACE('',(#914),#925,.F.);
#914 = FACE_BOUND('',#915,.F.);
#915 = EDGE_LOOP('',(#916,#917,#918,#924));
#916 = ORIENTED_EDGE('',*,*,#885,.T.);
#917 = ORIENTED_EDGE('',*,*,#473,.T.);
#918 = ORIENTED_EDGE('',*,*,#919,.F.);
#919 = EDGE_CURVE('',#227,#474,#920,.T.);
#920 = LINE('',#921,#922);
#921 = CARTESIAN_POINT('',(0.535,-2.5,0.));
#922 = VECTOR('',#923,1.);
#923 = DIRECTION('',(0.,0.,1.));
#924 = ORIENTED_EDGE('',*,*,#226,.F.);
#925 = PLANE('',#926);
#926 = AXIS2_PLACEMENT_3D('',#927,#928,#929);
#927 = CARTESIAN_POINT('',(-0.535,-2.5,0.));
#928 = DIRECTION('',(0.,1.,0.));
#929 = DIRECTION('',(1.,0.,0.));
#930 = ADVANCED_FACE('',(#931),#937,.F.);
#931 = FACE_BOUND('',#932,.F.);
#932 = EDGE_LOOP('',(#933,#934,#935,#936));
#933 = ORIENTED_EDGE('',*,*,#919,.T.);
#934 = ORIENTED_EDGE('',*,*,#481,.T.);
#935 = ORIENTED_EDGE('',*,*,#900,.F.);
#936 = ORIENTED_EDGE('',*,*,#234,.F.);
#937 = PLANE('',#938);
#938 = AXIS2_PLACEMENT_3D('',#939,#940,#941);
#939 = CARTESIAN_POINT('',(0.535,-2.5,0.));
#940 = DIRECTION('',(-0.707106781187,0.707106781187,0.));
#941 = DIRECTION('',(0.707106781187,0.707106781187,0.));
#942 = ADVANCED_FACE('',(#943),#968,.T.);
#943 = FACE_BOUND('',#944,.T.);
#944 = EDGE_LOOP('',(#945,#953,#961,#967));
#945 = ORIENTED_EDGE('',*,*,#946,.F.);
#946 = EDGE_CURVE('',#947,#308,#949,.T.);
#947 = VERTEX_POINT('',#948);
#948 = CARTESIAN_POINT('',(0.15,-0.15,-2.925));
#949 = LINE('',#950,#951);
#950 = CARTESIAN_POINT('',(0.15,-0.15,-3.));
#951 = VECTOR('',#952,1.);
#952 = DIRECTION('',(0.,0.,1.));
#953 = ORIENTED_EDGE('',*,*,#954,.T.);
#954 = EDGE_CURVE('',#947,#955,#957,.T.);
#955 = VERTEX_POINT('',#956);
#956 = CARTESIAN_POINT('',(0.15,0.15,-2.925));
#957 = LINE('',#958,#959);
#958 = CARTESIAN_POINT('',(0.15,-0.15,-2.925));
#959 = VECTOR('',#960,1.);
#960 = DIRECTION('',(0.,1.,0.));
#961 = ORIENTED_EDGE('',*,*,#962,.T.);
#962 = EDGE_CURVE('',#955,#310,#963,.T.);
#963 = LINE('',#964,#965);
#964 = CARTESIAN_POINT('',(0.15,0.15,-3.));
#965 = VECTOR('',#966,1.);
#966 = DIRECTION('',(0.,0.,1.));
#967 = ORIENTED_EDGE('',*,*,#307,.F.);
#968 = PLANE('',#969);
#969 = AXIS2_PLACEMENT_3D('',#970,#971,#972);
#970 = CARTESIAN_POINT('',(0.15,-0.15,-3.));
#971 = DIRECTION('',(1.,0.,0.));
#972 = DIRECTION('',(0.,0.,1.));
#973 = ADVANCED_FACE('',(#974),#992,.T.);
#974 = FACE_BOUND('',#975,.T.);
#975 = EDGE_LOOP('',(#976,#977,#985,#991));
#976 = ORIENTED_EDGE('',*,*,#962,.F.);
#977 = ORIENTED_EDGE('',*,*,#978,.F.);
#978 = EDGE_CURVE('',#979,#955,#981,.T.);
#979 = VERTEX_POINT('',#980);
#980 = CARTESIAN_POINT('',(-0.15,0.15,-2.925));
#981 = LINE('',#982,#983);
#982 = CARTESIAN_POINT('',(-0.15,0.15,-2.925));
#983 = VECTOR('',#984,1.);
#984 = DIRECTION('',(1.,0.,0.));
#985 = ORIENTED_EDGE('',*,*,#986,.T.);
#986 = EDGE_CURVE('',#979,#326,#987,.T.);
#987 = LINE('',#988,#989);
#988 = CARTESIAN_POINT('',(-0.15,0.15,-3.));
#989 = VECTOR('',#990,1.);
#990 = DIRECTION('',(0.,0.,1.));
#991 = ORIENTED_EDGE('',*,*,#333,.F.);
#992 = PLANE('',#993);
#993 = AXIS2_PLACEMENT_3D('',#994,#995,#996);
#994 = CARTESIAN_POINT('',(-0.15,0.15,-3.));
#995 = DIRECTION('',(0.,1.,0.));
#996 = DIRECTION('',(0.,-0.,1.));
#997 = ADVANCED_FACE('',(#998),#1016,.F.);
#998 = FACE_BOUND('',#999,.F.);
#999 = EDGE_LOOP('',(#1000,#1008,#1014,#1015));
#1000 = ORIENTED_EDGE('',*,*,#1001,.F.);
#1001 = EDGE_CURVE('',#1002,#318,#1004,.T.);
#1002 = VERTEX_POINT('',#1003);
#1003 = CARTESIAN_POINT('',(-0.15,-0.15,-2.925));
#1004 = LINE('',#1005,#1006);
#1005 = CARTESIAN_POINT('',(-0.15,-0.15,-3.));
#1006 = VECTOR('',#1007,1.);
#1007 = DIRECTION('',(0.,0.,1.));
#1008 = ORIENTED_EDGE('',*,*,#1009,.T.);
#1009 = EDGE_CURVE('',#1002,#979,#1010,.T.);
#1010 = LINE('',#1011,#1012);
#1011 = CARTESIAN_POINT('',(-0.15,-0.15,-2.925));
#1012 = VECTOR('',#1013,1.);
#1013 = DIRECTION('',(0.,1.,0.));
#1014 = ORIENTED_EDGE('',*,*,#986,.T.);
#1015 = ORIENTED_EDGE('',*,*,#325,.F.);
#1016 = PLANE('',#1017);
#1017 = AXIS2_PLACEMENT_3D('',#1018,#1019,#1020);
#1018 = CARTESIAN_POINT('',(-0.15,-0.15,-3.));
#1019 = DIRECTION('',(1.,0.,0.));
#1020 = DIRECTION('',(0.,0.,1.));
#1021 = ADVANCED_FACE('',(#1022),#1033,.F.);
#1022 = FACE_BOUND('',#1023,.F.);
#1023 = EDGE_LOOP('',(#1024,#1025,#1031,#1032));
#1024 = ORIENTED_EDGE('',*,*,#946,.F.);
#1025 = ORIENTED_EDGE('',*,*,#1026,.F.);
#1026 = EDGE_CURVE('',#1002,#947,#1027,.T.);
#1027 = LINE('',#1028,#1029);
#1028 = CARTESIAN_POINT('',(-0.15,-0.15,-2.925));
#1029 = VECTOR('',#1030,1.);
#1030 = DIRECTION('',(1.,0.,0.));
#1031 = ORIENTED_EDGE('',*,*,#1001,.T.);
#1032 = ORIENTED_EDGE('',*,*,#317,.F.);
#1033 = PLANE('',#1034);
#1034 = AXIS2_PLACEMENT_3D('',#1035,#1036,#1037);
#1035 = CARTESIAN_POINT('',(-0.15,-0.15,-3.));
#1036 = DIRECTION('',(0.,1.,0.));
#1037 = DIRECTION('',(0.,-0.,1.));
#1038 = ADVANCED_FACE('',(#1039),#1064,.F.);
#1039 = FACE_BOUND('',#1040,.F.);
#1040 = EDGE_LOOP('',(#1041,#1049,#1057,#1063));
#1041 = ORIENTED_EDGE('',*,*,#1042,.F.);
#1042 = EDGE_CURVE('',#1043,#342,#1045,.T.);
#1043 = VERTEX_POINT('',#1044);
#1044 = CARTESIAN_POINT('',(0.15,-1.15,-2.925));
#1045 = LINE('',#1046,#1047);
#1046 = CARTESIAN_POINT('',(0.15,-1.15,-3.));
#1047 = VECTOR('',#1048,1.);
#1048 = DIRECTION('',(0.,0.,1.));
#1049 = ORIENTED_EDGE('',*,*,#1050,.F.);
#1050 = EDGE_CURVE('',#1051,#1043,#1053,.T.);
#1051 = VERTEX_POINT('',#1052);
#1052 = CARTESIAN_POINT('',(-0.15,-1.15,-2.925));
#1053 = LINE('',#1054,#1055);
#1054 = CARTESIAN_POINT('',(-0.15,-1.15,-2.925));
#1055 = VECTOR('',#1056,1.);
#1056 = DIRECTION('',(1.,0.,0.));
#1057 = ORIENTED_EDGE('',*,*,#1058,.T.);
#1058 = EDGE_CURVE('',#1051,#344,#1059,.T.);
#1059 = LINE('',#1060,#1061);
#1060 = CARTESIAN_POINT('',(-0.15,-1.15,-3.));
#1061 = VECTOR('',#1062,1.);
#1062 = DIRECTION('',(0.,0.,1.));
#1063 = ORIENTED_EDGE('',*,*,#341,.F.);
#1064 = PLANE('',#1065);
#1065 = AXIS2_PLACEMENT_3D('',#1066,#1067,#1068);
#1066 = CARTESIAN_POINT('',(-0.15,-1.15,-3.));
#1067 = DIRECTION('',(0.,1.,0.));
#1068 = DIRECTION('',(0.,-0.,1.));
#1069 = ADVANCED_FACE('',(#1070),#1088,.T.);
#1070 = FACE_BOUND('',#1071,.T.);
#1071 = EDGE_LOOP('',(#1072,#1073,#1081,#1087));
#1072 = ORIENTED_EDGE('',*,*,#1042,.F.);
#1073 = ORIENTED_EDGE('',*,*,#1074,.T.);
#1074 = EDGE_CURVE('',#1043,#1075,#1077,.T.);
#1075 = VERTEX_POINT('',#1076);
#1076 = CARTESIAN_POINT('',(0.15,-0.85,-2.925));
#1077 = LINE('',#1078,#1079);
#1078 = CARTESIAN_POINT('',(0.15,-1.15,-2.925));
#1079 = VECTOR('',#1080,1.);
#1080 = DIRECTION('',(0.,1.,0.));
#1081 = ORIENTED_EDGE('',*,*,#1082,.T.);
#1082 = EDGE_CURVE('',#1075,#360,#1083,.T.);
#1083 = LINE('',#1084,#1085);
#1084 = CARTESIAN_POINT('',(0.15,-0.85,-3.));
#1085 = VECTOR('',#1086,1.);
#1086 = DIRECTION('',(0.,0.,1.));
#1087 = ORIENTED_EDGE('',*,*,#367,.F.);
#1088 = PLANE('',#1089);
#1089 = AXIS2_PLACEMENT_3D('',#1090,#1091,#1092);
#1090 = CARTESIAN_POINT('',(0.15,-1.15,-3.));
#1091 = DIRECTION('',(1.,0.,0.));
#1092 = DIRECTION('',(0.,0.,1.));
#1093 = ADVANCED_FACE('',(#1094),#1112,.T.);
#1094 = FACE_BOUND('',#1095,.T.);
#1095 = EDGE_LOOP('',(#1096,#1097,#1105,#1111));
#1096 = ORIENTED_EDGE('',*,*,#1082,.F.);
#1097 = ORIENTED_EDGE('',*,*,#1098,.F.);
#1098 = EDGE_CURVE('',#1099,#1075,#1101,.T.);
#1099 = VERTEX_POINT('',#1100);
#1100 = CARTESIAN_POINT('',(-0.15,-0.85,-2.925));
#1101 = LINE('',#1102,#1103);
#1102 = CARTESIAN_POINT('',(-0.15,-0.85,-2.925));
#1103 = VECTOR('',#1104,1.);
#1104 = DIRECTION('',(1.,0.,0.));
#1105 = ORIENTED_EDGE('',*,*,#1106,.T.);
#1106 = EDGE_CURVE('',#1099,#352,#1107,.T.);
#1107 = LINE('',#1108,#1109);
#1108 = CARTESIAN_POINT('',(-0.15,-0.85,-3.));
#1109 = VECTOR('',#1110,1.);
#1110 = DIRECTION('',(0.,0.,1.));
#1111 = ORIENTED_EDGE('',*,*,#359,.F.);
#1112 = PLANE('',#1113);
#1113 = AXIS2_PLACEMENT_3D('',#1114,#1115,#1116);
#1114 = CARTESIAN_POINT('',(-0.15,-0.85,-3.));
#1115 = DIRECTION('',(0.,1.,0.));
#1116 = DIRECTION('',(0.,-0.,1.));
#1117 = ADVANCED_FACE('',(#1118),#1129,.F.);
#1118 = FACE_BOUND('',#1119,.F.);
#1119 = EDGE_LOOP('',(#1120,#1121,#1127,#1128));
#1120 = ORIENTED_EDGE('',*,*,#1058,.F.);
#1121 = ORIENTED_EDGE('',*,*,#1122,.T.);
#1122 = EDGE_CURVE('',#1051,#1099,#1123,.T.);
#1123 = LINE('',#1124,#1125);
#1124 = CARTESIAN_POINT('',(-0.15,-1.15,-2.925));
#1125 = VECTOR('',#1126,1.);
#1126 = DIRECTION('',(0.,1.,0.));
#1127 = ORIENTED_EDGE('',*,*,#1106,.T.);
#1128 = ORIENTED_EDGE('',*,*,#351,.F.);
#1129 = PLANE('',#1130);
#1130 = AXIS2_PLACEMENT_3D('',#1131,#1132,#1133);
#1131 = CARTESIAN_POINT('',(-0.15,-1.15,-3.));
#1132 = DIRECTION('',(1.,0.,0.));
#1133 = DIRECTION('',(0.,0.,1.));
#1134 = ADVANCED_FACE('',(#1135),#1160,.T.);
#1135 = FACE_BOUND('',#1136,.T.);
#1136 = EDGE_LOOP('',(#1137,#1145,#1153,#1159));
#1137 = ORIENTED_EDGE('',*,*,#1138,.F.);
#1138 = EDGE_CURVE('',#1139,#376,#1141,.T.);
#1139 = VERTEX_POINT('',#1140);
#1140 = CARTESIAN_POINT('',(0.15,-1.85,-2.925));
#1141 = LINE('',#1142,#1143);
#1142 = CARTESIAN_POINT('',(0.15,-1.85,-3.));
#1143 = VECTOR('',#1144,1.);
#1144 = DIRECTION('',(0.,0.,1.));
#1145 = ORIENTED_EDGE('',*,*,#1146,.F.);
#1146 = EDGE_CURVE('',#1147,#1139,#1149,.T.);
#1147 = VERTEX_POINT('',#1148);
#1148 = CARTESIAN_POINT('',(-0.15,-1.85,-2.925));
#1149 = LINE('',#1150,#1151);
#1150 = CARTESIAN_POINT('',(-0.15,-1.85,-2.925));
#1151 = VECTOR('',#1152,1.);
#1152 = DIRECTION('',(1.,0.,0.));
#1153 = ORIENTED_EDGE('',*,*,#1154,.T.);
#1154 = EDGE_CURVE('',#1147,#378,#1155,.T.);
#1155 = LINE('',#1156,#1157);
#1156 = CARTESIAN_POINT('',(-0.15,-1.85,-3.));
#1157 = VECTOR('',#1158,1.);
#1158 = DIRECTION('',(0.,0.,1.));
#1159 = ORIENTED_EDGE('',*,*,#375,.F.);
#1160 = PLANE('',#1161);
#1161 = AXIS2_PLACEMENT_3D('',#1162,#1163,#1164);
#1162 = CARTESIAN_POINT('',(-0.15,-1.85,-3.));
#1163 = DIRECTION('',(0.,1.,0.));
#1164 = DIRECTION('',(0.,-0.,1.));
#1165 = ADVANCED_FACE('',(#1166),#1184,.F.);
#1166 = FACE_BOUND('',#1167,.F.);
#1167 = EDGE_LOOP('',(#1168,#1176,#1182,#1183));
#1168 = ORIENTED_EDGE('',*,*,#1169,.F.);
#1169 = EDGE_CURVE('',#1170,#394,#1172,.T.);
#1170 = VERTEX_POINT('',#1171);
#1171 = CARTESIAN_POINT('',(-0.15,-2.15,-2.925));
#1172 = LINE('',#1173,#1174);
#1173 = CARTESIAN_POINT('',(-0.15,-2.15,-3.));
#1174 = VECTOR('',#1175,1.);
#1175 = DIRECTION('',(0.,0.,1.));
#1176 = ORIENTED_EDGE('',*,*,#1177,.T.);
#1177 = EDGE_CURVE('',#1170,#1147,#1178,.T.);
#1178 = LINE('',#1179,#1180);
#1179 = CARTESIAN_POINT('',(-0.15,-2.15,-2.925));
#1180 = VECTOR('',#1181,1.);
#1181 = DIRECTION('',(0.,1.,0.));
#1182 = ORIENTED_EDGE('',*,*,#1154,.T.);
#1183 = ORIENTED_EDGE('',*,*,#401,.F.);
#1184 = PLANE('',#1185);
#1185 = AXIS2_PLACEMENT_3D('',#1186,#1187,#1188);
#1186 = CARTESIAN_POINT('',(-0.15,-2.15,-3.));
#1187 = DIRECTION('',(1.,0.,0.));
#1188 = DIRECTION('',(0.,0.,1.));
#1189 = ADVANCED_FACE('',(#1190),#1208,.F.);
#1190 = FACE_BOUND('',#1191,.F.);
#1191 = EDGE_LOOP('',(#1192,#1200,#1206,#1207));
#1192 = ORIENTED_EDGE('',*,*,#1193,.F.);
#1193 = EDGE_CURVE('',#1194,#386,#1196,.T.);
#1194 = VERTEX_POINT('',#1195);
#1195 = CARTESIAN_POINT('',(0.15,-2.15,-2.925));
#1196 = LINE('',#1197,#1198);
#1197 = CARTESIAN_POINT('',(0.15,-2.15,-3.));
#1198 = VECTOR('',#1199,1.);
#1199 = DIRECTION('',(0.,0.,1.));
#1200 = ORIENTED_EDGE('',*,*,#1201,.F.);
#1201 = EDGE_CURVE('',#1170,#1194,#1202,.T.);
#1202 = LINE('',#1203,#1204);
#1203 = CARTESIAN_POINT('',(-0.15,-2.15,-2.925));
#1204 = VECTOR('',#1205,1.);
#1205 = DIRECTION('',(1.,0.,0.));
#1206 = ORIENTED_EDGE('',*,*,#1169,.T.);
#1207 = ORIENTED_EDGE('',*,*,#393,.F.);
#1208 = PLANE('',#1209);
#1209 = AXIS2_PLACEMENT_3D('',#1210,#1211,#1212);
#1210 = CARTESIAN_POINT('',(-0.15,-2.15,-3.));
#1211 = DIRECTION('',(0.,1.,0.));
#1212 = DIRECTION('',(0.,-0.,1.));
#1213 = ADVANCED_FACE('',(#1214),#1225,.T.);
#1214 = FACE_BOUND('',#1215,.T.);
#1215 = EDGE_LOOP('',(#1216,#1217,#1223,#1224));
#1216 = ORIENTED_EDGE('',*,*,#1193,.F.);
#1217 = ORIENTED_EDGE('',*,*,#1218,.T.);
#1218 = EDGE_CURVE('',#1194,#1139,#1219,.T.);
#1219 = LINE('',#1220,#1221);
#1220 = CARTESIAN_POINT('',(0.15,-2.15,-2.925));
#1221 = VECTOR('',#1222,1.);
#1222 = DIRECTION('',(0.,1.,0.));
#1223 = ORIENTED_EDGE('',*,*,#1138,.T.);
#1224 = ORIENTED_EDGE('',*,*,#385,.F.);
#1225 = PLANE('',#1226);
#1226 = AXIS2_PLACEMENT_3D('',#1227,#1228,#1229);
#1227 = CARTESIAN_POINT('',(0.15,-2.15,-3.));
#1228 = DIRECTION('',(1.,0.,0.));
#1229 = DIRECTION('',(0.,0.,1.));
#1230 = ADVANCED_FACE('',(#1231),#1256,.T.);
#1231 = FACE_BOUND('',#1232,.T.);
#1232 = EDGE_LOOP('',(#1233,#1241,#1242,#1250));
#1233 = ORIENTED_EDGE('',*,*,#1234,.F.);
#1234 = EDGE_CURVE('',#555,#1235,#1237,.T.);
#1235 = VERTEX_POINT('',#1236);
#1236 = CARTESIAN_POINT('',(0.15,-0.15,4.725));
#1237 = LINE('',#1238,#1239);
#1238 = CARTESIAN_POINT('',(0.15,-0.15,-3.));
#1239 = VECTOR('',#1240,1.);
#1240 = DIRECTION('',(0.,0.,1.));
#1241 = ORIENTED_EDGE('',*,*,#554,.T.);
#1242 = ORIENTED_EDGE('',*,*,#1243,.T.);
#1243 = EDGE_CURVE('',#557,#1244,#1246,.T.);
#1244 = VERTEX_POINT('',#1245);
#1245 = CARTESIAN_POINT('',(0.15,0.15,4.725));
#1246 = LINE('',#1247,#1248);
#1247 = CARTESIAN_POINT('',(0.15,0.15,-3.));
#1248 = VECTOR('',#1249,1.);
#1249 = DIRECTION('',(0.,0.,1.));
#1250 = ORIENTED_EDGE('',*,*,#1251,.F.);
#1251 = EDGE_CURVE('',#1235,#1244,#1252,.T.);
#1252 = LINE('',#1253,#1254);
#1253 = CARTESIAN_POINT('',(0.15,-0.15,4.725));
#1254 = VECTOR('',#1255,1.);
#1255 = DIRECTION('',(0.,1.,0.));
#1256 = PLANE('',#1257);
#1257 = AXIS2_PLACEMENT_3D('',#1258,#1259,#1260);
#1258 = CARTESIAN_POINT('',(0.15,-0.15,-3.));
#1259 = DIRECTION('',(1.,0.,0.));
#1260 = DIRECTION('',(0.,0.,1.));
#1261 = ADVANCED_FACE('',(#1262),#1280,.T.);
#1262 = FACE_BOUND('',#1263,.T.);
#1263 = EDGE_LOOP('',(#1264,#1265,#1266,#1274));
#1264 = ORIENTED_EDGE('',*,*,#1243,.F.);
#1265 = ORIENTED_EDGE('',*,*,#580,.T.);
#1266 = ORIENTED_EDGE('',*,*,#1267,.T.);
#1267 = EDGE_CURVE('',#573,#1268,#1270,.T.);
#1268 = VERTEX_POINT('',#1269);
#1269 = CARTESIAN_POINT('',(-0.15,0.15,4.725));
#1270 = LINE('',#1271,#1272);
#1271 = CARTESIAN_POINT('',(-0.15,0.15,-3.));
#1272 = VECTOR('',#1273,1.);
#1273 = DIRECTION('',(0.,0.,1.));
#1274 = ORIENTED_EDGE('',*,*,#1275,.T.);
#1275 = EDGE_CURVE('',#1268,#1244,#1276,.T.);
#1276 = LINE('',#1277,#1278);
#1277 = CARTESIAN_POINT('',(-0.15,0.15,4.725));
#1278 = VECTOR('',#1279,1.);
#1279 = DIRECTION('',(1.,0.,0.));
#1280 = PLANE('',#1281);
#1281 = AXIS2_PLACEMENT_3D('',#1282,#1283,#1284);
#1282 = CARTESIAN_POINT('',(-0.15,0.15,-3.));
#1283 = DIRECTION('',(0.,1.,0.));
#1284 = DIRECTION('',(0.,-0.,1.));
#1285 = ADVANCED_FACE('',(#1286),#1304,.F.);
#1286 = FACE_BOUND('',#1287,.F.);
#1287 = EDGE_LOOP('',(#1288,#1296,#1297,#1298));
#1288 = ORIENTED_EDGE('',*,*,#1289,.F.);
#1289 = EDGE_CURVE('',#565,#1290,#1292,.T.);
#1290 = VERTEX_POINT('',#1291);
#1291 = CARTESIAN_POINT('',(-0.15,-0.15,4.725));
#1292 = LINE('',#1293,#1294);
#1293 = CARTESIAN_POINT('',(-0.15,-0.15,-3.));
#1294 = VECTOR('',#1295,1.);
#1295 = DIRECTION('',(0.,0.,1.));
#1296 = ORIENTED_EDGE('',*,*,#572,.T.);
#1297 = ORIENTED_EDGE('',*,*,#1267,.T.);
#1298 = ORIENTED_EDGE('',*,*,#1299,.F.);
#1299 = EDGE_CURVE('',#1290,#1268,#1300,.T.);
#1300 = LINE('',#1301,#1302);
#1301 = CARTESIAN_POINT('',(-0.15,-0.15,4.725));
#1302 = VECTOR('',#1303,1.);
#1303 = DIRECTION('',(0.,1.,0.));
#1304 = PLANE('',#1305);
#1305 = AXIS2_PLACEMENT_3D('',#1306,#1307,#1308);
#1306 = CARTESIAN_POINT('',(-0.15,-0.15,-3.));
#1307 = DIRECTION('',(1.,0.,0.));
#1308 = DIRECTION('',(0.,0.,1.));
#1309 = ADVANCED_FACE('',(#1310),#1321,.F.);
#1310 = FACE_BOUND('',#1311,.F.);
#1311 = EDGE_LOOP('',(#1312,#1313,#1314,#1315));
#1312 = ORIENTED_EDGE('',*,*,#1234,.F.);
#1313 = ORIENTED_EDGE('',*,*,#564,.T.);
#1314 = ORIENTED_EDGE('',*,*,#1289,.T.);
#1315 = ORIENTED_EDGE('',*,*,#1316,.T.);
#1316 = EDGE_CURVE('',#1290,#1235,#1317,.T.);
#1317 = LINE('',#1318,#1319);
#1318 = CARTESIAN_POINT('',(-0.15,-0.15,4.725));
#1319 = VECTOR('',#1320,1.);
#1320 = DIRECTION('',(1.,0.,0.));
#1321 = PLANE('',#1322);
#1322 = AXIS2_PLACEMENT_3D('',#1323,#1324,#1325);
#1323 = CARTESIAN_POINT('',(-0.15,-0.15,-3.));
#1324 = DIRECTION('',(0.,1.,0.));
#1325 = DIRECTION('',(0.,-0.,1.));
#1326 = ADVANCED_FACE('',(#1327),#1352,.F.);
#1327 = FACE_BOUND('',#1328,.F.);
#1328 = EDGE_LOOP('',(#1329,#1337,#1338,#1346));
#1329 = ORIENTED_EDGE('',*,*,#1330,.F.);
#1330 = EDGE_CURVE('',#589,#1331,#1333,.T.);
#1331 = VERTEX_POINT('',#1332);
#1332 = CARTESIAN_POINT('',(0.15,-1.15,4.725));
#1333 = LINE('',#1334,#1335);
#1334 = CARTESIAN_POINT('',(0.15,-1.15,-3.));
#1335 = VECTOR('',#1336,1.);
#1336 = DIRECTION('',(0.,0.,1.));
#1337 = ORIENTED_EDGE('',*,*,#588,.T.);
#1338 = ORIENTED_EDGE('',*,*,#1339,.T.);
#1339 = EDGE_CURVE('',#591,#1340,#1342,.T.);
#1340 = VERTEX_POINT('',#1341);
#1341 = CARTESIAN_POINT('',(-0.15,-1.15,4.725));
#1342 = LINE('',#1343,#1344);
#1343 = CARTESIAN_POINT('',(-0.15,-1.15,-3.));
#1344 = VECTOR('',#1345,1.);
#1345 = DIRECTION('',(0.,0.,1.));
#1346 = ORIENTED_EDGE('',*,*,#1347,.T.);
#1347 = EDGE_CURVE('',#1340,#1331,#1348,.T.);
#1348 = LINE('',#1349,#1350);
#1349 = CARTESIAN_POINT('',(-0.15,-1.15,4.725));
#1350 = VECTOR('',#1351,1.);
#1351 = DIRECTION('',(1.,0.,0.));
#1352 = PLANE('',#1353);
#1353 = AXIS2_PLACEMENT_3D('',#1354,#1355,#1356);
#1354 = CARTESIAN_POINT('',(-0.15,-1.15,-3.));
#1355 = DIRECTION('',(0.,1.,0.));
#1356 = DIRECTION('',(0.,-0.,1.));
#1357 = ADVANCED_FACE('',(#1358),#1376,.T.);
#1358 = FACE_BOUND('',#1359,.T.);
#1359 = EDGE_LOOP('',(#1360,#1361,#1362,#1370));
#1360 = ORIENTED_EDGE('',*,*,#1330,.F.);
#1361 = ORIENTED_EDGE('',*,*,#614,.T.);
#1362 = ORIENTED_EDGE('',*,*,#1363,.T.);
#1363 = EDGE_CURVE('',#607,#1364,#1366,.T.);
#1364 = VERTEX_POINT('',#1365);
#1365 = CARTESIAN_POINT('',(0.15,-0.85,4.725));
#1366 = LINE('',#1367,#1368);
#1367 = CARTESIAN_POINT('',(0.15,-0.85,-3.));
#1368 = VECTOR('',#1369,1.);
#1369 = DIRECTION('',(0.,0.,1.));
#1370 = ORIENTED_EDGE('',*,*,#1371,.F.);
#1371 = EDGE_CURVE('',#1331,#1364,#1372,.T.);
#1372 = LINE('',#1373,#1374);
#1373 = CARTESIAN_POINT('',(0.15,-1.15,4.725));
#1374 = VECTOR('',#1375,1.);
#1375 = DIRECTION('',(0.,1.,0.));
#1376 = PLANE('',#1377);
#1377 = AXIS2_PLACEMENT_3D('',#1378,#1379,#1380);
#1378 = CARTESIAN_POINT('',(0.15,-1.15,-3.));
#1379 = DIRECTION('',(1.,0.,0.));
#1380 = DIRECTION('',(0.,0.,1.));
#1381 = ADVANCED_FACE('',(#1382),#1400,.T.);
#1382 = FACE_BOUND('',#1383,.T.);
#1383 = EDGE_LOOP('',(#1384,#1385,#1386,#1394));
#1384 = ORIENTED_EDGE('',*,*,#1363,.F.);
#1385 = ORIENTED_EDGE('',*,*,#606,.T.);
#1386 = ORIENTED_EDGE('',*,*,#1387,.T.);
#1387 = EDGE_CURVE('',#599,#1388,#1390,.T.);
#1388 = VERTEX_POINT('',#1389);
#1389 = CARTESIAN_POINT('',(-0.15,-0.85,4.725));
#1390 = LINE('',#1391,#1392);
#1391 = CARTESIAN_POINT('',(-0.15,-0.85,-3.));
#1392 = VECTOR('',#1393,1.);
#1393 = DIRECTION('',(0.,0.,1.));
#1394 = ORIENTED_EDGE('',*,*,#1395,.T.);
#1395 = EDGE_CURVE('',#1388,#1364,#1396,.T.);
#1396 = LINE('',#1397,#1398);
#1397 = CARTESIAN_POINT('',(-0.15,-0.85,4.725));
#1398 = VECTOR('',#1399,1.);
#1399 = DIRECTION('',(1.,0.,0.));
#1400 = PLANE('',#1401);
#1401 = AXIS2_PLACEMENT_3D('',#1402,#1403,#1404);
#1402 = CARTESIAN_POINT('',(-0.15,-0.85,-3.));
#1403 = DIRECTION('',(0.,1.,0.));
#1404 = DIRECTION('',(0.,-0.,1.));
#1405 = ADVANCED_FACE('',(#1406),#1417,.F.);
#1406 = FACE_BOUND('',#1407,.F.);
#1407 = EDGE_LOOP('',(#1408,#1409,#1410,#1411));
#1408 = ORIENTED_EDGE('',*,*,#1339,.F.);
#1409 = ORIENTED_EDGE('',*,*,#598,.T.);
#1410 = ORIENTED_EDGE('',*,*,#1387,.T.);
#1411 = ORIENTED_EDGE('',*,*,#1412,.F.);
#1412 = EDGE_CURVE('',#1340,#1388,#1413,.T.);
#1413 = LINE('',#1414,#1415);
#1414 = CARTESIAN_POINT('',(-0.15,-1.15,4.725));
#1415 = VECTOR('',#1416,1.);
#1416 = DIRECTION('',(0.,1.,0.));
#1417 = PLANE('',#1418);
#1418 = AXIS2_PLACEMENT_3D('',#1419,#1420,#1421);
#1419 = CARTESIAN_POINT('',(-0.15,-1.15,-3.));
#1420 = DIRECTION('',(1.,0.,0.));
#1421 = DIRECTION('',(0.,0.,1.));
#1422 = ADVANCED_FACE('',(#1423),#1448,.T.);
#1423 = FACE_BOUND('',#1424,.T.);
#1424 = EDGE_LOOP('',(#1425,#1433,#1434,#1442));
#1425 = ORIENTED_EDGE('',*,*,#1426,.F.);
#1426 = EDGE_CURVE('',#623,#1427,#1429,.T.);
#1427 = VERTEX_POINT('',#1428);
#1428 = CARTESIAN_POINT('',(0.15,-1.85,4.725));
#1429 = LINE('',#1430,#1431);
#1430 = CARTESIAN_POINT('',(0.15,-1.85,-3.));
#1431 = VECTOR('',#1432,1.);
#1432 = DIRECTION('',(0.,0.,1.));
#1433 = ORIENTED_EDGE('',*,*,#622,.T.);
#1434 = ORIENTED_EDGE('',*,*,#1435,.T.);
#1435 = EDGE_CURVE('',#625,#1436,#1438,.T.);
#1436 = VERTEX_POINT('',#1437);
#1437 = CARTESIAN_POINT('',(-0.15,-1.85,4.725));
#1438 = LINE('',#1439,#1440);
#1439 = CARTESIAN_POINT('',(-0.15,-1.85,-3.));
#1440 = VECTOR('',#1441,1.);
#1441 = DIRECTION('',(0.,0.,1.));
#1442 = ORIENTED_EDGE('',*,*,#1443,.T.);
#1443 = EDGE_CURVE('',#1436,#1427,#1444,.T.);
#1444 = LINE('',#1445,#1446);
#1445 = CARTESIAN_POINT('',(-0.15,-1.85,4.725));
#1446 = VECTOR('',#1447,1.);
#1447 = DIRECTION('',(1.,0.,0.));
#1448 = PLANE('',#1449);
#1449 = AXIS2_PLACEMENT_3D('',#1450,#1451,#1452);
#1450 = CARTESIAN_POINT('',(-0.15,-1.85,-3.));
#1451 = DIRECTION('',(0.,1.,0.));
#1452 = DIRECTION('',(0.,-0.,1.));
#1453 = ADVANCED_FACE('',(#1454),#1472,.F.);
#1454 = FACE_BOUND('',#1455,.F.);
#1455 = EDGE_LOOP('',(#1456,#1464,#1465,#1466));
#1456 = ORIENTED_EDGE('',*,*,#1457,.F.);
#1457 = EDGE_CURVE('',#641,#1458,#1460,.T.);
#1458 = VERTEX_POINT('',#1459);
#1459 = CARTESIAN_POINT('',(-0.15,-2.15,4.725));
#1460 = LINE('',#1461,#1462);
#1461 = CARTESIAN_POINT('',(-0.15,-2.15,-3.));
#1462 = VECTOR('',#1463,1.);
#1463 = DIRECTION('',(0.,0.,1.));
#1464 = ORIENTED_EDGE('',*,*,#648,.T.);
#1465 = ORIENTED_EDGE('',*,*,#1435,.T.);
#1466 = ORIENTED_EDGE('',*,*,#1467,.F.);
#1467 = EDGE_CURVE('',#1458,#1436,#1468,.T.);
#1468 = LINE('',#1469,#1470);
#1469 = CARTESIAN_POINT('',(-0.15,-2.15,4.725));
#1470 = VECTOR('',#1471,1.);
#1471 = DIRECTION('',(0.,1.,0.));
#1472 = PLANE('',#1473);
#1473 = AXIS2_PLACEMENT_3D('',#1474,#1475,#1476);
#1474 = CARTESIAN_POINT('',(-0.15,-2.15,-3.));
#1475 = DIRECTION('',(1.,0.,0.));
#1476 = DIRECTION('',(0.,0.,1.));
#1477 = ADVANCED_FACE('',(#1478),#1496,.F.);
#1478 = FACE_BOUND('',#1479,.F.);
#1479 = EDGE_LOOP('',(#1480,#1488,#1489,#1490));
#1480 = ORIENTED_EDGE('',*,*,#1481,.F.);
#1481 = EDGE_CURVE('',#633,#1482,#1484,.T.);
#1482 = VERTEX_POINT('',#1483);
#1483 = CARTESIAN_POINT('',(0.15,-2.15,4.725));
#1484 = LINE('',#1485,#1486);
#1485 = CARTESIAN_POINT('',(0.15,-2.15,-3.));
#1486 = VECTOR('',#1487,1.);
#1487 = DIRECTION('',(0.,0.,1.));
#1488 = ORIENTED_EDGE('',*,*,#640,.T.);
#1489 = ORIENTED_EDGE('',*,*,#1457,.T.);
#1490 = ORIENTED_EDGE('',*,*,#1491,.T.);
#1491 = EDGE_CURVE('',#1458,#1482,#1492,.T.);
#1492 = LINE('',#1493,#1494);
#1493 = CARTESIAN_POINT('',(-0.15,-2.15,4.725));
#1494 = VECTOR('',#1495,1.);
#1495 = DIRECTION('',(1.,0.,0.));
#1496 = PLANE('',#1497);
#1497 = AXIS2_PLACEMENT_3D('',#1498,#1499,#1500);
#1498 = CARTESIAN_POINT('',(-0.15,-2.15,-3.));
#1499 = DIRECTION('',(0.,1.,0.));
#1500 = DIRECTION('',(0.,-0.,1.));
#1501 = ADVANCED_FACE('',(#1502),#1513,.T.);
#1502 = FACE_BOUND('',#1503,.T.);
#1503 = EDGE_LOOP('',(#1504,#1505,#1506,#1507));
#1504 = ORIENTED_EDGE('',*,*,#1481,.F.);
#1505 = ORIENTED_EDGE('',*,*,#632,.T.);
#1506 = ORIENTED_EDGE('',*,*,#1426,.T.);
#1507 = ORIENTED_EDGE('',*,*,#1508,.F.);
#1508 = EDGE_CURVE('',#1482,#1427,#1509,.T.);
#1509 = LINE('',#1510,#1511);
#1510 = CARTESIAN_POINT('',(0.15,-2.15,4.725));
#1511 = VECTOR('',#1512,1.);
#1512 = DIRECTION('',(0.,1.,0.));
#1513 = PLANE('',#1514);
#1514 = AXIS2_PLACEMENT_3D('',#1515,#1516,#1517);
#1515 = CARTESIAN_POINT('',(0.15,-2.15,-3.));
#1516 = DIRECTION('',(1.,0.,0.));
#1517 = DIRECTION('',(0.,0.,1.));
#1518 = ADVANCED_FACE('',(#1519),#1544,.F.);
#1519 = FACE_BOUND('',#1520,.F.);
#1520 = EDGE_LOOP('',(#1521,#1529,#1530,#1538));
#1521 = ORIENTED_EDGE('',*,*,#1522,.F.);
#1522 = EDGE_CURVE('',#947,#1523,#1525,.T.);
#1523 = VERTEX_POINT('',#1524);
#1524 = CARTESIAN_POINT('',(7.5E-02,-7.5E-02,-3.));
#1525 = LINE('',#1526,#1527);
#1526 = CARTESIAN_POINT('',(7.5E-02,-7.5E-02,-3.));
#1527 = VECTOR('',#1528,1.);
#1528 = DIRECTION('',(-0.57735026919,0.57735026919,-0.57735026919));
#1529 = ORIENTED_EDGE('',*,*,#954,.T.);
#1530 = ORIENTED_EDGE('',*,*,#1531,.T.);
#1531 = EDGE_CURVE('',#955,#1532,#1534,.T.);
#1532 = VERTEX_POINT('',#1533);
#1533 = CARTESIAN_POINT('',(7.5E-02,7.5E-02,-3.));
#1534 = LINE('',#1535,#1536);
#1535 = CARTESIAN_POINT('',(2.5E-02,2.5E-02,-3.05));
#1536 = VECTOR('',#1537,1.);
#1537 = DIRECTION('',(-0.57735026919,-0.57735026919,-0.57735026919));
#1538 = ORIENTED_EDGE('',*,*,#1539,.F.);
#1539 = EDGE_CURVE('',#1523,#1532,#1540,.T.);
#1540 = LINE('',#1541,#1542);
#1541 = CARTESIAN_POINT('',(7.5E-02,-0.15,-3.));
#1542 = VECTOR('',#1543,1.);
#1543 = DIRECTION('',(0.,1.,0.));
#1544 = PLANE('',#1545);
#1545 = AXIS2_PLACEMENT_3D('',#1546,#1547,#1548);
#1546 = CARTESIAN_POINT('',(0.1125,-0.15,-2.9625));
#1547 = DIRECTION('',(-0.707106781187,0.,0.707106781187));
#1548 = DIRECTION('',(0.,1.,0.));
#1549 = ADVANCED_FACE('',(#1550),#1568,.F.);
#1550 = FACE_BOUND('',#1551,.T.);
#1551 = EDGE_LOOP('',(#1552,#1560,#1561,#1562));
#1552 = ORIENTED_EDGE('',*,*,#1553,.F.);
#1553 = EDGE_CURVE('',#979,#1554,#1556,.T.);
#1554 = VERTEX_POINT('',#1555);
#1555 = CARTESIAN_POINT('',(-7.5E-02,7.5E-02,-3.));
#1556 = LINE('',#1557,#1558);
#1557 = CARTESIAN_POINT('',(-7.5E-02,7.5E-02,-3.));
#1558 = VECTOR('',#1559,1.);
#1559 = DIRECTION('',(0.57735026919,-0.57735026919,-0.57735026919));
#1560 = ORIENTED_EDGE('',*,*,#978,.T.);
#1561 = ORIENTED_EDGE('',*,*,#1531,.T.);
#1562 = ORIENTED_EDGE('',*,*,#1563,.F.);
#1563 = EDGE_CURVE('',#1554,#1532,#1564,.T.);
#1564 = LINE('',#1565,#1566);
#1565 = CARTESIAN_POINT('',(-0.15,7.5E-02,-3.));
#1566 = VECTOR('',#1567,1.);
#1567 = DIRECTION('',(1.,0.,0.));
#1568 = PLANE('',#1569);
#1569 = AXIS2_PLACEMENT_3D('',#1570,#1571,#1572);
#1570 = CARTESIAN_POINT('',(-0.15,0.1125,-2.9625));
#1571 = DIRECTION('',(0.,-0.707106781187,0.707106781187));
#1572 = DIRECTION('',(-1.,0.,0.));
#1573 = ADVANCED_FACE('',(#1574),#1592,.T.);
#1574 = FACE_BOUND('',#1575,.T.);
#1575 = EDGE_LOOP('',(#1576,#1584,#1585,#1586));
#1576 = ORIENTED_EDGE('',*,*,#1577,.F.);
#1577 = EDGE_CURVE('',#1002,#1578,#1580,.T.);
#1578 = VERTEX_POINT('',#1579);
#1579 = CARTESIAN_POINT('',(-7.5E-02,-7.5E-02,-3.));
#1580 = LINE('',#1581,#1582);
#1581 = CARTESIAN_POINT('',(-0.125,-0.125,-2.95));
#1582 = VECTOR('',#1583,1.);
#1583 = DIRECTION('',(0.57735026919,0.57735026919,-0.57735026919));
#1584 = ORIENTED_EDGE('',*,*,#1009,.T.);
#1585 = ORIENTED_EDGE('',*,*,#1553,.T.);
#1586 = ORIENTED_EDGE('',*,*,#1587,.F.);
#1587 = EDGE_CURVE('',#1578,#1554,#1588,.T.);
#1588 = LINE('',#1589,#1590);
#1589 = CARTESIAN_POINT('',(-7.5E-02,-0.15,-3.));
#1590 = VECTOR('',#1591,1.);
#1591 = DIRECTION('',(0.,1.,0.));
#1592 = PLANE('',#1593);
#1593 = AXIS2_PLACEMENT_3D('',#1594,#1595,#1596);
#1594 = CARTESIAN_POINT('',(-0.1125,-0.15,-2.9625));
#1595 = DIRECTION('',(-0.707106781187,0.,-0.707106781187));
#1596 = DIRECTION('',(0.,1.,0.));
#1597 = ADVANCED_FACE('',(#1598),#1609,.T.);
#1598 = FACE_BOUND('',#1599,.F.);
#1599 = EDGE_LOOP('',(#1600,#1601,#1602,#1603));
#1600 = ORIENTED_EDGE('',*,*,#1577,.F.);
#1601 = ORIENTED_EDGE('',*,*,#1026,.T.);
#1602 = ORIENTED_EDGE('',*,*,#1522,.T.);
#1603 = ORIENTED_EDGE('',*,*,#1604,.F.);
#1604 = EDGE_CURVE('',#1578,#1523,#1605,.T.);
#1605 = LINE('',#1606,#1607);
#1606 = CARTESIAN_POINT('',(-0.15,-7.5E-02,-3.));
#1607 = VECTOR('',#1608,1.);
#1608 = DIRECTION('',(1.,0.,0.));
#1609 = PLANE('',#1610);
#1610 = AXIS2_PLACEMENT_3D('',#1611,#1612,#1613);
#1611 = CARTESIAN_POINT('',(-0.15,-0.1125,-2.9625));
#1612 = DIRECTION('',(0.,-0.707106781187,-0.707106781187));
#1613 = DIRECTION('',(-1.,-0.,0.));
#1614 = ADVANCED_FACE('',(#1615),#1640,.T.);
#1615 = FACE_BOUND('',#1616,.F.);
#1616 = EDGE_LOOP('',(#1617,#1625,#1626,#1634));
#1617 = ORIENTED_EDGE('',*,*,#1618,.F.);
#1618 = EDGE_CURVE('',#1051,#1619,#1621,.T.);
#1619 = VERTEX_POINT('',#1620);
#1620 = CARTESIAN_POINT('',(-7.5E-02,-1.075,-3.));
#1621 = LINE('',#1622,#1623);
#1622 = CARTESIAN_POINT('',(-0.125,-1.125,-2.95));
#1623 = VECTOR('',#1624,1.);
#1624 = DIRECTION('',(0.57735026919,0.57735026919,-0.57735026919));
#1625 = ORIENTED_EDGE('',*,*,#1050,.T.);
#1626 = ORIENTED_EDGE('',*,*,#1627,.T.);
#1627 = EDGE_CURVE('',#1043,#1628,#1630,.T.);
#1628 = VERTEX_POINT('',#1629);
#1629 = CARTESIAN_POINT('',(7.5E-02,-1.075,-3.));
#1630 = LINE('',#1631,#1632);
#1631 = CARTESIAN_POINT('',(7.5E-02,-1.075,-3.));
#1632 = VECTOR('',#1633,1.);
#1633 = DIRECTION('',(-0.57735026919,0.57735026919,-0.57735026919));
#1634 = ORIENTED_EDGE('',*,*,#1635,.F.);
#1635 = EDGE_CURVE('',#1619,#1628,#1636,.T.);
#1636 = LINE('',#1637,#1638);
#1637 = CARTESIAN_POINT('',(-0.15,-1.075,-3.));
#1638 = VECTOR('',#1639,1.);
#1639 = DIRECTION('',(1.,0.,0.));
#1640 = PLANE('',#1641);
#1641 = AXIS2_PLACEMENT_3D('',#1642,#1643,#1644);
#1642 = CARTESIAN_POINT('',(-0.15,-1.1125,-2.9625));
#1643 = DIRECTION('',(0.,-0.707106781187,-0.707106781187));
#1644 = DIRECTION('',(-1.,-0.,0.));
#1645 = ADVANCED_FACE('',(#1646),#1664,.F.);
#1646 = FACE_BOUND('',#1647,.F.);
#1647 = EDGE_LOOP('',(#1648,#1649,#1650,#1658));
#1648 = ORIENTED_EDGE('',*,*,#1627,.F.);
#1649 = ORIENTED_EDGE('',*,*,#1074,.T.);
#1650 = ORIENTED_EDGE('',*,*,#1651,.T.);
#1651 = EDGE_CURVE('',#1075,#1652,#1654,.T.);
#1652 = VERTEX_POINT('',#1653);
#1653 = CARTESIAN_POINT('',(7.5E-02,-0.925,-3.));
#1654 = LINE('',#1655,#1656);
#1655 = CARTESIAN_POINT('',(2.5E-02,-0.975,-3.05));
#1656 = VECTOR('',#1657,1.);
#1657 = DIRECTION('',(-0.57735026919,-0.57735026919,-0.57735026919));
#1658 = ORIENTED_EDGE('',*,*,#1659,.F.);
#1659 = EDGE_CURVE('',#1628,#1652,#1660,.T.);
#1660 = LINE('',#1661,#1662);
#1661 = CARTESIAN_POINT('',(7.5E-02,-1.15,-3.));
#1662 = VECTOR('',#1663,1.);
#1663 = DIRECTION('',(0.,1.,0.));
#1664 = PLANE('',#1665);
#1665 = AXIS2_PLACEMENT_3D('',#1666,#1667,#1668);
#1666 = CARTESIAN_POINT('',(0.1125,-1.15,-2.9625));
#1667 = DIRECTION('',(-0.707106781187,0.,0.707106781187));
#1668 = DIRECTION('',(0.,1.,0.));
#1669 = ADVANCED_FACE('',(#1670),#1688,.F.);
#1670 = FACE_BOUND('',#1671,.T.);
#1671 = EDGE_LOOP('',(#1672,#1680,#1681,#1682));
#1672 = ORIENTED_EDGE('',*,*,#1673,.F.);
#1673 = EDGE_CURVE('',#1099,#1674,#1676,.T.);
#1674 = VERTEX_POINT('',#1675);
#1675 = CARTESIAN_POINT('',(-7.5E-02,-0.925,-3.));
#1676 = LINE('',#1677,#1678);
#1677 = CARTESIAN_POINT('',(-7.5E-02,-0.925,-3.));
#1678 = VECTOR('',#1679,1.);
#1679 = DIRECTION('',(0.57735026919,-0.57735026919,-0.57735026919));
#1680 = ORIENTED_EDGE('',*,*,#1098,.T.);
#1681 = ORIENTED_EDGE('',*,*,#1651,.T.);
#1682 = ORIENTED_EDGE('',*,*,#1683,.F.);
#1683 = EDGE_CURVE('',#1674,#1652,#1684,.T.);
#1684 = LINE('',#1685,#1686);
#1685 = CARTESIAN_POINT('',(-0.15,-0.925,-3.));
#1686 = VECTOR('',#1687,1.);
#1687 = DIRECTION('',(1.,0.,0.));
#1688 = PLANE('',#1689);
#1689 = AXIS2_PLACEMENT_3D('',#1690,#1691,#1692);
#1690 = CARTESIAN_POINT('',(-0.15,-0.8875,-2.9625));
#1691 = DIRECTION('',(0.,-0.707106781187,0.707106781187));
#1692 = DIRECTION('',(-1.,0.,0.));
#1693 = ADVANCED_FACE('',(#1694),#1705,.T.);
#1694 = FACE_BOUND('',#1695,.T.);
#1695 = EDGE_LOOP('',(#1696,#1697,#1698,#1699));
#1696 = ORIENTED_EDGE('',*,*,#1618,.F.);
#1697 = ORIENTED_EDGE('',*,*,#1122,.T.);
#1698 = ORIENTED_EDGE('',*,*,#1673,.T.);
#1699 = ORIENTED_EDGE('',*,*,#1700,.F.);
#1700 = EDGE_CURVE('',#1619,#1674,#1701,.T.);
#1701 = LINE('',#1702,#1703);
#1702 = CARTESIAN_POINT('',(-7.5E-02,-1.15,-3.));
#1703 = VECTOR('',#1704,1.);
#1704 = DIRECTION('',(0.,1.,0.));
#1705 = PLANE('',#1706);
#1706 = AXIS2_PLACEMENT_3D('',#1707,#1708,#1709);
#1707 = CARTESIAN_POINT('',(-0.1125,-1.15,-2.9625));
#1708 = DIRECTION('',(-0.707106781187,0.,-0.707106781187));
#1709 = DIRECTION('',(0.,1.,0.));
#1710 = ADVANCED_FACE('',(#1711),#1736,.F.);
#1711 = FACE_BOUND('',#1712,.T.);
#1712 = EDGE_LOOP('',(#1713,#1721,#1722,#1730));
#1713 = ORIENTED_EDGE('',*,*,#1714,.F.);
#1714 = EDGE_CURVE('',#1147,#1715,#1717,.T.);
#1715 = VERTEX_POINT('',#1716);
#1716 = CARTESIAN_POINT('',(-7.5E-02,-1.925,-3.));
#1717 = LINE('',#1718,#1719);
#1718 = CARTESIAN_POINT('',(-7.5E-02,-1.925,-3.));
#1719 = VECTOR('',#1720,1.);
#1720 = DIRECTION('',(0.57735026919,-0.57735026919,-0.57735026919));
#1721 = ORIENTED_EDGE('',*,*,#1146,.T.);
#1722 = ORIENTED_EDGE('',*,*,#1723,.T.);
#1723 = EDGE_CURVE('',#1139,#1724,#1726,.T.);
#1724 = VERTEX_POINT('',#1725);
#1725 = CARTESIAN_POINT('',(7.5E-02,-1.925,-3.));
#1726 = LINE('',#1727,#1728);
#1727 = CARTESIAN_POINT('',(2.5E-02,-1.975,-3.05));
#1728 = VECTOR('',#1729,1.);
#1729 = DIRECTION('',(-0.57735026919,-0.57735026919,-0.57735026919));
#1730 = ORIENTED_EDGE('',*,*,#1731,.F.);
#1731 = EDGE_CURVE('',#1715,#1724,#1732,.T.);
#1732 = LINE('',#1733,#1734);
#1733 = CARTESIAN_POINT('',(-0.15,-1.925,-3.));
#1734 = VECTOR('',#1735,1.);
#1735 = DIRECTION('',(1.,0.,0.));
#1736 = PLANE('',#1737);
#1737 = AXIS2_PLACEMENT_3D('',#1738,#1739,#1740);
#1738 = CARTESIAN_POINT('',(-0.15,-1.8875,-2.9625));
#1739 = DIRECTION('',(0.,-0.707106781187,0.707106781187));
#1740 = DIRECTION('',(-1.,0.,0.));
#1741 = ADVANCED_FACE('',(#1742),#1760,.T.);
#1742 = FACE_BOUND('',#1743,.T.);
#1743 = EDGE_LOOP('',(#1744,#1752,#1753,#1754));
#1744 = ORIENTED_EDGE('',*,*,#1745,.F.);
#1745 = EDGE_CURVE('',#1170,#1746,#1748,.T.);
#1746 = VERTEX_POINT('',#1747);
#1747 = CARTESIAN_POINT('',(-7.5E-02,-2.075,-3.));
#1748 = LINE('',#1749,#1750);
#1749 = CARTESIAN_POINT('',(-0.125,-2.125,-2.95));
#1750 = VECTOR('',#1751,1.);
#1751 = DIRECTION('',(0.57735026919,0.57735026919,-0.57735026919));
#1752 = ORIENTED_EDGE('',*,*,#1177,.T.);
#1753 = ORIENTED_EDGE('',*,*,#1714,.T.);
#1754 = ORIENTED_EDGE('',*,*,#1755,.F.);
#1755 = EDGE_CURVE('',#1746,#1715,#1756,.T.);
#1756 = LINE('',#1757,#1758);
#1757 = CARTESIAN_POINT('',(-7.5E-02,-2.15,-3.));
#1758 = VECTOR('',#1759,1.);
#1759 = DIRECTION('',(0.,1.,0.));
#1760 = PLANE('',#1761);
#1761 = AXIS2_PLACEMENT_3D('',#1762,#1763,#1764);
#1762 = CARTESIAN_POINT('',(-0.1125,-2.15,-2.9625));
#1763 = DIRECTION('',(-0.707106781187,0.,-0.707106781187));
#1764 = DIRECTION('',(0.,1.,0.));
#1765 = ADVANCED_FACE('',(#1766),#1784,.T.);
#1766 = FACE_BOUND('',#1767,.F.);
#1767 = EDGE_LOOP('',(#1768,#1769,#1770,#1778));
#1768 = ORIENTED_EDGE('',*,*,#1745,.F.);
#1769 = ORIENTED_EDGE('',*,*,#1201,.T.);
#1770 = ORIENTED_EDGE('',*,*,#1771,.T.);
#1771 = EDGE_CURVE('',#1194,#1772,#1774,.T.);
#1772 = VERTEX_POINT('',#1773);
#1773 = CARTESIAN_POINT('',(7.5E-02,-2.075,-3.));
#1774 = LINE('',#1775,#1776);
#1775 = CARTESIAN_POINT('',(7.5E-02,-2.075,-3.));
#1776 = VECTOR('',#1777,1.);
#1777 = DIRECTION('',(-0.57735026919,0.57735026919,-0.57735026919));
#1778 = ORIENTED_EDGE('',*,*,#1779,.F.);
#1779 = EDGE_CURVE('',#1746,#1772,#1780,.T.);
#1780 = LINE('',#1781,#1782);
#1781 = CARTESIAN_POINT('',(-0.15,-2.075,-3.));
#1782 = VECTOR('',#1783,1.);
#1783 = DIRECTION('',(1.,0.,0.));
#1784 = PLANE('',#1785);
#1785 = AXIS2_PLACEMENT_3D('',#1786,#1787,#1788);
#1786 = CARTESIAN_POINT('',(-0.15,-2.1125,-2.9625));
#1787 = DIRECTION('',(0.,-0.707106781187,-0.707106781187));
#1788 = DIRECTION('',(-1.,-0.,0.));
#1789 = ADVANCED_FACE('',(#1790),#1801,.F.);
#1790 = FACE_BOUND('',#1791,.F.);
#1791 = EDGE_LOOP('',(#1792,#1793,#1794,#1795));
#1792 = ORIENTED_EDGE('',*,*,#1771,.F.);
#1793 = ORIENTED_EDGE('',*,*,#1218,.T.);
#1794 = ORIENTED_EDGE('',*,*,#1723,.T.);
#1795 = ORIENTED_EDGE('',*,*,#1796,.F.);
#1796 = EDGE_CURVE('',#1772,#1724,#1797,.T.);
#1797 = LINE('',#1798,#1799);
#1798 = CARTESIAN_POINT('',(7.5E-02,-2.15,-3.));
#1799 = VECTOR('',#1800,1.);
#1800 = DIRECTION('',(0.,1.,0.));
#1801 = PLANE('',#1802);
#1802 = AXIS2_PLACEMENT_3D('',#1803,#1804,#1805);
#1803 = CARTESIAN_POINT('',(0.1125,-2.15,-2.9625));
#1804 = DIRECTION('',(-0.707106781187,0.,0.707106781187));
#1805 = DIRECTION('',(0.,1.,0.));
#1806 = ADVANCED_FACE('',(#1807),#1832,.T.);
#1807 = FACE_BOUND('',#1808,.T.);
#1808 = EDGE_LOOP('',(#1809,#1817,#1818,#1826));
#1809 = ORIENTED_EDGE('',*,*,#1810,.F.);
#1810 = EDGE_CURVE('',#1235,#1811,#1813,.T.);
#1811 = VERTEX_POINT('',#1812);
#1812 = CARTESIAN_POINT('',(7.5E-02,-7.5E-02,4.8));
#1813 = LINE('',#1814,#1815);
#1814 = CARTESIAN_POINT('',(7.5E-02,-7.5E-02,4.8));
#1815 = VECTOR('',#1816,1.);
#1816 = DIRECTION('',(-0.57735026919,0.57735026919,0.57735026919));
#1817 = ORIENTED_EDGE('',*,*,#1251,.T.);
#1818 = ORIENTED_EDGE('',*,*,#1819,.T.);
#1819 = EDGE_CURVE('',#1244,#1820,#1822,.T.);
#1820 = VERTEX_POINT('',#1821);
#1821 = CARTESIAN_POINT('',(7.5E-02,7.5E-02,4.8));
#1822 = LINE('',#1823,#1824);
#1823 = CARTESIAN_POINT('',(2.5E-02,2.5E-02,4.85));
#1824 = VECTOR('',#1825,1.);
#1825 = DIRECTION('',(-0.57735026919,-0.57735026919,0.57735026919));
#1826 = ORIENTED_EDGE('',*,*,#1827,.F.);
#1827 = EDGE_CURVE('',#1811,#1820,#1828,.T.);
#1828 = LINE('',#1829,#1830);
#1829 = CARTESIAN_POINT('',(7.5E-02,-0.15,4.8));
#1830 = VECTOR('',#1831,1.);
#1831 = DIRECTION('',(0.,1.,0.));
#1832 = PLANE('',#1833);
#1833 = AXIS2_PLACEMENT_3D('',#1834,#1835,#1836);
#1834 = CARTESIAN_POINT('',(0.1125,-0.15,4.7625));
#1835 = DIRECTION('',(0.707106781187,0.,0.707106781187));
#1836 = DIRECTION('',(-0.,1.,0.));
#1837 = ADVANCED_FACE('',(#1838),#1856,.T.);
#1838 = FACE_BOUND('',#1839,.F.);
#1839 = EDGE_LOOP('',(#1840,#1848,#1849,#1850));
#1840 = ORIENTED_EDGE('',*,*,#1841,.F.);
#1841 = EDGE_CURVE('',#1268,#1842,#1844,.T.);
#1842 = VERTEX_POINT('',#1843);
#1843 = CARTESIAN_POINT('',(-7.5E-02,7.5E-02,4.8));
#1844 = LINE('',#1845,#1846);
#1845 = CARTESIAN_POINT('',(-7.5E-02,7.5E-02,4.8));
#1846 = VECTOR('',#1847,1.);
#1847 = DIRECTION('',(0.57735026919,-0.57735026919,0.57735026919));
#1848 = ORIENTED_EDGE('',*,*,#1275,.T.);
#1849 = ORIENTED_EDGE('',*,*,#1819,.T.);
#1850 = ORIENTED_EDGE('',*,*,#1851,.F.);
#1851 = EDGE_CURVE('',#1842,#1820,#1852,.T.);
#1852 = LINE('',#1853,#1854);
#1853 = CARTESIAN_POINT('',(-0.15,7.5E-02,4.8));
#1854 = VECTOR('',#1855,1.);
#1855 = DIRECTION('',(1.,0.,0.));
#1856 = PLANE('',#1857);
#1857 = AXIS2_PLACEMENT_3D('',#1858,#1859,#1860);
#1858 = CARTESIAN_POINT('',(-0.15,0.1125,4.7625));
#1859 = DIRECTION('',(0.,0.707106781187,0.707106781187));
#1860 = DIRECTION('',(-1.,0.,0.));
#1861 = ADVANCED_FACE('',(#1862),#1880,.F.);
#1862 = FACE_BOUND('',#1863,.F.);
#1863 = EDGE_LOOP('',(#1864,#1872,#1873,#1874));
#1864 = ORIENTED_EDGE('',*,*,#1865,.F.);
#1865 = EDGE_CURVE('',#1290,#1866,#1868,.T.);
#1866 = VERTEX_POINT('',#1867);
#1867 = CARTESIAN_POINT('',(-7.5E-02,-7.5E-02,4.8));
#1868 = LINE('',#1869,#1870);
#1869 = CARTESIAN_POINT('',(-0.125,-0.125,4.75));
#1870 = VECTOR('',#1871,1.);
#1871 = DIRECTION('',(0.57735026919,0.57735026919,0.57735026919));
#1872 = ORIENTED_EDGE('',*,*,#1299,.T.);
#1873 = ORIENTED_EDGE('',*,*,#1841,.T.);
#1874 = ORIENTED_EDGE('',*,*,#1875,.F.);
#1875 = EDGE_CURVE('',#1866,#1842,#1876,.T.);
#1876 = LINE('',#1877,#1878);
#1877 = CARTESIAN_POINT('',(-7.5E-02,-0.15,4.8));
#1878 = VECTOR('',#1879,1.);
#1879 = DIRECTION('',(0.,1.,0.));
#1880 = PLANE('',#1881);
#1881 = AXIS2_PLACEMENT_3D('',#1882,#1883,#1884);
#1882 = CARTESIAN_POINT('',(-0.1125,-0.15,4.7625));
#1883 = DIRECTION('',(0.707106781187,0.,-0.707106781187));
#1884 = DIRECTION('',(0.,1.,0.));
#1885 = ADVANCED_FACE('',(#1886),#1897,.F.);
#1886 = FACE_BOUND('',#1887,.T.);
#1887 = EDGE_LOOP('',(#1888,#1889,#1890,#1891));
#1888 = ORIENTED_EDGE('',*,*,#1865,.F.);
#1889 = ORIENTED_EDGE('',*,*,#1316,.T.);
#1890 = ORIENTED_EDGE('',*,*,#1810,.T.);
#1891 = ORIENTED_EDGE('',*,*,#1892,.F.);
#1892 = EDGE_CURVE('',#1866,#1811,#1893,.T.);
#1893 = LINE('',#1894,#1895);
#1894 = CARTESIAN_POINT('',(-0.15,-7.5E-02,4.8));
#1895 = VECTOR('',#1896,1.);
#1896 = DIRECTION('',(1.,0.,0.));
#1897 = PLANE('',#1898);
#1898 = AXIS2_PLACEMENT_3D('',#1899,#1900,#1901);
#1899 = CARTESIAN_POINT('',(-0.15,-0.1125,4.7625));
#1900 = DIRECTION('',(0.,0.707106781187,-0.707106781187));
#1901 = DIRECTION('',(-1.,0.,-0.));
#1902 = ADVANCED_FACE('',(#1903),#1928,.F.);
#1903 = FACE_BOUND('',#1904,.T.);
#1904 = EDGE_LOOP('',(#1905,#1913,#1914,#1922));
#1905 = ORIENTED_EDGE('',*,*,#1906,.F.);
#1906 = EDGE_CURVE('',#1340,#1907,#1909,.T.);
#1907 = VERTEX_POINT('',#1908);
#1908 = CARTESIAN_POINT('',(-7.5E-02,-1.075,4.8));
#1909 = LINE('',#1910,#1911);
#1910 = CARTESIAN_POINT('',(-0.125,-1.125,4.75));
#1911 = VECTOR('',#1912,1.);
#1912 = DIRECTION('',(0.57735026919,0.57735026919,0.57735026919));
#1913 = ORIENTED_EDGE('',*,*,#1347,.T.);
#1914 = ORIENTED_EDGE('',*,*,#1915,.T.);
#1915 = EDGE_CURVE('',#1331,#1916,#1918,.T.);
#1916 = VERTEX_POINT('',#1917);
#1917 = CARTESIAN_POINT('',(7.5E-02,-1.075,4.8));
#1918 = LINE('',#1919,#1920);
#1919 = CARTESIAN_POINT('',(7.5E-02,-1.075,4.8));
#1920 = VECTOR('',#1921,1.);
#1921 = DIRECTION('',(-0.57735026919,0.57735026919,0.57735026919));
#1922 = ORIENTED_EDGE('',*,*,#1923,.F.);
#1923 = EDGE_CURVE('',#1907,#1916,#1924,.T.);
#1924 = LINE('',#1925,#1926);
#1925 = CARTESIAN_POINT('',(-0.15,-1.075,4.8));
#1926 = VECTOR('',#1927,1.);
#1927 = DIRECTION('',(1.,0.,0.));
#1928 = PLANE('',#1929);
#1929 = AXIS2_PLACEMENT_3D('',#1930,#1931,#1932);
#1930 = CARTESIAN_POINT('',(-0.15,-1.1125,4.7625));
#1931 = DIRECTION('',(0.,0.707106781187,-0.707106781187));
#1932 = DIRECTION('',(-1.,0.,-0.));
#1933 = ADVANCED_FACE('',(#1934),#1952,.T.);
#1934 = FACE_BOUND('',#1935,.T.);
#1935 = EDGE_LOOP('',(#1936,#1937,#1938,#1946));
#1936 = ORIENTED_EDGE('',*,*,#1915,.F.);
#1937 = ORIENTED_EDGE('',*,*,#1371,.T.);
#1938 = ORIENTED_EDGE('',*,*,#1939,.T.);
#1939 = EDGE_CURVE('',#1364,#1940,#1942,.T.);
#1940 = VERTEX_POINT('',#1941);
#1941 = CARTESIAN_POINT('',(7.5E-02,-0.925,4.8));
#1942 = LINE('',#1943,#1944);
#1943 = CARTESIAN_POINT('',(2.5E-02,-0.975,4.85));
#1944 = VECTOR('',#1945,1.);
#1945 = DIRECTION('',(-0.57735026919,-0.57735026919,0.57735026919));
#1946 = ORIENTED_EDGE('',*,*,#1947,.F.);
#1947 = EDGE_CURVE('',#1916,#1940,#1948,.T.);
#1948 = LINE('',#1949,#1950);
#1949 = CARTESIAN_POINT('',(7.5E-02,-1.15,4.8));
#1950 = VECTOR('',#1951,1.);
#1951 = DIRECTION('',(0.,1.,0.));
#1952 = PLANE('',#1953);
#1953 = AXIS2_PLACEMENT_3D('',#1954,#1955,#1956);
#1954 = CARTESIAN_POINT('',(0.1125,-1.15,4.7625));
#1955 = DIRECTION('',(0.707106781187,0.,0.707106781187));
#1956 = DIRECTION('',(-0.,1.,0.));
#1957 = ADVANCED_FACE('',(#1958),#1976,.T.);
#1958 = FACE_BOUND('',#1959,.F.);
#1959 = EDGE_LOOP('',(#1960,#1968,#1969,#1970));
#1960 = ORIENTED_EDGE('',*,*,#1961,.F.);
#1961 = EDGE_CURVE('',#1388,#1962,#1964,.T.);
#1962 = VERTEX_POINT('',#1963);
#1963 = CARTESIAN_POINT('',(-7.5E-02,-0.925,4.8));
#1964 = LINE('',#1965,#1966);
#1965 = CARTESIAN_POINT('',(-7.5E-02,-0.925,4.8));
#1966 = VECTOR('',#1967,1.);
#1967 = DIRECTION('',(0.57735026919,-0.57735026919,0.57735026919));
#1968 = ORIENTED_EDGE('',*,*,#1395,.T.);
#1969 = ORIENTED_EDGE('',*,*,#1939,.T.);
#1970 = ORIENTED_EDGE('',*,*,#1971,.F.);
#1971 = EDGE_CURVE('',#1962,#1940,#1972,.T.);
#1972 = LINE('',#1973,#1974);
#1973 = CARTESIAN_POINT('',(-0.15,-0.925,4.8));
#1974 = VECTOR('',#1975,1.);
#1975 = DIRECTION('',(1.,0.,0.));
#1976 = PLANE('',#1977);
#1977 = AXIS2_PLACEMENT_3D('',#1978,#1979,#1980);
#1978 = CARTESIAN_POINT('',(-0.15,-0.8875,4.7625));
#1979 = DIRECTION('',(0.,0.707106781187,0.707106781187));
#1980 = DIRECTION('',(-1.,0.,0.));
#1981 = ADVANCED_FACE('',(#1982),#1993,.F.);
#1982 = FACE_BOUND('',#1983,.F.);
#1983 = EDGE_LOOP('',(#1984,#1985,#1986,#1987));
#1984 = ORIENTED_EDGE('',*,*,#1906,.F.);
#1985 = ORIENTED_EDGE('',*,*,#1412,.T.);
#1986 = ORIENTED_EDGE('',*,*,#1961,.T.);
#1987 = ORIENTED_EDGE('',*,*,#1988,.F.);
#1988 = EDGE_CURVE('',#1907,#1962,#1989,.T.);
#1989 = LINE('',#1990,#1991);
#1990 = CARTESIAN_POINT('',(-7.5E-02,-1.15,4.8));
#1991 = VECTOR('',#1992,1.);
#1992 = DIRECTION('',(0.,1.,0.));
#1993 = PLANE('',#1994);
#1994 = AXIS2_PLACEMENT_3D('',#1995,#1996,#1997);
#1995 = CARTESIAN_POINT('',(-0.1125,-1.15,4.7625));
#1996 = DIRECTION('',(0.707106781187,0.,-0.707106781187));
#1997 = DIRECTION('',(0.,1.,0.));
#1998 = ADVANCED_FACE('',(#1999),#2024,.T.);
#1999 = FACE_BOUND('',#2000,.F.);
#2000 = EDGE_LOOP('',(#2001,#2009,#2010,#2018));
#2001 = ORIENTED_EDGE('',*,*,#2002,.F.);
#2002 = EDGE_CURVE('',#1436,#2003,#2005,.T.);
#2003 = VERTEX_POINT('',#2004);
#2004 = CARTESIAN_POINT('',(-7.5E-02,-1.925,4.8));
#2005 = LINE('',#2006,#2007);
#2006 = CARTESIAN_POINT('',(-7.5E-02,-1.925,4.8));
#2007 = VECTOR('',#2008,1.);
#2008 = DIRECTION('',(0.57735026919,-0.57735026919,0.57735026919));
#2009 = ORIENTED_EDGE('',*,*,#1443,.T.);
#2010 = ORIENTED_EDGE('',*,*,#2011,.T.);
#2011 = EDGE_CURVE('',#1427,#2012,#2014,.T.);
#2012 = VERTEX_POINT('',#2013);
#2013 = CARTESIAN_POINT('',(7.5E-02,-1.925,4.8));
#2014 = LINE('',#2015,#2016);
#2015 = CARTESIAN_POINT('',(2.5E-02,-1.975,4.85));
#2016 = VECTOR('',#2017,1.);
#2017 = DIRECTION('',(-0.57735026919,-0.57735026919,0.57735026919));
#2018 = ORIENTED_EDGE('',*,*,#2019,.F.);
#2019 = EDGE_CURVE('',#2003,#2012,#2020,.T.);
#2020 = LINE('',#2021,#2022);
#2021 = CARTESIAN_POINT('',(-0.15,-1.925,4.8));
#2022 = VECTOR('',#2023,1.);
#2023 = DIRECTION('',(1.,0.,0.));
#2024 = PLANE('',#2025);
#2025 = AXIS2_PLACEMENT_3D('',#2026,#2027,#2028);
#2026 = CARTESIAN_POINT('',(-0.15,-1.8875,4.7625));
#2027 = DIRECTION('',(0.,0.707106781187,0.707106781187));
#2028 = DIRECTION('',(-1.,0.,0.));
#2029 = ADVANCED_FACE('',(#2030),#2048,.F.);
#2030 = FACE_BOUND('',#2031,.F.);
#2031 = EDGE_LOOP('',(#2032,#2040,#2041,#2042));
#2032 = ORIENTED_EDGE('',*,*,#2033,.F.);
#2033 = EDGE_CURVE('',#1458,#2034,#2036,.T.);
#2034 = VERTEX_POINT('',#2035);
#2035 = CARTESIAN_POINT('',(-7.5E-02,-2.075,4.8));
#2036 = LINE('',#2037,#2038);
#2037 = CARTESIAN_POINT('',(-0.125,-2.125,4.75));
#2038 = VECTOR('',#2039,1.);
#2039 = DIRECTION('',(0.57735026919,0.57735026919,0.57735026919));
#2040 = ORIENTED_EDGE('',*,*,#1467,.T.);
#2041 = ORIENTED_EDGE('',*,*,#2002,.T.);
#2042 = ORIENTED_EDGE('',*,*,#2043,.F.);
#2043 = EDGE_CURVE('',#2034,#2003,#2044,.T.);
#2044 = LINE('',#2045,#2046);
#2045 = CARTESIAN_POINT('',(-7.5E-02,-2.15,4.8));
#2046 = VECTOR('',#2047,1.);
#2047 = DIRECTION('',(0.,1.,0.));
#2048 = PLANE('',#2049);
#2049 = AXIS2_PLACEMENT_3D('',#2050,#2051,#2052);
#2050 = CARTESIAN_POINT('',(-0.1125,-2.15,4.7625));
#2051 = DIRECTION('',(0.707106781187,0.,-0.707106781187));
#2052 = DIRECTION('',(0.,1.,0.));
#2053 = ADVANCED_FACE('',(#2054),#2072,.F.);
#2054 = FACE_BOUND('',#2055,.T.);
#2055 = EDGE_LOOP('',(#2056,#2057,#2058,#2066));
#2056 = ORIENTED_EDGE('',*,*,#2033,.F.);
#2057 = ORIENTED_EDGE('',*,*,#1491,.T.);
#2058 = ORIENTED_EDGE('',*,*,#2059,.T.);
#2059 = EDGE_CURVE('',#1482,#2060,#2062,.T.);
#2060 = VERTEX_POINT('',#2061);
#2061 = CARTESIAN_POINT('',(7.5E-02,-2.075,4.8));
#2062 = LINE('',#2063,#2064);
#2063 = CARTESIAN_POINT('',(7.5E-02,-2.075,4.8));
#2064 = VECTOR('',#2065,1.);
#2065 = DIRECTION('',(-0.57735026919,0.57735026919,0.57735026919));
#2066 = ORIENTED_EDGE('',*,*,#2067,.F.);
#2067 = EDGE_CURVE('',#2034,#2060,#2068,.T.);
#2068 = LINE('',#2069,#2070);
#2069 = CARTESIAN_POINT('',(-0.15,-2.075,4.8));
#2070 = VECTOR('',#2071,1.);
#2071 = DIRECTION('',(1.,0.,0.));
#2072 = PLANE('',#2073);
#2073 = AXIS2_PLACEMENT_3D('',#2074,#2075,#2076);
#2074 = CARTESIAN_POINT('',(-0.15,-2.1125,4.7625));
#2075 = DIRECTION('',(0.,0.707106781187,-0.707106781187));
#2076 = DIRECTION('',(-1.,0.,-0.));
#2077 = ADVANCED_FACE('',(#2078),#2089,.T.);
#2078 = FACE_BOUND('',#2079,.T.);
#2079 = EDGE_LOOP('',(#2080,#2081,#2082,#2083));
#2080 = ORIENTED_EDGE('',*,*,#2059,.F.);
#2081 = ORIENTED_EDGE('',*,*,#1508,.T.);
#2082 = ORIENTED_EDGE('',*,*,#2011,.T.);
#2083 = ORIENTED_EDGE('',*,*,#2084,.F.);
#2084 = EDGE_CURVE('',#2060,#2012,#2085,.T.);
#2085 = LINE('',#2086,#2087);
#2086 = CARTESIAN_POINT('',(7.5E-02,-2.15,4.8));
#2087 = VECTOR('',#2088,1.);
#2088 = DIRECTION('',(0.,1.,0.));
#2089 = PLANE('',#2090);
#2090 = AXIS2_PLACEMENT_3D('',#2091,#2092,#2093);
#2091 = CARTESIAN_POINT('',(0.1125,-2.15,4.7625));
#2092 = DIRECTION('',(0.707106781187,0.,0.707106781187));
#2093 = DIRECTION('',(-0.,1.,0.));
#2094 = ADVANCED_FACE('',(#2095),#2101,.F.);
#2095 = FACE_BOUND('',#2096,.F.);
#2096 = EDGE_LOOP('',(#2097,#2098,#2099,#2100));
#2097 = ORIENTED_EDGE('',*,*,#1539,.T.);
#2098 = ORIENTED_EDGE('',*,*,#1563,.F.);
#2099 = ORIENTED_EDGE('',*,*,#1587,.F.);
#2100 = ORIENTED_EDGE('',*,*,#1604,.T.);
#2101 = PLANE('',#2102);
#2102 = AXIS2_PLACEMENT_3D('',#2103,#2104,#2105);
#2103 = CARTESIAN_POINT('',(-0.15,-0.15,-3.));
#2104 = DIRECTION('',(0.,0.,1.));
#2105 = DIRECTION('',(1.,0.,-0.));
#2106 = ADVANCED_FACE('',(#2107),#2113,.F.);
#2107 = FACE_BOUND('',#2108,.F.);
#2108 = EDGE_LOOP('',(#2109,#2110,#2111,#2112));
#2109 = ORIENTED_EDGE('',*,*,#1659,.T.);
#2110 = ORIENTED_EDGE('',*,*,#1683,.F.);
#2111 = ORIENTED_EDGE('',*,*,#1700,.F.);
#2112 = ORIENTED_EDGE('',*,*,#1635,.T.);
#2113 = PLANE('',#2114);
#2114 = AXIS2_PLACEMENT_3D('',#2115,#2116,#2117);
#2115 = CARTESIAN_POINT('',(-0.15,-1.15,-3.));
#2116 = DIRECTION('',(0.,0.,1.));
#2117 = DIRECTION('',(1.,0.,-0.));
#2118 = ADVANCED_FACE('',(#2119),#2125,.F.);
#2119 = FACE_BOUND('',#2120,.F.);
#2120 = EDGE_LOOP('',(#2121,#2122,#2123,#2124));
#2121 = ORIENTED_EDGE('',*,*,#1796,.T.);
#2122 = ORIENTED_EDGE('',*,*,#1731,.F.);
#2123 = ORIENTED_EDGE('',*,*,#1755,.F.);
#2124 = ORIENTED_EDGE('',*,*,#1779,.T.);
#2125 = PLANE('',#2126);
#2126 = AXIS2_PLACEMENT_3D('',#2127,#2128,#2129);
#2127 = CARTESIAN_POINT('',(-0.15,-2.15,-3.));
#2128 = DIRECTION('',(0.,0.,1.));
#2129 = DIRECTION('',(1.,0.,-0.));
#2130 = ADVANCED_FACE('',(#2131),#2137,.T.);
#2131 = FACE_BOUND('',#2132,.T.);
#2132 = EDGE_LOOP('',(#2133,#2134,#2135,#2136));
#2133 = ORIENTED_EDGE('',*,*,#1827,.T.);
#2134 = ORIENTED_EDGE('',*,*,#1851,.F.);
#2135 = ORIENTED_EDGE('',*,*,#1875,.F.);
#2136 = ORIENTED_EDGE('',*,*,#1892,.T.);
#2137 = PLANE('',#2138);
#2138 = AXIS2_PLACEMENT_3D('',#2139,#2140,#2141);
#2139 = CARTESIAN_POINT('',(-0.15,-0.15,4.8));
#2140 = DIRECTION('',(0.,0.,1.));
#2141 = DIRECTION('',(1.,0.,-0.));
#2142 = ADVANCED_FACE('',(#2143),#2149,.T.);
#2143 = FACE_BOUND('',#2144,.T.);
#2144 = EDGE_LOOP('',(#2145,#2146,#2147,#2148));
#2145 = ORIENTED_EDGE('',*,*,#1947,.T.);
#2146 = ORIENTED_EDGE('',*,*,#1971,.F.);
#2147 = ORIENTED_EDGE('',*,*,#1988,.F.);
#2148 = ORIENTED_EDGE('',*,*,#1923,.T.);
#2149 = PLANE('',#2150);
#2150 = AXIS2_PLACEMENT_3D('',#2151,#2152,#2153);
#2151 = CARTESIAN_POINT('',(-0.15,-1.15,4.8));
#2152 = DIRECTION('',(0.,0.,1.));
#2153 = DIRECTION('',(1.,0.,-0.));
#2154 = ADVANCED_FACE('',(#2155),#2161,.T.);
#2155 = FACE_BOUND('',#2156,.T.);
#2156 = EDGE_LOOP('',(#2157,#2158,#2159,#2160));
#2157 = ORIENTED_EDGE('',*,*,#2084,.T.);
#2158 = ORIENTED_EDGE('',*,*,#2019,.F.);
#2159 = ORIENTED_EDGE('',*,*,#2043,.F.);
#2160 = ORIENTED_EDGE('',*,*,#2067,.T.);
#2161 = PLANE('',#2162);
#2162 = AXIS2_PLACEMENT_3D('',#2163,#2164,#2165);
#2163 = CARTESIAN_POINT('',(-0.15,-2.15,4.8));
#2164 = DIRECTION('',(0.,0.,1.));
#2165 = DIRECTION('',(1.,0.,-0.));
#2166 = ( GEOMETRIC_REPRESENTATION_CONTEXT(3) 
GLOBAL_UNCERTAINTY_ASSIGNED_CONTEXT((#2170)) 
GLOBAL_UNIT_ASSIGNED_CONTEXT((#2167,#2168,#2169)) REPRESENTATION_CONTEXT
('Context #1','3D Context with UNIT and UNCERTAINTY') );
#2167 = ( LENGTH_UNIT() NAMED_UNIT(*) SI_UNIT(.MILLI.,.METRE.) );
#2168 = ( NAMED_UNIT(*) PLANE_ANGLE_UNIT() SI_UNIT($,.RADIAN.) );
#2169 = ( NAMED_UNIT(*) SI_UNIT($,.STERADIAN.) SOLID_ANGLE_UNIT() );
#2170 = UNCERTAINTY_MEASURE_WITH_UNIT(LENGTH_MEASURE(1.E-07),#2167,
  'distance_accuracy_value','confusion accuracy');
#2171 = CONTEXT_DEPENDENT_SHAPE_REPRESENTATION(#2172,#2174);
#2172 = ( REPRESENTATION_RELATIONSHIP('','',#59,#36) 
REPRESENTATION_RELATIONSHIP_WITH_TRANSFORMATION(#2173) 
SHAPE_REPRESENTATION_RELATIONSHIP() );
#2173 = ITEM_DEFINED_TRANSFORMATION('','',#11,#37);
#2174 = PRODUCT_DEFINITION_SHAPE('Placement','Placement of an item',
  #2175);
#2175 = NEXT_ASSEMBLY_USAGE_OCCURRENCE('1','=>[0:1:1:3]','',#31,#54,$);
#2176 = PRODUCT_RELATED_PRODUCT_CATEGORY('part',$,(#56));
#2177 = SHAPE_DEFINITION_REPRESENTATION(#2178,#2184);
#2178 = PRODUCT_DEFINITION_SHAPE('','',#2179);
#2179 = PRODUCT_DEFINITION('design','',#2180,#2183);
#2180 = PRODUCT_DEFINITION_FORMATION('','',#2181);
#2181 = PRODUCT('camera ethernet pcb_PCB','camera ethernet pcb_PCB','',(
    #2182));
#2182 = PRODUCT_CONTEXT('',#2,'mechanical');
#2183 = PRODUCT_DEFINITION_CONTEXT('part definition',#2,'design');
#2184 = ADVANCED_BREP_SHAPE_REPRESENTATION('',(#11,#2185),#4424);
#2185 = MANIFOLD_SOLID_BREP('',#2186);
#2186 = CLOSED_SHELL('',(#2187,#2227,#2258,#2289,#2866,#3443,#3460,#3477
    ,#3494,#3511,#3523,#3540,#3557,#3574,#3591,#3608,#3625,#3642,#3659,
    #3676,#3693,#3710,#3727,#3744,#3761,#3778,#3795,#3812,#3829,#3846,
    #3863,#3880,#3902,#3919,#3936,#3953,#3970,#3987,#4004,#4021,#4038,
    #4055,#4072,#4089,#4106,#4123,#4140,#4157,#4174,#4191,#4203,#4220,
    #4237,#4254,#4271,#4288,#4305,#4322,#4339,#4356,#4373,#4390,#4407));
#2187 = ADVANCED_FACE('',(#2188),#2222,.T.);
#2188 = FACE_BOUND('',#2189,.T.);
#2189 = EDGE_LOOP('',(#2190,#2200,#2208,#2216));
#2190 = ORIENTED_EDGE('',*,*,#2191,.T.);
#2191 = EDGE_CURVE('',#2192,#2194,#2196,.T.);
#2192 = VERTEX_POINT('',#2193);
#2193 = CARTESIAN_POINT('',(141.5,-140.5,0.));
#2194 = VERTEX_POINT('',#2195);
#2195 = CARTESIAN_POINT('',(141.5,-140.5,1.6));
#2196 = LINE('',#2197,#2198);
#2197 = CARTESIAN_POINT('',(141.5,-140.5,0.));
#2198 = VECTOR('',#2199,1.);
#2199 = DIRECTION('',(0.,0.,1.));
#2200 = ORIENTED_EDGE('',*,*,#2201,.T.);
#2201 = EDGE_CURVE('',#2194,#2202,#2204,.T.);
#2202 = VERTEX_POINT('',#2203);
#2203 = CARTESIAN_POINT('',(133.671988,-140.5,1.6));
#2204 = LINE('',#2205,#2206);
#2205 = CARTESIAN_POINT('',(141.5,-140.5,1.6));
#2206 = VECTOR('',#2207,1.);
#2207 = DIRECTION('',(-1.,0.,0.));
#2208 = ORIENTED_EDGE('',*,*,#2209,.F.);
#2209 = EDGE_CURVE('',#2210,#2202,#2212,.T.);
#2210 = VERTEX_POINT('',#2211);
#2211 = CARTESIAN_POINT('',(133.671988,-140.5,0.));
#2212 = LINE('',#2213,#2214);
#2213 = CARTESIAN_POINT('',(133.671988,-140.5,0.));
#2214 = VECTOR('',#2215,1.);
#2215 = DIRECTION('',(0.,0.,1.));
#2216 = ORIENTED_EDGE('',*,*,#2217,.F.);
#2217 = EDGE_CURVE('',#2192,#2210,#2218,.T.);
#2218 = LINE('',#2219,#2220);
#2219 = CARTESIAN_POINT('',(141.5,-140.5,0.));
#2220 = VECTOR('',#2221,1.);
#2221 = DIRECTION('',(-1.,0.,0.));
#2222 = PLANE('',#2223);
#2223 = AXIS2_PLACEMENT_3D('',#2224,#2225,#2226);
#2224 = CARTESIAN_POINT('',(141.5,-140.5,0.));
#2225 = DIRECTION('',(0.,-1.,0.));
#2226 = DIRECTION('',(-1.,0.,0.));
#2227 = ADVANCED_FACE('',(#2228),#2253,.T.);
#2228 = FACE_BOUND('',#2229,.T.);
#2229 = EDGE_LOOP('',(#2230,#2240,#2246,#2247));
#2230 = ORIENTED_EDGE('',*,*,#2231,.T.);
#2231 = EDGE_CURVE('',#2232,#2234,#2236,.T.);
#2232 = VERTEX_POINT('',#2233);
#2233 = CARTESIAN_POINT('',(141.5,-104.5,0.));
#2234 = VERTEX_POINT('',#2235);
#2235 = CARTESIAN_POINT('',(141.5,-104.5,1.6));
#2236 = LINE('',#2237,#2238);
#2237 = CARTESIAN_POINT('',(141.5,-104.5,0.));
#2238 = VECTOR('',#2239,1.);
#2239 = DIRECTION('',(0.,0.,1.));
#2240 = ORIENTED_EDGE('',*,*,#2241,.T.);
#2241 = EDGE_CURVE('',#2234,#2194,#2242,.T.);
#2242 = LINE('',#2243,#2244);
#2243 = CARTESIAN_POINT('',(141.5,-104.5,1.6));
#2244 = VECTOR('',#2245,1.);
#2245 = DIRECTION('',(0.,-1.,0.));
#2246 = ORIENTED_EDGE('',*,*,#2191,.F.);
#2247 = ORIENTED_EDGE('',*,*,#2248,.F.);
#2248 = EDGE_CURVE('',#2232,#2192,#2249,.T.);
#2249 = LINE('',#2250,#2251);
#2250 = CARTESIAN_POINT('',(141.5,-104.5,0.));
#2251 = VECTOR('',#2252,1.);
#2252 = DIRECTION('',(0.,-1.,0.));
#2253 = PLANE('',#2254);
#2254 = AXIS2_PLACEMENT_3D('',#2255,#2256,#2257);
#2255 = CARTESIAN_POINT('',(141.5,-104.5,0.));
#2256 = DIRECTION('',(1.,0.,-0.));
#2257 = DIRECTION('',(0.,-1.,0.));
#2258 = ADVANCED_FACE('',(#2259),#2284,.T.);
#2259 = FACE_BOUND('',#2260,.T.);
#2260 = EDGE_LOOP('',(#2261,#2262,#2270,#2278));
#2261 = ORIENTED_EDGE('',*,*,#2209,.T.);
#2262 = ORIENTED_EDGE('',*,*,#2263,.T.);
#2263 = EDGE_CURVE('',#2202,#2264,#2266,.T.);
#2264 = VERTEX_POINT('',#2265);
#2265 = CARTESIAN_POINT('',(133.671988,-145.75,1.6));
#2266 = LINE('',#2267,#2268);
#2267 = CARTESIAN_POINT('',(133.671988,-140.5,1.6));
#2268 = VECTOR('',#2269,1.);
#2269 = DIRECTION('',(0.,-1.,0.));
#2270 = ORIENTED_EDGE('',*,*,#2271,.F.);
#2271 = EDGE_CURVE('',#2272,#2264,#2274,.T.);
#2272 = VERTEX_POINT('',#2273);
#2273 = CARTESIAN_POINT('',(133.671988,-145.75,0.));
#2274 = LINE('',#2275,#2276);
#2275 = CARTESIAN_POINT('',(133.671988,-145.75,0.));
#2276 = VECTOR('',#2277,1.);
#2277 = DIRECTION('',(0.,0.,1.));
#2278 = ORIENTED_EDGE('',*,*,#2279,.F.);
#2279 = EDGE_CURVE('',#2210,#2272,#2280,.T.);
#2280 = LINE('',#2281,#2282);
#2281 = CARTESIAN_POINT('',(133.671988,-140.5,0.));
#2282 = VECTOR('',#2283,1.);
#2283 = DIRECTION('',(0.,-1.,0.));
#2284 = PLANE('',#2285);
#2285 = AXIS2_PLACEMENT_3D('',#2286,#2287,#2288);
#2286 = CARTESIAN_POINT('',(133.671988,-140.5,0.));
#2287 = DIRECTION('',(1.,0.,-0.));
#2288 = DIRECTION('',(0.,-1.,0.));
#2289 = ADVANCED_FACE('',(#2290,#2333,#2344,#2355,#2366,#2377,#2388,
    #2399,#2410,#2421,#2432,#2443,#2454,#2465,#2476,#2487,#2498,#2509,
    #2520,#2531,#2542,#2553,#2564,#2718,#2729,#2740,#2751,#2762,#2773,
    #2784,#2795,#2806,#2817,#2828,#2839,#2850),#2861,.T.);
#2290 = FACE_BOUND('',#2291,.T.);
#2291 = EDGE_LOOP('',(#2292,#2293,#2294,#2302,#2310,#2318,#2326,#2332));
#2292 = ORIENTED_EDGE('',*,*,#2217,.T.);
#2293 = ORIENTED_EDGE('',*,*,#2279,.T.);
#2294 = ORIENTED_EDGE('',*,*,#2295,.T.);
#2295 = EDGE_CURVE('',#2272,#2296,#2298,.T.);
#2296 = VERTEX_POINT('',#2297);
#2297 = CARTESIAN_POINT('',(75.271988,-145.75,0.));
#2298 = LINE('',#2299,#2300);
#2299 = CARTESIAN_POINT('',(133.671988,-145.75,0.));
#2300 = VECTOR('',#2301,1.);
#2301 = DIRECTION('',(-1.,0.,0.));
#2302 = ORIENTED_EDGE('',*,*,#2303,.T.);
#2303 = EDGE_CURVE('',#2296,#2304,#2306,.T.);
#2304 = VERTEX_POINT('',#2305);
#2305 = CARTESIAN_POINT('',(75.271988,-140.5,0.));
#2306 = LINE('',#2307,#2308);
#2307 = CARTESIAN_POINT('',(75.271988,-145.75,0.));
#2308 = VECTOR('',#2309,1.);
#2309 = DIRECTION('',(0.,1.,0.));
#2310 = ORIENTED_EDGE('',*,*,#2311,.T.);
#2311 = EDGE_CURVE('',#2304,#2312,#2314,.T.);
#2312 = VERTEX_POINT('',#2313);
#2313 = CARTESIAN_POINT('',(67.5,-140.5,0.));
#2314 = LINE('',#2315,#2316);
#2315 = CARTESIAN_POINT('',(75.271988,-140.5,0.));
#2316 = VECTOR('',#2317,1.);
#2317 = DIRECTION('',(-1.,0.,0.));
#2318 = ORIENTED_EDGE('',*,*,#2319,.T.);
#2319 = EDGE_CURVE('',#2312,#2320,#2322,.T.);
#2320 = VERTEX_POINT('',#2321);
#2321 = CARTESIAN_POINT('',(67.5,-104.5,0.));
#2322 = LINE('',#2323,#2324);
#2323 = CARTESIAN_POINT('',(67.5,-140.5,0.));
#2324 = VECTOR('',#2325,1.);
#2325 = DIRECTION('',(0.,1.,0.));
#2326 = ORIENTED_EDGE('',*,*,#2327,.T.);
#2327 = EDGE_CURVE('',#2320,#2232,#2328,.T.);
#2328 = LINE('',#2329,#2330);
#2329 = CARTESIAN_POINT('',(67.5,-104.5,0.));
#2330 = VECTOR('',#2331,1.);
#2331 = DIRECTION('',(1.,0.,0.));
#2332 = ORIENTED_EDGE('',*,*,#2248,.T.);
#2333 = FACE_BOUND('',#2334,.T.);
#2334 = EDGE_LOOP('',(#2335));
#2335 = ORIENTED_EDGE('',*,*,#2336,.T.);
#2336 = EDGE_CURVE('',#2337,#2337,#2339,.T.);
#2337 = VERTEX_POINT('',#2338);
#2338 = CARTESIAN_POINT('',(138.19,-138.33797,0.));
#2339 = CIRCLE('',#2340,1.6);
#2340 = AXIS2_PLACEMENT_3D('',#2341,#2342,#2343);
#2341 = CARTESIAN_POINT('',(136.59,-138.33797,0.));
#2342 = DIRECTION('',(0.,0.,1.));
#2343 = DIRECTION('',(1.,0.,-0.));
#2344 = FACE_BOUND('',#2345,.T.);
#2345 = EDGE_LOOP('',(#2346));
#2346 = ORIENTED_EDGE('',*,*,#2347,.F.);
#2347 = EDGE_CURVE('',#2348,#2348,#2350,.T.);
#2348 = VERTEX_POINT('',#2349);
#2349 = CARTESIAN_POINT('',(127.7,-136.906,0.));
#2350 = CIRCLE('',#2351,0.381);
#2351 = AXIS2_PLACEMENT_3D('',#2352,#2353,#2354);
#2352 = CARTESIAN_POINT('',(127.7,-136.525,0.));
#2353 = DIRECTION('',(-0.,0.,-1.));
#2354 = DIRECTION('',(3.72988312735E-14,-1.,-0.));
#2355 = FACE_BOUND('',#2356,.T.);
#2356 = EDGE_LOOP('',(#2357));
#2357 = ORIENTED_EDGE('',*,*,#2358,.F.);
#2358 = EDGE_CURVE('',#2359,#2359,#2361,.T.);
#2359 = VERTEX_POINT('',#2360);
#2360 = CARTESIAN_POINT('',(130.275,-135.906,0.));
#2361 = CIRCLE('',#2362,0.381);
#2362 = AXIS2_PLACEMENT_3D('',#2363,#2364,#2365);
#2363 = CARTESIAN_POINT('',(130.275,-135.525,0.));
#2364 = DIRECTION('',(-0.,0.,-1.));
#2365 = DIRECTION('',(-0.,-1.,0.));
#2366 = FACE_BOUND('',#2367,.T.);
#2367 = EDGE_LOOP('',(#2368));
#2368 = ORIENTED_EDGE('',*,*,#2369,.F.);
#2369 = EDGE_CURVE('',#2370,#2370,#2372,.T.);
#2370 = VERTEX_POINT('',#2371);
#2371 = CARTESIAN_POINT('',(127.75,-134.631,0.));
#2372 = CIRCLE('',#2373,0.381);
#2373 = AXIS2_PLACEMENT_3D('',#2374,#2375,#2376);
#2374 = CARTESIAN_POINT('',(127.75,-134.25,0.));
#2375 = DIRECTION('',(-0.,0.,-1.));
#2376 = DIRECTION('',(-0.,-1.,0.));
#2377 = FACE_BOUND('',#2378,.T.);
#2378 = EDGE_LOOP('',(#2379));
#2379 = ORIENTED_EDGE('',*,*,#2380,.F.);
#2380 = EDGE_CURVE('',#2381,#2381,#2383,.T.);
#2381 = VERTEX_POINT('',#2382);
#2382 = CARTESIAN_POINT('',(130.2,-133.631,0.));
#2383 = CIRCLE('',#2384,0.381);
#2384 = AXIS2_PLACEMENT_3D('',#2385,#2386,#2387);
#2385 = CARTESIAN_POINT('',(130.2,-133.25,0.));
#2386 = DIRECTION('',(-0.,0.,-1.));
#2387 = DIRECTION('',(-0.,-1.,0.));
#2388 = FACE_BOUND('',#2389,.T.);
#2389 = EDGE_LOOP('',(#2390));
#2390 = ORIENTED_EDGE('',*,*,#2391,.F.);
#2391 = EDGE_CURVE('',#2392,#2392,#2394,.T.);
#2392 = VERTEX_POINT('',#2393);
#2393 = CARTESIAN_POINT('',(127.7,-132.356,0.));
#2394 = CIRCLE('',#2395,0.381);
#2395 = AXIS2_PLACEMENT_3D('',#2396,#2397,#2398);
#2396 = CARTESIAN_POINT('',(127.7,-131.975,0.));
#2397 = DIRECTION('',(-0.,0.,-1.));
#2398 = DIRECTION('',(3.72988312735E-14,-1.,-0.));
#2399 = FACE_BOUND('',#2400,.T.);
#2400 = EDGE_LOOP('',(#2401));
#2401 = ORIENTED_EDGE('',*,*,#2402,.F.);
#2402 = EDGE_CURVE('',#2403,#2403,#2405,.T.);
#2403 = VERTEX_POINT('',#2404);
#2404 = CARTESIAN_POINT('',(118.5,-138.6,0.));
#2405 = CIRCLE('',#2406,1.1);
#2406 = AXIS2_PLACEMENT_3D('',#2407,#2408,#2409);
#2407 = CARTESIAN_POINT('',(118.5,-137.5,0.));
#2408 = DIRECTION('',(-0.,0.,-1.));
#2409 = DIRECTION('',(-0.,-1.,0.));
#2410 = FACE_BOUND('',#2411,.T.);
#2411 = EDGE_LOOP('',(#2412));
#2412 = ORIENTED_EDGE('',*,*,#2413,.F.);
#2413 = EDGE_CURVE('',#2414,#2414,#2416,.T.);
#2414 = VERTEX_POINT('',#2415);
#2415 = CARTESIAN_POINT('',(130.275,-131.381,0.));
#2416 = CIRCLE('',#2417,0.381);
#2417 = AXIS2_PLACEMENT_3D('',#2418,#2419,#2420);
#2418 = CARTESIAN_POINT('',(130.275,-131.,0.));
#2419 = DIRECTION('',(-0.,0.,-1.));
#2420 = DIRECTION('',(-0.,-1.,0.));
#2421 = FACE_BOUND('',#2422,.T.);
#2422 = EDGE_LOOP('',(#2423));
#2423 = ORIENTED_EDGE('',*,*,#2424,.F.);
#2424 = EDGE_CURVE('',#2425,#2425,#2427,.T.);
#2425 = VERTEX_POINT('',#2426);
#2426 = CARTESIAN_POINT('',(127.75,-130.131,0.));
#2427 = CIRCLE('',#2428,0.381);
#2428 = AXIS2_PLACEMENT_3D('',#2429,#2430,#2431);
#2429 = CARTESIAN_POINT('',(127.75,-129.75,0.));
#2430 = DIRECTION('',(-0.,0.,-1.));
#2431 = DIRECTION('',(-0.,-1.,0.));
#2432 = FACE_BOUND('',#2433,.T.);
#2433 = EDGE_LOOP('',(#2434));
#2434 = ORIENTED_EDGE('',*,*,#2435,.F.);
#2435 = EDGE_CURVE('',#2436,#2436,#2438,.T.);
#2436 = VERTEX_POINT('',#2437);
#2437 = CARTESIAN_POINT('',(130.25,-129.131,0.));
#2438 = CIRCLE('',#2439,0.381);
#2439 = AXIS2_PLACEMENT_3D('',#2440,#2441,#2442);
#2440 = CARTESIAN_POINT('',(130.25,-128.75,0.));
#2441 = DIRECTION('',(-0.,0.,-1.));
#2442 = DIRECTION('',(-0.,-1.,0.));
#2443 = FACE_BOUND('',#2444,.T.);
#2444 = EDGE_LOOP('',(#2445));
#2445 = ORIENTED_EDGE('',*,*,#2446,.T.);
#2446 = EDGE_CURVE('',#2447,#2447,#2449,.T.);
#2447 = VERTEX_POINT('',#2448);
#2448 = CARTESIAN_POINT('',(138.19,-126.90797,0.));
#2449 = CIRCLE('',#2450,1.6);
#2450 = AXIS2_PLACEMENT_3D('',#2451,#2452,#2453);
#2451 = CARTESIAN_POINT('',(136.59,-126.90797,0.));
#2452 = DIRECTION('',(0.,0.,1.));
#2453 = DIRECTION('',(1.,0.,-0.));
#2454 = FACE_BOUND('',#2455,.T.);
#2455 = EDGE_LOOP('',(#2456));
#2456 = ORIENTED_EDGE('',*,*,#2457,.F.);
#2457 = EDGE_CURVE('',#2458,#2458,#2460,.T.);
#2458 = VERTEX_POINT('',#2459);
#2459 = CARTESIAN_POINT('',(100.5,-139.85,0.));
#2460 = CIRCLE('',#2461,0.25);
#2461 = AXIS2_PLACEMENT_3D('',#2462,#2463,#2464);
#2462 = CARTESIAN_POINT('',(100.5,-139.6,0.));
#2463 = DIRECTION('',(-0.,0.,-1.));
#2464 = DIRECTION('',(-0.,-1.,0.));
#2465 = FACE_BOUND('',#2466,.T.);
#2466 = EDGE_LOOP('',(#2467));
#2467 = ORIENTED_EDGE('',*,*,#2468,.F.);
#2468 = EDGE_CURVE('',#2469,#2469,#2471,.T.);
#2469 = VERTEX_POINT('',#2470);
#2470 = CARTESIAN_POINT('',(98.2,-140.05,0.));
#2471 = CIRCLE('',#2472,0.25);
#2472 = AXIS2_PLACEMENT_3D('',#2473,#2474,#2475);
#2473 = CARTESIAN_POINT('',(98.2,-139.8,0.));
#2474 = DIRECTION('',(-0.,0.,-1.));
#2475 = DIRECTION('',(-0.,-1.,0.));
#2476 = FACE_BOUND('',#2477,.T.);
#2477 = EDGE_LOOP('',(#2478));
#2478 = ORIENTED_EDGE('',*,*,#2479,.F.);
#2479 = EDGE_CURVE('',#2480,#2480,#2482,.T.);
#2480 = VERTEX_POINT('',#2481);
#2481 = CARTESIAN_POINT('',(95.8,-139.95,0.));
#2482 = CIRCLE('',#2483,0.25);
#2483 = AXIS2_PLACEMENT_3D('',#2484,#2485,#2486);
#2484 = CARTESIAN_POINT('',(95.8,-139.7,0.));
#2485 = DIRECTION('',(-0.,0.,-1.));
#2486 = DIRECTION('',(-0.,-1.,0.));
#2487 = FACE_BOUND('',#2488,.T.);
#2488 = EDGE_LOOP('',(#2489));
#2489 = ORIENTED_EDGE('',*,*,#2490,.F.);
#2490 = EDGE_CURVE('',#2491,#2491,#2493,.T.);
#2491 = VERTEX_POINT('',#2492);
#2492 = CARTESIAN_POINT('',(90.5,-138.6,0.));
#2493 = CIRCLE('',#2494,1.1);
#2494 = AXIS2_PLACEMENT_3D('',#2495,#2496,#2497);
#2495 = CARTESIAN_POINT('',(90.5,-137.5,0.));
#2496 = DIRECTION('',(-0.,0.,-1.));
#2497 = DIRECTION('',(-0.,-1.,0.));
#2498 = FACE_BOUND('',#2499,.T.);
#2499 = EDGE_LOOP('',(#2500));
#2500 = ORIENTED_EDGE('',*,*,#2501,.F.);
#2501 = EDGE_CURVE('',#2502,#2502,#2504,.T.);
#2502 = VERTEX_POINT('',#2503);
#2503 = CARTESIAN_POINT('',(78.7,-136.906,0.));
#2504 = CIRCLE('',#2505,0.381);
#2505 = AXIS2_PLACEMENT_3D('',#2506,#2507,#2508);
#2506 = CARTESIAN_POINT('',(78.7,-136.525,0.));
#2507 = DIRECTION('',(-0.,0.,-1.));
#2508 = DIRECTION('',(-0.,-1.,0.));
#2509 = FACE_BOUND('',#2510,.T.);
#2510 = EDGE_LOOP('',(#2511));
#2511 = ORIENTED_EDGE('',*,*,#2512,.T.);
#2512 = EDGE_CURVE('',#2513,#2513,#2515,.T.);
#2513 = VERTEX_POINT('',#2514);
#2514 = CARTESIAN_POINT('',(73.96,-138.36703,0.));
#2515 = CIRCLE('',#2516,1.6);
#2516 = AXIS2_PLACEMENT_3D('',#2517,#2518,#2519);
#2517 = CARTESIAN_POINT('',(72.36,-138.36703,0.));
#2518 = DIRECTION('',(0.,0.,1.));
#2519 = DIRECTION('',(1.,0.,-0.));
#2520 = FACE_BOUND('',#2521,.T.);
#2521 = EDGE_LOOP('',(#2522));
#2522 = ORIENTED_EDGE('',*,*,#2523,.F.);
#2523 = EDGE_CURVE('',#2524,#2524,#2526,.T.);
#2524 = VERTEX_POINT('',#2525);
#2525 = CARTESIAN_POINT('',(81.2,-135.906,0.));
#2526 = CIRCLE('',#2527,0.381);
#2527 = AXIS2_PLACEMENT_3D('',#2528,#2529,#2530);
#2528 = CARTESIAN_POINT('',(81.2,-135.525,0.));
#2529 = DIRECTION('',(-0.,0.,-1.));
#2530 = DIRECTION('',(-0.,-1.,0.));
#2531 = FACE_BOUND('',#2532,.T.);
#2532 = EDGE_LOOP('',(#2533));
#2533 = ORIENTED_EDGE('',*,*,#2534,.F.);
#2534 = EDGE_CURVE('',#2535,#2535,#2537,.T.);
#2535 = VERTEX_POINT('',#2536);
#2536 = CARTESIAN_POINT('',(78.675,-134.656,0.));
#2537 = CIRCLE('',#2538,0.381);
#2538 = AXIS2_PLACEMENT_3D('',#2539,#2540,#2541);
#2539 = CARTESIAN_POINT('',(78.675,-134.275,0.));
#2540 = DIRECTION('',(-0.,0.,-1.));
#2541 = DIRECTION('',(-0.,-1.,0.));
#2542 = FACE_BOUND('',#2543,.T.);
#2543 = EDGE_LOOP('',(#2544));
#2544 = ORIENTED_EDGE('',*,*,#2545,.F.);
#2545 = EDGE_CURVE('',#2546,#2546,#2548,.T.);
#2546 = VERTEX_POINT('',#2547);
#2547 = CARTESIAN_POINT('',(81.25,-133.681,0.));
#2548 = CIRCLE('',#2549,0.381);
#2549 = AXIS2_PLACEMENT_3D('',#2550,#2551,#2552);
#2550 = CARTESIAN_POINT('',(81.25,-133.3,0.));
#2551 = DIRECTION('',(-0.,0.,-1.));
#2552 = DIRECTION('',(-0.,-1.,0.));
#2553 = FACE_BOUND('',#2554,.T.);
#2554 = EDGE_LOOP('',(#2555));
#2555 = ORIENTED_EDGE('',*,*,#2556,.F.);
#2556 = EDGE_CURVE('',#2557,#2557,#2559,.T.);
#2557 = VERTEX_POINT('',#2558);
#2558 = CARTESIAN_POINT('',(78.75,-132.406,0.));
#2559 = CIRCLE('',#2560,0.381);
#2560 = AXIS2_PLACEMENT_3D('',#2561,#2562,#2563);
#2561 = CARTESIAN_POINT('',(78.75,-132.025,0.));
#2562 = DIRECTION('',(-0.,0.,-1.));
#2563 = DIRECTION('',(-0.,-1.,0.));
#2564 = FACE_BOUND('',#2565,.T.);
#2565 = EDGE_LOOP('',(#2566,#2576,#2584,#2592,#2600,#2608,#2616,#2624,
    #2632,#2640,#2648,#2656,#2664,#2672,#2680,#2688,#2696,#2704,#2712));
#2566 = ORIENTED_EDGE('',*,*,#2567,.F.);
#2567 = EDGE_CURVE('',#2568,#2570,#2572,.T.);
#2568 = VERTEX_POINT('',#2569);
#2569 = CARTESIAN_POINT('',(114.485379,-110.897256,0.));
#2570 = VERTEX_POINT('',#2571);
#2571 = CARTESIAN_POINT('',(116.238482,-110.897256,0.));
#2572 = LINE('',#2573,#2574);
#2573 = CARTESIAN_POINT('',(114.485379,-110.897256,0.));
#2574 = VECTOR('',#2575,1.);
#2575 = DIRECTION('',(1.,0.,0.));
#2576 = ORIENTED_EDGE('',*,*,#2577,.F.);
#2577 = EDGE_CURVE('',#2578,#2568,#2580,.T.);
#2578 = VERTEX_POINT('',#2579);
#2579 = CARTESIAN_POINT('',(114.485379,-108.493,0.));
#2580 = LINE('',#2581,#2582);
#2581 = CARTESIAN_POINT('',(114.485379,-108.493,0.));
#2582 = VECTOR('',#2583,1.);
#2583 = DIRECTION('',(0.,-1.,0.));
#2584 = ORIENTED_EDGE('',*,*,#2585,.F.);
#2585 = EDGE_CURVE('',#2586,#2578,#2588,.T.);
#2586 = VERTEX_POINT('',#2587);
#2587 = CARTESIAN_POINT('',(94.5,-108.493,0.));
#2588 = LINE('',#2589,#2590);
#2589 = CARTESIAN_POINT('',(94.5,-108.493,0.));
#2590 = VECTOR('',#2591,1.);
#2591 = DIRECTION('',(1.,0.,0.));
#2592 = ORIENTED_EDGE('',*,*,#2593,.F.);
#2593 = EDGE_CURVE('',#2594,#2586,#2596,.T.);
#2594 = VERTEX_POINT('',#2595);
#2595 = CARTESIAN_POINT('',(94.5,-110.897256,0.));
#2596 = LINE('',#2597,#2598);
#2597 = CARTESIAN_POINT('',(94.5,-110.897256,0.));
#2598 = VECTOR('',#2599,1.);
#2599 = DIRECTION('',(0.,1.,0.));
#2600 = ORIENTED_EDGE('',*,*,#2601,.F.);
#2601 = EDGE_CURVE('',#2602,#2594,#2604,.T.);
#2602 = VERTEX_POINT('',#2603);
#2603 = CARTESIAN_POINT('',(92.646719,-110.897256,0.));
#2604 = LINE('',#2605,#2606);
#2605 = CARTESIAN_POINT('',(92.646719,-110.897256,0.));
#2606 = VECTOR('',#2607,1.);
#2607 = DIRECTION('',(1.,0.,0.));
#2608 = ORIENTED_EDGE('',*,*,#2609,.F.);
#2609 = EDGE_CURVE('',#2610,#2602,#2612,.T.);
#2610 = VERTEX_POINT('',#2611);
#2611 = CARTESIAN_POINT('',(92.646719,-112.500094,0.));
#2612 = LINE('',#2613,#2614);
#2613 = CARTESIAN_POINT('',(92.646719,-112.500094,0.));
#2614 = VECTOR('',#2615,1.);
#2615 = DIRECTION('',(0.,1.,0.));
#2616 = ORIENTED_EDGE('',*,*,#2617,.F.);
#2617 = EDGE_CURVE('',#2618,#2610,#2620,.T.);
#2618 = VERTEX_POINT('',#2619);
#2619 = CARTESIAN_POINT('',(91.013094,-112.500094,0.));
#2620 = LINE('',#2621,#2622);
#2621 = CARTESIAN_POINT('',(91.013094,-112.500094,0.));
#2622 = VECTOR('',#2623,1.);
#2623 = DIRECTION('',(1.,0.,0.));
#2624 = ORIENTED_EDGE('',*,*,#2625,.F.);
#2625 = EDGE_CURVE('',#2626,#2618,#2628,.T.);
#2626 = VERTEX_POINT('',#2627);
#2627 = CARTESIAN_POINT('',(91.013094,-120.985231,0.));
#2628 = LINE('',#2629,#2630);
#2629 = CARTESIAN_POINT('',(91.013094,-120.985231,0.));
#2630 = VECTOR('',#2631,1.);
#2631 = DIRECTION('',(0.,1.,0.));
#2632 = ORIENTED_EDGE('',*,*,#2633,.F.);
#2633 = EDGE_CURVE('',#2634,#2626,#2636,.T.);
#2634 = VERTEX_POINT('',#2635);
#2635 = CARTESIAN_POINT('',(88.521988,-121.,0.));
#2636 = LINE('',#2637,#2638);
#2637 = CARTESIAN_POINT('',(88.521988,-121.,0.));
#2638 = VECTOR('',#2639,1.);
#2639 = DIRECTION('',(0.999982425769,5.928587722156E-03,0.));
#2640 = ORIENTED_EDGE('',*,*,#2641,.F.);
#2641 = EDGE_CURVE('',#2642,#2634,#2644,.T.);
#2642 = VERTEX_POINT('',#2643);
#2643 = CARTESIAN_POINT('',(88.521988,-128.285812,0.));
#2644 = LINE('',#2645,#2646);
#2645 = CARTESIAN_POINT('',(88.521988,-128.285812,0.));
#2646 = VECTOR('',#2647,1.);
#2647 = DIRECTION('',(0.,1.,0.));
#2648 = ORIENTED_EDGE('',*,*,#2649,.F.);
#2649 = EDGE_CURVE('',#2650,#2642,#2652,.T.);
#2650 = VERTEX_POINT('',#2651);
#2651 = CARTESIAN_POINT('',(88.539006,-135.25,0.));
#2652 = LINE('',#2653,#2654);
#2653 = CARTESIAN_POINT('',(88.539006,-135.25,0.));
#2654 = VECTOR('',#2655,1.);
#2655 = DIRECTION('',(-2.443637246669E-03,0.999997014314,0.));
#2656 = ORIENTED_EDGE('',*,*,#2657,.F.);
#2657 = EDGE_CURVE('',#2658,#2650,#2660,.T.);
#2658 = VERTEX_POINT('',#2659);
#2659 = CARTESIAN_POINT('',(92.75,-135.25,0.));
#2660 = LINE('',#2661,#2662);
#2661 = CARTESIAN_POINT('',(92.75,-135.25,0.));
#2662 = VECTOR('',#2663,1.);
#2663 = DIRECTION('',(-1.,0.,0.));
#2664 = ORIENTED_EDGE('',*,*,#2665,.F.);
#2665 = EDGE_CURVE('',#2666,#2658,#2668,.T.);
#2666 = VERTEX_POINT('',#2667);
#2667 = CARTESIAN_POINT('',(92.75,-138.5,0.));
#2668 = LINE('',#2669,#2670);
#2669 = CARTESIAN_POINT('',(92.75,-138.5,0.));
#2670 = VECTOR('',#2671,1.);
#2671 = DIRECTION('',(0.,1.,0.));
#2672 = ORIENTED_EDGE('',*,*,#2673,.F.);
#2673 = EDGE_CURVE('',#2674,#2666,#2676,.T.);
#2674 = VERTEX_POINT('',#2675);
#2675 = CARTESIAN_POINT('',(116.5,-138.5,0.));
#2676 = LINE('',#2677,#2678);
#2677 = CARTESIAN_POINT('',(116.5,-138.5,0.));
#2678 = VECTOR('',#2679,1.);
#2679 = DIRECTION('',(-1.,0.,0.));
#2680 = ORIENTED_EDGE('',*,*,#2681,.F.);
#2681 = EDGE_CURVE('',#2682,#2674,#2684,.T.);
#2682 = VERTEX_POINT('',#2683);
#2683 = CARTESIAN_POINT('',(116.5,-135.25,0.));
#2684 = LINE('',#2685,#2686);
#2685 = CARTESIAN_POINT('',(116.5,-135.25,0.));
#2686 = VECTOR('',#2687,1.);
#2687 = DIRECTION('',(0.,-1.,0.));
#2688 = ORIENTED_EDGE('',*,*,#2689,.F.);
#2689 = EDGE_CURVE('',#2690,#2682,#2692,.T.);
#2690 = VERTEX_POINT('',#2691);
#2691 = CARTESIAN_POINT('',(120.421988,-135.25,0.));
#2692 = LINE('',#2693,#2694);
#2693 = CARTESIAN_POINT('',(120.421988,-135.25,0.));
#2694 = VECTOR('',#2695,1.);
#2695 = DIRECTION('',(-1.,0.,0.));
#2696 = ORIENTED_EDGE('',*,*,#2697,.F.);
#2697 = EDGE_CURVE('',#2698,#2690,#2700,.T.);
#2698 = VERTEX_POINT('',#2699);
#2699 = CARTESIAN_POINT('',(120.421988,-112.500094,0.));
#2700 = LINE('',#2701,#2702);
#2701 = CARTESIAN_POINT('',(120.421988,-112.500094,0.));
#2702 = VECTOR('',#2703,1.);
#2703 = DIRECTION('',(0.,-1.,0.));
#2704 = ORIENTED_EDGE('',*,*,#2705,.F.);
#2705 = EDGE_CURVE('',#2706,#2698,#2708,.T.);
#2706 = VERTEX_POINT('',#2707);
#2707 = CARTESIAN_POINT('',(116.238482,-112.500094,0.));
#2708 = LINE('',#2709,#2710);
#2709 = CARTESIAN_POINT('',(116.238482,-112.500094,0.));
#2710 = VECTOR('',#2711,1.);
#2711 = DIRECTION('',(1.,0.,0.));
#2712 = ORIENTED_EDGE('',*,*,#2713,.F.);
#2713 = EDGE_CURVE('',#2570,#2706,#2714,.T.);
#2714 = LINE('',#2715,#2716);
#2715 = CARTESIAN_POINT('',(116.238482,-110.897256,0.));
#2716 = VECTOR('',#2717,1.);
#2717 = DIRECTION('',(0.,-1.,0.));
#2718 = FACE_BOUND('',#2719,.T.);
#2719 = EDGE_LOOP('',(#2720));
#2720 = ORIENTED_EDGE('',*,*,#2721,.F.);
#2721 = EDGE_CURVE('',#2722,#2722,#2724,.T.);
#2722 = VERTEX_POINT('',#2723);
#2723 = CARTESIAN_POINT('',(81.2,-131.406,0.));
#2724 = CIRCLE('',#2725,0.381);
#2725 = AXIS2_PLACEMENT_3D('',#2726,#2727,#2728);
#2726 = CARTESIAN_POINT('',(81.2,-131.025,0.));
#2727 = DIRECTION('',(-0.,0.,-1.));
#2728 = DIRECTION('',(-0.,-1.,0.));
#2729 = FACE_BOUND('',#2730,.T.);
#2730 = EDGE_LOOP('',(#2731));
#2731 = ORIENTED_EDGE('',*,*,#2732,.F.);
#2732 = EDGE_CURVE('',#2733,#2733,#2735,.T.);
#2733 = VERTEX_POINT('',#2734);
#2734 = CARTESIAN_POINT('',(78.675,-130.131,0.));
#2735 = CIRCLE('',#2736,0.381);
#2736 = AXIS2_PLACEMENT_3D('',#2737,#2738,#2739);
#2737 = CARTESIAN_POINT('',(78.675,-129.75,0.));
#2738 = DIRECTION('',(-0.,0.,-1.));
#2739 = DIRECTION('',(-0.,-1.,0.));
#2740 = FACE_BOUND('',#2741,.T.);
#2741 = EDGE_LOOP('',(#2742));
#2742 = ORIENTED_EDGE('',*,*,#2743,.F.);
#2743 = EDGE_CURVE('',#2744,#2744,#2746,.T.);
#2744 = VERTEX_POINT('',#2745);
#2745 = CARTESIAN_POINT('',(81.25,-129.131,0.));
#2746 = CIRCLE('',#2747,0.381);
#2747 = AXIS2_PLACEMENT_3D('',#2748,#2749,#2750);
#2748 = CARTESIAN_POINT('',(81.25,-128.75,0.));
#2749 = DIRECTION('',(-0.,0.,-1.));
#2750 = DIRECTION('',(-0.,-1.,0.));
#2751 = FACE_BOUND('',#2752,.T.);
#2752 = EDGE_LOOP('',(#2753));
#2753 = ORIENTED_EDGE('',*,*,#2754,.T.);
#2754 = EDGE_CURVE('',#2755,#2755,#2757,.T.);
#2755 = VERTEX_POINT('',#2756);
#2756 = CARTESIAN_POINT('',(73.96,-126.93703,0.));
#2757 = CIRCLE('',#2758,1.6);
#2758 = AXIS2_PLACEMENT_3D('',#2759,#2760,#2761);
#2759 = CARTESIAN_POINT('',(72.36,-126.93703,0.));
#2760 = DIRECTION('',(0.,0.,1.));
#2761 = DIRECTION('',(1.,0.,-0.));
#2762 = FACE_BOUND('',#2763,.T.);
#2763 = EDGE_LOOP('',(#2764));
#2764 = ORIENTED_EDGE('',*,*,#2765,.F.);
#2765 = EDGE_CURVE('',#2766,#2766,#2768,.T.);
#2766 = VERTEX_POINT('',#2767);
#2767 = CARTESIAN_POINT('',(138.25,-108.5,0.));
#2768 = CIRCLE('',#2769,1.);
#2769 = AXIS2_PLACEMENT_3D('',#2770,#2771,#2772);
#2770 = CARTESIAN_POINT('',(138.25,-107.5,0.));
#2771 = DIRECTION('',(-0.,0.,-1.));
#2772 = DIRECTION('',(-0.,-1.,0.));
#2773 = FACE_BOUND('',#2774,.T.);
#2774 = EDGE_LOOP('',(#2775));
#2775 = ORIENTED_EDGE('',*,*,#2776,.F.);
#2776 = EDGE_CURVE('',#2777,#2777,#2779,.T.);
#2777 = VERTEX_POINT('',#2778);
#2778 = CARTESIAN_POINT('',(124.75,-108.5,0.));
#2779 = CIRCLE('',#2780,1.);
#2780 = AXIS2_PLACEMENT_3D('',#2781,#2782,#2783);
#2781 = CARTESIAN_POINT('',(124.75,-107.5,0.));
#2782 = DIRECTION('',(-0.,0.,-1.));
#2783 = DIRECTION('',(-0.,-1.,0.));
#2784 = FACE_BOUND('',#2785,.T.);
#2785 = EDGE_LOOP('',(#2786));
#2786 = ORIENTED_EDGE('',*,*,#2787,.F.);
#2787 = EDGE_CURVE('',#2788,#2788,#2790,.T.);
#2788 = VERTEX_POINT('',#2789);
#2789 = CARTESIAN_POINT('',(118.5,-110.6,0.));
#2790 = CIRCLE('',#2791,1.1);
#2791 = AXIS2_PLACEMENT_3D('',#2792,#2793,#2794);
#2792 = CARTESIAN_POINT('',(118.5,-109.5,0.));
#2793 = DIRECTION('',(-0.,0.,-1.));
#2794 = DIRECTION('',(-0.,-1.,0.));
#2795 = FACE_BOUND('',#2796,.T.);
#2796 = EDGE_LOOP('',(#2797));
#2797 = ORIENTED_EDGE('',*,*,#2798,.F.);
#2798 = EDGE_CURVE('',#2799,#2799,#2801,.T.);
#2799 = VERTEX_POINT('',#2800);
#2800 = CARTESIAN_POINT('',(89.5,-119.,0.));
#2801 = CIRCLE('',#2802,0.25);
#2802 = AXIS2_PLACEMENT_3D('',#2803,#2804,#2805);
#2803 = CARTESIAN_POINT('',(89.5,-118.75,0.));
#2804 = DIRECTION('',(-0.,0.,-1.));
#2805 = DIRECTION('',(-0.,-1.,0.));
#2806 = FACE_BOUND('',#2807,.T.);
#2807 = EDGE_LOOP('',(#2808));
#2808 = ORIENTED_EDGE('',*,*,#2809,.F.);
#2809 = EDGE_CURVE('',#2810,#2810,#2812,.T.);
#2810 = VERTEX_POINT('',#2811);
#2811 = CARTESIAN_POINT('',(89.5,-118.,0.));
#2812 = CIRCLE('',#2813,0.25);
#2813 = AXIS2_PLACEMENT_3D('',#2814,#2815,#2816);
#2814 = CARTESIAN_POINT('',(89.5,-117.75,0.));
#2815 = DIRECTION('',(-0.,0.,-1.));
#2816 = DIRECTION('',(-0.,-1.,0.));
#2817 = FACE_BOUND('',#2818,.T.);
#2818 = EDGE_LOOP('',(#2819));
#2819 = ORIENTED_EDGE('',*,*,#2820,.F.);
#2820 = EDGE_CURVE('',#2821,#2821,#2823,.T.);
#2821 = VERTEX_POINT('',#2822);
#2822 = CARTESIAN_POINT('',(89.5,-117.,0.));
#2823 = CIRCLE('',#2824,0.25);
#2824 = AXIS2_PLACEMENT_3D('',#2825,#2826,#2827);
#2825 = CARTESIAN_POINT('',(89.5,-116.75,0.));
#2826 = DIRECTION('',(-0.,0.,-1.));
#2827 = DIRECTION('',(-0.,-1.,0.));
#2828 = FACE_BOUND('',#2829,.T.);
#2829 = EDGE_LOOP('',(#2830));
#2830 = ORIENTED_EDGE('',*,*,#2831,.F.);
#2831 = EDGE_CURVE('',#2832,#2832,#2834,.T.);
#2832 = VERTEX_POINT('',#2833);
#2833 = CARTESIAN_POINT('',(90.5,-110.6,0.));
#2834 = CIRCLE('',#2835,1.1);
#2835 = AXIS2_PLACEMENT_3D('',#2836,#2837,#2838);
#2836 = CARTESIAN_POINT('',(90.5,-109.5,0.));
#2837 = DIRECTION('',(-0.,0.,-1.));
#2838 = DIRECTION('',(-0.,-1.,0.));
#2839 = FACE_BOUND('',#2840,.T.);
#2840 = EDGE_LOOP('',(#2841));
#2841 = ORIENTED_EDGE('',*,*,#2842,.F.);
#2842 = EDGE_CURVE('',#2843,#2843,#2845,.T.);
#2843 = VERTEX_POINT('',#2844);
#2844 = CARTESIAN_POINT('',(84.25,-108.5,0.));
#2845 = CIRCLE('',#2846,1.);
#2846 = AXIS2_PLACEMENT_3D('',#2847,#2848,#2849);
#2847 = CARTESIAN_POINT('',(84.25,-107.5,0.));
#2848 = DIRECTION('',(-0.,0.,-1.));
#2849 = DIRECTION('',(-0.,-1.,0.));
#2850 = FACE_BOUND('',#2851,.T.);
#2851 = EDGE_LOOP('',(#2852));
#2852 = ORIENTED_EDGE('',*,*,#2853,.F.);
#2853 = EDGE_CURVE('',#2854,#2854,#2856,.T.);
#2854 = VERTEX_POINT('',#2855);
#2855 = CARTESIAN_POINT('',(70.75,-108.5,0.));
#2856 = CIRCLE('',#2857,1.);
#2857 = AXIS2_PLACEMENT_3D('',#2858,#2859,#2860);
#2858 = CARTESIAN_POINT('',(70.75,-107.5,0.));
#2859 = DIRECTION('',(-0.,0.,-1.));
#2860 = DIRECTION('',(-0.,-1.,0.));
#2861 = PLANE('',#2862);
#2862 = AXIS2_PLACEMENT_3D('',#2863,#2864,#2865);
#2863 = CARTESIAN_POINT('',(104.49872396529,-124.7696854663,0.));
#2864 = DIRECTION('',(-0.,-0.,-1.));
#2865 = DIRECTION('',(-1.,0.,0.));
#2866 = ADVANCED_FACE('',(#2867,#2910,#2921,#2932,#2943,#2954,#2965,
    #2976,#2987,#2998,#3009,#3020,#3031,#3042,#3053,#3064,#3075,#3086,
    #3097,#3108,#3119,#3130,#3141,#3295,#3306,#3317,#3328,#3339,#3350,
    #3361,#3372,#3383,#3394,#3405,#3416,#3427),#3438,.F.);
#2867 = FACE_BOUND('',#2868,.F.);
#2868 = EDGE_LOOP('',(#2869,#2870,#2871,#2879,#2887,#2895,#2903,#2909));
#2869 = ORIENTED_EDGE('',*,*,#2201,.T.);
#2870 = ORIENTED_EDGE('',*,*,#2263,.T.);
#2871 = ORIENTED_EDGE('',*,*,#2872,.T.);
#2872 = EDGE_CURVE('',#2264,#2873,#2875,.T.);
#2873 = VERTEX_POINT('',#2874);
#2874 = CARTESIAN_POINT('',(75.271988,-145.75,1.6));
#2875 = LINE('',#2876,#2877);
#2876 = CARTESIAN_POINT('',(133.671988,-145.75,1.6));
#2877 = VECTOR('',#2878,1.);
#2878 = DIRECTION('',(-1.,0.,0.));
#2879 = ORIENTED_EDGE('',*,*,#2880,.T.);
#2880 = EDGE_CURVE('',#2873,#2881,#2883,.T.);
#2881 = VERTEX_POINT('',#2882);
#2882 = CARTESIAN_POINT('',(75.271988,-140.5,1.6));
#2883 = LINE('',#2884,#2885);
#2884 = CARTESIAN_POINT('',(75.271988,-145.75,1.6));
#2885 = VECTOR('',#2886,1.);
#2886 = DIRECTION('',(0.,1.,0.));
#2887 = ORIENTED_EDGE('',*,*,#2888,.T.);
#2888 = EDGE_CURVE('',#2881,#2889,#2891,.T.);
#2889 = VERTEX_POINT('',#2890);
#2890 = CARTESIAN_POINT('',(67.5,-140.5,1.6));
#2891 = LINE('',#2892,#2893);
#2892 = CARTESIAN_POINT('',(75.271988,-140.5,1.6));
#2893 = VECTOR('',#2894,1.);
#2894 = DIRECTION('',(-1.,0.,0.));
#2895 = ORIENTED_EDGE('',*,*,#2896,.T.);
#2896 = EDGE_CURVE('',#2889,#2897,#2899,.T.);
#2897 = VERTEX_POINT('',#2898);
#2898 = CARTESIAN_POINT('',(67.5,-104.5,1.6));
#2899 = LINE('',#2900,#2901);
#2900 = CARTESIAN_POINT('',(67.5,-140.5,1.6));
#2901 = VECTOR('',#2902,1.);
#2902 = DIRECTION('',(0.,1.,0.));
#2903 = ORIENTED_EDGE('',*,*,#2904,.T.);
#2904 = EDGE_CURVE('',#2897,#2234,#2905,.T.);
#2905 = LINE('',#2906,#2907);
#2906 = CARTESIAN_POINT('',(67.5,-104.5,1.6));
#2907 = VECTOR('',#2908,1.);
#2908 = DIRECTION('',(1.,0.,0.));
#2909 = ORIENTED_EDGE('',*,*,#2241,.T.);
#2910 = FACE_BOUND('',#2911,.F.);
#2911 = EDGE_LOOP('',(#2912));
#2912 = ORIENTED_EDGE('',*,*,#2913,.T.);
#2913 = EDGE_CURVE('',#2914,#2914,#2916,.T.);
#2914 = VERTEX_POINT('',#2915);
#2915 = CARTESIAN_POINT('',(138.19,-138.33797,1.6));
#2916 = CIRCLE('',#2917,1.6);
#2917 = AXIS2_PLACEMENT_3D('',#2918,#2919,#2920);
#2918 = CARTESIAN_POINT('',(136.59,-138.33797,1.6));
#2919 = DIRECTION('',(0.,0.,1.));
#2920 = DIRECTION('',(1.,0.,-0.));
#2921 = FACE_BOUND('',#2922,.F.);
#2922 = EDGE_LOOP('',(#2923));
#2923 = ORIENTED_EDGE('',*,*,#2924,.F.);
#2924 = EDGE_CURVE('',#2925,#2925,#2927,.T.);
#2925 = VERTEX_POINT('',#2926);
#2926 = CARTESIAN_POINT('',(127.7,-136.906,1.6));
#2927 = CIRCLE('',#2928,0.381);
#2928 = AXIS2_PLACEMENT_3D('',#2929,#2930,#2931);
#2929 = CARTESIAN_POINT('',(127.7,-136.525,1.6));
#2930 = DIRECTION('',(-0.,0.,-1.));
#2931 = DIRECTION('',(3.72988312735E-14,-1.,-0.));
#2932 = FACE_BOUND('',#2933,.F.);
#2933 = EDGE_LOOP('',(#2934));
#2934 = ORIENTED_EDGE('',*,*,#2935,.F.);
#2935 = EDGE_CURVE('',#2936,#2936,#2938,.T.);
#2936 = VERTEX_POINT('',#2937);
#2937 = CARTESIAN_POINT('',(130.275,-135.906,1.6));
#2938 = CIRCLE('',#2939,0.381);
#2939 = AXIS2_PLACEMENT_3D('',#2940,#2941,#2942);
#2940 = CARTESIAN_POINT('',(130.275,-135.525,1.6));
#2941 = DIRECTION('',(-0.,0.,-1.));
#2942 = DIRECTION('',(-0.,-1.,0.));
#2943 = FACE_BOUND('',#2944,.F.);
#2944 = EDGE_LOOP('',(#2945));
#2945 = ORIENTED_EDGE('',*,*,#2946,.F.);
#2946 = EDGE_CURVE('',#2947,#2947,#2949,.T.);
#2947 = VERTEX_POINT('',#2948);
#2948 = CARTESIAN_POINT('',(127.75,-134.631,1.6));
#2949 = CIRCLE('',#2950,0.381);
#2950 = AXIS2_PLACEMENT_3D('',#2951,#2952,#2953);
#2951 = CARTESIAN_POINT('',(127.75,-134.25,1.6));
#2952 = DIRECTION('',(-0.,0.,-1.));
#2953 = DIRECTION('',(-0.,-1.,0.));
#2954 = FACE_BOUND('',#2955,.F.);
#2955 = EDGE_LOOP('',(#2956));
#2956 = ORIENTED_EDGE('',*,*,#2957,.F.);
#2957 = EDGE_CURVE('',#2958,#2958,#2960,.T.);
#2958 = VERTEX_POINT('',#2959);
#2959 = CARTESIAN_POINT('',(130.2,-133.631,1.6));
#2960 = CIRCLE('',#2961,0.381);
#2961 = AXIS2_PLACEMENT_3D('',#2962,#2963,#2964);
#2962 = CARTESIAN_POINT('',(130.2,-133.25,1.6));
#2963 = DIRECTION('',(-0.,0.,-1.));
#2964 = DIRECTION('',(-0.,-1.,0.));
#2965 = FACE_BOUND('',#2966,.F.);
#2966 = EDGE_LOOP('',(#2967));
#2967 = ORIENTED_EDGE('',*,*,#2968,.F.);
#2968 = EDGE_CURVE('',#2969,#2969,#2971,.T.);
#2969 = VERTEX_POINT('',#2970);
#2970 = CARTESIAN_POINT('',(127.7,-132.356,1.6));
#2971 = CIRCLE('',#2972,0.381);
#2972 = AXIS2_PLACEMENT_3D('',#2973,#2974,#2975);
#2973 = CARTESIAN_POINT('',(127.7,-131.975,1.6));
#2974 = DIRECTION('',(-0.,0.,-1.));
#2975 = DIRECTION('',(3.72988312735E-14,-1.,-0.));
#2976 = FACE_BOUND('',#2977,.F.);
#2977 = EDGE_LOOP('',(#2978));
#2978 = ORIENTED_EDGE('',*,*,#2979,.F.);
#2979 = EDGE_CURVE('',#2980,#2980,#2982,.T.);
#2980 = VERTEX_POINT('',#2981);
#2981 = CARTESIAN_POINT('',(118.5,-138.6,1.6));
#2982 = CIRCLE('',#2983,1.1);
#2983 = AXIS2_PLACEMENT_3D('',#2984,#2985,#2986);
#2984 = CARTESIAN_POINT('',(118.5,-137.5,1.6));
#2985 = DIRECTION('',(-0.,0.,-1.));
#2986 = DIRECTION('',(-0.,-1.,0.));
#2987 = FACE_BOUND('',#2988,.F.);
#2988 = EDGE_LOOP('',(#2989));
#2989 = ORIENTED_EDGE('',*,*,#2990,.F.);
#2990 = EDGE_CURVE('',#2991,#2991,#2993,.T.);
#2991 = VERTEX_POINT('',#2992);
#2992 = CARTESIAN_POINT('',(130.275,-131.381,1.6));
#2993 = CIRCLE('',#2994,0.381);
#2994 = AXIS2_PLACEMENT_3D('',#2995,#2996,#2997);
#2995 = CARTESIAN_POINT('',(130.275,-131.,1.6));
#2996 = DIRECTION('',(-0.,0.,-1.));
#2997 = DIRECTION('',(-0.,-1.,0.));
#2998 = FACE_BOUND('',#2999,.F.);
#2999 = EDGE_LOOP('',(#3000));
#3000 = ORIENTED_EDGE('',*,*,#3001,.F.);
#3001 = EDGE_CURVE('',#3002,#3002,#3004,.T.);
#3002 = VERTEX_POINT('',#3003);
#3003 = CARTESIAN_POINT('',(127.75,-130.131,1.6));
#3004 = CIRCLE('',#3005,0.381);
#3005 = AXIS2_PLACEMENT_3D('',#3006,#3007,#3008);
#3006 = CARTESIAN_POINT('',(127.75,-129.75,1.6));
#3007 = DIRECTION('',(-0.,0.,-1.));
#3008 = DIRECTION('',(-0.,-1.,0.));
#3009 = FACE_BOUND('',#3010,.F.);
#3010 = EDGE_LOOP('',(#3011));
#3011 = ORIENTED_EDGE('',*,*,#3012,.F.);
#3012 = EDGE_CURVE('',#3013,#3013,#3015,.T.);
#3013 = VERTEX_POINT('',#3014);
#3014 = CARTESIAN_POINT('',(130.25,-129.131,1.6));
#3015 = CIRCLE('',#3016,0.381);
#3016 = AXIS2_PLACEMENT_3D('',#3017,#3018,#3019);
#3017 = CARTESIAN_POINT('',(130.25,-128.75,1.6));
#3018 = DIRECTION('',(-0.,0.,-1.));
#3019 = DIRECTION('',(-0.,-1.,0.));
#3020 = FACE_BOUND('',#3021,.F.);
#3021 = EDGE_LOOP('',(#3022));
#3022 = ORIENTED_EDGE('',*,*,#3023,.T.);
#3023 = EDGE_CURVE('',#3024,#3024,#3026,.T.);
#3024 = VERTEX_POINT('',#3025);
#3025 = CARTESIAN_POINT('',(138.19,-126.90797,1.6));
#3026 = CIRCLE('',#3027,1.6);
#3027 = AXIS2_PLACEMENT_3D('',#3028,#3029,#3030);
#3028 = CARTESIAN_POINT('',(136.59,-126.90797,1.6));
#3029 = DIRECTION('',(0.,0.,1.));
#3030 = DIRECTION('',(1.,0.,-0.));
#3031 = FACE_BOUND('',#3032,.F.);
#3032 = EDGE_LOOP('',(#3033));
#3033 = ORIENTED_EDGE('',*,*,#3034,.F.);
#3034 = EDGE_CURVE('',#3035,#3035,#3037,.T.);
#3035 = VERTEX_POINT('',#3036);
#3036 = CARTESIAN_POINT('',(100.5,-139.85,1.6));
#3037 = CIRCLE('',#3038,0.25);
#3038 = AXIS2_PLACEMENT_3D('',#3039,#3040,#3041);
#3039 = CARTESIAN_POINT('',(100.5,-139.6,1.6));
#3040 = DIRECTION('',(-0.,0.,-1.));
#3041 = DIRECTION('',(-0.,-1.,0.));
#3042 = FACE_BOUND('',#3043,.F.);
#3043 = EDGE_LOOP('',(#3044));
#3044 = ORIENTED_EDGE('',*,*,#3045,.F.);
#3045 = EDGE_CURVE('',#3046,#3046,#3048,.T.);
#3046 = VERTEX_POINT('',#3047);
#3047 = CARTESIAN_POINT('',(98.2,-140.05,1.6));
#3048 = CIRCLE('',#3049,0.25);
#3049 = AXIS2_PLACEMENT_3D('',#3050,#3051,#3052);
#3050 = CARTESIAN_POINT('',(98.2,-139.8,1.6));
#3051 = DIRECTION('',(-0.,0.,-1.));
#3052 = DIRECTION('',(-0.,-1.,0.));
#3053 = FACE_BOUND('',#3054,.F.);
#3054 = EDGE_LOOP('',(#3055));
#3055 = ORIENTED_EDGE('',*,*,#3056,.F.);
#3056 = EDGE_CURVE('',#3057,#3057,#3059,.T.);
#3057 = VERTEX_POINT('',#3058);
#3058 = CARTESIAN_POINT('',(95.8,-139.95,1.6));
#3059 = CIRCLE('',#3060,0.25);
#3060 = AXIS2_PLACEMENT_3D('',#3061,#3062,#3063);
#3061 = CARTESIAN_POINT('',(95.8,-139.7,1.6));
#3062 = DIRECTION('',(-0.,0.,-1.));
#3063 = DIRECTION('',(-0.,-1.,0.));
#3064 = FACE_BOUND('',#3065,.F.);
#3065 = EDGE_LOOP('',(#3066));
#3066 = ORIENTED_EDGE('',*,*,#3067,.F.);
#3067 = EDGE_CURVE('',#3068,#3068,#3070,.T.);
#3068 = VERTEX_POINT('',#3069);
#3069 = CARTESIAN_POINT('',(90.5,-138.6,1.6));
#3070 = CIRCLE('',#3071,1.1);
#3071 = AXIS2_PLACEMENT_3D('',#3072,#3073,#3074);
#3072 = CARTESIAN_POINT('',(90.5,-137.5,1.6));
#3073 = DIRECTION('',(-0.,0.,-1.));
#3074 = DIRECTION('',(-0.,-1.,0.));
#3075 = FACE_BOUND('',#3076,.F.);
#3076 = EDGE_LOOP('',(#3077));
#3077 = ORIENTED_EDGE('',*,*,#3078,.F.);
#3078 = EDGE_CURVE('',#3079,#3079,#3081,.T.);
#3079 = VERTEX_POINT('',#3080);
#3080 = CARTESIAN_POINT('',(78.7,-136.906,1.6));
#3081 = CIRCLE('',#3082,0.381);
#3082 = AXIS2_PLACEMENT_3D('',#3083,#3084,#3085);
#3083 = CARTESIAN_POINT('',(78.7,-136.525,1.6));
#3084 = DIRECTION('',(-0.,0.,-1.));
#3085 = DIRECTION('',(-0.,-1.,0.));
#3086 = FACE_BOUND('',#3087,.F.);
#3087 = EDGE_LOOP('',(#3088));
#3088 = ORIENTED_EDGE('',*,*,#3089,.T.);
#3089 = EDGE_CURVE('',#3090,#3090,#3092,.T.);
#3090 = VERTEX_POINT('',#3091);
#3091 = CARTESIAN_POINT('',(73.96,-138.36703,1.6));
#3092 = CIRCLE('',#3093,1.6);
#3093 = AXIS2_PLACEMENT_3D('',#3094,#3095,#3096);
#3094 = CARTESIAN_POINT('',(72.36,-138.36703,1.6));
#3095 = DIRECTION('',(0.,0.,1.));
#3096 = DIRECTION('',(1.,0.,-0.));
#3097 = FACE_BOUND('',#3098,.F.);
#3098 = EDGE_LOOP('',(#3099));
#3099 = ORIENTED_EDGE('',*,*,#3100,.F.);
#3100 = EDGE_CURVE('',#3101,#3101,#3103,.T.);
#3101 = VERTEX_POINT('',#3102);
#3102 = CARTESIAN_POINT('',(81.2,-135.906,1.6));
#3103 = CIRCLE('',#3104,0.381);
#3104 = AXIS2_PLACEMENT_3D('',#3105,#3106,#3107);
#3105 = CARTESIAN_POINT('',(81.2,-135.525,1.6));
#3106 = DIRECTION('',(-0.,0.,-1.));
#3107 = DIRECTION('',(-0.,-1.,0.));
#3108 = FACE_BOUND('',#3109,.F.);
#3109 = EDGE_LOOP('',(#3110));
#3110 = ORIENTED_EDGE('',*,*,#3111,.F.);
#3111 = EDGE_CURVE('',#3112,#3112,#3114,.T.);
#3112 = VERTEX_POINT('',#3113);
#3113 = CARTESIAN_POINT('',(78.675,-134.656,1.6));
#3114 = CIRCLE('',#3115,0.381);
#3115 = AXIS2_PLACEMENT_3D('',#3116,#3117,#3118);
#3116 = CARTESIAN_POINT('',(78.675,-134.275,1.6));
#3117 = DIRECTION('',(-0.,0.,-1.));
#3118 = DIRECTION('',(-0.,-1.,0.));
#3119 = FACE_BOUND('',#3120,.F.);
#3120 = EDGE_LOOP('',(#3121));
#3121 = ORIENTED_EDGE('',*,*,#3122,.F.);
#3122 = EDGE_CURVE('',#3123,#3123,#3125,.T.);
#3123 = VERTEX_POINT('',#3124);
#3124 = CARTESIAN_POINT('',(81.25,-133.681,1.6));
#3125 = CIRCLE('',#3126,0.381);
#3126 = AXIS2_PLACEMENT_3D('',#3127,#3128,#3129);
#3127 = CARTESIAN_POINT('',(81.25,-133.3,1.6));
#3128 = DIRECTION('',(-0.,0.,-1.));
#3129 = DIRECTION('',(-0.,-1.,0.));
#3130 = FACE_BOUND('',#3131,.F.);
#3131 = EDGE_LOOP('',(#3132));
#3132 = ORIENTED_EDGE('',*,*,#3133,.F.);
#3133 = EDGE_CURVE('',#3134,#3134,#3136,.T.);
#3134 = VERTEX_POINT('',#3135);
#3135 = CARTESIAN_POINT('',(78.75,-132.406,1.6));
#3136 = CIRCLE('',#3137,0.381);
#3137 = AXIS2_PLACEMENT_3D('',#3138,#3139,#3140);
#3138 = CARTESIAN_POINT('',(78.75,-132.025,1.6));
#3139 = DIRECTION('',(-0.,0.,-1.));
#3140 = DIRECTION('',(-0.,-1.,0.));
#3141 = FACE_BOUND('',#3142,.F.);
#3142 = EDGE_LOOP('',(#3143,#3153,#3161,#3169,#3177,#3185,#3193,#3201,
    #3209,#3217,#3225,#3233,#3241,#3249,#3257,#3265,#3273,#3281,#3289));
#3143 = ORIENTED_EDGE('',*,*,#3144,.F.);
#3144 = EDGE_CURVE('',#3145,#3147,#3149,.T.);
#3145 = VERTEX_POINT('',#3146);
#3146 = CARTESIAN_POINT('',(114.485379,-110.897256,1.6));
#3147 = VERTEX_POINT('',#3148);
#3148 = CARTESIAN_POINT('',(116.238482,-110.897256,1.6));
#3149 = LINE('',#3150,#3151);
#3150 = CARTESIAN_POINT('',(114.485379,-110.897256,1.6));
#3151 = VECTOR('',#3152,1.);
#3152 = DIRECTION('',(1.,0.,0.));
#3153 = ORIENTED_EDGE('',*,*,#3154,.F.);
#3154 = EDGE_CURVE('',#3155,#3145,#3157,.T.);
#3155 = VERTEX_POINT('',#3156);
#3156 = CARTESIAN_POINT('',(114.485379,-108.493,1.6));
#3157 = LINE('',#3158,#3159);
#3158 = CARTESIAN_POINT('',(114.485379,-108.493,1.6));
#3159 = VECTOR('',#3160,1.);
#3160 = DIRECTION('',(0.,-1.,0.));
#3161 = ORIENTED_EDGE('',*,*,#3162,.F.);
#3162 = EDGE_CURVE('',#3163,#3155,#3165,.T.);
#3163 = VERTEX_POINT('',#3164);
#3164 = CARTESIAN_POINT('',(94.5,-108.493,1.6));
#3165 = LINE('',#3166,#3167);
#3166 = CARTESIAN_POINT('',(94.5,-108.493,1.6));
#3167 = VECTOR('',#3168,1.);
#3168 = DIRECTION('',(1.,0.,0.));
#3169 = ORIENTED_EDGE('',*,*,#3170,.F.);
#3170 = EDGE_CURVE('',#3171,#3163,#3173,.T.);
#3171 = VERTEX_POINT('',#3172);
#3172 = CARTESIAN_POINT('',(94.5,-110.897256,1.6));
#3173 = LINE('',#3174,#3175);
#3174 = CARTESIAN_POINT('',(94.5,-110.897256,1.6));
#3175 = VECTOR('',#3176,1.);
#3176 = DIRECTION('',(0.,1.,0.));
#3177 = ORIENTED_EDGE('',*,*,#3178,.F.);
#3178 = EDGE_CURVE('',#3179,#3171,#3181,.T.);
#3179 = VERTEX_POINT('',#3180);
#3180 = CARTESIAN_POINT('',(92.646719,-110.897256,1.6));
#3181 = LINE('',#3182,#3183);
#3182 = CARTESIAN_POINT('',(92.646719,-110.897256,1.6));
#3183 = VECTOR('',#3184,1.);
#3184 = DIRECTION('',(1.,0.,0.));
#3185 = ORIENTED_EDGE('',*,*,#3186,.F.);
#3186 = EDGE_CURVE('',#3187,#3179,#3189,.T.);
#3187 = VERTEX_POINT('',#3188);
#3188 = CARTESIAN_POINT('',(92.646719,-112.500094,1.6));
#3189 = LINE('',#3190,#3191);
#3190 = CARTESIAN_POINT('',(92.646719,-112.500094,1.6));
#3191 = VECTOR('',#3192,1.);
#3192 = DIRECTION('',(0.,1.,0.));
#3193 = ORIENTED_EDGE('',*,*,#3194,.F.);
#3194 = EDGE_CURVE('',#3195,#3187,#3197,.T.);
#3195 = VERTEX_POINT('',#3196);
#3196 = CARTESIAN_POINT('',(91.013094,-112.500094,1.6));
#3197 = LINE('',#3198,#3199);
#3198 = CARTESIAN_POINT('',(91.013094,-112.500094,1.6));
#3199 = VECTOR('',#3200,1.);
#3200 = DIRECTION('',(1.,0.,0.));
#3201 = ORIENTED_EDGE('',*,*,#3202,.F.);
#3202 = EDGE_CURVE('',#3203,#3195,#3205,.T.);
#3203 = VERTEX_POINT('',#3204);
#3204 = CARTESIAN_POINT('',(91.013094,-120.985231,1.6));
#3205 = LINE('',#3206,#3207);
#3206 = CARTESIAN_POINT('',(91.013094,-120.985231,1.6));
#3207 = VECTOR('',#3208,1.);
#3208 = DIRECTION('',(0.,1.,0.));
#3209 = ORIENTED_EDGE('',*,*,#3210,.F.);
#3210 = EDGE_CURVE('',#3211,#3203,#3213,.T.);
#3211 = VERTEX_POINT('',#3212);
#3212 = CARTESIAN_POINT('',(88.521988,-121.,1.6));
#3213 = LINE('',#3214,#3215);
#3214 = CARTESIAN_POINT('',(88.521988,-121.,1.6));
#3215 = VECTOR('',#3216,1.);
#3216 = DIRECTION('',(0.999982425769,5.928587722156E-03,0.));
#3217 = ORIENTED_EDGE('',*,*,#3218,.F.);
#3218 = EDGE_CURVE('',#3219,#3211,#3221,.T.);
#3219 = VERTEX_POINT('',#3220);
#3220 = CARTESIAN_POINT('',(88.521988,-128.285812,1.6));
#3221 = LINE('',#3222,#3223);
#3222 = CARTESIAN_POINT('',(88.521988,-128.285812,1.6));
#3223 = VECTOR('',#3224,1.);
#3224 = DIRECTION('',(0.,1.,0.));
#3225 = ORIENTED_EDGE('',*,*,#3226,.F.);
#3226 = EDGE_CURVE('',#3227,#3219,#3229,.T.);
#3227 = VERTEX_POINT('',#3228);
#3228 = CARTESIAN_POINT('',(88.539006,-135.25,1.6));
#3229 = LINE('',#3230,#3231);
#3230 = CARTESIAN_POINT('',(88.539006,-135.25,1.6));
#3231 = VECTOR('',#3232,1.);
#3232 = DIRECTION('',(-2.443637246669E-03,0.999997014314,0.));
#3233 = ORIENTED_EDGE('',*,*,#3234,.F.);
#3234 = EDGE_CURVE('',#3235,#3227,#3237,.T.);
#3235 = VERTEX_POINT('',#3236);
#3236 = CARTESIAN_POINT('',(92.75,-135.25,1.6));
#3237 = LINE('',#3238,#3239);
#3238 = CARTESIAN_POINT('',(92.75,-135.25,1.6));
#3239 = VECTOR('',#3240,1.);
#3240 = DIRECTION('',(-1.,0.,0.));
#3241 = ORIENTED_EDGE('',*,*,#3242,.F.);
#3242 = EDGE_CURVE('',#3243,#3235,#3245,.T.);
#3243 = VERTEX_POINT('',#3244);
#3244 = CARTESIAN_POINT('',(92.75,-138.5,1.6));
#3245 = LINE('',#3246,#3247);
#3246 = CARTESIAN_POINT('',(92.75,-138.5,1.6));
#3247 = VECTOR('',#3248,1.);
#3248 = DIRECTION('',(0.,1.,0.));
#3249 = ORIENTED_EDGE('',*,*,#3250,.F.);
#3250 = EDGE_CURVE('',#3251,#3243,#3253,.T.);
#3251 = VERTEX_POINT('',#3252);
#3252 = CARTESIAN_POINT('',(116.5,-138.5,1.6));
#3253 = LINE('',#3254,#3255);
#3254 = CARTESIAN_POINT('',(116.5,-138.5,1.6));
#3255 = VECTOR('',#3256,1.);
#3256 = DIRECTION('',(-1.,0.,0.));
#3257 = ORIENTED_EDGE('',*,*,#3258,.F.);
#3258 = EDGE_CURVE('',#3259,#3251,#3261,.T.);
#3259 = VERTEX_POINT('',#3260);
#3260 = CARTESIAN_POINT('',(116.5,-135.25,1.6));
#3261 = LINE('',#3262,#3263);
#3262 = CARTESIAN_POINT('',(116.5,-135.25,1.6));
#3263 = VECTOR('',#3264,1.);
#3264 = DIRECTION('',(0.,-1.,0.));
#3265 = ORIENTED_EDGE('',*,*,#3266,.F.);
#3266 = EDGE_CURVE('',#3267,#3259,#3269,.T.);
#3267 = VERTEX_POINT('',#3268);
#3268 = CARTESIAN_POINT('',(120.421988,-135.25,1.6));
#3269 = LINE('',#3270,#3271);
#3270 = CARTESIAN_POINT('',(120.421988,-135.25,1.6));
#3271 = VECTOR('',#3272,1.);
#3272 = DIRECTION('',(-1.,0.,0.));
#3273 = ORIENTED_EDGE('',*,*,#3274,.F.);
#3274 = EDGE_CURVE('',#3275,#3267,#3277,.T.);
#3275 = VERTEX_POINT('',#3276);
#3276 = CARTESIAN_POINT('',(120.421988,-112.500094,1.6));
#3277 = LINE('',#3278,#3279);
#3278 = CARTESIAN_POINT('',(120.421988,-112.500094,1.6));
#3279 = VECTOR('',#3280,1.);
#3280 = DIRECTION('',(0.,-1.,0.));
#3281 = ORIENTED_EDGE('',*,*,#3282,.F.);
#3282 = EDGE_CURVE('',#3283,#3275,#3285,.T.);
#3283 = VERTEX_POINT('',#3284);
#3284 = CARTESIAN_POINT('',(116.238482,-112.500094,1.6));
#3285 = LINE('',#3286,#3287);
#3286 = CARTESIAN_POINT('',(116.238482,-112.500094,1.6));
#3287 = VECTOR('',#3288,1.);
#3288 = DIRECTION('',(1.,0.,0.));
#3289 = ORIENTED_EDGE('',*,*,#3290,.F.);
#3290 = EDGE_CURVE('',#3147,#3283,#3291,.T.);
#3291 = LINE('',#3292,#3293);
#3292 = CARTESIAN_POINT('',(116.238482,-110.897256,1.6));
#3293 = VECTOR('',#3294,1.);
#3294 = DIRECTION('',(0.,-1.,0.));
#3295 = FACE_BOUND('',#3296,.F.);
#3296 = EDGE_LOOP('',(#3297));
#3297 = ORIENTED_EDGE('',*,*,#3298,.F.);
#3298 = EDGE_CURVE('',#3299,#3299,#3301,.T.);
#3299 = VERTEX_POINT('',#3300);
#3300 = CARTESIAN_POINT('',(81.2,-131.406,1.6));
#3301 = CIRCLE('',#3302,0.381);
#3302 = AXIS2_PLACEMENT_3D('',#3303,#3304,#3305);
#3303 = CARTESIAN_POINT('',(81.2,-131.025,1.6));
#3304 = DIRECTION('',(-0.,0.,-1.));
#3305 = DIRECTION('',(-0.,-1.,0.));
#3306 = FACE_BOUND('',#3307,.F.);
#3307 = EDGE_LOOP('',(#3308));
#3308 = ORIENTED_EDGE('',*,*,#3309,.F.);
#3309 = EDGE_CURVE('',#3310,#3310,#3312,.T.);
#3310 = VERTEX_POINT('',#3311);
#3311 = CARTESIAN_POINT('',(78.675,-130.131,1.6));
#3312 = CIRCLE('',#3313,0.381);
#3313 = AXIS2_PLACEMENT_3D('',#3314,#3315,#3316);
#3314 = CARTESIAN_POINT('',(78.675,-129.75,1.6));
#3315 = DIRECTION('',(-0.,0.,-1.));
#3316 = DIRECTION('',(-0.,-1.,0.));
#3317 = FACE_BOUND('',#3318,.F.);
#3318 = EDGE_LOOP('',(#3319));
#3319 = ORIENTED_EDGE('',*,*,#3320,.F.);
#3320 = EDGE_CURVE('',#3321,#3321,#3323,.T.);
#3321 = VERTEX_POINT('',#3322);
#3322 = CARTESIAN_POINT('',(81.25,-129.131,1.6));
#3323 = CIRCLE('',#3324,0.381);
#3324 = AXIS2_PLACEMENT_3D('',#3325,#3326,#3327);
#3325 = CARTESIAN_POINT('',(81.25,-128.75,1.6));
#3326 = DIRECTION('',(-0.,0.,-1.));
#3327 = DIRECTION('',(-0.,-1.,0.));
#3328 = FACE_BOUND('',#3329,.F.);
#3329 = EDGE_LOOP('',(#3330));
#3330 = ORIENTED_EDGE('',*,*,#3331,.T.);
#3331 = EDGE_CURVE('',#3332,#3332,#3334,.T.);
#3332 = VERTEX_POINT('',#3333);
#3333 = CARTESIAN_POINT('',(73.96,-126.93703,1.6));
#3334 = CIRCLE('',#3335,1.6);
#3335 = AXIS2_PLACEMENT_3D('',#3336,#3337,#3338);
#3336 = CARTESIAN_POINT('',(72.36,-126.93703,1.6));
#3337 = DIRECTION('',(0.,0.,1.));
#3338 = DIRECTION('',(1.,0.,-0.));
#3339 = FACE_BOUND('',#3340,.F.);
#3340 = EDGE_LOOP('',(#3341));
#3341 = ORIENTED_EDGE('',*,*,#3342,.F.);
#3342 = EDGE_CURVE('',#3343,#3343,#3345,.T.);
#3343 = VERTEX_POINT('',#3344);
#3344 = CARTESIAN_POINT('',(138.25,-108.5,1.6));
#3345 = CIRCLE('',#3346,1.);
#3346 = AXIS2_PLACEMENT_3D('',#3347,#3348,#3349);
#3347 = CARTESIAN_POINT('',(138.25,-107.5,1.6));
#3348 = DIRECTION('',(-0.,0.,-1.));
#3349 = DIRECTION('',(-0.,-1.,0.));
#3350 = FACE_BOUND('',#3351,.F.);
#3351 = EDGE_LOOP('',(#3352));
#3352 = ORIENTED_EDGE('',*,*,#3353,.F.);
#3353 = EDGE_CURVE('',#3354,#3354,#3356,.T.);
#3354 = VERTEX_POINT('',#3355);
#3355 = CARTESIAN_POINT('',(124.75,-108.5,1.6));
#3356 = CIRCLE('',#3357,1.);
#3357 = AXIS2_PLACEMENT_3D('',#3358,#3359,#3360);
#3358 = CARTESIAN_POINT('',(124.75,-107.5,1.6));
#3359 = DIRECTION('',(-0.,0.,-1.));
#3360 = DIRECTION('',(-0.,-1.,0.));
#3361 = FACE_BOUND('',#3362,.F.);
#3362 = EDGE_LOOP('',(#3363));
#3363 = ORIENTED_EDGE('',*,*,#3364,.F.);
#3364 = EDGE_CURVE('',#3365,#3365,#3367,.T.);
#3365 = VERTEX_POINT('',#3366);
#3366 = CARTESIAN_POINT('',(118.5,-110.6,1.6));
#3367 = CIRCLE('',#3368,1.1);
#3368 = AXIS2_PLACEMENT_3D('',#3369,#3370,#3371);
#3369 = CARTESIAN_POINT('',(118.5,-109.5,1.6));
#3370 = DIRECTION('',(-0.,0.,-1.));
#3371 = DIRECTION('',(-0.,-1.,0.));
#3372 = FACE_BOUND('',#3373,.F.);
#3373 = EDGE_LOOP('',(#3374));
#3374 = ORIENTED_EDGE('',*,*,#3375,.F.);
#3375 = EDGE_CURVE('',#3376,#3376,#3378,.T.);
#3376 = VERTEX_POINT('',#3377);
#3377 = CARTESIAN_POINT('',(89.5,-119.,1.6));
#3378 = CIRCLE('',#3379,0.25);
#3379 = AXIS2_PLACEMENT_3D('',#3380,#3381,#3382);
#3380 = CARTESIAN_POINT('',(89.5,-118.75,1.6));
#3381 = DIRECTION('',(-0.,0.,-1.));
#3382 = DIRECTION('',(-0.,-1.,0.));
#3383 = FACE_BOUND('',#3384,.F.);
#3384 = EDGE_LOOP('',(#3385));
#3385 = ORIENTED_EDGE('',*,*,#3386,.F.);
#3386 = EDGE_CURVE('',#3387,#3387,#3389,.T.);
#3387 = VERTEX_POINT('',#3388);
#3388 = CARTESIAN_POINT('',(89.5,-118.,1.6));
#3389 = CIRCLE('',#3390,0.25);
#3390 = AXIS2_PLACEMENT_3D('',#3391,#3392,#3393);
#3391 = CARTESIAN_POINT('',(89.5,-117.75,1.6));
#3392 = DIRECTION('',(-0.,0.,-1.));
#3393 = DIRECTION('',(-0.,-1.,0.));
#3394 = FACE_BOUND('',#3395,.F.);
#3395 = EDGE_LOOP('',(#3396));
#3396 = ORIENTED_EDGE('',*,*,#3397,.F.);
#3397 = EDGE_CURVE('',#3398,#3398,#3400,.T.);
#3398 = VERTEX_POINT('',#3399);
#3399 = CARTESIAN_POINT('',(89.5,-117.,1.6));
#3400 = CIRCLE('',#3401,0.25);
#3401 = AXIS2_PLACEMENT_3D('',#3402,#3403,#3404);
#3402 = CARTESIAN_POINT('',(89.5,-116.75,1.6));
#3403 = DIRECTION('',(-0.,0.,-1.));
#3404 = DIRECTION('',(-0.,-1.,0.));
#3405 = FACE_BOUND('',#3406,.F.);
#3406 = EDGE_LOOP('',(#3407));
#3407 = ORIENTED_EDGE('',*,*,#3408,.F.);
#3408 = EDGE_CURVE('',#3409,#3409,#3411,.T.);
#3409 = VERTEX_POINT('',#3410);
#3410 = CARTESIAN_POINT('',(90.5,-110.6,1.6));
#3411 = CIRCLE('',#3412,1.1);
#3412 = AXIS2_PLACEMENT_3D('',#3413,#3414,#3415);
#3413 = CARTESIAN_POINT('',(90.5,-109.5,1.6));
#3414 = DIRECTION('',(-0.,0.,-1.));
#3415 = DIRECTION('',(-0.,-1.,0.));
#3416 = FACE_BOUND('',#3417,.F.);
#3417 = EDGE_LOOP('',(#3418));
#3418 = ORIENTED_EDGE('',*,*,#3419,.F.);
#3419 = EDGE_CURVE('',#3420,#3420,#3422,.T.);
#3420 = VERTEX_POINT('',#3421);
#3421 = CARTESIAN_POINT('',(84.25,-108.5,1.6));
#3422 = CIRCLE('',#3423,1.);
#3423 = AXIS2_PLACEMENT_3D('',#3424,#3425,#3426);
#3424 = CARTESIAN_POINT('',(84.25,-107.5,1.6));
#3425 = DIRECTION('',(-0.,0.,-1.));
#3426 = DIRECTION('',(-0.,-1.,0.));
#3427 = FACE_BOUND('',#3428,.F.);
#3428 = EDGE_LOOP('',(#3429));
#3429 = ORIENTED_EDGE('',*,*,#3430,.F.);
#3430 = EDGE_CURVE('',#3431,#3431,#3433,.T.);
#3431 = VERTEX_POINT('',#3432);
#3432 = CARTESIAN_POINT('',(70.75,-108.5,1.6));
#3433 = CIRCLE('',#3434,1.);
#3434 = AXIS2_PLACEMENT_3D('',#3435,#3436,#3437);
#3435 = CARTESIAN_POINT('',(70.75,-107.5,1.6));
#3436 = DIRECTION('',(-0.,0.,-1.));
#3437 = DIRECTION('',(-0.,-1.,0.));
#3438 = PLANE('',#3439);
#3439 = AXIS2_PLACEMENT_3D('',#3440,#3441,#3442);
#3440 = CARTESIAN_POINT('',(104.49872396529,-124.7696854663,1.6));
#3441 = DIRECTION('',(-0.,-0.,-1.));
#3442 = DIRECTION('',(-1.,0.,0.));
#3443 = ADVANCED_FACE('',(#3444),#3455,.T.);
#3444 = FACE_BOUND('',#3445,.T.);
#3445 = EDGE_LOOP('',(#3446,#3452,#3453,#3454));
#3446 = ORIENTED_EDGE('',*,*,#3447,.T.);
#3447 = EDGE_CURVE('',#2320,#2897,#3448,.T.);
#3448 = LINE('',#3449,#3450);
#3449 = CARTESIAN_POINT('',(67.5,-104.5,0.));
#3450 = VECTOR('',#3451,1.);
#3451 = DIRECTION('',(0.,0.,1.));
#3452 = ORIENTED_EDGE('',*,*,#2904,.T.);
#3453 = ORIENTED_EDGE('',*,*,#2231,.F.);
#3454 = ORIENTED_EDGE('',*,*,#2327,.F.);
#3455 = PLANE('',#3456);
#3456 = AXIS2_PLACEMENT_3D('',#3457,#3458,#3459);
#3457 = CARTESIAN_POINT('',(67.5,-104.5,0.));
#3458 = DIRECTION('',(0.,1.,0.));
#3459 = DIRECTION('',(1.,0.,0.));
#3460 = ADVANCED_FACE('',(#3461),#3472,.T.);
#3461 = FACE_BOUND('',#3462,.T.);
#3462 = EDGE_LOOP('',(#3463,#3464,#3465,#3471));
#3463 = ORIENTED_EDGE('',*,*,#2271,.T.);
#3464 = ORIENTED_EDGE('',*,*,#2872,.T.);
#3465 = ORIENTED_EDGE('',*,*,#3466,.F.);
#3466 = EDGE_CURVE('',#2296,#2873,#3467,.T.);
#3467 = LINE('',#3468,#3469);
#3468 = CARTESIAN_POINT('',(75.271988,-145.75,0.));
#3469 = VECTOR('',#3470,1.);
#3470 = DIRECTION('',(0.,0.,1.));
#3471 = ORIENTED_EDGE('',*,*,#2295,.F.);
#3472 = PLANE('',#3473);
#3473 = AXIS2_PLACEMENT_3D('',#3474,#3475,#3476);
#3474 = CARTESIAN_POINT('',(133.671988,-145.75,0.));
#3475 = DIRECTION('',(0.,-1.,0.));
#3476 = DIRECTION('',(-1.,0.,0.));
#3477 = ADVANCED_FACE('',(#3478),#3489,.T.);
#3478 = FACE_BOUND('',#3479,.T.);
#3479 = EDGE_LOOP('',(#3480,#3486,#3487,#3488));
#3480 = ORIENTED_EDGE('',*,*,#3481,.T.);
#3481 = EDGE_CURVE('',#2312,#2889,#3482,.T.);
#3482 = LINE('',#3483,#3484);
#3483 = CARTESIAN_POINT('',(67.5,-140.5,0.));
#3484 = VECTOR('',#3485,1.);
#3485 = DIRECTION('',(0.,0.,1.));
#3486 = ORIENTED_EDGE('',*,*,#2896,.T.);
#3487 = ORIENTED_EDGE('',*,*,#3447,.F.);
#3488 = ORIENTED_EDGE('',*,*,#2319,.F.);
#3489 = PLANE('',#3490);
#3490 = AXIS2_PLACEMENT_3D('',#3491,#3492,#3493);
#3491 = CARTESIAN_POINT('',(67.5,-140.5,0.));
#3492 = DIRECTION('',(-1.,0.,0.));
#3493 = DIRECTION('',(0.,1.,0.));
#3494 = ADVANCED_FACE('',(#3495),#3506,.T.);
#3495 = FACE_BOUND('',#3496,.T.);
#3496 = EDGE_LOOP('',(#3497,#3498,#3499,#3505));
#3497 = ORIENTED_EDGE('',*,*,#3466,.T.);
#3498 = ORIENTED_EDGE('',*,*,#2880,.T.);
#3499 = ORIENTED_EDGE('',*,*,#3500,.F.);
#3500 = EDGE_CURVE('',#2304,#2881,#3501,.T.);
#3501 = LINE('',#3502,#3503);
#3502 = CARTESIAN_POINT('',(75.271988,-140.5,0.));
#3503 = VECTOR('',#3504,1.);
#3504 = DIRECTION('',(0.,0.,1.));
#3505 = ORIENTED_EDGE('',*,*,#2303,.F.);
#3506 = PLANE('',#3507);
#3507 = AXIS2_PLACEMENT_3D('',#3508,#3509,#3510);
#3508 = CARTESIAN_POINT('',(75.271988,-145.75,0.));
#3509 = DIRECTION('',(-1.,0.,0.));
#3510 = DIRECTION('',(0.,1.,0.));
#3511 = ADVANCED_FACE('',(#3512),#3518,.T.);
#3512 = FACE_BOUND('',#3513,.T.);
#3513 = EDGE_LOOP('',(#3514,#3515,#3516,#3517));
#3514 = ORIENTED_EDGE('',*,*,#3500,.T.);
#3515 = ORIENTED_EDGE('',*,*,#2888,.T.);
#3516 = ORIENTED_EDGE('',*,*,#3481,.F.);
#3517 = ORIENTED_EDGE('',*,*,#2311,.F.);
#3518 = PLANE('',#3519);
#3519 = AXIS2_PLACEMENT_3D('',#3520,#3521,#3522);
#3520 = CARTESIAN_POINT('',(75.271988,-140.5,0.));
#3521 = DIRECTION('',(0.,-1.,0.));
#3522 = DIRECTION('',(-1.,0.,0.));
#3523 = ADVANCED_FACE('',(#3524),#3535,.F.);
#3524 = FACE_BOUND('',#3525,.T.);
#3525 = EDGE_LOOP('',(#3526,#3532,#3533,#3534));
#3526 = ORIENTED_EDGE('',*,*,#3527,.T.);
#3527 = EDGE_CURVE('',#2337,#2914,#3528,.T.);
#3528 = LINE('',#3529,#3530);
#3529 = CARTESIAN_POINT('',(138.19,-138.33797,0.));
#3530 = VECTOR('',#3531,1.);
#3531 = DIRECTION('',(0.,0.,1.));
#3532 = ORIENTED_EDGE('',*,*,#2913,.T.);
#3533 = ORIENTED_EDGE('',*,*,#3527,.F.);
#3534 = ORIENTED_EDGE('',*,*,#2336,.F.);
#3535 = CYLINDRICAL_SURFACE('',#3536,1.6);
#3536 = AXIS2_PLACEMENT_3D('',#3537,#3538,#3539);
#3537 = CARTESIAN_POINT('',(136.59,-138.33797,0.));
#3538 = DIRECTION('',(-0.,-0.,-1.));
#3539 = DIRECTION('',(1.,0.,-0.));
#3540 = ADVANCED_FACE('',(#3541),#3552,.F.);
#3541 = FACE_BOUND('',#3542,.T.);
#3542 = EDGE_LOOP('',(#3543,#3544,#3550,#3551));
#3543 = ORIENTED_EDGE('',*,*,#2347,.T.);
#3544 = ORIENTED_EDGE('',*,*,#3545,.T.);
#3545 = EDGE_CURVE('',#2348,#2925,#3546,.T.);
#3546 = LINE('',#3547,#3548);
#3547 = CARTESIAN_POINT('',(127.7,-136.906,-4.5E-02));
#3548 = VECTOR('',#3549,1.);
#3549 = DIRECTION('',(0.,0.,1.));
#3550 = ORIENTED_EDGE('',*,*,#2924,.F.);
#3551 = ORIENTED_EDGE('',*,*,#3545,.F.);
#3552 = CYLINDRICAL_SURFACE('',#3553,0.381);
#3553 = AXIS2_PLACEMENT_3D('',#3554,#3555,#3556);
#3554 = CARTESIAN_POINT('',(127.7,-136.525,-4.5E-02));
#3555 = DIRECTION('',(-0.,0.,-1.));
#3556 = DIRECTION('',(3.72988312735E-14,-1.,-0.));
#3557 = ADVANCED_FACE('',(#3558),#3569,.F.);
#3558 = FACE_BOUND('',#3559,.T.);
#3559 = EDGE_LOOP('',(#3560,#3561,#3567,#3568));
#3560 = ORIENTED_EDGE('',*,*,#2358,.T.);
#3561 = ORIENTED_EDGE('',*,*,#3562,.T.);
#3562 = EDGE_CURVE('',#2359,#2936,#3563,.T.);
#3563 = LINE('',#3564,#3565);
#3564 = CARTESIAN_POINT('',(130.275,-135.906,-4.5E-02));
#3565 = VECTOR('',#3566,1.);
#3566 = DIRECTION('',(0.,0.,1.));
#3567 = ORIENTED_EDGE('',*,*,#2935,.F.);
#3568 = ORIENTED_EDGE('',*,*,#3562,.F.);
#3569 = CYLINDRICAL_SURFACE('',#3570,0.381);
#3570 = AXIS2_PLACEMENT_3D('',#3571,#3572,#3573);
#3571 = CARTESIAN_POINT('',(130.275,-135.525,-4.5E-02));
#3572 = DIRECTION('',(-0.,-0.,-1.));
#3573 = DIRECTION('',(-0.,-1.,0.));
#3574 = ADVANCED_FACE('',(#3575),#3586,.F.);
#3575 = FACE_BOUND('',#3576,.T.);
#3576 = EDGE_LOOP('',(#3577,#3578,#3584,#3585));
#3577 = ORIENTED_EDGE('',*,*,#2369,.T.);
#3578 = ORIENTED_EDGE('',*,*,#3579,.T.);
#3579 = EDGE_CURVE('',#2370,#2947,#3580,.T.);
#3580 = LINE('',#3581,#3582);
#3581 = CARTESIAN_POINT('',(127.75,-134.631,-4.5E-02));
#3582 = VECTOR('',#3583,1.);
#3583 = DIRECTION('',(0.,0.,1.));
#3584 = ORIENTED_EDGE('',*,*,#2946,.F.);
#3585 = ORIENTED_EDGE('',*,*,#3579,.F.);
#3586 = CYLINDRICAL_SURFACE('',#3587,0.381);
#3587 = AXIS2_PLACEMENT_3D('',#3588,#3589,#3590);
#3588 = CARTESIAN_POINT('',(127.75,-134.25,-4.5E-02));
#3589 = DIRECTION('',(-0.,-0.,-1.));
#3590 = DIRECTION('',(-0.,-1.,0.));
#3591 = ADVANCED_FACE('',(#3592),#3603,.F.);
#3592 = FACE_BOUND('',#3593,.T.);
#3593 = EDGE_LOOP('',(#3594,#3595,#3601,#3602));
#3594 = ORIENTED_EDGE('',*,*,#2380,.T.);
#3595 = ORIENTED_EDGE('',*,*,#3596,.T.);
#3596 = EDGE_CURVE('',#2381,#2958,#3597,.T.);
#3597 = LINE('',#3598,#3599);
#3598 = CARTESIAN_POINT('',(130.2,-133.631,-4.5E-02));
#3599 = VECTOR('',#3600,1.);
#3600 = DIRECTION('',(0.,0.,1.));
#3601 = ORIENTED_EDGE('',*,*,#2957,.F.);
#3602 = ORIENTED_EDGE('',*,*,#3596,.F.);
#3603 = CYLINDRICAL_SURFACE('',#3604,0.381);
#3604 = AXIS2_PLACEMENT_3D('',#3605,#3606,#3607);
#3605 = CARTESIAN_POINT('',(130.2,-133.25,-4.5E-02));
#3606 = DIRECTION('',(-0.,-0.,-1.));
#3607 = DIRECTION('',(-0.,-1.,0.));
#3608 = ADVANCED_FACE('',(#3609),#3620,.F.);
#3609 = FACE_BOUND('',#3610,.T.);
#3610 = EDGE_LOOP('',(#3611,#3612,#3618,#3619));
#3611 = ORIENTED_EDGE('',*,*,#2391,.T.);
#3612 = ORIENTED_EDGE('',*,*,#3613,.T.);
#3613 = EDGE_CURVE('',#2392,#2969,#3614,.T.);
#3614 = LINE('',#3615,#3616);
#3615 = CARTESIAN_POINT('',(127.7,-132.356,-4.5E-02));
#3616 = VECTOR('',#3617,1.);
#3617 = DIRECTION('',(0.,0.,1.));
#3618 = ORIENTED_EDGE('',*,*,#2968,.F.);
#3619 = ORIENTED_EDGE('',*,*,#3613,.F.);
#3620 = CYLINDRICAL_SURFACE('',#3621,0.381);
#3621 = AXIS2_PLACEMENT_3D('',#3622,#3623,#3624);
#3622 = CARTESIAN_POINT('',(127.7,-131.975,-4.5E-02));
#3623 = DIRECTION('',(-0.,0.,-1.));
#3624 = DIRECTION('',(3.72988312735E-14,-1.,-0.));
#3625 = ADVANCED_FACE('',(#3626),#3637,.F.);
#3626 = FACE_BOUND('',#3627,.T.);
#3627 = EDGE_LOOP('',(#3628,#3629,#3635,#3636));
#3628 = ORIENTED_EDGE('',*,*,#2402,.T.);
#3629 = ORIENTED_EDGE('',*,*,#3630,.T.);
#3630 = EDGE_CURVE('',#2403,#2980,#3631,.T.);
#3631 = LINE('',#3632,#3633);
#3632 = CARTESIAN_POINT('',(118.5,-138.6,-4.5E-02));
#3633 = VECTOR('',#3634,1.);
#3634 = DIRECTION('',(0.,0.,1.));
#3635 = ORIENTED_EDGE('',*,*,#2979,.F.);
#3636 = ORIENTED_EDGE('',*,*,#3630,.F.);
#3637 = CYLINDRICAL_SURFACE('',#3638,1.1);
#3638 = AXIS2_PLACEMENT_3D('',#3639,#3640,#3641);
#3639 = CARTESIAN_POINT('',(118.5,-137.5,-4.5E-02));
#3640 = DIRECTION('',(-0.,-0.,-1.));
#3641 = DIRECTION('',(-0.,-1.,0.));
#3642 = ADVANCED_FACE('',(#3643),#3654,.F.);
#3643 = FACE_BOUND('',#3644,.T.);
#3644 = EDGE_LOOP('',(#3645,#3646,#3652,#3653));
#3645 = ORIENTED_EDGE('',*,*,#2413,.T.);
#3646 = ORIENTED_EDGE('',*,*,#3647,.T.);
#3647 = EDGE_CURVE('',#2414,#2991,#3648,.T.);
#3648 = LINE('',#3649,#3650);
#3649 = CARTESIAN_POINT('',(130.275,-131.381,-4.5E-02));
#3650 = VECTOR('',#3651,1.);
#3651 = DIRECTION('',(0.,0.,1.));
#3652 = ORIENTED_EDGE('',*,*,#2990,.F.);
#3653 = ORIENTED_EDGE('',*,*,#3647,.F.);
#3654 = CYLINDRICAL_SURFACE('',#3655,0.381);
#3655 = AXIS2_PLACEMENT_3D('',#3656,#3657,#3658);
#3656 = CARTESIAN_POINT('',(130.275,-131.,-4.5E-02));
#3657 = DIRECTION('',(-0.,-0.,-1.));
#3658 = DIRECTION('',(-0.,-1.,0.));
#3659 = ADVANCED_FACE('',(#3660),#3671,.F.);
#3660 = FACE_BOUND('',#3661,.T.);
#3661 = EDGE_LOOP('',(#3662,#3663,#3669,#3670));
#3662 = ORIENTED_EDGE('',*,*,#2424,.T.);
#3663 = ORIENTED_EDGE('',*,*,#3664,.T.);
#3664 = EDGE_CURVE('',#2425,#3002,#3665,.T.);
#3665 = LINE('',#3666,#3667);
#3666 = CARTESIAN_POINT('',(127.75,-130.131,-4.5E-02));
#3667 = VECTOR('',#3668,1.);
#3668 = DIRECTION('',(0.,0.,1.));
#3669 = ORIENTED_EDGE('',*,*,#3001,.F.);
#3670 = ORIENTED_EDGE('',*,*,#3664,.F.);
#3671 = CYLINDRICAL_SURFACE('',#3672,0.381);
#3672 = AXIS2_PLACEMENT_3D('',#3673,#3674,#3675);
#3673 = CARTESIAN_POINT('',(127.75,-129.75,-4.5E-02));
#3674 = DIRECTION('',(-0.,-0.,-1.));
#3675 = DIRECTION('',(-0.,-1.,0.));
#3676 = ADVANCED_FACE('',(#3677),#3688,.F.);
#3677 = FACE_BOUND('',#3678,.T.);
#3678 = EDGE_LOOP('',(#3679,#3680,#3686,#3687));
#3679 = ORIENTED_EDGE('',*,*,#2435,.T.);
#3680 = ORIENTED_EDGE('',*,*,#3681,.T.);
#3681 = EDGE_CURVE('',#2436,#3013,#3682,.T.);
#3682 = LINE('',#3683,#3684);
#3683 = CARTESIAN_POINT('',(130.25,-129.131,-4.5E-02));
#3684 = VECTOR('',#3685,1.);
#3685 = DIRECTION('',(0.,0.,1.));
#3686 = ORIENTED_EDGE('',*,*,#3012,.F.);
#3687 = ORIENTED_EDGE('',*,*,#3681,.F.);
#3688 = CYLINDRICAL_SURFACE('',#3689,0.381);
#3689 = AXIS2_PLACEMENT_3D('',#3690,#3691,#3692);
#3690 = CARTESIAN_POINT('',(130.25,-128.75,-4.5E-02));
#3691 = DIRECTION('',(-0.,-0.,-1.));
#3692 = DIRECTION('',(-0.,-1.,0.));
#3693 = ADVANCED_FACE('',(#3694),#3705,.F.);
#3694 = FACE_BOUND('',#3695,.T.);
#3695 = EDGE_LOOP('',(#3696,#3702,#3703,#3704));
#3696 = ORIENTED_EDGE('',*,*,#3697,.T.);
#3697 = EDGE_CURVE('',#2447,#3024,#3698,.T.);
#3698 = LINE('',#3699,#3700);
#3699 = CARTESIAN_POINT('',(138.19,-126.90797,0.));
#3700 = VECTOR('',#3701,1.);
#3701 = DIRECTION('',(0.,0.,1.));
#3702 = ORIENTED_EDGE('',*,*,#3023,.T.);
#3703 = ORIENTED_EDGE('',*,*,#3697,.F.);
#3704 = ORIENTED_EDGE('',*,*,#2446,.F.);
#3705 = CYLINDRICAL_SURFACE('',#3706,1.6);
#3706 = AXIS2_PLACEMENT_3D('',#3707,#3708,#3709);
#3707 = CARTESIAN_POINT('',(136.59,-126.90797,0.));
#3708 = DIRECTION('',(-0.,-0.,-1.));
#3709 = DIRECTION('',(1.,0.,-0.));
#3710 = ADVANCED_FACE('',(#3711),#3722,.F.);
#3711 = FACE_BOUND('',#3712,.T.);
#3712 = EDGE_LOOP('',(#3713,#3714,#3720,#3721));
#3713 = ORIENTED_EDGE('',*,*,#2457,.T.);
#3714 = ORIENTED_EDGE('',*,*,#3715,.T.);
#3715 = EDGE_CURVE('',#2458,#3035,#3716,.T.);
#3716 = LINE('',#3717,#3718);
#3717 = CARTESIAN_POINT('',(100.5,-139.85,-4.5E-02));
#3718 = VECTOR('',#3719,1.);
#3719 = DIRECTION('',(0.,0.,1.));
#3720 = ORIENTED_EDGE('',*,*,#3034,.F.);
#3721 = ORIENTED_EDGE('',*,*,#3715,.F.);
#3722 = CYLINDRICAL_SURFACE('',#3723,0.25);
#3723 = AXIS2_PLACEMENT_3D('',#3724,#3725,#3726);
#3724 = CARTESIAN_POINT('',(100.5,-139.6,-4.5E-02));
#3725 = DIRECTION('',(-0.,-0.,-1.));
#3726 = DIRECTION('',(-0.,-1.,0.));
#3727 = ADVANCED_FACE('',(#3728),#3739,.F.);
#3728 = FACE_BOUND('',#3729,.T.);
#3729 = EDGE_LOOP('',(#3730,#3731,#3737,#3738));
#3730 = ORIENTED_EDGE('',*,*,#2468,.T.);
#3731 = ORIENTED_EDGE('',*,*,#3732,.T.);
#3732 = EDGE_CURVE('',#2469,#3046,#3733,.T.);
#3733 = LINE('',#3734,#3735);
#3734 = CARTESIAN_POINT('',(98.2,-140.05,-4.5E-02));
#3735 = VECTOR('',#3736,1.);
#3736 = DIRECTION('',(0.,0.,1.));
#3737 = ORIENTED_EDGE('',*,*,#3045,.F.);
#3738 = ORIENTED_EDGE('',*,*,#3732,.F.);
#3739 = CYLINDRICAL_SURFACE('',#3740,0.25);
#3740 = AXIS2_PLACEMENT_3D('',#3741,#3742,#3743);
#3741 = CARTESIAN_POINT('',(98.2,-139.8,-4.5E-02));
#3742 = DIRECTION('',(-0.,-0.,-1.));
#3743 = DIRECTION('',(-0.,-1.,0.));
#3744 = ADVANCED_FACE('',(#3745),#3756,.F.);
#3745 = FACE_BOUND('',#3746,.T.);
#3746 = EDGE_LOOP('',(#3747,#3748,#3754,#3755));
#3747 = ORIENTED_EDGE('',*,*,#2479,.T.);
#3748 = ORIENTED_EDGE('',*,*,#3749,.T.);
#3749 = EDGE_CURVE('',#2480,#3057,#3750,.T.);
#3750 = LINE('',#3751,#3752);
#3751 = CARTESIAN_POINT('',(95.8,-139.95,-4.5E-02));
#3752 = VECTOR('',#3753,1.);
#3753 = DIRECTION('',(0.,0.,1.));
#3754 = ORIENTED_EDGE('',*,*,#3056,.F.);
#3755 = ORIENTED_EDGE('',*,*,#3749,.F.);
#3756 = CYLINDRICAL_SURFACE('',#3757,0.25);
#3757 = AXIS2_PLACEMENT_3D('',#3758,#3759,#3760);
#3758 = CARTESIAN_POINT('',(95.8,-139.7,-4.5E-02));
#3759 = DIRECTION('',(-0.,-0.,-1.));
#3760 = DIRECTION('',(-0.,-1.,0.));
#3761 = ADVANCED_FACE('',(#3762),#3773,.F.);
#3762 = FACE_BOUND('',#3763,.T.);
#3763 = EDGE_LOOP('',(#3764,#3765,#3771,#3772));
#3764 = ORIENTED_EDGE('',*,*,#2490,.T.);
#3765 = ORIENTED_EDGE('',*,*,#3766,.T.);
#3766 = EDGE_CURVE('',#2491,#3068,#3767,.T.);
#3767 = LINE('',#3768,#3769);
#3768 = CARTESIAN_POINT('',(90.5,-138.6,-4.5E-02));
#3769 = VECTOR('',#3770,1.);
#3770 = DIRECTION('',(0.,0.,1.));
#3771 = ORIENTED_EDGE('',*,*,#3067,.F.);
#3772 = ORIENTED_EDGE('',*,*,#3766,.F.);
#3773 = CYLINDRICAL_SURFACE('',#3774,1.1);
#3774 = AXIS2_PLACEMENT_3D('',#3775,#3776,#3777);
#3775 = CARTESIAN_POINT('',(90.5,-137.5,-4.5E-02));
#3776 = DIRECTION('',(-0.,-0.,-1.));
#3777 = DIRECTION('',(-0.,-1.,0.));
#3778 = ADVANCED_FACE('',(#3779),#3790,.F.);
#3779 = FACE_BOUND('',#3780,.T.);
#3780 = EDGE_LOOP('',(#3781,#3782,#3788,#3789));
#3781 = ORIENTED_EDGE('',*,*,#2501,.T.);
#3782 = ORIENTED_EDGE('',*,*,#3783,.T.);
#3783 = EDGE_CURVE('',#2502,#3079,#3784,.T.);
#3784 = LINE('',#3785,#3786);
#3785 = CARTESIAN_POINT('',(78.7,-136.906,-4.5E-02));
#3786 = VECTOR('',#3787,1.);
#3787 = DIRECTION('',(0.,0.,1.));
#3788 = ORIENTED_EDGE('',*,*,#3078,.F.);
#3789 = ORIENTED_EDGE('',*,*,#3783,.F.);
#3790 = CYLINDRICAL_SURFACE('',#3791,0.381);
#3791 = AXIS2_PLACEMENT_3D('',#3792,#3793,#3794);
#3792 = CARTESIAN_POINT('',(78.7,-136.525,-4.5E-02));
#3793 = DIRECTION('',(-0.,-0.,-1.));
#3794 = DIRECTION('',(-0.,-1.,0.));
#3795 = ADVANCED_FACE('',(#3796),#3807,.F.);
#3796 = FACE_BOUND('',#3797,.T.);
#3797 = EDGE_LOOP('',(#3798,#3804,#3805,#3806));
#3798 = ORIENTED_EDGE('',*,*,#3799,.T.);
#3799 = EDGE_CURVE('',#2513,#3090,#3800,.T.);
#3800 = LINE('',#3801,#3802);
#3801 = CARTESIAN_POINT('',(73.96,-138.36703,0.));
#3802 = VECTOR('',#3803,1.);
#3803 = DIRECTION('',(0.,0.,1.));
#3804 = ORIENTED_EDGE('',*,*,#3089,.T.);
#3805 = ORIENTED_EDGE('',*,*,#3799,.F.);
#3806 = ORIENTED_EDGE('',*,*,#2512,.F.);
#3807 = CYLINDRICAL_SURFACE('',#3808,1.6);
#3808 = AXIS2_PLACEMENT_3D('',#3809,#3810,#3811);
#3809 = CARTESIAN_POINT('',(72.36,-138.36703,0.));
#3810 = DIRECTION('',(-0.,-0.,-1.));
#3811 = DIRECTION('',(1.,0.,-0.));
#3812 = ADVANCED_FACE('',(#3813),#3824,.F.);
#3813 = FACE_BOUND('',#3814,.T.);
#3814 = EDGE_LOOP('',(#3815,#3816,#3822,#3823));
#3815 = ORIENTED_EDGE('',*,*,#2523,.T.);
#3816 = ORIENTED_EDGE('',*,*,#3817,.T.);
#3817 = EDGE_CURVE('',#2524,#3101,#3818,.T.);
#3818 = LINE('',#3819,#3820);
#3819 = CARTESIAN_POINT('',(81.2,-135.906,-4.5E-02));
#3820 = VECTOR('',#3821,1.);
#3821 = DIRECTION('',(0.,0.,1.));
#3822 = ORIENTED_EDGE('',*,*,#3100,.F.);
#3823 = ORIENTED_EDGE('',*,*,#3817,.F.);
#3824 = CYLINDRICAL_SURFACE('',#3825,0.381);
#3825 = AXIS2_PLACEMENT_3D('',#3826,#3827,#3828);
#3826 = CARTESIAN_POINT('',(81.2,-135.525,-4.5E-02));
#3827 = DIRECTION('',(-0.,-0.,-1.));
#3828 = DIRECTION('',(-0.,-1.,0.));
#3829 = ADVANCED_FACE('',(#3830),#3841,.F.);
#3830 = FACE_BOUND('',#3831,.T.);
#3831 = EDGE_LOOP('',(#3832,#3833,#3839,#3840));
#3832 = ORIENTED_EDGE('',*,*,#2534,.T.);
#3833 = ORIENTED_EDGE('',*,*,#3834,.T.);
#3834 = EDGE_CURVE('',#2535,#3112,#3835,.T.);
#3835 = LINE('',#3836,#3837);
#3836 = CARTESIAN_POINT('',(78.675,-134.656,-4.5E-02));
#3837 = VECTOR('',#3838,1.);
#3838 = DIRECTION('',(0.,0.,1.));
#3839 = ORIENTED_EDGE('',*,*,#3111,.F.);
#3840 = ORIENTED_EDGE('',*,*,#3834,.F.);
#3841 = CYLINDRICAL_SURFACE('',#3842,0.381);
#3842 = AXIS2_PLACEMENT_3D('',#3843,#3844,#3845);
#3843 = CARTESIAN_POINT('',(78.675,-134.275,-4.5E-02));
#3844 = DIRECTION('',(-0.,-0.,-1.));
#3845 = DIRECTION('',(-0.,-1.,0.));
#3846 = ADVANCED_FACE('',(#3847),#3858,.F.);
#3847 = FACE_BOUND('',#3848,.T.);
#3848 = EDGE_LOOP('',(#3849,#3850,#3856,#3857));
#3849 = ORIENTED_EDGE('',*,*,#2545,.T.);
#3850 = ORIENTED_EDGE('',*,*,#3851,.T.);
#3851 = EDGE_CURVE('',#2546,#3123,#3852,.T.);
#3852 = LINE('',#3853,#3854);
#3853 = CARTESIAN_POINT('',(81.25,-133.681,-4.5E-02));
#3854 = VECTOR('',#3855,1.);
#3855 = DIRECTION('',(0.,0.,1.));
#3856 = ORIENTED_EDGE('',*,*,#3122,.F.);
#3857 = ORIENTED_EDGE('',*,*,#3851,.F.);
#3858 = CYLINDRICAL_SURFACE('',#3859,0.381);
#3859 = AXIS2_PLACEMENT_3D('',#3860,#3861,#3862);
#3860 = CARTESIAN_POINT('',(81.25,-133.3,-4.5E-02));
#3861 = DIRECTION('',(-0.,-0.,-1.));
#3862 = DIRECTION('',(-0.,-1.,0.));
#3863 = ADVANCED_FACE('',(#3864),#3875,.F.);
#3864 = FACE_BOUND('',#3865,.T.);
#3865 = EDGE_LOOP('',(#3866,#3867,#3873,#3874));
#3866 = ORIENTED_EDGE('',*,*,#2556,.T.);
#3867 = ORIENTED_EDGE('',*,*,#3868,.T.);
#3868 = EDGE_CURVE('',#2557,#3134,#3869,.T.);
#3869 = LINE('',#3870,#3871);
#3870 = CARTESIAN_POINT('',(78.75,-132.406,-4.5E-02));
#3871 = VECTOR('',#3872,1.);
#3872 = DIRECTION('',(0.,0.,1.));
#3873 = ORIENTED_EDGE('',*,*,#3133,.F.);
#3874 = ORIENTED_EDGE('',*,*,#3868,.F.);
#3875 = CYLINDRICAL_SURFACE('',#3876,0.381);
#3876 = AXIS2_PLACEMENT_3D('',#3877,#3878,#3879);
#3877 = CARTESIAN_POINT('',(78.75,-132.025,-4.5E-02));
#3878 = DIRECTION('',(-0.,-0.,-1.));
#3879 = DIRECTION('',(-0.,-1.,0.));
#3880 = ADVANCED_FACE('',(#3881),#3897,.F.);
#3881 = FACE_BOUND('',#3882,.F.);
#3882 = EDGE_LOOP('',(#3883,#3889,#3890,#3896));
#3883 = ORIENTED_EDGE('',*,*,#3884,.T.);
#3884 = EDGE_CURVE('',#2568,#3145,#3885,.T.);
#3885 = LINE('',#3886,#3887);
#3886 = CARTESIAN_POINT('',(114.485379,-110.897256,0.));
#3887 = VECTOR('',#3888,1.);
#3888 = DIRECTION('',(0.,0.,1.));
#3889 = ORIENTED_EDGE('',*,*,#3144,.T.);
#3890 = ORIENTED_EDGE('',*,*,#3891,.F.);
#3891 = EDGE_CURVE('',#2570,#3147,#3892,.T.);
#3892 = LINE('',#3893,#3894);
#3893 = CARTESIAN_POINT('',(116.238482,-110.897256,0.));
#3894 = VECTOR('',#3895,1.);
#3895 = DIRECTION('',(0.,0.,1.));
#3896 = ORIENTED_EDGE('',*,*,#2567,.F.);
#3897 = PLANE('',#3898);
#3898 = AXIS2_PLACEMENT_3D('',#3899,#3900,#3901);
#3899 = CARTESIAN_POINT('',(114.485379,-110.897256,0.));
#3900 = DIRECTION('',(0.,1.,0.));
#3901 = DIRECTION('',(1.,0.,0.));
#3902 = ADVANCED_FACE('',(#3903),#3914,.F.);
#3903 = FACE_BOUND('',#3904,.F.);
#3904 = EDGE_LOOP('',(#3905,#3906,#3907,#3913));
#3905 = ORIENTED_EDGE('',*,*,#3891,.T.);
#3906 = ORIENTED_EDGE('',*,*,#3290,.T.);
#3907 = ORIENTED_EDGE('',*,*,#3908,.F.);
#3908 = EDGE_CURVE('',#2706,#3283,#3909,.T.);
#3909 = LINE('',#3910,#3911);
#3910 = CARTESIAN_POINT('',(116.238482,-112.500094,0.));
#3911 = VECTOR('',#3912,1.);
#3912 = DIRECTION('',(0.,0.,1.));
#3913 = ORIENTED_EDGE('',*,*,#2713,.F.);
#3914 = PLANE('',#3915);
#3915 = AXIS2_PLACEMENT_3D('',#3916,#3917,#3918);
#3916 = CARTESIAN_POINT('',(116.238482,-110.897256,0.));
#3917 = DIRECTION('',(1.,0.,-0.));
#3918 = DIRECTION('',(0.,-1.,0.));
#3919 = ADVANCED_FACE('',(#3920),#3931,.F.);
#3920 = FACE_BOUND('',#3921,.F.);
#3921 = EDGE_LOOP('',(#3922,#3923,#3924,#3930));
#3922 = ORIENTED_EDGE('',*,*,#3908,.T.);
#3923 = ORIENTED_EDGE('',*,*,#3282,.T.);
#3924 = ORIENTED_EDGE('',*,*,#3925,.F.);
#3925 = EDGE_CURVE('',#2698,#3275,#3926,.T.);
#3926 = LINE('',#3927,#3928);
#3927 = CARTESIAN_POINT('',(120.421988,-112.500094,0.));
#3928 = VECTOR('',#3929,1.);
#3929 = DIRECTION('',(0.,0.,1.));
#3930 = ORIENTED_EDGE('',*,*,#2705,.F.);
#3931 = PLANE('',#3932);
#3932 = AXIS2_PLACEMENT_3D('',#3933,#3934,#3935);
#3933 = CARTESIAN_POINT('',(116.238482,-112.500094,0.));
#3934 = DIRECTION('',(0.,1.,0.));
#3935 = DIRECTION('',(1.,0.,0.));
#3936 = ADVANCED_FACE('',(#3937),#3948,.F.);
#3937 = FACE_BOUND('',#3938,.F.);
#3938 = EDGE_LOOP('',(#3939,#3940,#3941,#3947));
#3939 = ORIENTED_EDGE('',*,*,#3925,.T.);
#3940 = ORIENTED_EDGE('',*,*,#3274,.T.);
#3941 = ORIENTED_EDGE('',*,*,#3942,.F.);
#3942 = EDGE_CURVE('',#2690,#3267,#3943,.T.);
#3943 = LINE('',#3944,#3945);
#3944 = CARTESIAN_POINT('',(120.421988,-135.25,0.));
#3945 = VECTOR('',#3946,1.);
#3946 = DIRECTION('',(0.,0.,1.));
#3947 = ORIENTED_EDGE('',*,*,#2697,.F.);
#3948 = PLANE('',#3949);
#3949 = AXIS2_PLACEMENT_3D('',#3950,#3951,#3952);
#3950 = CARTESIAN_POINT('',(120.421988,-112.500094,0.));
#3951 = DIRECTION('',(1.,0.,-0.));
#3952 = DIRECTION('',(0.,-1.,0.));
#3953 = ADVANCED_FACE('',(#3954),#3965,.F.);
#3954 = FACE_BOUND('',#3955,.F.);
#3955 = EDGE_LOOP('',(#3956,#3957,#3958,#3964));
#3956 = ORIENTED_EDGE('',*,*,#3942,.T.);
#3957 = ORIENTED_EDGE('',*,*,#3266,.T.);
#3958 = ORIENTED_EDGE('',*,*,#3959,.F.);
#3959 = EDGE_CURVE('',#2682,#3259,#3960,.T.);
#3960 = LINE('',#3961,#3962);
#3961 = CARTESIAN_POINT('',(116.5,-135.25,0.));
#3962 = VECTOR('',#3963,1.);
#3963 = DIRECTION('',(0.,0.,1.));
#3964 = ORIENTED_EDGE('',*,*,#2689,.F.);
#3965 = PLANE('',#3966);
#3966 = AXIS2_PLACEMENT_3D('',#3967,#3968,#3969);
#3967 = CARTESIAN_POINT('',(120.421988,-135.25,0.));
#3968 = DIRECTION('',(0.,-1.,0.));
#3969 = DIRECTION('',(-1.,0.,0.));
#3970 = ADVANCED_FACE('',(#3971),#3982,.F.);
#3971 = FACE_BOUND('',#3972,.F.);
#3972 = EDGE_LOOP('',(#3973,#3974,#3975,#3981));
#3973 = ORIENTED_EDGE('',*,*,#3959,.T.);
#3974 = ORIENTED_EDGE('',*,*,#3258,.T.);
#3975 = ORIENTED_EDGE('',*,*,#3976,.F.);
#3976 = EDGE_CURVE('',#2674,#3251,#3977,.T.);
#3977 = LINE('',#3978,#3979);
#3978 = CARTESIAN_POINT('',(116.5,-138.5,0.));
#3979 = VECTOR('',#3980,1.);
#3980 = DIRECTION('',(0.,0.,1.));
#3981 = ORIENTED_EDGE('',*,*,#2681,.F.);
#3982 = PLANE('',#3983);
#3983 = AXIS2_PLACEMENT_3D('',#3984,#3985,#3986);
#3984 = CARTESIAN_POINT('',(116.5,-135.25,0.));
#3985 = DIRECTION('',(1.,0.,-0.));
#3986 = DIRECTION('',(0.,-1.,0.));
#3987 = ADVANCED_FACE('',(#3988),#3999,.F.);
#3988 = FACE_BOUND('',#3989,.F.);
#3989 = EDGE_LOOP('',(#3990,#3991,#3992,#3998));
#3990 = ORIENTED_EDGE('',*,*,#3976,.T.);
#3991 = ORIENTED_EDGE('',*,*,#3250,.T.);
#3992 = ORIENTED_EDGE('',*,*,#3993,.F.);
#3993 = EDGE_CURVE('',#2666,#3243,#3994,.T.);
#3994 = LINE('',#3995,#3996);
#3995 = CARTESIAN_POINT('',(92.75,-138.5,0.));
#3996 = VECTOR('',#3997,1.);
#3997 = DIRECTION('',(0.,0.,1.));
#3998 = ORIENTED_EDGE('',*,*,#2673,.F.);
#3999 = PLANE('',#4000);
#4000 = AXIS2_PLACEMENT_3D('',#4001,#4002,#4003);
#4001 = CARTESIAN_POINT('',(116.5,-138.5,0.));
#4002 = DIRECTION('',(0.,-1.,0.));
#4003 = DIRECTION('',(-1.,0.,0.));
#4004 = ADVANCED_FACE('',(#4005),#4016,.F.);
#4005 = FACE_BOUND('',#4006,.F.);
#4006 = EDGE_LOOP('',(#4007,#4008,#4009,#4015));
#4007 = ORIENTED_EDGE('',*,*,#3993,.T.);
#4008 = ORIENTED_EDGE('',*,*,#3242,.T.);
#4009 = ORIENTED_EDGE('',*,*,#4010,.F.);
#4010 = EDGE_CURVE('',#2658,#3235,#4011,.T.);
#4011 = LINE('',#4012,#4013);
#4012 = CARTESIAN_POINT('',(92.75,-135.25,0.));
#4013 = VECTOR('',#4014,1.);
#4014 = DIRECTION('',(0.,0.,1.));
#4015 = ORIENTED_EDGE('',*,*,#2665,.F.);
#4016 = PLANE('',#4017);
#4017 = AXIS2_PLACEMENT_3D('',#4018,#4019,#4020);
#4018 = CARTESIAN_POINT('',(92.75,-138.5,0.));
#4019 = DIRECTION('',(-1.,0.,0.));
#4020 = DIRECTION('',(0.,1.,0.));
#4021 = ADVANCED_FACE('',(#4022),#4033,.F.);
#4022 = FACE_BOUND('',#4023,.F.);
#4023 = EDGE_LOOP('',(#4024,#4025,#4026,#4032));
#4024 = ORIENTED_EDGE('',*,*,#4010,.T.);
#4025 = ORIENTED_EDGE('',*,*,#3234,.T.);
#4026 = ORIENTED_EDGE('',*,*,#4027,.F.);
#4027 = EDGE_CURVE('',#2650,#3227,#4028,.T.);
#4028 = LINE('',#4029,#4030);
#4029 = CARTESIAN_POINT('',(88.539006,-135.25,0.));
#4030 = VECTOR('',#4031,1.);
#4031 = DIRECTION('',(0.,0.,1.));
#4032 = ORIENTED_EDGE('',*,*,#2657,.F.);
#4033 = PLANE('',#4034);
#4034 = AXIS2_PLACEMENT_3D('',#4035,#4036,#4037);
#4035 = CARTESIAN_POINT('',(92.75,-135.25,0.));
#4036 = DIRECTION('',(0.,-1.,0.));
#4037 = DIRECTION('',(-1.,0.,0.));
#4038 = ADVANCED_FACE('',(#4039),#4050,.F.);
#4039 = FACE_BOUND('',#4040,.F.);
#4040 = EDGE_LOOP('',(#4041,#4042,#4043,#4049));
#4041 = ORIENTED_EDGE('',*,*,#4027,.T.);
#4042 = ORIENTED_EDGE('',*,*,#3226,.T.);
#4043 = ORIENTED_EDGE('',*,*,#4044,.F.);
#4044 = EDGE_CURVE('',#2642,#3219,#4045,.T.);
#4045 = LINE('',#4046,#4047);
#4046 = CARTESIAN_POINT('',(88.521988,-128.285812,0.));
#4047 = VECTOR('',#4048,1.);
#4048 = DIRECTION('',(0.,0.,1.));
#4049 = ORIENTED_EDGE('',*,*,#2649,.F.);
#4050 = PLANE('',#4051);
#4051 = AXIS2_PLACEMENT_3D('',#4052,#4053,#4054);
#4052 = CARTESIAN_POINT('',(88.539006,-135.25,0.));
#4053 = DIRECTION('',(-0.999997014314,-2.443637246669E-03,0.));
#4054 = DIRECTION('',(-2.443637246669E-03,0.999997014314,0.));
#4055 = ADVANCED_FACE('',(#4056),#4067,.F.);
#4056 = FACE_BOUND('',#4057,.F.);
#4057 = EDGE_LOOP('',(#4058,#4059,#4060,#4066));
#4058 = ORIENTED_EDGE('',*,*,#4044,.T.);
#4059 = ORIENTED_EDGE('',*,*,#3218,.T.);
#4060 = ORIENTED_EDGE('',*,*,#4061,.F.);
#4061 = EDGE_CURVE('',#2634,#3211,#4062,.T.);
#4062 = LINE('',#4063,#4064);
#4063 = CARTESIAN_POINT('',(88.521988,-121.,0.));
#4064 = VECTOR('',#4065,1.);
#4065 = DIRECTION('',(0.,0.,1.));
#4066 = ORIENTED_EDGE('',*,*,#2641,.F.);
#4067 = PLANE('',#4068);
#4068 = AXIS2_PLACEMENT_3D('',#4069,#4070,#4071);
#4069 = CARTESIAN_POINT('',(88.521988,-128.285812,0.));
#4070 = DIRECTION('',(-1.,0.,0.));
#4071 = DIRECTION('',(0.,1.,0.));
#4072 = ADVANCED_FACE('',(#4073),#4084,.F.);
#4073 = FACE_BOUND('',#4074,.F.);
#4074 = EDGE_LOOP('',(#4075,#4076,#4077,#4083));
#4075 = ORIENTED_EDGE('',*,*,#4061,.T.);
#4076 = ORIENTED_EDGE('',*,*,#3210,.T.);
#4077 = ORIENTED_EDGE('',*,*,#4078,.F.);
#4078 = EDGE_CURVE('',#2626,#3203,#4079,.T.);
#4079 = LINE('',#4080,#4081);
#4080 = CARTESIAN_POINT('',(91.013094,-120.985231,0.));
#4081 = VECTOR('',#4082,1.);
#4082 = DIRECTION('',(0.,0.,1.));
#4083 = ORIENTED_EDGE('',*,*,#2633,.F.);
#4084 = PLANE('',#4085);
#4085 = AXIS2_PLACEMENT_3D('',#4086,#4087,#4088);
#4086 = CARTESIAN_POINT('',(88.521988,-121.,0.));
#4087 = DIRECTION('',(-5.928587722156E-03,0.999982425769,0.));
#4088 = DIRECTION('',(0.999982425769,5.928587722156E-03,0.));
#4089 = ADVANCED_FACE('',(#4090),#4101,.F.);
#4090 = FACE_BOUND('',#4091,.F.);
#4091 = EDGE_LOOP('',(#4092,#4093,#4094,#4100));
#4092 = ORIENTED_EDGE('',*,*,#4078,.T.);
#4093 = ORIENTED_EDGE('',*,*,#3202,.T.);
#4094 = ORIENTED_EDGE('',*,*,#4095,.F.);
#4095 = EDGE_CURVE('',#2618,#3195,#4096,.T.);
#4096 = LINE('',#4097,#4098);
#4097 = CARTESIAN_POINT('',(91.013094,-112.500094,0.));
#4098 = VECTOR('',#4099,1.);
#4099 = DIRECTION('',(0.,0.,1.));
#4100 = ORIENTED_EDGE('',*,*,#2625,.F.);
#4101 = PLANE('',#4102);
#4102 = AXIS2_PLACEMENT_3D('',#4103,#4104,#4105);
#4103 = CARTESIAN_POINT('',(91.013094,-120.985231,0.));
#4104 = DIRECTION('',(-1.,0.,0.));
#4105 = DIRECTION('',(0.,1.,0.));
#4106 = ADVANCED_FACE('',(#4107),#4118,.F.);
#4107 = FACE_BOUND('',#4108,.F.);
#4108 = EDGE_LOOP('',(#4109,#4110,#4111,#4117));
#4109 = ORIENTED_EDGE('',*,*,#4095,.T.);
#4110 = ORIENTED_EDGE('',*,*,#3194,.T.);
#4111 = ORIENTED_EDGE('',*,*,#4112,.F.);
#4112 = EDGE_CURVE('',#2610,#3187,#4113,.T.);
#4113 = LINE('',#4114,#4115);
#4114 = CARTESIAN_POINT('',(92.646719,-112.500094,0.));
#4115 = VECTOR('',#4116,1.);
#4116 = DIRECTION('',(0.,0.,1.));
#4117 = ORIENTED_EDGE('',*,*,#2617,.F.);
#4118 = PLANE('',#4119);
#4119 = AXIS2_PLACEMENT_3D('',#4120,#4121,#4122);
#4120 = CARTESIAN_POINT('',(91.013094,-112.500094,0.));
#4121 = DIRECTION('',(0.,1.,0.));
#4122 = DIRECTION('',(1.,0.,0.));
#4123 = ADVANCED_FACE('',(#4124),#4135,.F.);
#4124 = FACE_BOUND('',#4125,.F.);
#4125 = EDGE_LOOP('',(#4126,#4127,#4128,#4134));
#4126 = ORIENTED_EDGE('',*,*,#4112,.T.);
#4127 = ORIENTED_EDGE('',*,*,#3186,.T.);
#4128 = ORIENTED_EDGE('',*,*,#4129,.F.);
#4129 = EDGE_CURVE('',#2602,#3179,#4130,.T.);
#4130 = LINE('',#4131,#4132);
#4131 = CARTESIAN_POINT('',(92.646719,-110.897256,0.));
#4132 = VECTOR('',#4133,1.);
#4133 = DIRECTION('',(0.,0.,1.));
#4134 = ORIENTED_EDGE('',*,*,#2609,.F.);
#4135 = PLANE('',#4136);
#4136 = AXIS2_PLACEMENT_3D('',#4137,#4138,#4139);
#4137 = CARTESIAN_POINT('',(92.646719,-112.500094,0.));
#4138 = DIRECTION('',(-1.,0.,0.));
#4139 = DIRECTION('',(0.,1.,0.));
#4140 = ADVANCED_FACE('',(#4141),#4152,.F.);
#4141 = FACE_BOUND('',#4142,.F.);
#4142 = EDGE_LOOP('',(#4143,#4144,#4145,#4151));
#4143 = ORIENTED_EDGE('',*,*,#4129,.T.);
#4144 = ORIENTED_EDGE('',*,*,#3178,.T.);
#4145 = ORIENTED_EDGE('',*,*,#4146,.F.);
#4146 = EDGE_CURVE('',#2594,#3171,#4147,.T.);
#4147 = LINE('',#4148,#4149);
#4148 = CARTESIAN_POINT('',(94.5,-110.897256,0.));
#4149 = VECTOR('',#4150,1.);
#4150 = DIRECTION('',(0.,0.,1.));
#4151 = ORIENTED_EDGE('',*,*,#2601,.F.);
#4152 = PLANE('',#4153);
#4153 = AXIS2_PLACEMENT_3D('',#4154,#4155,#4156);
#4154 = CARTESIAN_POINT('',(92.646719,-110.897256,0.));
#4155 = DIRECTION('',(0.,1.,0.));
#4156 = DIRECTION('',(1.,0.,0.));
#4157 = ADVANCED_FACE('',(#4158),#4169,.F.);
#4158 = FACE_BOUND('',#4159,.F.);
#4159 = EDGE_LOOP('',(#4160,#4161,#4162,#4168));
#4160 = ORIENTED_EDGE('',*,*,#4146,.T.);
#4161 = ORIENTED_EDGE('',*,*,#3170,.T.);
#4162 = ORIENTED_EDGE('',*,*,#4163,.F.);
#4163 = EDGE_CURVE('',#2586,#3163,#4164,.T.);
#4164 = LINE('',#4165,#4166);
#4165 = CARTESIAN_POINT('',(94.5,-108.493,0.));
#4166 = VECTOR('',#4167,1.);
#4167 = DIRECTION('',(0.,0.,1.));
#4168 = ORIENTED_EDGE('',*,*,#2593,.F.);
#4169 = PLANE('',#4170);
#4170 = AXIS2_PLACEMENT_3D('',#4171,#4172,#4173);
#4171 = CARTESIAN_POINT('',(94.5,-110.897256,0.));
#4172 = DIRECTION('',(-1.,0.,0.));
#4173 = DIRECTION('',(0.,1.,0.));
#4174 = ADVANCED_FACE('',(#4175),#4186,.F.);
#4175 = FACE_BOUND('',#4176,.F.);
#4176 = EDGE_LOOP('',(#4177,#4178,#4179,#4185));
#4177 = ORIENTED_EDGE('',*,*,#4163,.T.);
#4178 = ORIENTED_EDGE('',*,*,#3162,.T.);
#4179 = ORIENTED_EDGE('',*,*,#4180,.F.);
#4180 = EDGE_CURVE('',#2578,#3155,#4181,.T.);
#4181 = LINE('',#4182,#4183);
#4182 = CARTESIAN_POINT('',(114.485379,-108.493,0.));
#4183 = VECTOR('',#4184,1.);
#4184 = DIRECTION('',(0.,0.,1.));
#4185 = ORIENTED_EDGE('',*,*,#2585,.F.);
#4186 = PLANE('',#4187);
#4187 = AXIS2_PLACEMENT_3D('',#4188,#4189,#4190);
#4188 = CARTESIAN_POINT('',(94.5,-108.493,0.));
#4189 = DIRECTION('',(0.,1.,0.));
#4190 = DIRECTION('',(1.,0.,0.));
#4191 = ADVANCED_FACE('',(#4192),#4198,.F.);
#4192 = FACE_BOUND('',#4193,.F.);
#4193 = EDGE_LOOP('',(#4194,#4195,#4196,#4197));
#4194 = ORIENTED_EDGE('',*,*,#4180,.T.);
#4195 = ORIENTED_EDGE('',*,*,#3154,.T.);
#4196 = ORIENTED_EDGE('',*,*,#3884,.F.);
#4197 = ORIENTED_EDGE('',*,*,#2577,.F.);
#4198 = PLANE('',#4199);
#4199 = AXIS2_PLACEMENT_3D('',#4200,#4201,#4202);
#4200 = CARTESIAN_POINT('',(114.485379,-108.493,0.));
#4201 = DIRECTION('',(1.,0.,-0.));
#4202 = DIRECTION('',(0.,-1.,0.));
#4203 = ADVANCED_FACE('',(#4204),#4215,.F.);
#4204 = FACE_BOUND('',#4205,.T.);
#4205 = EDGE_LOOP('',(#4206,#4207,#4213,#4214));
#4206 = ORIENTED_EDGE('',*,*,#2721,.T.);
#4207 = ORIENTED_EDGE('',*,*,#4208,.T.);
#4208 = EDGE_CURVE('',#2722,#3299,#4209,.T.);
#4209 = LINE('',#4210,#4211);
#4210 = CARTESIAN_POINT('',(81.2,-131.406,-4.5E-02));
#4211 = VECTOR('',#4212,1.);
#4212 = DIRECTION('',(0.,0.,1.));
#4213 = ORIENTED_EDGE('',*,*,#3298,.F.);
#4214 = ORIENTED_EDGE('',*,*,#4208,.F.);
#4215 = CYLINDRICAL_SURFACE('',#4216,0.381);
#4216 = AXIS2_PLACEMENT_3D('',#4217,#4218,#4219);
#4217 = CARTESIAN_POINT('',(81.2,-131.025,-4.5E-02));
#4218 = DIRECTION('',(-0.,-0.,-1.));
#4219 = DIRECTION('',(-0.,-1.,0.));
#4220 = ADVANCED_FACE('',(#4221),#4232,.F.);
#4221 = FACE_BOUND('',#4222,.T.);
#4222 = EDGE_LOOP('',(#4223,#4224,#4230,#4231));
#4223 = ORIENTED_EDGE('',*,*,#2732,.T.);
#4224 = ORIENTED_EDGE('',*,*,#4225,.T.);
#4225 = EDGE_CURVE('',#2733,#3310,#4226,.T.);
#4226 = LINE('',#4227,#4228);
#4227 = CARTESIAN_POINT('',(78.675,-130.131,-4.5E-02));
#4228 = VECTOR('',#4229,1.);
#4229 = DIRECTION('',(0.,0.,1.));
#4230 = ORIENTED_EDGE('',*,*,#3309,.F.);
#4231 = ORIENTED_EDGE('',*,*,#4225,.F.);
#4232 = CYLINDRICAL_SURFACE('',#4233,0.381);
#4233 = AXIS2_PLACEMENT_3D('',#4234,#4235,#4236);
#4234 = CARTESIAN_POINT('',(78.675,-129.75,-4.5E-02));
#4235 = DIRECTION('',(-0.,-0.,-1.));
#4236 = DIRECTION('',(-0.,-1.,0.));
#4237 = ADVANCED_FACE('',(#4238),#4249,.F.);
#4238 = FACE_BOUND('',#4239,.T.);
#4239 = EDGE_LOOP('',(#4240,#4241,#4247,#4248));
#4240 = ORIENTED_EDGE('',*,*,#2743,.T.);
#4241 = ORIENTED_EDGE('',*,*,#4242,.T.);
#4242 = EDGE_CURVE('',#2744,#3321,#4243,.T.);
#4243 = LINE('',#4244,#4245);
#4244 = CARTESIAN_POINT('',(81.25,-129.131,-4.5E-02));
#4245 = VECTOR('',#4246,1.);
#4246 = DIRECTION('',(0.,0.,1.));
#4247 = ORIENTED_EDGE('',*,*,#3320,.F.);
#4248 = ORIENTED_EDGE('',*,*,#4242,.F.);
#4249 = CYLINDRICAL_SURFACE('',#4250,0.381);
#4250 = AXIS2_PLACEMENT_3D('',#4251,#4252,#4253);
#4251 = CARTESIAN_POINT('',(81.25,-128.75,-4.5E-02));
#4252 = DIRECTION('',(-0.,-0.,-1.));
#4253 = DIRECTION('',(-0.,-1.,0.));
#4254 = ADVANCED_FACE('',(#4255),#4266,.F.);
#4255 = FACE_BOUND('',#4256,.T.);
#4256 = EDGE_LOOP('',(#4257,#4263,#4264,#4265));
#4257 = ORIENTED_EDGE('',*,*,#4258,.T.);
#4258 = EDGE_CURVE('',#2755,#3332,#4259,.T.);
#4259 = LINE('',#4260,#4261);
#4260 = CARTESIAN_POINT('',(73.96,-126.93703,0.));
#4261 = VECTOR('',#4262,1.);
#4262 = DIRECTION('',(0.,0.,1.));
#4263 = ORIENTED_EDGE('',*,*,#3331,.T.);
#4264 = ORIENTED_EDGE('',*,*,#4258,.F.);
#4265 = ORIENTED_EDGE('',*,*,#2754,.F.);
#4266 = CYLINDRICAL_SURFACE('',#4267,1.6);
#4267 = AXIS2_PLACEMENT_3D('',#4268,#4269,#4270);
#4268 = CARTESIAN_POINT('',(72.36,-126.93703,0.));
#4269 = DIRECTION('',(-0.,-0.,-1.));
#4270 = DIRECTION('',(1.,0.,-0.));
#4271 = ADVANCED_FACE('',(#4272),#4283,.F.);
#4272 = FACE_BOUND('',#4273,.T.);
#4273 = EDGE_LOOP('',(#4274,#4275,#4281,#4282));
#4274 = ORIENTED_EDGE('',*,*,#2765,.T.);
#4275 = ORIENTED_EDGE('',*,*,#4276,.T.);
#4276 = EDGE_CURVE('',#2766,#3343,#4277,.T.);
#4277 = LINE('',#4278,#4279);
#4278 = CARTESIAN_POINT('',(138.25,-108.5,-4.5E-02));
#4279 = VECTOR('',#4280,1.);
#4280 = DIRECTION('',(0.,0.,1.));
#4281 = ORIENTED_EDGE('',*,*,#3342,.F.);
#4282 = ORIENTED_EDGE('',*,*,#4276,.F.);
#4283 = CYLINDRICAL_SURFACE('',#4284,1.);
#4284 = AXIS2_PLACEMENT_3D('',#4285,#4286,#4287);
#4285 = CARTESIAN_POINT('',(138.25,-107.5,-4.5E-02));
#4286 = DIRECTION('',(-0.,-0.,-1.));
#4287 = DIRECTION('',(-0.,-1.,0.));
#4288 = ADVANCED_FACE('',(#4289),#4300,.F.);
#4289 = FACE_BOUND('',#4290,.T.);
#4290 = EDGE_LOOP('',(#4291,#4292,#4298,#4299));
#4291 = ORIENTED_EDGE('',*,*,#2776,.T.);
#4292 = ORIENTED_EDGE('',*,*,#4293,.T.);
#4293 = EDGE_CURVE('',#2777,#3354,#4294,.T.);
#4294 = LINE('',#4295,#4296);
#4295 = CARTESIAN_POINT('',(124.75,-108.5,-4.5E-02));
#4296 = VECTOR('',#4297,1.);
#4297 = DIRECTION('',(0.,0.,1.));
#4298 = ORIENTED_EDGE('',*,*,#3353,.F.);
#4299 = ORIENTED_EDGE('',*,*,#4293,.F.);
#4300 = CYLINDRICAL_SURFACE('',#4301,1.);
#4301 = AXIS2_PLACEMENT_3D('',#4302,#4303,#4304);
#4302 = CARTESIAN_POINT('',(124.75,-107.5,-4.5E-02));
#4303 = DIRECTION('',(-0.,-0.,-1.));
#4304 = DIRECTION('',(-0.,-1.,0.));
#4305 = ADVANCED_FACE('',(#4306),#4317,.F.);
#4306 = FACE_BOUND('',#4307,.T.);
#4307 = EDGE_LOOP('',(#4308,#4309,#4315,#4316));
#4308 = ORIENTED_EDGE('',*,*,#2787,.T.);
#4309 = ORIENTED_EDGE('',*,*,#4310,.T.);
#4310 = EDGE_CURVE('',#2788,#3365,#4311,.T.);
#4311 = LINE('',#4312,#4313);
#4312 = CARTESIAN_POINT('',(118.5,-110.6,-4.5E-02));
#4313 = VECTOR('',#4314,1.);
#4314 = DIRECTION('',(0.,0.,1.));
#4315 = ORIENTED_EDGE('',*,*,#3364,.F.);
#4316 = ORIENTED_EDGE('',*,*,#4310,.F.);
#4317 = CYLINDRICAL_SURFACE('',#4318,1.1);
#4318 = AXIS2_PLACEMENT_3D('',#4319,#4320,#4321);
#4319 = CARTESIAN_POINT('',(118.5,-109.5,-4.5E-02));
#4320 = DIRECTION('',(-0.,-0.,-1.));
#4321 = DIRECTION('',(-0.,-1.,0.));
#4322 = ADVANCED_FACE('',(#4323),#4334,.F.);
#4323 = FACE_BOUND('',#4324,.T.);
#4324 = EDGE_LOOP('',(#4325,#4326,#4332,#4333));
#4325 = ORIENTED_EDGE('',*,*,#2798,.T.);
#4326 = ORIENTED_EDGE('',*,*,#4327,.T.);
#4327 = EDGE_CURVE('',#2799,#3376,#4328,.T.);
#4328 = LINE('',#4329,#4330);
#4329 = CARTESIAN_POINT('',(89.5,-119.,-4.5E-02));
#4330 = VECTOR('',#4331,1.);
#4331 = DIRECTION('',(0.,0.,1.));
#4332 = ORIENTED_EDGE('',*,*,#3375,.F.);
#4333 = ORIENTED_EDGE('',*,*,#4327,.F.);
#4334 = CYLINDRICAL_SURFACE('',#4335,0.25);
#4335 = AXIS2_PLACEMENT_3D('',#4336,#4337,#4338);
#4336 = CARTESIAN_POINT('',(89.5,-118.75,-4.5E-02));
#4337 = DIRECTION('',(-0.,-0.,-1.));
#4338 = DIRECTION('',(-0.,-1.,0.));
#4339 = ADVANCED_FACE('',(#4340),#4351,.F.);
#4340 = FACE_BOUND('',#4341,.T.);
#4341 = EDGE_LOOP('',(#4342,#4343,#4349,#4350));
#4342 = ORIENTED_EDGE('',*,*,#2809,.T.);
#4343 = ORIENTED_EDGE('',*,*,#4344,.T.);
#4344 = EDGE_CURVE('',#2810,#3387,#4345,.T.);
#4345 = LINE('',#4346,#4347);
#4346 = CARTESIAN_POINT('',(89.5,-118.,-4.5E-02));
#4347 = VECTOR('',#4348,1.);
#4348 = DIRECTION('',(0.,0.,1.));
#4349 = ORIENTED_EDGE('',*,*,#3386,.F.);
#4350 = ORIENTED_EDGE('',*,*,#4344,.F.);
#4351 = CYLINDRICAL_SURFACE('',#4352,0.25);
#4352 = AXIS2_PLACEMENT_3D('',#4353,#4354,#4355);
#4353 = CARTESIAN_POINT('',(89.5,-117.75,-4.5E-02));
#4354 = DIRECTION('',(-0.,-0.,-1.));
#4355 = DIRECTION('',(-0.,-1.,0.));
#4356 = ADVANCED_FACE('',(#4357),#4368,.F.);
#4357 = FACE_BOUND('',#4358,.T.);
#4358 = EDGE_LOOP('',(#4359,#4360,#4366,#4367));
#4359 = ORIENTED_EDGE('',*,*,#2820,.T.);
#4360 = ORIENTED_EDGE('',*,*,#4361,.T.);
#4361 = EDGE_CURVE('',#2821,#3398,#4362,.T.);
#4362 = LINE('',#4363,#4364);
#4363 = CARTESIAN_POINT('',(89.5,-117.,-4.5E-02));
#4364 = VECTOR('',#4365,1.);
#4365 = DIRECTION('',(0.,0.,1.));
#4366 = ORIENTED_EDGE('',*,*,#3397,.F.);
#4367 = ORIENTED_EDGE('',*,*,#4361,.F.);
#4368 = CYLINDRICAL_SURFACE('',#4369,0.25);
#4369 = AXIS2_PLACEMENT_3D('',#4370,#4371,#4372);
#4370 = CARTESIAN_POINT('',(89.5,-116.75,-4.5E-02));
#4371 = DIRECTION('',(-0.,-0.,-1.));
#4372 = DIRECTION('',(-0.,-1.,0.));
#4373 = ADVANCED_FACE('',(#4374),#4385,.F.);
#4374 = FACE_BOUND('',#4375,.T.);
#4375 = EDGE_LOOP('',(#4376,#4377,#4383,#4384));
#4376 = ORIENTED_EDGE('',*,*,#2831,.T.);
#4377 = ORIENTED_EDGE('',*,*,#4378,.T.);
#4378 = EDGE_CURVE('',#2832,#3409,#4379,.T.);
#4379 = LINE('',#4380,#4381);
#4380 = CARTESIAN_POINT('',(90.5,-110.6,-4.5E-02));
#4381 = VECTOR('',#4382,1.);
#4382 = DIRECTION('',(0.,0.,1.));
#4383 = ORIENTED_EDGE('',*,*,#3408,.F.);
#4384 = ORIENTED_EDGE('',*,*,#4378,.F.);
#4385 = CYLINDRICAL_SURFACE('',#4386,1.1);
#4386 = AXIS2_PLACEMENT_3D('',#4387,#4388,#4389);
#4387 = CARTESIAN_POINT('',(90.5,-109.5,-4.5E-02));
#4388 = DIRECTION('',(-0.,-0.,-1.));
#4389 = DIRECTION('',(-0.,-1.,0.));
#4390 = ADVANCED_FACE('',(#4391),#4402,.F.);
#4391 = FACE_BOUND('',#4392,.T.);
#4392 = EDGE_LOOP('',(#4393,#4394,#4400,#4401));
#4393 = ORIENTED_EDGE('',*,*,#2842,.T.);
#4394 = ORIENTED_EDGE('',*,*,#4395,.T.);
#4395 = EDGE_CURVE('',#2843,#3420,#4396,.T.);
#4396 = LINE('',#4397,#4398);
#4397 = CARTESIAN_POINT('',(84.25,-108.5,-4.5E-02));
#4398 = VECTOR('',#4399,1.);
#4399 = DIRECTION('',(0.,0.,1.));
#4400 = ORIENTED_EDGE('',*,*,#3419,.F.);
#4401 = ORIENTED_EDGE('',*,*,#4395,.F.);
#4402 = CYLINDRICAL_SURFACE('',#4403,1.);
#4403 = AXIS2_PLACEMENT_3D('',#4404,#4405,#4406);
#4404 = CARTESIAN_POINT('',(84.25,-107.5,-4.5E-02));
#4405 = DIRECTION('',(-0.,-0.,-1.));
#4406 = DIRECTION('',(-0.,-1.,0.));
#4407 = ADVANCED_FACE('',(#4408),#4419,.F.);
#4408 = FACE_BOUND('',#4409,.T.);
#4409 = EDGE_LOOP('',(#4410,#4411,#4417,#4418));
#4410 = ORIENTED_EDGE('',*,*,#2853,.T.);
#4411 = ORIENTED_EDGE('',*,*,#4412,.T.);
#4412 = EDGE_CURVE('',#2854,#3431,#4413,.T.);
#4413 = LINE('',#4414,#4415);
#4414 = CARTESIAN_POINT('',(70.75,-108.5,-4.5E-02));
#4415 = VECTOR('',#4416,1.);
#4416 = DIRECTION('',(0.,0.,1.));
#4417 = ORIENTED_EDGE('',*,*,#3430,.F.);
#4418 = ORIENTED_EDGE('',*,*,#4412,.F.);
#4419 = CYLINDRICAL_SURFACE('',#4420,1.);
#4420 = AXIS2_PLACEMENT_3D('',#4421,#4422,#4423);
#4421 = CARTESIAN_POINT('',(70.75,-107.5,-4.5E-02));
#4422 = DIRECTION('',(-0.,-0.,-1.));
#4423 = DIRECTION('',(-0.,-1.,0.));
#4424 = ( GEOMETRIC_REPRESENTATION_CONTEXT(3) 
GLOBAL_UNCERTAINTY_ASSIGNED_CONTEXT((#4428)) 
GLOBAL_UNIT_ASSIGNED_CONTEXT((#4425,#4426,#4427)) REPRESENTATION_CONTEXT
('Context #1','3D Context with UNIT and UNCERTAINTY') );
#4425 = ( LENGTH_UNIT() NAMED_UNIT(*) SI_UNIT(.MILLI.,.METRE.) );
#4426 = ( NAMED_UNIT(*) PLANE_ANGLE_UNIT() SI_UNIT($,.RADIAN.) );
#4427 = ( NAMED_UNIT(*) SI_UNIT($,.STERADIAN.) SOLID_ANGLE_UNIT() );
#4428 = UNCERTAINTY_MEASURE_WITH_UNIT(LENGTH_MEASURE(1.E-07),#4425,
  'distance_accuracy_value','confusion accuracy');
#4429 = CONTEXT_DEPENDENT_SHAPE_REPRESENTATION(#4430,#4432);
#4430 = ( REPRESENTATION_RELATIONSHIP('','',#2184,#10) 
REPRESENTATION_RELATIONSHIP_WITH_TRANSFORMATION(#4431) 
SHAPE_REPRESENTATION_RELATIONSHIP() );
#4431 = ITEM_DEFINED_TRANSFORMATION('','',#11,#19);
#4432 = PRODUCT_DEFINITION_SHAPE('Placement','Placement of an item',
  #4433);
#4433 = NEXT_ASSEMBLY_USAGE_OCCURRENCE('3','=>[0:1:1:4]','',#5,#2179,$);
#4434 = PRODUCT_RELATED_PRODUCT_CATEGORY('part',$,(#2181));
#4435 = MECHANICAL_DESIGN_GEOMETRIC_PRESENTATION_REPRESENTATION('',(
    #4436),#4424);
#4436 = STYLED_ITEM('color',(#4437),#2185);
#4437 = PRESENTATION_STYLE_ASSIGNMENT((#4438));
#4438 = SURFACE_STYLE_USAGE(.BOTH.,#4439);
#4439 = SURFACE_SIDE_STYLE('',(#4440));
#4440 = SURFACE_STYLE_FILL_AREA(#4441);
#4441 = FILL_AREA_STYLE('',(#4442));
#4442 = FILL_AREA_STYLE_COLOUR('',#4443);
#4443 = COLOUR_RGB('',0.313304153717,0.484529207832,0.410020903123);
#4444 = MECHANICAL_DESIGN_GEOMETRIC_PRESENTATION_REPRESENTATION('',(
    #4445,#4453,#4460,#4467,#4474,#4481,#4488,#4495,#4502,#4509,#4516,
    #4523,#4530,#4537,#4544,#4551,#4558,#4565,#4572,#4579,#4586,#4593,
    #4600,#4608,#4615,#4622,#4629,#4636,#4643,#4650,#4657,#4664,#4671,
    #4678,#4685,#4692,#4699,#4706,#4713,#4720,#4727,#4734,#4741,#4748,
    #4755,#4762,#4769,#4776,#4783,#4790,#4797,#4804,#4811,#4818,#4825,
    #4832,#4839,#4846,#4853,#4860,#4867,#4874,#4881,#4888,#4895,#4902,
    #4909,#4916,#4923,#4930,#4937,#4944,#4951,#4958,#4965,#4972),#2166);
#4445 = STYLED_ITEM('color',(#4446),#62);
#4446 = PRESENTATION_STYLE_ASSIGNMENT((#4447));
#4447 = SURFACE_STYLE_USAGE(.BOTH.,#4448);
#4448 = SURFACE_SIDE_STYLE('',(#4449));
#4449 = SURFACE_STYLE_FILL_AREA(#4450);
#4450 = FILL_AREA_STYLE('',(#4451));
#4451 = FILL_AREA_STYLE_COLOUR('',#4452);
#4452 = COLOUR_RGB('',0.147999998088,0.144999993226,0.144999993226);
#4453 = STYLED_ITEM('color',(#4454),#102);
#4454 = PRESENTATION_STYLE_ASSIGNMENT((#4455));
#4455 = SURFACE_STYLE_USAGE(.BOTH.,#4456);
#4456 = SURFACE_SIDE_STYLE('',(#4457));
#4457 = SURFACE_STYLE_FILL_AREA(#4458);
#4458 = FILL_AREA_STYLE('',(#4459));
#4459 = FILL_AREA_STYLE_COLOUR('',#4452);
#4460 = STYLED_ITEM('color',(#4461),#133);
#4461 = PRESENTATION_STYLE_ASSIGNMENT((#4462));
#4462 = SURFACE_STYLE_USAGE(.BOTH.,#4463);
#4463 = SURFACE_SIDE_STYLE('',(#4464));
#4464 = SURFACE_STYLE_FILL_AREA(#4465);
#4465 = FILL_AREA_STYLE('',(#4466));
#4466 = FILL_AREA_STYLE_COLOUR('',#4452);
#4467 = STYLED_ITEM('color',(#4468),#164);
#4468 = PRESENTATION_STYLE_ASSIGNMENT((#4469));
#4469 = SURFACE_STYLE_USAGE(.BOTH.,#4470);
#4470 = SURFACE_SIDE_STYLE('',(#4471));
#4471 = SURFACE_STYLE_FILL_AREA(#4472);
#4472 = FILL_AREA_STYLE('',(#4473));
#4473 = FILL_AREA_STYLE_COLOUR('',#4452);
#4474 = STYLED_ITEM('color',(#4475),#411);
#4475 = PRESENTATION_STYLE_ASSIGNMENT((#4476));
#4476 = SURFACE_STYLE_USAGE(.BOTH.,#4477);
#4477 = SURFACE_SIDE_STYLE('',(#4478));
#4478 = SURFACE_STYLE_FILL_AREA(#4479);
#4479 = FILL_AREA_STYLE('',(#4480));
#4480 = FILL_AREA_STYLE_COLOUR('',#4452);
#4481 = STYLED_ITEM('color',(#4482),#658);
#4482 = PRESENTATION_STYLE_ASSIGNMENT((#4483));
#4483 = SURFACE_STYLE_USAGE(.BOTH.,#4484);
#4484 = SURFACE_SIDE_STYLE('',(#4485));
#4485 = SURFACE_STYLE_FILL_AREA(#4486);
#4486 = FILL_AREA_STYLE('',(#4487));
#4487 = FILL_AREA_STYLE_COLOUR('',#4452);
#4488 = STYLED_ITEM('color',(#4489),#675);
#4489 = PRESENTATION_STYLE_ASSIGNMENT((#4490));
#4490 = SURFACE_STYLE_USAGE(.BOTH.,#4491);
#4491 = SURFACE_SIDE_STYLE('',(#4492));
#4492 = SURFACE_STYLE_FILL_AREA(#4493);
#4493 = FILL_AREA_STYLE('',(#4494));
#4494 = FILL_AREA_STYLE_COLOUR('',#4452);
#4495 = STYLED_ITEM('color',(#4496),#692);
#4496 = PRESENTATION_STYLE_ASSIGNMENT((#4497));
#4497 = SURFACE_STYLE_USAGE(.BOTH.,#4498);
#4498 = SURFACE_SIDE_STYLE('',(#4499));
#4499 = SURFACE_STYLE_FILL_AREA(#4500);
#4500 = FILL_AREA_STYLE('',(#4501));
#4501 = FILL_AREA_STYLE_COLOUR('',#4452);
#4502 = STYLED_ITEM('color',(#4503),#709);
#4503 = PRESENTATION_STYLE_ASSIGNMENT((#4504));
#4504 = SURFACE_STYLE_USAGE(.BOTH.,#4505);
#4505 = SURFACE_SIDE_STYLE('',(#4506));
#4506 = SURFACE_STYLE_FILL_AREA(#4507);
#4507 = FILL_AREA_STYLE('',(#4508));
#4508 = FILL_AREA_STYLE_COLOUR('',#4452);
#4509 = STYLED_ITEM('color',(#4510),#726);
#4510 = PRESENTATION_STYLE_ASSIGNMENT((#4511));
#4511 = SURFACE_STYLE_USAGE(.BOTH.,#4512);
#4512 = SURFACE_SIDE_STYLE('',(#4513));
#4513 = SURFACE_STYLE_FILL_AREA(#4514);
#4514 = FILL_AREA_STYLE('',(#4515));
#4515 = FILL_AREA_STYLE_COLOUR('',#4452);
#4516 = STYLED_ITEM('color',(#4517),#743);
#4517 = PRESENTATION_STYLE_ASSIGNMENT((#4518));
#4518 = SURFACE_STYLE_USAGE(.BOTH.,#4519);
#4519 = SURFACE_SIDE_STYLE('',(#4520));
#4520 = SURFACE_STYLE_FILL_AREA(#4521);
#4521 = FILL_AREA_STYLE('',(#4522));
#4522 = FILL_AREA_STYLE_COLOUR('',#4452);
#4523 = STYLED_ITEM('color',(#4524),#760);
#4524 = PRESENTATION_STYLE_ASSIGNMENT((#4525));
#4525 = SURFACE_STYLE_USAGE(.BOTH.,#4526);
#4526 = SURFACE_SIDE_STYLE('',(#4527));
#4527 = SURFACE_STYLE_FILL_AREA(#4528);
#4528 = FILL_AREA_STYLE('',(#4529));
#4529 = FILL_AREA_STYLE_COLOUR('',#4452);
#4530 = STYLED_ITEM('color',(#4531),#777);
#4531 = PRESENTATION_STYLE_ASSIGNMENT((#4532));
#4532 = SURFACE_STYLE_USAGE(.BOTH.,#4533);
#4533 = SURFACE_SIDE_STYLE('',(#4534));
#4534 = SURFACE_STYLE_FILL_AREA(#4535);
#4535 = FILL_AREA_STYLE('',(#4536));
#4536 = FILL_AREA_STYLE_COLOUR('',#4452);
#4537 = STYLED_ITEM('color',(#4538),#794);
#4538 = PRESENTATION_STYLE_ASSIGNMENT((#4539));
#4539 = SURFACE_STYLE_USAGE(.BOTH.,#4540);
#4540 = SURFACE_SIDE_STYLE('',(#4541));
#4541 = SURFACE_STYLE_FILL_AREA(#4542);
#4542 = FILL_AREA_STYLE('',(#4543));
#4543 = FILL_AREA_STYLE_COLOUR('',#4452);
#4544 = STYLED_ITEM('color',(#4545),#811);
#4545 = PRESENTATION_STYLE_ASSIGNMENT((#4546));
#4546 = SURFACE_STYLE_USAGE(.BOTH.,#4547);
#4547 = SURFACE_SIDE_STYLE('',(#4548));
#4548 = SURFACE_STYLE_FILL_AREA(#4549);
#4549 = FILL_AREA_STYLE('',(#4550));
#4550 = FILL_AREA_STYLE_COLOUR('',#4452);
#4551 = STYLED_ITEM('color',(#4552),#828);
#4552 = PRESENTATION_STYLE_ASSIGNMENT((#4553));
#4553 = SURFACE_STYLE_USAGE(.BOTH.,#4554);
#4554 = SURFACE_SIDE_STYLE('',(#4555));
#4555 = SURFACE_STYLE_FILL_AREA(#4556);
#4556 = FILL_AREA_STYLE('',(#4557));
#4557 = FILL_AREA_STYLE_COLOUR('',#4452);
#4558 = STYLED_ITEM('color',(#4559),#845);
#4559 = PRESENTATION_STYLE_ASSIGNMENT((#4560));
#4560 = SURFACE_STYLE_USAGE(.BOTH.,#4561);
#4561 = SURFACE_SIDE_STYLE('',(#4562));
#4562 = SURFACE_STYLE_FILL_AREA(#4563);
#4563 = FILL_AREA_STYLE('',(#4564));
#4564 = FILL_AREA_STYLE_COLOUR('',#4452);
#4565 = STYLED_ITEM('color',(#4566),#862);
#4566 = PRESENTATION_STYLE_ASSIGNMENT((#4567));
#4567 = SURFACE_STYLE_USAGE(.BOTH.,#4568);
#4568 = SURFACE_SIDE_STYLE('',(#4569));
#4569 = SURFACE_STYLE_FILL_AREA(#4570);
#4570 = FILL_AREA_STYLE('',(#4571));
#4571 = FILL_AREA_STYLE_COLOUR('',#4452);
#4572 = STYLED_ITEM('color',(#4573),#879);
#4573 = PRESENTATION_STYLE_ASSIGNMENT((#4574));
#4574 = SURFACE_STYLE_USAGE(.BOTH.,#4575);
#4575 = SURFACE_SIDE_STYLE('',(#4576));
#4576 = SURFACE_STYLE_FILL_AREA(#4577);
#4577 = FILL_AREA_STYLE('',(#4578));
#4578 = FILL_AREA_STYLE_COLOUR('',#4452);
#4579 = STYLED_ITEM('color',(#4580),#896);
#4580 = PRESENTATION_STYLE_ASSIGNMENT((#4581));
#4581 = SURFACE_STYLE_USAGE(.BOTH.,#4582);
#4582 = SURFACE_SIDE_STYLE('',(#4583));
#4583 = SURFACE_STYLE_FILL_AREA(#4584);
#4584 = FILL_AREA_STYLE('',(#4585));
#4585 = FILL_AREA_STYLE_COLOUR('',#4452);
#4586 = STYLED_ITEM('color',(#4587),#913);
#4587 = PRESENTATION_STYLE_ASSIGNMENT((#4588));
#4588 = SURFACE_STYLE_USAGE(.BOTH.,#4589);
#4589 = SURFACE_SIDE_STYLE('',(#4590));
#4590 = SURFACE_STYLE_FILL_AREA(#4591);
#4591 = FILL_AREA_STYLE('',(#4592));
#4592 = FILL_AREA_STYLE_COLOUR('',#4452);
#4593 = STYLED_ITEM('color',(#4594),#930);
#4594 = PRESENTATION_STYLE_ASSIGNMENT((#4595));
#4595 = SURFACE_STYLE_USAGE(.BOTH.,#4596);
#4596 = SURFACE_SIDE_STYLE('',(#4597));
#4597 = SURFACE_STYLE_FILL_AREA(#4598);
#4598 = FILL_AREA_STYLE('',(#4599));
#4599 = FILL_AREA_STYLE_COLOUR('',#4452);
#4600 = STYLED_ITEM('color',(#4601),#942);
#4601 = PRESENTATION_STYLE_ASSIGNMENT((#4602));
#4602 = SURFACE_STYLE_USAGE(.BOTH.,#4603);
#4603 = SURFACE_SIDE_STYLE('',(#4604));
#4604 = SURFACE_STYLE_FILL_AREA(#4605);
#4605 = FILL_AREA_STYLE('',(#4606));
#4606 = FILL_AREA_STYLE_COLOUR('',#4607);
#4607 = COLOUR_RGB('',0.859000020776,0.737999965183,0.495999988746);
#4608 = STYLED_ITEM('color',(#4609),#973);
#4609 = PRESENTATION_STYLE_ASSIGNMENT((#4610));
#4610 = SURFACE_STYLE_USAGE(.BOTH.,#4611);
#4611 = SURFACE_SIDE_STYLE('',(#4612));
#4612 = SURFACE_STYLE_FILL_AREA(#4613);
#4613 = FILL_AREA_STYLE('',(#4614));
#4614 = FILL_AREA_STYLE_COLOUR('',#4607);
#4615 = STYLED_ITEM('color',(#4616),#997);
#4616 = PRESENTATION_STYLE_ASSIGNMENT((#4617));
#4617 = SURFACE_STYLE_USAGE(.BOTH.,#4618);
#4618 = SURFACE_SIDE_STYLE('',(#4619));
#4619 = SURFACE_STYLE_FILL_AREA(#4620);
#4620 = FILL_AREA_STYLE('',(#4621));
#4621 = FILL_AREA_STYLE_COLOUR('',#4607);
#4622 = STYLED_ITEM('color',(#4623),#1021);
#4623 = PRESENTATION_STYLE_ASSIGNMENT((#4624));
#4624 = SURFACE_STYLE_USAGE(.BOTH.,#4625);
#4625 = SURFACE_SIDE_STYLE('',(#4626));
#4626 = SURFACE_STYLE_FILL_AREA(#4627);
#4627 = FILL_AREA_STYLE('',(#4628));
#4628 = FILL_AREA_STYLE_COLOUR('',#4607);
#4629 = STYLED_ITEM('color',(#4630),#1038);
#4630 = PRESENTATION_STYLE_ASSIGNMENT((#4631));
#4631 = SURFACE_STYLE_USAGE(.BOTH.,#4632);
#4632 = SURFACE_SIDE_STYLE('',(#4633));
#4633 = SURFACE_STYLE_FILL_AREA(#4634);
#4634 = FILL_AREA_STYLE('',(#4635));
#4635 = FILL_AREA_STYLE_COLOUR('',#4607);
#4636 = STYLED_ITEM('color',(#4637),#1069);
#4637 = PRESENTATION_STYLE_ASSIGNMENT((#4638));
#4638 = SURFACE_STYLE_USAGE(.BOTH.,#4639);
#4639 = SURFACE_SIDE_STYLE('',(#4640));
#4640 = SURFACE_STYLE_FILL_AREA(#4641);
#4641 = FILL_AREA_STYLE('',(#4642));
#4642 = FILL_AREA_STYLE_COLOUR('',#4607);
#4643 = STYLED_ITEM('color',(#4644),#1093);
#4644 = PRESENTATION_STYLE_ASSIGNMENT((#4645));
#4645 = SURFACE_STYLE_USAGE(.BOTH.,#4646);
#4646 = SURFACE_SIDE_STYLE('',(#4647));
#4647 = SURFACE_STYLE_FILL_AREA(#4648);
#4648 = FILL_AREA_STYLE('',(#4649));
#4649 = FILL_AREA_STYLE_COLOUR('',#4607);
#4650 = STYLED_ITEM('color',(#4651),#1117);
#4651 = PRESENTATION_STYLE_ASSIGNMENT((#4652));
#4652 = SURFACE_STYLE_USAGE(.BOTH.,#4653);
#4653 = SURFACE_SIDE_STYLE('',(#4654));
#4654 = SURFACE_STYLE_FILL_AREA(#4655);
#4655 = FILL_AREA_STYLE('',(#4656));
#4656 = FILL_AREA_STYLE_COLOUR('',#4607);
#4657 = STYLED_ITEM('color',(#4658),#1134);
#4658 = PRESENTATION_STYLE_ASSIGNMENT((#4659));
#4659 = SURFACE_STYLE_USAGE(.BOTH.,#4660);
#4660 = SURFACE_SIDE_STYLE('',(#4661));
#4661 = SURFACE_STYLE_FILL_AREA(#4662);
#4662 = FILL_AREA_STYLE('',(#4663));
#4663 = FILL_AREA_STYLE_COLOUR('',#4607);
#4664 = STYLED_ITEM('color',(#4665),#1165);
#4665 = PRESENTATION_STYLE_ASSIGNMENT((#4666));
#4666 = SURFACE_STYLE_USAGE(.BOTH.,#4667);
#4667 = SURFACE_SIDE_STYLE('',(#4668));
#4668 = SURFACE_STYLE_FILL_AREA(#4669);
#4669 = FILL_AREA_STYLE('',(#4670));
#4670 = FILL_AREA_STYLE_COLOUR('',#4607);
#4671 = STYLED_ITEM('color',(#4672),#1189);
#4672 = PRESENTATION_STYLE_ASSIGNMENT((#4673));
#4673 = SURFACE_STYLE_USAGE(.BOTH.,#4674);
#4674 = SURFACE_SIDE_STYLE('',(#4675));
#4675 = SURFACE_STYLE_FILL_AREA(#4676);
#4676 = FILL_AREA_STYLE('',(#4677));
#4677 = FILL_AREA_STYLE_COLOUR('',#4607);
#4678 = STYLED_ITEM('color',(#4679),#1213);
#4679 = PRESENTATION_STYLE_ASSIGNMENT((#4680));
#4680 = SURFACE_STYLE_USAGE(.BOTH.,#4681);
#4681 = SURFACE_SIDE_STYLE('',(#4682));
#4682 = SURFACE_STYLE_FILL_AREA(#4683);
#4683 = FILL_AREA_STYLE('',(#4684));
#4684 = FILL_AREA_STYLE_COLOUR('',#4607);
#4685 = STYLED_ITEM('color',(#4686),#1230);
#4686 = PRESENTATION_STYLE_ASSIGNMENT((#4687));
#4687 = SURFACE_STYLE_USAGE(.BOTH.,#4688);
#4688 = SURFACE_SIDE_STYLE('',(#4689));
#4689 = SURFACE_STYLE_FILL_AREA(#4690);
#4690 = FILL_AREA_STYLE('',(#4691));
#4691 = FILL_AREA_STYLE_COLOUR('',#4607);
#4692 = STYLED_ITEM('color',(#4693),#1261);
#4693 = PRESENTATION_STYLE_ASSIGNMENT((#4694));
#4694 = SURFACE_STYLE_USAGE(.BOTH.,#4695);
#4695 = SURFACE_SIDE_STYLE('',(#4696));
#4696 = SURFACE_STYLE_FILL_AREA(#4697);
#4697 = FILL_AREA_STYLE('',(#4698));
#4698 = FILL_AREA_STYLE_COLOUR('',#4607);
#4699 = STYLED_ITEM('color',(#4700),#1285);
#4700 = PRESENTATION_STYLE_ASSIGNMENT((#4701));
#4701 = SURFACE_STYLE_USAGE(.BOTH.,#4702);
#4702 = SURFACE_SIDE_STYLE('',(#4703));
#4703 = SURFACE_STYLE_FILL_AREA(#4704);
#4704 = FILL_AREA_STYLE('',(#4705));
#4705 = FILL_AREA_STYLE_COLOUR('',#4607);
#4706 = STYLED_ITEM('color',(#4707),#1309);
#4707 = PRESENTATION_STYLE_ASSIGNMENT((#4708));
#4708 = SURFACE_STYLE_USAGE(.BOTH.,#4709);
#4709 = SURFACE_SIDE_STYLE('',(#4710));
#4710 = SURFACE_STYLE_FILL_AREA(#4711);
#4711 = FILL_AREA_STYLE('',(#4712));
#4712 = FILL_AREA_STYLE_COLOUR('',#4607);
#4713 = STYLED_ITEM('color',(#4714),#1326);
#4714 = PRESENTATION_STYLE_ASSIGNMENT((#4715));
#4715 = SURFACE_STYLE_USAGE(.BOTH.,#4716);
#4716 = SURFACE_SIDE_STYLE('',(#4717));
#4717 = SURFACE_STYLE_FILL_AREA(#4718);
#4718 = FILL_AREA_STYLE('',(#4719));
#4719 = FILL_AREA_STYLE_COLOUR('',#4607);
#4720 = STYLED_ITEM('color',(#4721),#1357);
#4721 = PRESENTATION_STYLE_ASSIGNMENT((#4722));
#4722 = SURFACE_STYLE_USAGE(.BOTH.,#4723);
#4723 = SURFACE_SIDE_STYLE('',(#4724));
#4724 = SURFACE_STYLE_FILL_AREA(#4725);
#4725 = FILL_AREA_STYLE('',(#4726));
#4726 = FILL_AREA_STYLE_COLOUR('',#4607);
#4727 = STYLED_ITEM('color',(#4728),#1381);
#4728 = PRESENTATION_STYLE_ASSIGNMENT((#4729));
#4729 = SURFACE_STYLE_USAGE(.BOTH.,#4730);
#4730 = SURFACE_SIDE_STYLE('',(#4731));
#4731 = SURFACE_STYLE_FILL_AREA(#4732);
#4732 = FILL_AREA_STYLE('',(#4733));
#4733 = FILL_AREA_STYLE_COLOUR('',#4607);
#4734 = STYLED_ITEM('color',(#4735),#1405);
#4735 = PRESENTATION_STYLE_ASSIGNMENT((#4736));
#4736 = SURFACE_STYLE_USAGE(.BOTH.,#4737);
#4737 = SURFACE_SIDE_STYLE('',(#4738));
#4738 = SURFACE_STYLE_FILL_AREA(#4739);
#4739 = FILL_AREA_STYLE('',(#4740));
#4740 = FILL_AREA_STYLE_COLOUR('',#4607);
#4741 = STYLED_ITEM('color',(#4742),#1422);
#4742 = PRESENTATION_STYLE_ASSIGNMENT((#4743));
#4743 = SURFACE_STYLE_USAGE(.BOTH.,#4744);
#4744 = SURFACE_SIDE_STYLE('',(#4745));
#4745 = SURFACE_STYLE_FILL_AREA(#4746);
#4746 = FILL_AREA_STYLE('',(#4747));
#4747 = FILL_AREA_STYLE_COLOUR('',#4607);
#4748 = STYLED_ITEM('color',(#4749),#1453);
#4749 = PRESENTATION_STYLE_ASSIGNMENT((#4750));
#4750 = SURFACE_STYLE_USAGE(.BOTH.,#4751);
#4751 = SURFACE_SIDE_STYLE('',(#4752));
#4752 = SURFACE_STYLE_FILL_AREA(#4753);
#4753 = FILL_AREA_STYLE('',(#4754));
#4754 = FILL_AREA_STYLE_COLOUR('',#4607);
#4755 = STYLED_ITEM('color',(#4756),#1477);
#4756 = PRESENTATION_STYLE_ASSIGNMENT((#4757));
#4757 = SURFACE_STYLE_USAGE(.BOTH.,#4758);
#4758 = SURFACE_SIDE_STYLE('',(#4759));
#4759 = SURFACE_STYLE_FILL_AREA(#4760);
#4760 = FILL_AREA_STYLE('',(#4761));
#4761 = FILL_AREA_STYLE_COLOUR('',#4607);
#4762 = STYLED_ITEM('color',(#4763),#1501);
#4763 = PRESENTATION_STYLE_ASSIGNMENT((#4764));
#4764 = SURFACE_STYLE_USAGE(.BOTH.,#4765);
#4765 = SURFACE_SIDE_STYLE('',(#4766));
#4766 = SURFACE_STYLE_FILL_AREA(#4767);
#4767 = FILL_AREA_STYLE('',(#4768));
#4768 = FILL_AREA_STYLE_COLOUR('',#4607);
#4769 = STYLED_ITEM('color',(#4770),#1518);
#4770 = PRESENTATION_STYLE_ASSIGNMENT((#4771));
#4771 = SURFACE_STYLE_USAGE(.BOTH.,#4772);
#4772 = SURFACE_SIDE_STYLE('',(#4773));
#4773 = SURFACE_STYLE_FILL_AREA(#4774);
#4774 = FILL_AREA_STYLE('',(#4775));
#4775 = FILL_AREA_STYLE_COLOUR('',#4607);
#4776 = STYLED_ITEM('color',(#4777),#1549);
#4777 = PRESENTATION_STYLE_ASSIGNMENT((#4778));
#4778 = SURFACE_STYLE_USAGE(.BOTH.,#4779);
#4779 = SURFACE_SIDE_STYLE('',(#4780));
#4780 = SURFACE_STYLE_FILL_AREA(#4781);
#4781 = FILL_AREA_STYLE('',(#4782));
#4782 = FILL_AREA_STYLE_COLOUR('',#4607);
#4783 = STYLED_ITEM('color',(#4784),#1573);
#4784 = PRESENTATION_STYLE_ASSIGNMENT((#4785));
#4785 = SURFACE_STYLE_USAGE(.BOTH.,#4786);
#4786 = SURFACE_SIDE_STYLE('',(#4787));
#4787 = SURFACE_STYLE_FILL_AREA(#4788);
#4788 = FILL_AREA_STYLE('',(#4789));
#4789 = FILL_AREA_STYLE_COLOUR('',#4607);
#4790 = STYLED_ITEM('color',(#4791),#1597);
#4791 = PRESENTATION_STYLE_ASSIGNMENT((#4792));
#4792 = SURFACE_STYLE_USAGE(.BOTH.,#4793);
#4793 = SURFACE_SIDE_STYLE('',(#4794));
#4794 = SURFACE_STYLE_FILL_AREA(#4795);
#4795 = FILL_AREA_STYLE('',(#4796));
#4796 = FILL_AREA_STYLE_COLOUR('',#4607);
#4797 = STYLED_ITEM('color',(#4798),#1614);
#4798 = PRESENTATION_STYLE_ASSIGNMENT((#4799));
#4799 = SURFACE_STYLE_USAGE(.BOTH.,#4800);
#4800 = SURFACE_SIDE_STYLE('',(#4801));
#4801 = SURFACE_STYLE_FILL_AREA(#4802);
#4802 = FILL_AREA_STYLE('',(#4803));
#4803 = FILL_AREA_STYLE_COLOUR('',#4607);
#4804 = STYLED_ITEM('color',(#4805),#1645);
#4805 = PRESENTATION_STYLE_ASSIGNMENT((#4806));
#4806 = SURFACE_STYLE_USAGE(.BOTH.,#4807);
#4807 = SURFACE_SIDE_STYLE('',(#4808));
#4808 = SURFACE_STYLE_FILL_AREA(#4809);
#4809 = FILL_AREA_STYLE('',(#4810));
#4810 = FILL_AREA_STYLE_COLOUR('',#4607);
#4811 = STYLED_ITEM('color',(#4812),#1669);
#4812 = PRESENTATION_STYLE_ASSIGNMENT((#4813));
#4813 = SURFACE_STYLE_USAGE(.BOTH.,#4814);
#4814 = SURFACE_SIDE_STYLE('',(#4815));
#4815 = SURFACE_STYLE_FILL_AREA(#4816);
#4816 = FILL_AREA_STYLE('',(#4817));
#4817 = FILL_AREA_STYLE_COLOUR('',#4607);
#4818 = STYLED_ITEM('color',(#4819),#1693);
#4819 = PRESENTATION_STYLE_ASSIGNMENT((#4820));
#4820 = SURFACE_STYLE_USAGE(.BOTH.,#4821);
#4821 = SURFACE_SIDE_STYLE('',(#4822));
#4822 = SURFACE_STYLE_FILL_AREA(#4823);
#4823 = FILL_AREA_STYLE('',(#4824));
#4824 = FILL_AREA_STYLE_COLOUR('',#4607);
#4825 = STYLED_ITEM('color',(#4826),#1710);
#4826 = PRESENTATION_STYLE_ASSIGNMENT((#4827));
#4827 = SURFACE_STYLE_USAGE(.BOTH.,#4828);
#4828 = SURFACE_SIDE_STYLE('',(#4829));
#4829 = SURFACE_STYLE_FILL_AREA(#4830);
#4830 = FILL_AREA_STYLE('',(#4831));
#4831 = FILL_AREA_STYLE_COLOUR('',#4607);
#4832 = STYLED_ITEM('color',(#4833),#1741);
#4833 = PRESENTATION_STYLE_ASSIGNMENT((#4834));
#4834 = SURFACE_STYLE_USAGE(.BOTH.,#4835);
#4835 = SURFACE_SIDE_STYLE('',(#4836));
#4836 = SURFACE_STYLE_FILL_AREA(#4837);
#4837 = FILL_AREA_STYLE('',(#4838));
#4838 = FILL_AREA_STYLE_COLOUR('',#4607);
#4839 = STYLED_ITEM('color',(#4840),#1765);
#4840 = PRESENTATION_STYLE_ASSIGNMENT((#4841));
#4841 = SURFACE_STYLE_USAGE(.BOTH.,#4842);
#4842 = SURFACE_SIDE_STYLE('',(#4843));
#4843 = SURFACE_STYLE_FILL_AREA(#4844);
#4844 = FILL_AREA_STYLE('',(#4845));
#4845 = FILL_AREA_STYLE_COLOUR('',#4607);
#4846 = STYLED_ITEM('color',(#4847),#1789);
#4847 = PRESENTATION_STYLE_ASSIGNMENT((#4848));
#4848 = SURFACE_STYLE_USAGE(.BOTH.,#4849);
#4849 = SURFACE_SIDE_STYLE('',(#4850));
#4850 = SURFACE_STYLE_FILL_AREA(#4851);
#4851 = FILL_AREA_STYLE('',(#4852));
#4852 = FILL_AREA_STYLE_COLOUR('',#4607);
#4853 = STYLED_ITEM('color',(#4854),#1806);
#4854 = PRESENTATION_STYLE_ASSIGNMENT((#4855));
#4855 = SURFACE_STYLE_USAGE(.BOTH.,#4856);
#4856 = SURFACE_SIDE_STYLE('',(#4857));
#4857 = SURFACE_STYLE_FILL_AREA(#4858);
#4858 = FILL_AREA_STYLE('',(#4859));
#4859 = FILL_AREA_STYLE_COLOUR('',#4607);
#4860 = STYLED_ITEM('color',(#4861),#1837);
#4861 = PRESENTATION_STYLE_ASSIGNMENT((#4862));
#4862 = SURFACE_STYLE_USAGE(.BOTH.,#4863);
#4863 = SURFACE_SIDE_STYLE('',(#4864));
#4864 = SURFACE_STYLE_FILL_AREA(#4865);
#4865 = FILL_AREA_STYLE('',(#4866));
#4866 = FILL_AREA_STYLE_COLOUR('',#4607);
#4867 = STYLED_ITEM('color',(#4868),#1861);
#4868 = PRESENTATION_STYLE_ASSIGNMENT((#4869));
#4869 = SURFACE_STYLE_USAGE(.BOTH.,#4870);
#4870 = SURFACE_SIDE_STYLE('',(#4871));
#4871 = SURFACE_STYLE_FILL_AREA(#4872);
#4872 = FILL_AREA_STYLE('',(#4873));
#4873 = FILL_AREA_STYLE_COLOUR('',#4607);
#4874 = STYLED_ITEM('color',(#4875),#1885);
#4875 = PRESENTATION_STYLE_ASSIGNMENT((#4876));
#4876 = SURFACE_STYLE_USAGE(.BOTH.,#4877);
#4877 = SURFACE_SIDE_STYLE('',(#4878));
#4878 = SURFACE_STYLE_FILL_AREA(#4879);
#4879 = FILL_AREA_STYLE('',(#4880));
#4880 = FILL_AREA_STYLE_COLOUR('',#4607);
#4881 = STYLED_ITEM('color',(#4882),#1902);
#4882 = PRESENTATION_STYLE_ASSIGNMENT((#4883));
#4883 = SURFACE_STYLE_USAGE(.BOTH.,#4884);
#4884 = SURFACE_SIDE_STYLE('',(#4885));
#4885 = SURFACE_STYLE_FILL_AREA(#4886);
#4886 = FILL_AREA_STYLE('',(#4887));
#4887 = FILL_AREA_STYLE_COLOUR('',#4607);
#4888 = STYLED_ITEM('color',(#4889),#1933);
#4889 = PRESENTATION_STYLE_ASSIGNMENT((#4890));
#4890 = SURFACE_STYLE_USAGE(.BOTH.,#4891);
#4891 = SURFACE_SIDE_STYLE('',(#4892));
#4892 = SURFACE_STYLE_FILL_AREA(#4893);
#4893 = FILL_AREA_STYLE('',(#4894));
#4894 = FILL_AREA_STYLE_COLOUR('',#4607);
#4895 = STYLED_ITEM('color',(#4896),#1957);
#4896 = PRESENTATION_STYLE_ASSIGNMENT((#4897));
#4897 = SURFACE_STYLE_USAGE(.BOTH.,#4898);
#4898 = SURFACE_SIDE_STYLE('',(#4899));
#4899 = SURFACE_STYLE_FILL_AREA(#4900);
#4900 = FILL_AREA_STYLE('',(#4901));
#4901 = FILL_AREA_STYLE_COLOUR('',#4607);
#4902 = STYLED_ITEM('color',(#4903),#1981);
#4903 = PRESENTATION_STYLE_ASSIGNMENT((#4904));
#4904 = SURFACE_STYLE_USAGE(.BOTH.,#4905);
#4905 = SURFACE_SIDE_STYLE('',(#4906));
#4906 = SURFACE_STYLE_FILL_AREA(#4907);
#4907 = FILL_AREA_STYLE('',(#4908));
#4908 = FILL_AREA_STYLE_COLOUR('',#4607);
#4909 = STYLED_ITEM('color',(#4910),#1998);
#4910 = PRESENTATION_STYLE_ASSIGNMENT((#4911));
#4911 = SURFACE_STYLE_USAGE(.BOTH.,#4912);
#4912 = SURFACE_SIDE_STYLE('',(#4913));
#4913 = SURFACE_STYLE_FILL_AREA(#4914);
#4914 = FILL_AREA_STYLE('',(#4915));
#4915 = FILL_AREA_STYLE_COLOUR('',#4607);
#4916 = STYLED_ITEM('color',(#4917),#2029);
#4917 = PRESENTATION_STYLE_ASSIGNMENT((#4918));
#4918 = SURFACE_STYLE_USAGE(.BOTH.,#4919);
#4919 = SURFACE_SIDE_STYLE('',(#4920));
#4920 = SURFACE_STYLE_FILL_AREA(#4921);
#4921 = FILL_AREA_STYLE('',(#4922));
#4922 = FILL_AREA_STYLE_COLOUR('',#4607);
#4923 = STYLED_ITEM('color',(#4924),#2053);
#4924 = PRESENTATION_STYLE_ASSIGNMENT((#4925));
#4925 = SURFACE_STYLE_USAGE(.BOTH.,#4926);
#4926 = SURFACE_SIDE_STYLE('',(#4927));
#4927 = SURFACE_STYLE_FILL_AREA(#4928);
#4928 = FILL_AREA_STYLE('',(#4929));
#4929 = FILL_AREA_STYLE_COLOUR('',#4607);
#4930 = STYLED_ITEM('color',(#4931),#2077);
#4931 = PRESENTATION_STYLE_ASSIGNMENT((#4932));
#4932 = SURFACE_STYLE_USAGE(.BOTH.,#4933);
#4933 = SURFACE_SIDE_STYLE('',(#4934));
#4934 = SURFACE_STYLE_FILL_AREA(#4935);
#4935 = FILL_AREA_STYLE('',(#4936));
#4936 = FILL_AREA_STYLE_COLOUR('',#4607);
#4937 = STYLED_ITEM('color',(#4938),#2094);
#4938 = PRESENTATION_STYLE_ASSIGNMENT((#4939));
#4939 = SURFACE_STYLE_USAGE(.BOTH.,#4940);
#4940 = SURFACE_SIDE_STYLE('',(#4941));
#4941 = SURFACE_STYLE_FILL_AREA(#4942);
#4942 = FILL_AREA_STYLE('',(#4943));
#4943 = FILL_AREA_STYLE_COLOUR('',#4607);
#4944 = STYLED_ITEM('color',(#4945),#2106);
#4945 = PRESENTATION_STYLE_ASSIGNMENT((#4946));
#4946 = SURFACE_STYLE_USAGE(.BOTH.,#4947);
#4947 = SURFACE_SIDE_STYLE('',(#4948));
#4948 = SURFACE_STYLE_FILL_AREA(#4949);
#4949 = FILL_AREA_STYLE('',(#4950));
#4950 = FILL_AREA_STYLE_COLOUR('',#4607);
#4951 = STYLED_ITEM('color',(#4952),#2118);
#4952 = PRESENTATION_STYLE_ASSIGNMENT((#4953));
#4953 = SURFACE_STYLE_USAGE(.BOTH.,#4954);
#4954 = SURFACE_SIDE_STYLE('',(#4955));
#4955 = SURFACE_STYLE_FILL_AREA(#4956);
#4956 = FILL_AREA_STYLE('',(#4957));
#4957 = FILL_AREA_STYLE_COLOUR('',#4607);
#4958 = STYLED_ITEM('color',(#4959),#2130);
#4959 = PRESENTATION_STYLE_ASSIGNMENT((#4960));
#4960 = SURFACE_STYLE_USAGE(.BOTH.,#4961);
#4961 = SURFACE_SIDE_STYLE('',(#4962));
#4962 = SURFACE_STYLE_FILL_AREA(#4963);
#4963 = FILL_AREA_STYLE('',(#4964));
#4964 = FILL_AREA_STYLE_COLOUR('',#4607);
#4965 = STYLED_ITEM('color',(#4966),#2142);
#4966 = PRESENTATION_STYLE_ASSIGNMENT((#4967));
#4967 = SURFACE_STYLE_USAGE(.BOTH.,#4968);
#4968 = SURFACE_SIDE_STYLE('',(#4969));
#4969 = SURFACE_STYLE_FILL_AREA(#4970);
#4970 = FILL_AREA_STYLE('',(#4971));
#4971 = FILL_AREA_STYLE_COLOUR('',#4607);
#4972 = STYLED_ITEM('color',(#4973),#2154);
#4973 = PRESENTATION_STYLE_ASSIGNMENT((#4974));
#4974 = SURFACE_STYLE_USAGE(.BOTH.,#4975);
#4975 = SURFACE_SIDE_STYLE('',(#4976));
#4976 = SURFACE_STYLE_FILL_AREA(#4977);
#4977 = FILL_AREA_STYLE('',(#4978));
#4978 = FILL_AREA_STYLE_COLOUR('',#4607);
ENDSEC;
END-ISO-10303-21;
