# Obj  
mtllib textured_output.mtl
usemtl material_0
v -1.1831 0.0290 -0.6801
v -1.1972 0.0021 -0.6797
v -1.1842 0.0015 -0.6776
v -1.1970 0.0430 -0.6802
v -1.1829 0.0565 -0.6813
v -1.1970 0.0570 -0.6830
v -1.1686 -0.0123 -0.6784
v -1.1697 0.0289 -0.6809
v -1.1690 0.0521 -0.6789
v -1.1830 0.0710 -0.6834
v -1.1690 0.0850 -0.6819
v -1.1718 0.0699 -0.6646
v -1.1830 0.0782 -0.6650
v -1.1828 0.0848 -0.6751
v -1.1532 0.0462 -0.6800
v -1.1550 0.0710 -0.6825
v -1.1581 0.0554 -0.6665
v -1.1550 0.0570 -0.6768
v -1.1550 0.0710 -0.6730
v -1.1668 0.0850 -0.6790
v -1.1550 0.0737 -0.6790
v -1.1690 0.0850 -0.6729
v -1.1280 -0.0128 -0.6772
v -1.1410 0.0010 -0.6769
v -1.1401 -0.0234 -0.6776
v -1.1369 0.0560 -0.6792
v -1.1378 0.0530 -0.6656
v -1.1393 0.0709 -0.6807
v -1.1410 0.0710 -0.6736
v -1.1410 0.0728 -0.6790
v -1.1214 -0.0140 -0.6655
v -1.1351 -0.0270 -0.6650
v -1.1354 0.0150 -0.6790
v -1.1270 0.0150 -0.6781
v -1.1318 0.0292 -0.6650
v -1.1191 0.0150 -0.6650
v -0.9377 -0.0029 -0.1452
v -0.9416 0.0010 -0.1330
v -0.9310 -0.0068 -0.1330
v -0.9450 0.0010 -0.1274
v -0.9450 -0.0022 -0.1190
v -0.9211 -0.0088 -0.1180
v -0.9310 -0.0083 -0.1050
v -0.9310 -0.0001 -0.1610
v -0.9435 0.0150 -0.1610
v -0.9443 0.0150 -0.1470
v -0.9450 0.0080 -0.1330
v -0.9310 -0.0020 -0.2170
v -0.9313 -0.0036 -0.1778
v -0.9173 -0.0026 -0.2068
v -0.9173 -0.0098 -0.1648
v -0.9171 -0.0128 -0.1457
v -0.9030 -0.0112 -0.1050
v -0.9030 0.0003 -0.2341
v -0.9032 -0.0100 -0.1669
v -0.9030 -0.0133 -0.1470
v -0.9028 -0.0086 -0.1253
v -0.9066 -0.0140 -0.0916
v -0.9170 -0.0105 -0.0910
v -0.8750 -0.5730 -0.6344
v -0.8961 -0.5703 -0.6302
v -0.8890 -0.5870 -0.6339
v -0.8750 -0.5590 -0.6320
v -0.8900 -0.5611 -0.6297
v -0.8750 -0.5450 -0.6341
v -0.8890 -0.5450 -0.6247
v -0.8749 -0.5319 -0.6227
v -0.8882 -0.5316 -0.6377
v -0.8751 -0.5183 -0.6238
v -0.8856 -0.5187 -0.6374
v -0.9031 -0.5033 -0.6512
v -0.8837 -0.5030 -0.6370
v -0.8750 -0.5030 -0.6335
v -0.8888 -0.4890 -0.6391
v -0.8747 -0.4877 -0.6330
v -0.8608 -0.5592 -0.6238
v -0.8657 -0.5730 -0.6230
v -0.8610 -0.5450 -0.6309
v -0.8610 -0.5303 -0.6340
v -0.8610 -0.5029 -0.6351
v -0.2872 -0.6991 -0.1326
v -0.3010 -0.7130 -0.1321
v -0.2835 -0.7162 -0.1195
v -0.2590 -0.7088 -0.1330
v -0.2566 -0.7177 -0.1195
v -0.2450 -0.7138 -0.1330
v -0.2312 -0.7158 -0.1210
v -0.2310 -0.7081 -0.1330
v -0.2098 -0.7092 -0.1326
v -0.1750 -0.0690 0.3010
v -0.1750 -0.0756 0.3150
v -0.1610 -0.0599 0.3149
v -0.1752 -0.0678 0.2888
v -0.1610 -0.0690 0.3290
v -0.1470 -0.0557 0.3280
v -0.1469 -0.0429 0.2590
v -0.1637 -0.0536 0.2734
v -0.1472 -0.0347 0.2758
v -0.1350 -0.0259 0.2972
v -0.1463 -0.0477 0.3148
v 0.0294 -0.7287 -0.0494
v 0.0055 -0.7293 -0.0573
v 0.0301 -0.7320 -0.0348
v 0.0070 -0.7378 -0.0350
v 0.0227 -0.7323 -0.0215
v 0.0070 -0.7342 -0.0210
v 0.0035 -0.7399 -0.0072
v 0.0155 -0.7117 -0.1006
v 0.0350 -0.7343 -0.0070
v 0.0180 -0.7315 0.0073
v 0.0375 -0.7134 -0.0818
v 0.0522 -0.7242 -0.0312
v 0.0490 -0.7291 -0.0210
v 0.0485 -0.7258 -0.0077
v 0.0494 -0.7287 0.0072
v 0.0712 -0.7245 -0.0226
v 0.0726 -0.7191 -0.0518
v 0.0832 -0.7193 -0.0362
v 0.0888 -0.7111 -0.0640
v 0.0965 -0.7209 -0.0104
v 0.0925 -0.7253 0.0067
v 0.0908 -0.7252 0.0204
v 0.1080 -0.7131 -0.0487
v 0.1310 -0.7178 -0.0257
v 0.1150 -0.7208 -0.0062
v 0.1425 -0.7190 -0.0533
v 0.1321 -0.7075 -0.0669
v 0.1484 -0.7221 -0.0202
v 0.1477 -0.7224 0.0114
v 0.1699 -0.7196 -0.0349
v 0.1684 -0.7158 -0.0649
v 0.1757 -0.7241 -0.0113
v 0.1739 -0.7236 0.0094
v 0.1942 -0.7158 -0.0672
v 0.1739 -0.7095 -0.0774
v 0.2031 -0.7201 -0.0338
v 0.1949 -0.7257 0.0079
v 0.2161 -0.7219 -0.0057
v 0.1917 -0.7131 -0.1050
v 0.2017 -0.7103 -0.0906
v 0.2169 -0.7272 -0.1049
v 0.2180 -0.7122 -0.0915
v 0.2100 -0.7126 -0.0802
v 0.2296 -0.7122 -0.0623
v 0.2250 -0.7183 -0.0405
v 0.2177 -0.7242 0.0202
v 0.2311 -0.7280 -0.0906
v 0.2310 -0.7342 -0.1050
v 0.2320 -0.7119 -0.0768
v 0.2389 -0.7176 -0.0487
v 0.2469 -0.7213 -0.0103
v 0.2331 -0.7249 0.0055
v 0.4437 -0.7287 -0.0476
v 0.4594 -0.7313 -0.0402
v 0.4775 -0.7271 -0.0591
v 0.4638 -0.7183 -0.0642
v 0.4573 -0.7309 -0.0166
v 0.4938 -0.7304 -0.0232
v 0.4970 -0.7294 0.0051
v 0.4814 -0.7305 0.0104
v 0.4545 -0.7311 0.0098
v 0.4819 -0.7123 -0.0612
v 0.4989 -0.7286 -0.0523
v 0.5026 -0.7297 -0.0369
v 0.5104 -0.7361 -0.0636
v 0.5110 -0.7282 -0.0490
v 0.5110 -0.7300 -0.0210
v 0.5110 -0.7369 -0.0070
v 0.5104 -0.7525 0.0077
v 0.5250 -0.7442 -0.0630
v 0.5190 -0.7410 -0.0490
v 0.5380 -0.7503 -0.0358
v 0.5247 -0.7367 -0.0366
v 0.5388 -0.7519 0.0146
v 0.5322 -0.7542 -0.0129
v 0.5315 -0.7396 -0.0215
v 0.5390 -0.7507 -0.0630
v 0.5387 -0.7562 -0.0199
v 0.5572 -0.7522 0.0042
v 0.5600 -0.7504 -0.0630
v 0.5719 -0.7515 -0.0357
v 0.5801 -0.7550 -0.0206
v 0.5810 -0.7497 -0.0770
v 0.5935 -0.7507 -0.0639
v 0.6050 -0.7505 -0.0377
v 0.5839 -0.7518 0.0052
v 0.6003 -0.7570 -0.0206
v 0.5950 -0.7463 -0.0770
v 0.6093 -0.7547 -0.0076
v 0.6224 -0.7547 -0.0632
v 0.6253 -0.7538 -0.0492
v 0.6102 -0.7488 0.0197
v 0.6369 -0.7544 -0.0210
v 0.6230 -0.7509 -0.0770
v 0.6368 -0.7539 -0.0066
v 0.6363 -0.7471 0.0190
v 0.6370 -0.7565 -0.0630
v 0.6370 -0.7550 -0.0692
v 0.6370 -0.7550 -0.0537
v 0.6510 -0.7553 -0.0490
v 0.6510 -0.7588 -0.0630
v 0.6510 -0.7526 -0.0350
v 0.6510 -0.7564 -0.0210
v 0.6649 -0.7533 -0.0359
v 0.6650 -0.7577 -0.0490
v 0.6650 -0.7510 -0.0210
v 0.2438 -0.7293 0.0060
v 0.2445 -0.7413 0.0210
v 0.2310 -0.7240 0.0210
v 0.2520 -0.7410 0.0210
v 0.2590 -0.7397 0.0210
v 0.2590 -0.7340 0.0070
v 0.2448 -0.7267 0.0344
v 0.2590 -0.7279 0.0350
v 0.2730 -0.7374 0.0070
v 0.2727 -0.7273 0.0209
v 0.2590 -0.7283 0.0490
v 0.2730 -0.7245 0.0490
v 0.2730 -0.7270 0.0630
v 0.2880 -0.7310 0.0055
v 0.2878 -0.7295 0.0216
v 0.2870 -0.7235 0.0770
v 0.2730 -0.7274 0.0770
v 0.2870 -0.7261 0.0490
v 0.2969 -0.7262 0.0615
v 0.3088 -0.7242 0.0278
v 0.3010 -0.7227 0.0490
v 0.3010 -0.7210 0.0770
v 0.3010 -0.7237 0.0910
v 0.2870 -0.7211 0.0910
v 0.3150 -0.7239 0.0070
v 0.3285 -0.7240 0.0281
v 0.3207 -0.7239 0.0480
v 0.3162 -0.7225 0.0716
v 0.3228 -0.7155 0.0907
v 0.3335 -0.7281 0.0066
v 0.3290 -0.7184 0.0630
v 0.3409 -0.7186 0.0794
v 0.3430 -0.7208 0.0210
v 0.3435 -0.7190 0.0486
v 0.3430 -0.7226 0.0630
v 0.3530 -0.7147 0.0911
v 0.3582 -0.7209 0.0077
v 0.3570 -0.7242 0.0210
v 0.3559 -0.7188 0.0613
v 0.3570 -0.7151 0.0770
v 0.3771 -0.7225 0.0069
v 0.3710 -0.7220 0.0210
v 0.3690 -0.7168 0.0561
v 0.3710 -0.7192 0.0770
v 0.3710 -0.7155 0.0910
v 0.3977 -0.7156 0.0209
v 0.3841 -0.7201 0.0399
v 0.3955 -0.7132 0.0781
v 0.3985 -0.7174 0.0076
v 0.4121 -0.7169 0.0368
v 0.4047 -0.7148 0.0630
v 0.4124 -0.7197 0.0097
v 0.4270 -0.7188 0.0070
v 0.4287 -0.7118 0.0338
v 0.4270 -0.7174 0.0490
v 0.4270 -0.7159 0.0630
v 0.4462 -0.7233 0.0067
v 0.4410 -0.7191 0.0284
v 0.4410 -0.7130 0.0490
v 0.4410 -0.7139 0.0630
v 0.4514 -0.7280 0.0349
v 0.4513 -0.7270 0.0490
v 0.2450 -0.7341 -0.1050
v 0.2449 -0.7268 -0.0860
v 0.2444 -0.7246 -0.0675
v 0.2450 -0.7194 -0.0350
v 0.2590 -0.7405 -0.1050
v 0.2590 -0.7334 -0.0910
v 0.2588 -0.7254 -0.0757
v 0.2585 -0.7291 -0.0071
v 0.2583 -0.7258 -0.0516
v 0.2618 -0.7273 -0.0326
v 0.2592 -0.7223 -0.0210
v 0.2730 -0.7267 -0.0916
v 0.2730 -0.7385 -0.1050
v 0.2787 -0.7289 -0.0218
v 0.2730 -0.7270 -0.0070
v 0.2870 -0.7306 -0.0910
v 0.2870 -0.7368 -0.1050
v 0.2885 -0.7251 -0.0758
v 0.2873 -0.7246 -0.0360
v 0.2871 -0.7274 -0.0491
v 0.2900 -0.7368 -0.0063
v 0.3011 -0.7347 -0.0910
v 0.3010 -0.7325 -0.0770
v 0.3055 -0.7311 -0.0622
v 0.3015 -0.7358 -0.0332
v 0.3228 -0.7301 -0.0793
v 0.3291 -0.7361 -0.0214
v 0.3181 -0.7360 -0.0070
v 0.3432 -0.7322 -0.0905
v 0.3425 -0.7328 -0.0363
v 0.3477 -0.7266 -0.0610
v 0.3538 -0.7339 -0.0074
v 0.3556 -0.7273 -0.0828
v 0.3543 -0.7331 -0.0451
v 0.3583 -0.7338 -0.0226
v 0.3710 -0.7234 -0.0770
v 0.3700 -0.7294 -0.0623
v 0.3811 -0.7317 -0.0366
v 0.3850 -0.7254 -0.0910
v 0.3710 -0.7274 -0.0910
v 0.3848 -0.7292 -0.0768
v 0.3923 -0.7351 -0.0205
v 0.3962 -0.7333 -0.0072
v 0.3990 -0.7294 -0.0910
v 0.3897 -0.7260 -0.0616
v 0.4031 -0.7329 -0.0349
v 0.4018 -0.7270 -0.0770
v 0.4155 -0.7290 -0.0516
v 0.4136 -0.7318 -0.0218
v 0.4121 -0.7229 -0.0078
v 0.4130 -0.7254 -0.0770
v 0.4130 -0.7232 -0.0630
v 0.4421 -0.7320 -0.0224
v 0.4281 -0.7292 -0.0038
v 0.4271 -0.7281 -0.0635
v 0.4270 -0.7215 -0.0770
v 0.4414 -0.7287 -0.0063
v 0.4410 -0.7214 -0.0630
v 0.4410 -0.7249 -0.0770
v 0.4550 -0.7156 -0.0910
v 0.4410 -0.7204 -0.0910
v 0.4550 -0.7209 -0.0770
v 0.4815 -0.7334 0.0369
v 0.4690 -0.7373 0.0490
v 0.4858 -0.7496 0.0463
v 0.5108 -0.7506 0.0214
v 0.5010 -0.7389 0.0208
v 0.5247 -0.7493 0.0296
v 0.5245 -0.7479 0.0488
v 0.5250 -0.7516 0.0630
v 0.5451 -0.7484 0.0356
v 0.5390 -0.7537 0.0490
v 0.5390 -0.7501 0.0630
v 0.5525 -0.7511 0.0485
v 0.5530 -0.7498 0.0630
v 0.5685 -0.7504 0.0203
v 0.5670 -0.7482 0.0350
v 0.5887 -0.7546 0.0415
v 0.5878 -0.7518 0.0622
v 0.5950 -0.7474 0.0210
v 0.6090 -0.7512 0.0350
v 0.6090 -0.7530 0.0490
v 0.6090 -0.7463 0.0630
v 0.6320 -0.7499 0.0329
v -0.6376 0.8929 -0.6276
v -0.6849 0.8829 -0.6283
v -0.6417 0.8439 -0.6275
v -0.6492 0.9869 -0.6288
v -0.6516 1.0471 -0.6280
v -0.7096 0.9738 -0.6299
v -0.6665 0.9287 -0.6288
v -0.6159 0.9609 -0.6276
v -0.6367 0.9797 -0.6281
v -0.6326 0.9927 -0.6295
v -0.6372 1.0090 -0.6301
v -0.6370 1.0370 -0.6305
v -0.6367 1.0740 -0.6303
v -0.6583 1.0953 -0.6289
v -0.6113 0.9245 -0.6270
v -0.6230 0.9810 -0.6278
v -0.6229 1.0090 -0.6305
v -0.6230 1.0230 -0.6230
v -0.6257 1.0408 -0.6250
v -0.6229 1.0692 -0.6270
v -0.6081 0.8411 -0.6262
v -0.6084 0.8748 -0.6267
v -0.6008 0.9845 -0.6329
v -0.6090 0.9950 -0.6360
v -0.6090 1.0012 -0.6232
v -0.6082 1.0082 -0.6026
v -0.6135 1.0236 -0.5939
v -0.6097 1.0217 -0.5793
v -0.6071 1.0411 -0.5953
v -0.6162 1.0608 -0.6180
v -0.6090 1.0914 -0.6233
v -0.5949 0.8780 -0.6302
v -0.5950 0.9249 -0.6313
v -0.5950 0.9660 -0.6298
v -0.5936 0.9951 -0.6334
v -0.5948 1.0077 -0.5884
v -0.5950 1.0230 -0.5744
v -0.5934 1.0369 -0.5721
v -0.5986 1.0730 -0.6031
v -0.5755 0.8719 -0.6275
v -0.5787 0.9326 -0.6268
v -0.5681 0.9668 -0.6263
v -0.5721 0.9812 -0.6326
v -0.5678 0.9955 -0.6305
v -0.5819 1.0043 -0.6071
v -0.5826 1.0224 -0.5823
v -0.5805 1.0369 -0.5493
v -0.5808 1.0516 -0.5498
v -0.5900 1.0650 -0.5810
v -0.5804 1.0628 -0.5581
v -0.5815 1.0785 -0.5833
v -0.5405 0.9299 -0.6269
v -0.5655 1.0084 -0.5995
v -0.5662 1.0255 -0.5766
v -0.5670 1.0370 -0.5530
v -0.5550 1.0643 -0.5446
v -0.5650 1.0645 -0.5479
v -0.5589 1.0802 -0.5634
v -0.5687 1.0868 -0.5902
v -0.5374 0.9794 -0.6262
v -0.5467 0.9948 -0.6315
v -0.5539 1.0128 -0.6254
v -0.5568 1.0236 -0.6090
v -0.5544 1.0401 -0.6289
v -0.5520 1.0352 -0.5718
v -0.5529 1.0524 -0.5531
v -0.5170 0.8756 -0.6260
v -0.5156 0.9281 -0.6267
v -0.5312 1.0309 -0.6244
v -0.5384 1.0467 -0.6309
v -0.5457 1.0370 -0.6090
v -0.5459 1.0450 -0.5891
v -0.5416 1.0510 -0.6230
v -0.5422 1.0561 -0.6064
v -0.5400 1.0568 -0.5702
v -0.5390 1.0650 -0.6355
v -0.5469 1.0650 -0.6230
v -0.5347 1.0597 -0.5509
v -0.5387 1.0646 -0.5424
v -0.5390 1.0790 -0.6300
v -0.5449 1.0790 -0.6230
v -0.5332 1.0789 -0.6080
v -0.5382 1.0795 -0.5669
v -0.5283 0.8356 -0.6264
v -0.5250 0.9950 -0.6292
v -0.5223 1.0172 -0.6221
v -0.5250 1.0650 -0.6317
v -0.5325 1.0653 -0.5940
v -0.5335 1.0650 -0.5670
v -0.5265 1.0799 -0.6307
v -0.5300 1.0795 -0.5923
v -0.4996 0.9022 -0.6261
v -0.5058 0.9954 -0.6265
v -0.4952 1.0152 -0.6284
v -0.4940 1.0419 -0.6264
v -0.5072 1.0546 -0.6297
v -0.5070 1.0838 -0.6360
v -0.4931 0.8513 -0.6258
v -0.4833 0.9592 -0.6261
v -0.4875 1.0309 -0.6279
v -0.4662 0.8643 -0.6253
v -0.4597 0.9276 -0.6255
v -0.4567 0.9865 -0.6261
v -0.4713 1.0198 -0.6253
v -0.4832 1.0750 -0.6260
v -0.4648 1.0591 -0.6262
v -0.4461 1.0742 -0.6259
v -0.4293 1.0384 -0.6262
v -0.4248 0.8866 -0.6253
v -0.4198 0.9364 -0.6249
v 0.6790 -0.0173 0.1470
v 0.6784 -0.0213 0.1610
v 0.6938 -0.0183 0.1618
v 0.6859 -0.0193 0.1763
v 0.6686 -0.0179 0.1776
v 0.6877 -0.0145 0.2149
v 0.7114 -0.0146 0.2123
v 0.7070 -0.0193 0.1470
v 0.7208 -0.0193 0.1704
v 0.7041 -0.0119 0.2452
v 0.7210 -0.0238 0.1330
v 0.7070 -0.0204 0.1330
v 0.7245 -0.0189 0.1515
v 0.7318 -0.0165 0.1898
v 0.7292 -0.0167 0.2392
v 0.7350 -0.0171 0.1190
v 0.7210 -0.0214 0.1190
v 0.7350 -0.0151 0.1330
v 0.7350 -0.0204 0.1470
v 0.7504 -0.0123 0.1685
v 0.7476 -0.0177 0.2065
v 0.7353 -0.0145 0.2166
v 0.7347 -0.0152 0.0633
v 0.7350 -0.0213 0.0926
v 0.7524 -0.0136 0.0784
v 0.7564 -0.0147 0.1084
v 0.7558 -0.0143 0.1301
v 0.7490 -0.0169 0.1330
v 0.7495 -0.0132 0.1473
v 0.7539 -0.0175 0.2301
v 0.7386 -0.0130 0.0350
v 0.7457 0.0023 0.0337
v 0.7451 0.0010 0.0210
v 0.7492 -0.0056 0.0630
v 0.7383 -0.0130 0.0490
v 0.7490 -0.0050 0.1890
v 0.7502 -0.0043 -0.0062
v 0.7558 0.0165 0.0213
v 0.7630 -0.0155 0.2030
v 0.7629 -0.0181 0.1883
v 0.7747 -0.0166 0.2232
v 0.7582 0.0010 0.0630
v 0.7512 0.0010 0.0490
v 0.7617 -0.0001 0.0943
v 0.7637 0.0152 0.1163
v 0.7616 0.0121 0.1395
v 0.7553 0.0009 0.1559
v 0.7553 0.0010 0.1750
v 0.7630 -0.0130 0.1819
v 0.7626 0.0181 0.0035
v 0.7634 0.0124 0.0496
v 0.7644 0.0129 0.0638
v 0.7620 0.0134 0.0794
v 0.7550 0.0150 0.1610
v 0.7571 0.0160 0.1750
v 0.7673 0.0302 0.0254
v 0.7630 0.0311 0.1617
v 0.7630 0.0430 0.1766
v 0.7639 0.0569 0.1749
v 0.7633 0.1028 0.0527
v 0.7610 0.1236 0.0738
v 0.7626 0.1343 0.0300
v 0.7606 0.1515 0.0756
v 0.7623 0.1491 0.1028
v 0.7642 0.1444 -0.0126
v 0.7612 0.1256 -0.0003
v 0.7644 0.1671 0.0285
v 0.7632 0.1783 0.0349
v 0.7601 0.1810 0.1089
v 0.7623 0.1508 0.1344
v 0.7617 0.1961 0.0579
v 0.7599 0.1964 0.0787
v 0.7647 0.1959 0.1426
v 0.7770 -0.0165 0.2030
v 0.7669 0.0326 0.0486
v 0.7659 0.0364 0.0621
v 0.7646 0.0423 0.1114
v 0.7677 0.0308 0.1374
v 0.7663 0.0653 0.0724
v 0.7678 0.0514 0.1485
v 0.7683 0.0573 0.0138
v 0.7650 0.0668 0.0419
v 0.7685 0.0570 0.1610
v 0.7654 0.0926 -0.0103
v 0.7663 0.0729 0.1028
v 0.7674 0.0767 0.1413
v 0.7679 0.0747 0.1745
v 0.7770 0.0570 0.1834
v 0.7771 0.0719 0.1782
v 0.7652 0.0941 0.0220
v 0.7677 0.0952 0.1217
v 0.7673 0.0996 0.1600
v 0.7711 0.0990 0.1750
v 0.7818 0.1171 0.1789
v 0.7647 0.1159 0.0877
v 0.7631 0.1193 0.1102
v 0.7639 0.1136 0.1383
v 0.7658 0.1135 0.1613
v 0.7706 0.1250 0.1753
v 0.7784 0.1405 0.1755
v 0.7692 0.1417 0.1609
v 0.7783 0.1565 0.1750
v 0.7727 0.1668 0.1658
v 0.7650 0.1956 0.0178
v 0.7743 0.2039 0.1614
v 0.8032 -0.0236 0.2027
v 0.7910 -0.0147 0.2170
v 0.7829 -0.0178 0.2314
v 0.8033 0.0570 0.1798
v 0.7906 0.0714 0.1801
v 0.8055 0.1060 0.1811
v 0.7976 0.1485 0.1785
v 0.7932 0.1884 0.1731
v 0.8050 -0.0149 0.2170
v 0.8050 -0.0170 0.2310
v 0.8166 0.0716 0.1795
v 0.8109 0.1268 0.1780
v 0.8167 0.1746 0.1757
v 0.8190 -0.0198 0.2030
v 0.8208 -0.0203 0.2162
v 0.8302 -0.0211 0.2326
v 0.8322 0.0848 0.1758
v 0.8214 0.1013 0.1755
v 0.8365 0.1506 0.1761
v 0.8330 -0.0191 0.2030
v 0.8330 0.0710 0.1680
v 0.8294 0.0570 0.1750
v 0.8332 0.0607 0.1683
v 0.8286 0.0710 0.1750
v 0.8382 0.1016 0.1680
v 0.8343 0.1196 0.1657
v 0.8470 -0.0235 0.2170
v 0.8470 -0.0218 0.2310
v 0.8341 0.0430 0.1750
v 0.8470 0.0290 0.1750
v 0.8470 0.0430 0.1659
v 0.8600 0.0571 0.1667
v 0.8330 0.0430 0.1762
v 0.8470 0.0850 0.1732
v 0.8598 0.1404 0.1670
v 0.8532 0.1594 0.1690
v 0.8331 0.1831 0.1731
v 0.8589 0.1826 0.1711
v 0.8618 -0.0286 0.2312
v 0.8610 -0.0219 0.2170
v 0.8610 0.0290 0.1702
v 0.8610 0.0430 0.1664
v 0.8608 0.0843 0.1661
v 0.8604 0.1010 0.1643
v 0.8831 0.1717 0.1723
v 0.8752 -0.0278 0.2171
v 0.8750 -0.0222 0.2310
v 0.8772 0.0279 0.1591
v 0.8760 0.0434 0.1600
v 0.8745 0.0571 0.1594
v 0.8750 0.0597 0.1610
v 0.8750 0.0710 0.1695
v 0.8761 0.1078 0.1666
v 0.8874 0.1404 0.1730
v 0.8750 0.0229 0.1750
v 0.8890 0.0150 0.1664
v 0.8887 0.0285 0.1765
v 0.8890 0.0430 0.1750
v 0.8808 0.0570 0.1610
v 0.8890 0.0570 0.1750
v 0.8890 0.0710 0.1729
v 0.8891 0.0869 0.1685
v 0.8889 0.1146 0.1671
v 0.8967 0.1552 0.1752
v 0.8890 0.1830 0.1787
v 0.9030 0.0290 0.1690
v 0.9030 0.0150 0.1728
v 0.9030 0.0430 0.1692
v 0.8967 0.0578 0.1578
v 0.9035 0.0516 0.1752
v 0.9030 0.0570 0.1799
v 0.9020 0.0597 0.2252
v 0.9030 0.0430 0.2282
v 0.8906 0.0430 0.2310
v 0.8877 0.0706 0.2311
v 0.9030 0.0624 0.1610
v 0.8918 0.0710 0.1750
v 0.9030 0.0710 0.1838
v 0.9036 0.0850 0.1748
v 0.9161 0.0854 0.2262
v 0.8877 0.0851 0.2311
v 0.9055 0.1148 0.1753
v 0.8937 0.1410 0.1750
v 0.9030 0.1364 0.1890
v 0.9030 0.1410 0.1785
v 0.8967 0.1269 0.1890
v 0.9030 0.1410 0.1992
v 0.8904 0.1410 0.2030
v 0.9030 0.1550 0.1765
v 0.9030 0.1550 0.1993
v 0.8970 0.1550 0.2030
v 0.8960 0.1690 0.1750
v 0.9030 0.1621 0.1890
v 0.8972 0.1690 0.1890
v 0.9004 0.1830 0.1890
v 1.0710 -0.0410 -0.6397
v 1.0695 -0.0561 -0.6370
v 1.0710 -0.0550 -0.6389
v 1.0656 -0.0410 -0.6370
v 1.0777 -0.0550 -0.6370
v 1.0809 -0.0410 -0.6370
v 0.9030 -0.0279 0.2860
v 0.9062 -0.0270 0.2870
v 0.9036 -0.0131 0.2730
v 0.9132 -0.0043 0.2869
v 0.9170 -0.0130 0.3150
v 0.9030 -0.0203 0.3187
v 0.9199 -0.0156 0.3291
v 0.9126 -0.0206 0.3435
v 0.9032 -0.0115 0.3706
v 0.9171 -0.0181 0.3796
v 0.9136 -0.0181 0.3585
v 0.9058 -0.0111 0.3944
v 0.9069 0.0010 0.2689
v 0.9030 0.0010 0.2525
v 0.9049 -0.0130 0.2590
v 0.9155 -0.0105 0.4247
v 0.8946 -0.0089 0.4177
v 0.9170 -0.0077 0.4410
v 0.9170 -0.0069 0.4550
v 0.9030 -0.0062 0.4550
v 0.9049 0.0268 0.2452
v 0.9100 0.0158 0.2732
v 0.9043 0.0407 0.2450
v 0.9102 0.0290 0.2730
v 0.9190 0.0150 0.2870
v 0.9096 0.0290 0.2870
v 0.9185 0.0431 0.2729
v 0.9049 0.0430 0.2590
v 0.9044 0.0430 0.2870
v 0.9170 0.0228 0.3233
v 0.9140 0.0274 0.3429
v 0.9097 0.0447 0.3296
v 0.9143 0.0376 0.3584
v 0.9044 0.0668 0.2457
v 0.9095 0.0570 0.2730
v 0.8979 0.0587 0.2867
v 0.9030 0.0494 0.3430
v 0.9030 0.0542 0.3290
v 0.9031 0.0555 0.3592
v 0.9248 0.0355 0.3653
v 0.8989 0.0747 0.2720
v 0.9182 0.0571 0.3874
v 0.9030 0.0667 0.3710
v 0.9008 0.0690 0.3858
v 0.9214 0.0575 0.4015
v 0.9030 0.0797 0.3990
v 0.9095 0.0687 0.4129
v 0.9029 0.0785 0.4128
v 0.9171 0.0720 0.4272
v 0.9029 0.0933 0.4268
v 0.9014 0.0833 0.4410
v 0.9165 0.0761 0.4411
v 0.9052 0.1262 0.2310
v 0.9170 0.1410 0.2409
v 0.9170 0.1283 0.2310
v 0.9030 0.1270 0.2332
v 0.9030 0.1410 0.2427
v 0.9170 0.1467 0.2450
v 0.9030 0.1550 0.2450
v 0.9170 0.1483 0.2590
v 0.9030 0.1517 0.2590
v 0.9022 0.1563 0.2739
v 0.9170 0.1508 0.2730
v 0.9036 0.1505 0.2915
v 0.9166 0.1553 0.2871
v 0.9187 0.1524 0.3005
v 0.9041 0.1538 0.3200
v 0.9159 0.1544 0.3309
v 0.8941 0.1560 0.3547
v 0.9315 0.1551 0.3854
v 0.8953 0.1555 0.3817
v 0.8939 0.1589 0.3989
v 0.9286 0.1607 0.4137
v 0.9138 0.1605 0.4400
v 0.9307 0.1575 0.4408
v 0.8917 0.1584 0.4361
v 0.9170 0.1613 0.4550
v 0.8992 0.1620 0.4598
v 0.9323 -0.0157 0.3425
v 0.9298 -0.0145 0.3581
v 0.9365 -0.0134 0.3947
v 0.9324 -0.0150 0.4114
v 0.9308 0.0008 0.3290
v 0.9314 0.0008 0.3150
v 0.9310 -0.0073 0.4270
v 0.9444 -0.0086 0.4418
v 0.9310 -0.0125 0.4550
v 0.9272 0.0127 0.3417
v 0.9285 0.0118 0.3582
v 0.9306 0.0258 0.3714
v 0.9310 0.0332 0.3847
v 0.9310 0.0430 0.3951
v 0.9310 0.0481 0.4130
v 0.9310 0.0572 0.4263
v 0.9310 0.0570 0.4410
v 0.9310 0.1468 0.2450
v 0.9310 0.1506 0.2590
v 0.9302 0.1523 0.2860
v 0.9303 0.1514 0.3125
v 0.9462 0.1508 0.3314
v 0.9380 0.1501 0.3535
v 0.9467 0.1540 0.3828
v 0.9334 0.1680 0.4550
v 0.9405 -0.0123 0.4092
v 0.9458 -0.0136 0.4271
v 0.9358 0.0010 0.3430
v 0.9365 0.0023 0.3616
v 0.9445 0.0014 0.4551
v 0.9378 0.0150 0.3710
v 0.9460 0.0157 0.3845
v 0.9494 0.0136 0.4104
v 0.9467 0.0034 0.4241
v 0.9431 0.0290 0.3871
v 0.9380 0.0430 0.3850
v 0.9450 0.1410 0.2450
v 0.9480 0.1522 0.2603
v 0.9453 0.1507 0.2791
v 0.9450 0.1500 0.3010
v 0.9485 0.1661 0.3842
v 0.9409 0.1700 0.4153
v 0.9405 0.1690 0.4410
v 0.9457 0.1864 0.4361
v 0.9464 0.1828 0.4551
v 0.9499 0.0010 0.4410
v 0.9499 0.0150 0.4410
v 0.9528 0.0150 0.4550
v 0.9499 0.0290 0.3990
v 0.9575 0.0290 0.4130
v 0.9555 0.0290 0.4270
v 0.9590 0.0277 0.4381
v 0.9583 0.0290 0.4550
v 0.9590 0.0430 0.4270
v 0.9544 0.0430 0.4130
v 0.9590 0.1270 0.2310
v 0.9450 0.1334 0.2310
v 0.9584 0.1534 0.2405
v 0.9495 0.1550 0.2450
v 0.9529 0.1553 0.2786
v 0.9622 0.1560 0.3176
v 0.9596 0.1541 0.3408
v 0.9626 0.1691 0.2447
v 0.9587 0.1707 0.2601
v 0.9607 0.1883 0.2889
v 0.9569 0.1723 0.2975
v 0.9577 0.1743 0.3728
v 0.9610 0.1907 0.3015
v 0.9591 0.1841 0.3846
v 0.9469 0.1830 0.3990
v 0.9730 0.1130 0.2348
v 0.9698 0.1130 0.2310
v 0.9730 0.1198 0.2310
v 0.9671 0.1410 0.2310
v 0.9729 0.1550 0.2308
v 0.9735 0.1698 0.2297
v 0.9633 0.1758 0.3253
v 0.9665 0.1760 0.3426
v 0.9646 0.1825 0.2449
v 0.9667 0.1888 0.3474
v 0.9030 -0.0147 0.5110
v 0.9014 -0.0156 0.5250
v 0.9178 -0.0171 0.5343
v 0.8930 -0.0161 0.5432
v 0.9170 -0.0134 0.5670
v 0.9011 -0.0161 0.5656
v 0.9170 -0.0171 0.5810
v 0.9001 -0.0139 0.5788
v 0.9170 -0.0182 0.5950
v 0.8976 -0.0168 0.5959
v 0.8998 -0.0157 0.6097
v 0.9170 0.1562 0.4690
v 0.9172 0.1587 0.4830
v 0.9310 -0.0130 0.5530
v 0.9187 -0.0130 0.5670
v 0.9302 0.1564 0.4694
v 0.9310 0.1500 0.4830
v 0.9450 0.1550 0.4716
v 0.9448 0.1689 0.4708
v 0.9438 0.1832 0.4689
v 0.9427 0.1907 0.4820
v 0.9590 0.1505 0.4830
v 0.9590 0.1550 0.4782
v 0.9483 0.1690 0.4830
v 0.9590 0.1600 0.4830
v 0.9590 0.1690 0.4927
v 0.9628 0.1550 0.4830
v 0.9680 0.1690 0.4970
v -0.3850 -0.7550 0.0350
v -0.3993 -0.7567 0.0465
v -0.3862 -0.7579 0.0584
v -0.3736 -0.7548 -0.0007
v -0.3991 -0.7513 -0.0076
v -0.3846 -0.7538 0.0213
v -0.3710 -0.7690 0.0070
v -0.3733 -0.7690 0.0210
v -0.3690 -0.7699 0.0212
v -0.3709 -0.7690 0.0232
v -0.3692 -0.7529 0.0347
v -0.3710 -0.7588 0.0490
v -0.3703 -0.7590 0.0744
v -0.3850 -0.7599 0.0770
v -0.3710 -0.7606 0.0910
v -0.3563 -0.7698 0.0352
v -0.3570 -0.7690 0.0364
v -0.3570 -0.7562 0.0210
v -0.3421 -0.7547 0.0167
v -0.3605 -0.7550 0.0070
v -0.3570 -0.7567 0.0490
v -0.3570 -0.7564 0.0630
v -0.3430 -0.7574 0.1050
v -0.3425 -0.7516 0.0007
v -0.3430 -0.7588 0.0350
v -0.3430 -0.7610 0.0490
v -0.3448 -0.7714 0.0629
v -0.3430 -0.7690 0.0675
v -0.3430 -0.7562 0.0770
v -0.3433 -0.7567 0.0911
v -0.3363 -0.7690 0.0630
v -0.3259 -0.7565 0.0414
v -0.3290 -0.7626 0.0630
v -0.3290 -0.7653 0.0770
v -0.3293 -0.7520 0.0907
v -0.3298 -0.7546 0.1186
v -0.3374 -0.7573 0.1190
v -0.3333 -0.7488 -0.0086
v -0.3050 -0.7598 0.0768
v -0.3061 -0.7521 0.0882
v -0.3080 -0.7509 0.0181
v -0.3145 -0.7544 0.1189
v -0.3074 -0.7463 -0.0016
v -0.2818 -0.7509 0.0413
v -0.2669 -0.7544 0.0720
v -0.2858 -0.7574 0.0931
v -0.2638 -0.7442 0.0137
v -0.2914 -0.7514 0.1059
v -0.3010 -0.7545 0.1330
v -0.2852 -0.7537 0.1466
v -0.3010 -0.7545 0.1470
v -0.2870 -0.7559 0.1610
v -0.2718 -0.7519 0.1623
v -0.2730 -0.7569 0.1750
v -0.2473 -0.7454 0.1063
v -0.2551 -0.7532 0.1445
v -0.2413 -0.7535 0.0917
v -0.2592 -0.7537 0.1751
v -0.2589 -0.7555 0.1890
v -0.2402 -0.7451 0.0383
v -0.2450 -0.7558 0.1890
v -0.2450 -0.7550 0.1750
v -0.2461 -0.7384 -0.0071
v -0.2300 -0.7466 0.1236
v -0.2450 -0.7509 0.1610
v -0.2410 -0.7550 0.1890
v -0.2074 -0.7393 0.0313
v -0.2187 -0.7491 0.0769
v -0.2232 -0.7471 0.1165
v -0.2323 -0.7521 0.1515
v -0.2308 -0.7524 0.1774
v -0.2310 -0.7529 0.2030
v -0.2165 -0.7384 0.0028
v -0.2170 -0.7550 0.2030
v -0.2162 -0.7550 0.1789
v -0.2144 -0.7541 0.1044
v -0.2005 -0.7505 0.1611
v -0.7073 -0.0078 0.0538
v -0.7070 -0.0174 0.0770
v -0.6787 -0.0105 0.0636
v -0.7070 0.0012 0.0191
v -0.7070 -0.0018 0.0350
v -0.6932 -0.0036 0.0200
v -0.6950 -0.0004 0.0490
v -0.6786 -0.0134 0.0770
v -0.6726 -0.0062 0.0078
v -0.6766 -0.0006 0.0353
v -0.6791 0.0031 0.0500
v -0.6650 -0.0203 0.0910
v -0.6418 -0.0125 0.0904
v -0.6650 -0.0114 0.0770
v -0.6653 0.0043 0.0599
v 1.1132 1.4624 0.5207
v 1.1152 1.4699 0.5378
v 1.1098 1.4710 0.5250
v 1.1157 1.4847 0.5092
v 1.1085 1.4850 0.5250
v 1.1168 1.4853 0.5381
v 1.1190 1.2945 0.5286
v 1.1191 1.3431 0.4735
v 1.1188 1.2931 0.4864
v 1.1192 1.2967 0.5512
v 1.1200 1.3226 0.5498
v 1.1225 1.3170 0.5670
v 1.1183 1.3199 0.4609
v 1.1181 1.3440 0.5015
v 1.1200 1.3310 0.5670
v 1.1190 1.3459 0.4446
v 1.1191 1.3548 0.5166
v 1.1174 1.3449 0.5387
v 1.1202 1.3590 0.5670
v 1.1174 1.3781 0.4996
v 1.1174 1.3630 0.5400
v 1.1212 1.3730 0.5530
v 1.1207 1.3730 0.5670
v 1.1184 1.3927 0.4778
v 1.1176 1.3929 0.4545
v 1.1172 1.3871 0.5390
v 1.1214 1.3870 0.5530
v 1.1166 1.4317 0.5051
v 1.1196 1.3994 0.5527
v 1.1167 1.4372 0.4542
v 1.1177 1.4483 0.5530
v 1.1145 1.4448 0.5382
v 1.1152 1.4569 0.4698
v 1.1145 1.4661 0.4590
v 1.1150 1.4713 0.4854
v 1.1114 1.4711 0.4691
v 1.1173 1.4710 0.5530
v 1.1176 1.4855 0.4686
v 1.1189 1.4989 0.4690
v 1.1199 1.4990 0.4420
v 1.1189 1.4990 0.5105
v 1.1185 1.0813 0.5233
v 1.1194 1.1218 0.4971
v 1.1191 1.0825 0.4908
v 1.1185 1.0693 0.5657
v 1.1189 1.1058 0.5363
v 1.1196 1.0896 0.5675
v 1.1202 1.0790 0.5950
v 1.1185 1.1133 0.5644
v 1.1179 1.1020 0.4451
v 1.1223 1.1070 0.5950
v 1.1182 1.1387 0.4454
v 1.1195 1.1500 0.5105
v 1.1221 1.1244 0.5801
v 1.1200 1.1582 0.4717
v 1.1192 1.1792 0.5337
v 1.1199 1.1482 0.5807
v 1.1188 1.1867 0.4749
v 1.1189 1.1871 0.5520
v 1.1184 1.1851 0.4402
v 1.1193 1.2071 0.5123
v 1.1219 1.1910 0.5810
v 1.1195 1.2202 0.5256
v 1.1189 1.2147 0.5515
v 1.1197 1.2050 0.5810
v 1.1202 1.2157 0.4693
v 1.1179 1.2272 0.4413
v 1.1178 1.2422 0.5469
v 1.1191 1.2358 0.4538
v 1.1188 1.2441 0.4838
v 1.1191 1.2522 0.5167
v 1.1216 1.2330 0.5810
v 1.1220 1.2498 0.5664
v 1.1201 1.2755 0.5514
v 1.1203 1.2778 0.4657
v 1.1198 1.2750 0.5670
v 1.1176 0.8466 0.4910
v 1.1187 0.8712 0.5117
v 1.1173 0.8634 0.4643
v 1.1170 0.8508 0.5733
v 1.1180 0.8601 0.6063
v 1.1154 0.8809 0.5631
v 1.1157 0.8450 0.4543
v 1.1177 0.8945 0.4558
v 1.1163 0.9065 0.5722
v 1.1175 0.8854 0.6089
v 1.1218 0.8684 0.6232
v 1.1176 0.9164 0.4911
v 1.1166 0.9074 0.5295
v 1.1152 0.9222 0.5787
v 1.1178 0.9384 0.4566
v 1.1175 0.9414 0.4885
v 1.1163 0.9220 0.5482
v 1.1206 0.9337 0.6085
v 1.1181 0.9463 0.4989
v 1.1181 0.9390 0.5250
v 1.1174 0.9721 0.4557
v 1.1181 0.9678 0.5025
v 1.1172 0.9813 0.5364
v 1.1172 0.9546 0.5837
v 1.1188 0.9530 0.6090
v 1.1186 0.9924 0.5067
v 1.1171 0.9992 0.5593
v 1.1178 1.0006 0.4814
v 1.1212 0.9810 0.6090
v 1.1182 1.0376 0.4554
v 1.1182 1.0125 0.5314
v 1.1207 0.9950 0.5950
v 1.1204 1.0131 0.5775
v 1.1198 1.0250 0.5949
v 1.1194 1.0332 0.4821
v 1.1192 1.0342 0.5802
v 1.1181 1.0530 0.4971
v 1.1189 1.0559 0.5177
v 1.1186 1.0410 0.5625
v 1.1191 1.0547 0.5494
v 1.1222 1.0650 0.5950
v -0.3990 -0.7359 -0.0910
v -0.4130 -0.7327 -0.0910
v -0.3990 -0.7311 -0.0770
v -0.4130 -0.7387 -0.0770
v -0.3990 -0.7355 -0.0630
v -0.3990 -0.7457 -0.0350
v -0.3851 -0.7454 -0.0371
v -0.3990 -0.7397 -0.0472
v -0.3733 -0.7510 -0.0179
v -0.3850 -0.7306 -0.0770
v -0.3850 -0.7270 -0.0879
v -0.3850 -0.7402 -0.0630
v -0.3851 -0.7365 -0.0490
v -0.3850 -0.7260 -0.0910
v -0.3702 -0.7408 -0.0612
v -0.3713 -0.7481 -0.0338
v -0.3710 -0.7360 -0.0770
v -0.3710 -0.7265 -0.0910
v -0.3359 -0.7394 -0.0466
v -0.3396 -0.7466 -0.0280
v -0.3569 -0.7299 -0.0910
v -0.3710 -0.7323 -0.1050
v -0.3570 -0.7330 -0.1050
v -0.3483 -0.7377 -0.0653
v -0.3375 -0.7301 -0.0958
v -0.3395 -0.7391 -0.0764
v -0.3430 -0.7187 -0.1190
v -0.3570 -0.7230 -0.1190
v -0.3264 -0.7427 -0.0625
v -0.3250 -0.7269 -0.1008
v -0.3290 -0.7235 -0.1190
v -0.3127 -0.7405 -0.0304
v -0.3008 -0.7413 -0.0629
v -0.3010 -0.7358 -0.0490
v -0.3010 -0.7205 -0.1190
v -0.3003 -0.7348 -0.0770
v -0.2675 -0.7170 -0.1056
v -0.2658 -0.7377 -0.0281
v -0.2777 -0.7415 -0.0071
v -0.2729 -0.7310 -0.0897
v -0.2870 -0.7320 -0.0630
v -0.2476 -0.7345 -0.0773
v -0.2633 -0.7308 -0.0625
v -0.2454 -0.7309 -0.0498
v -0.2403 -0.7284 -0.0914
v -0.2299 -0.7333 -0.0335
v -0.2396 -0.7185 -0.1047
v -0.2215 -0.7324 -0.0560
v -0.2142 -0.7364 -0.0200
v -0.2170 -0.7324 -0.0903
v -0.2125 -0.7375 -0.0697
v -0.2049 -0.7176 -0.1185
v -0.2169 -0.7190 -0.1050
v 1.0010 0.6450 0.4550
v 0.9995 0.6235 0.4546
v 1.0009 0.6328 0.4694
v 1.0029 0.6620 0.4553
v 0.9989 0.6587 0.4693
v 1.0030 0.6731 0.4689
v 1.0054 0.6566 0.4831
v 1.0024 0.6450 0.4690
v 1.0050 0.6309 0.4830
v 1.0235 0.6301 0.4883
v 1.0178 0.6483 0.4878
v 1.0142 0.6730 0.4830
v 1.0062 0.6880 0.4450
v 1.0010 0.6870 0.4691
v 1.0150 0.6758 0.4830
v 1.0150 0.6870 0.4809
v 1.0475 0.6481 0.4954
v 1.0417 0.6608 0.4965
v 1.0290 0.6730 0.4915
v 1.0290 0.6870 0.4830
v 1.0470 0.6926 0.4684
v 1.0430 0.6836 0.4830
v 1.0518 0.6877 0.4818
v 1.0554 0.6927 0.4444
v 1.0562 0.6312 0.4935
v 1.0608 0.6550 0.4976
v 1.0443 0.6730 0.4970
v 1.0710 0.6730 0.5015
v 1.0709 0.6308 0.5000
v 1.0706 0.6929 0.4694
v 1.0714 0.6843 0.4832
v 1.0855 0.6301 0.4978
v 1.0852 0.6476 0.5038
v 1.0850 0.6730 0.5035
v 1.0878 0.6865 0.4839
v 1.0906 0.6858 0.4654
v 1.0850 0.6793 0.4970
v 1.0710 0.6773 0.4970
v 1.0849 0.6932 0.4551
v 1.0992 0.6478 0.4909
v 1.0990 0.6310 0.4927
v 1.0990 0.6730 0.4910
v 1.0982 0.6935 0.4430
v 1.1093 0.6337 0.4971
v 1.1130 0.6450 0.4920
v 1.1103 0.6344 0.5304
v 1.1124 0.6233 0.5575
v 1.1132 0.6508 0.5365
v 1.1130 0.6590 0.4943
v 1.1200 0.6730 0.4970
v 1.1034 0.7012 0.4305
v 1.1162 0.7011 0.4815
v 1.1094 0.7142 0.4450
v 1.1253 0.6458 0.4970
v 1.1177 0.6335 0.5116
v 1.1162 0.6456 0.5555
v 1.1129 0.6376 0.5870
v 1.1140 0.6639 0.5224
v 1.1157 0.6602 0.5540
v 1.1236 0.6319 0.6369
v 1.1202 0.6590 0.6370
v 1.1213 0.6539 0.6235
v 1.1160 0.6854 0.5232
v 1.1143 0.6393 0.6081
v 1.1164 0.6844 0.6074
v 1.1200 0.7189 0.6370
v 1.1205 0.6870 0.4970
v 1.1171 0.7128 0.5800
v 1.1212 0.6937 0.6196
v 1.1177 0.7019 0.4963
v 1.1151 0.7010 0.5110
v 1.1193 0.7144 0.5445
v 1.1214 0.7151 0.6089
v 1.1174 0.7228 0.4694
v 1.1188 0.7254 0.5119
v 1.1176 0.7197 0.5950
v 1.1197 0.7320 0.4960
v 1.1118 0.7654 0.4403
v 1.1183 0.7555 0.5102
v 1.1200 0.7444 0.5321
v 1.1162 0.7435 0.5778
v 1.1177 0.7698 0.4652
v 1.1181 0.7806 0.4974
v 1.1190 0.7677 0.5199
v 1.1166 0.7646 0.5950
v 1.1195 0.7570 0.6230
v 1.1183 0.7859 0.5544
v 1.1182 0.7915 0.6062
v 1.1170 0.7857 0.6230
v 1.1183 0.8035 0.4793
v 1.1158 0.7902 0.5905
v 1.1180 0.8362 0.5182
v 1.1170 0.7998 0.4554
v 1.1177 0.8335 0.5997
v 1.1210 0.8222 0.6231
v 1.1189 0.8412 0.6226
v 0.9840 0.4107 0.4851
v 0.9784 0.4472 0.4616
v 0.9779 0.4131 0.4641
v 0.9877 0.4529 0.4812
v 0.9820 0.4719 0.4676
v 0.9777 0.4787 0.4512
v 0.9873 0.4794 0.4830
v 0.9912 0.4901 0.4695
v 0.9826 0.5001 0.4542
v 1.0035 0.4229 0.4977
v 0.9949 0.3968 0.4979
v 0.9996 0.4604 0.4901
v 1.0254 0.4805 0.4968
v 0.9920 0.5080 0.4694
v 0.9930 0.5096 0.4837
v 0.9918 0.5423 0.4621
v 0.9944 0.5407 0.4837
v 1.0011 0.5607 0.4829
v 0.9947 0.5710 0.4568
v 0.9984 0.5863 0.4712
v 0.9988 0.5912 0.4550
v 0.9975 0.6164 0.4685
v 1.0035 0.5990 0.4827
v 1.0140 0.4221 0.5053
v 1.0148 0.4062 0.5074
v 1.0053 0.4490 0.4970
v 1.0119 0.4410 0.5019
v 1.0129 0.4630 0.4975
v 1.0152 0.5128 0.4925
v 1.0256 0.5442 0.4924
v 1.0147 0.5851 0.4871
v 1.0290 0.6003 0.4897
v 1.0243 0.4210 0.5110
v 1.0294 0.4048 0.5113
v 1.0290 0.4243 0.5110
v 1.0283 0.4359 0.5064
v 1.0290 0.4630 0.4979
v 1.0424 0.5045 0.4989
v 1.0469 0.5523 0.4946
v 1.0347 0.5681 0.4918
v 1.0430 0.4210 0.5106
v 1.0399 0.4210 0.5110
v 1.0430 0.4140 0.5110
v 1.0430 0.4350 0.5102
v 1.0426 0.4603 0.5013
v 1.0412 0.4911 0.4982
v 1.0447 0.4210 0.5110
v 1.0570 0.4250 0.5110
v 1.0574 0.4351 0.5071
v 1.0711 0.4629 0.5037
v 1.0695 0.4776 0.4998
v 1.0672 0.4901 0.4987
v 1.0713 0.5466 0.4993
v 1.0718 0.5771 0.5012
v 1.0600 0.4210 0.5110
v 1.0744 0.4152 0.5059
v 1.0710 0.4490 0.5029
v 1.0706 0.5059 0.5039
v 1.0714 0.5586 0.4993
v 1.0717 0.6159 0.4980
v 1.0850 0.4140 0.5045
v 1.0850 0.4350 0.5051
v 1.0849 0.4490 0.4969
v 1.0850 0.4770 0.4953
v 1.0867 0.4919 0.4994
v 1.0850 0.5050 0.4994
v 1.0850 0.5190 0.5015
v 1.0850 0.5330 0.5007
v 1.0849 0.5472 0.4957
v 1.0850 0.5610 0.4954
v 1.0850 0.5732 0.4970
v 1.0850 0.5751 0.4974
v 1.0850 0.5890 0.4918
v 1.0851 0.6148 0.4932
v 1.0990 0.4910 0.4868
v 1.0889 0.5050 0.4970
v 1.0915 0.5190 0.4970
v 1.0907 0.5330 0.4970
v 1.0990 0.5610 0.4970
v 1.1000 0.5742 0.4974
v 1.1008 0.5905 0.4999
v 1.0991 0.6035 0.4985
v 1.0990 0.6130 0.4965
v 1.1122 0.4405 0.5233
v 1.1072 0.4630 0.5390
v 1.1043 0.4622 0.5257
v 1.1045 0.4882 0.5243
v 1.1076 0.4770 0.5390
v 1.1130 0.4700 0.4958
v 1.1151 0.4910 0.4970
v 1.1161 0.4959 0.5107
v 1.1030 0.4910 0.5390
v 1.1130 0.4770 0.5477
v 1.1071 0.4910 0.5530
v 1.1058 0.5098 0.5250
v 1.1079 0.5048 0.5385
v 1.1118 0.5053 0.5540
v 1.1106 0.4908 0.5717
v 1.1116 0.4910 0.5958
v 1.1090 0.5086 0.5803
v 1.1223 0.4910 0.6233
v 1.1069 0.5049 0.6076
v 1.1096 0.5038 0.6241
v 1.1098 0.5246 0.6225
v 1.1162 0.5046 0.6362
v 1.1086 0.5318 0.5250
v 1.1099 0.5437 0.5389
v 1.1095 0.5472 0.6083
v 1.1089 0.5721 0.5247
v 1.1203 0.5344 0.5115
v 1.1130 0.5602 0.5528
v 1.1130 0.5608 0.5833
v 1.1201 0.5689 0.5109
v 1.1107 0.5624 0.6084
v 1.1127 0.5760 0.4855
v 1.1125 0.5610 0.4830
v 1.1109 0.5774 0.5619
v 1.1128 0.5983 0.5804
v 1.1119 0.5745 0.5956
v 1.1120 0.5976 0.5245
v 1.1110 0.6049 0.5948
v 1.1130 0.6030 0.4854
v 1.1024 0.6030 0.4970
v 1.1136 0.6170 0.5110
v 1.1043 0.6174 0.4970
v 1.1211 0.4210 0.4970
v 1.1202 0.4210 0.5110
v 1.1200 0.4350 0.5110
v 1.1188 0.4523 0.5106
v 1.1125 0.4362 0.4980
v 1.1156 0.4684 0.4973
v 1.1194 0.5394 0.4970
v 1.1146 0.4910 0.6370
v 1.1228 0.5104 0.6522
v 1.1223 0.5330 0.6370
v 1.1246 0.5416 0.6511
v 1.1250 0.5534 0.6369
v 1.1197 0.5610 0.4970
v 1.1225 0.5771 0.6510
v 1.1157 0.5610 0.4830
v 1.1219 0.5797 0.4978
v 1.1146 0.5760 0.6094
v 1.1244 0.5807 0.6261
v 1.1184 0.5902 0.5108
v 1.1225 0.6030 0.4970
v 1.1237 0.5984 0.6253
v 1.1239 0.6170 0.6510
v -0.6928 0.0010 -0.0351
v -0.7070 -0.0028 -0.0490
v -0.7068 -0.0078 -0.0322
v -0.6875 -0.0063 -0.0098
v -0.6808 0.0023 -0.0198
v -0.6524 -0.0055 -0.0057
v -0.6556 0.0008 -0.0115
v -0.6594 0.0160 -0.0119
v -0.6649 0.0312 -0.0137
v -0.6790 0.0290 -0.0233
v -0.6797 0.0455 -0.0190
v -0.6649 0.0804 -0.0177
v -0.6790 0.0710 -0.0188
v -0.6792 0.0961 -0.0264
v -0.6790 0.1126 -0.0209
v -0.6650 0.1130 -0.0240
v -0.6648 0.1522 -0.0333
v -0.6790 0.1270 -0.0307
v -0.6790 0.1405 -0.0340
v -0.6790 0.1550 -0.0426
v -0.6652 0.1690 -0.0399
v -0.6790 0.1690 -0.0375
v -0.6650 0.1830 -0.0340
v -0.6649 0.1830 -0.0332
v -0.6790 0.1830 -0.0478
v -0.1857 0.6140 -0.6210
v -0.2187 0.6576 -0.6188
v -0.2182 0.6119 -0.6182
v -0.1683 0.6607 -0.6248
v -0.1890 0.6730 -0.6218
v -0.1669 0.7082 -0.6268
v -0.2283 0.6951 -0.6208
v -0.2190 0.7279 -0.6212
v -0.2060 0.7480 -0.6219
v -0.2149 0.8015 -0.6216
v -0.1641 0.8613 -0.6275
v -0.2137 0.8540 -0.6220
v -0.1485 0.6903 -0.6278
v -0.1631 0.7958 -0.6273
v -0.1668 0.6219 -0.6225
v -0.1491 0.6491 -0.6260
v -0.1334 0.8288 -0.6287
v -0.1214 0.6409 -0.6267
v -0.1140 0.6575 -0.6285
v -0.1217 0.7285 -0.6299
v -0.1251 0.7867 -0.6288
v -0.1037 0.8115 -0.6315
v -0.0960 0.8458 -0.6327
v -0.0961 0.6856 -0.6320
v -0.0960 0.7518 -0.6328
v -0.1030 0.7828 -0.6323
v -0.0612 0.6714 -0.6324
v -0.0827 0.6253 -0.6285
v -0.0638 0.6329 -0.6308
v -0.0551 0.7460 -0.6342
v -0.0784 0.7684 -0.6329
v -0.0629 0.8487 -0.6335
v -0.0464 0.6536 -0.6308
v -0.0531 0.7067 -0.6344
v -0.0476 0.8026 -0.6344
v -0.0596 0.6190 -0.6291
v -0.0358 0.7719 -0.6371
v -0.0203 0.7088 -0.6392
v -0.0104 0.7434 -0.6398
v -0.0067 0.7995 -0.6414
v -0.0199 0.8632 -0.6399
v -0.0081 0.6733 -0.6374
v -0.0012 0.6458 -0.6348
v -0.0201 0.6223 -0.6328
v -0.0070 0.7023 -0.6394
v 0.0152 0.6500 -0.6393
v 0.0080 0.6946 -0.6424
v 0.0068 0.7951 -0.6451
v 0.0068 0.8252 -0.6449
v 0.0054 0.8623 -0.6446
v 1.1116 1.2965 0.3100
v 1.1122 1.3192 0.2881
v 1.1121 1.3058 0.2673
v 1.1110 1.3040 0.3341
v 1.1118 1.3220 0.3368
v 1.1105 1.3109 0.3615
v 1.1128 1.3523 0.2731
v 1.1105 1.3411 0.3665
v 1.1108 1.2895 0.3975
v 1.1125 1.3288 0.4090
v 1.1125 1.3736 0.2985
v 1.1096 1.3489 0.3971
v 1.1136 1.3477 0.4261
v 1.1121 1.3618 0.3425
v 1.1130 1.3503 0.2222
v 1.1130 1.3933 0.2524
v 1.1128 1.3907 0.3105
v 1.1114 1.3858 0.3936
v 1.1184 1.3772 0.4396
v 1.1131 1.3923 0.3460
v 1.1140 1.4054 0.2652
v 1.1121 1.4093 0.3767
v 1.1133 1.4228 0.3710
v 1.1137 1.4560 0.3699
v 1.1123 1.4299 0.3884
v 1.1142 1.4625 0.3990
v 1.1160 1.4473 0.4192
v 1.1139 1.2917 0.4268
v 1.1197 1.2937 0.4408
v 1.1121 1.3175 0.2356
v 1.1153 1.4058 0.4150
v 1.1175 1.4287 0.4335
v 1.1143 1.4120 0.2201
v 1.1139 1.4159 0.2983
v 1.1144 1.4224 0.3235
v 1.1165 1.4532 0.2207
v 1.1152 1.4282 0.2822
v 1.1142 1.4496 0.3368
v 1.1153 1.4766 0.2545
v 1.1143 1.4519 0.3092
v 1.1150 1.4659 0.2838
v 1.1162 1.4573 0.4415
v 1.1165 1.4984 0.3386
v 1.1150 1.4902 0.3758
v 1.1164 1.4783 0.4205
v 1.1170 1.4908 0.2888
v 1.1190 1.5265 0.3015
v 1.1136 1.4914 0.3992
v 1.1185 1.4987 0.4276
v 1.1184 1.5176 0.2252
v 1.1180 1.5130 0.3784
v 1.1197 1.5407 0.2326
v 1.1200 1.5269 0.3332
v 1.1223 1.5130 0.4130
v 1.1219 1.5130 0.4270
v 1.1209 1.5407 0.2867
v 1.1204 1.5270 0.3704
v 1.1085 1.0742 0.3182
v 1.1090 1.0994 0.3515
v 1.1102 1.1247 0.2660
v 1.1065 1.0720 0.3683
v 1.1081 1.1004 0.3744
v 1.1096 1.0918 0.2675
v 1.1097 1.1549 0.2950
v 1.1100 1.0854 0.2332
v 1.1108 1.1513 0.2217
v 1.1115 1.1011 0.4163
v 1.1116 1.1402 0.4136
v 1.1076 1.0895 0.3996
v 1.1126 1.1432 0.4273
v 1.1073 1.1587 0.3961
v 1.1099 1.2019 0.2709
v 1.1092 1.1904 0.3185
v 1.1124 1.1774 0.4248
v 1.1090 1.2027 0.3788
v 1.1104 1.2021 0.2155
v 1.1104 1.1966 0.4003
v 1.1107 1.2140 0.2946
v 1.1106 1.2112 0.3284
v 1.1118 1.2189 0.4274
v 1.1115 1.2278 0.2292
v 1.1112 1.2581 0.2601
v 1.1099 1.2274 0.4051
v 1.1101 1.2663 0.3108
v 1.1103 1.2684 0.3514
v 1.1088 1.2451 0.3933
v 1.1116 1.2862 0.2269
v 1.1131 1.2611 0.4232
v 1.1123 1.0771 0.4317
v 1.1188 1.2467 0.4410
v 1.1182 1.2641 0.4405
v 0.7804 0.1948 -0.2471
v 0.7718 0.1823 -0.1939
v 0.7785 0.1955 -0.1919
v 0.7692 0.1829 -0.1581
v 0.7757 0.1987 -0.1451
v 0.7691 0.1819 -0.1156
v 0.7739 0.1986 -0.1176
v 0.7707 0.1970 -0.0910
v 0.7659 0.1800 -0.0760
v 0.7670 0.1972 -0.0744
v 0.7648 0.1744 -0.0512
v 0.7675 0.1975 -0.0397
v 0.7893 0.2031 -0.1483
v 0.7799 0.2047 -0.0953
v 0.7773 0.2077 -0.0658
v 0.7773 0.2058 -0.0260
v 0.7683 0.1953 -0.0244
v 0.7766 0.2111 -0.0075
v 0.7740 0.2134 0.0211
v 0.7905 0.2023 -0.1876
v 0.7930 0.2075 -0.1073
v 0.8012 0.2089 -0.0775
v 0.8007 0.2065 -0.0560
v 0.7976 0.2096 -0.0348
v 0.7946 0.2132 -0.0058
v 0.8013 0.2087 -0.2246
v 0.8064 0.2084 -0.1966
v 0.8018 0.2057 -0.1743
v 0.8047 0.2066 -0.1265
v 0.8137 0.2110 -0.1065
v 0.8062 0.2058 -0.0906
v 0.8113 0.2120 -0.0053
v 0.8316 0.2151 -0.2165
v 0.8225 0.2070 -0.1715
v 0.8193 0.2090 -0.1360
v 0.8323 0.2059 -0.1086
v 0.8190 0.2089 -0.0770
v 0.8190 0.2052 -0.0630
v 0.8190 0.2075 -0.0490
v 0.8186 0.2089 -0.0269
v 0.8260 0.2131 -0.0005
v 0.8352 0.2058 -0.1509
v 0.8467 0.2017 -0.1327
v 0.8330 0.2076 -0.0910
v 0.8330 0.2128 -0.0770
v 0.8330 0.2085 -0.0490
v 0.8335 0.2105 -0.1818
v 0.8330 0.2114 -0.0347
v 0.8447 0.2130 -0.0157
v 0.8486 0.2210 -0.2133
v 0.8602 0.2123 -0.1910
v 0.8466 0.2097 -0.1170
v 0.8462 0.2114 -0.0910
v 0.8470 0.2135 -0.1050
v 0.8611 0.2088 -0.1609
v 0.8606 0.2077 -0.1338
v 0.8533 0.2110 -0.1190
v 0.8811 0.2227 -0.2127
v 0.8610 0.2134 -0.1750
v 0.8610 0.2144 -0.0350
v 0.8610 0.2137 -0.0210
v 0.8610 0.2214 -0.0070
v 0.8610 0.2200 0.0070
v 0.8794 0.2119 -0.1704
v 0.8795 0.2171 -0.1928
v 0.8746 0.2071 -0.1399
v 0.8750 0.2188 -0.0350
v 0.8792 0.2201 -0.0235
v 0.8793 0.2241 -0.0084
v 0.8765 0.2202 0.0071
v 0.9030 0.2116 -0.1612
v 0.8936 0.2076 -0.1487
v 0.8912 0.2194 -0.2021
v 0.8890 0.2163 -0.0350
v 0.9030 0.2082 -0.1470
v 0.8992 0.2230 -0.2140
v 0.9030 0.2113 -0.1750
v 0.9030 0.2250 -0.0350
v 0.9030 0.2243 -0.0210
v 0.9030 0.2218 -0.0070
v 0.9030 0.2239 0.0070
v 0.9130 0.0150 0.1750
v 0.9184 0.0155 0.1594
v 0.9113 0.0010 0.1750
v 0.9030 0.0010 0.1719
v 0.9185 0.0286 0.1751
v 0.9170 0.0430 0.1610
v 0.9041 0.0430 0.1890
v 0.9200 0.0442 0.1740
v 0.9030 0.0290 0.1786
v 0.9170 0.0290 0.2238
v 0.9030 0.0290 0.2284
v 0.9170 0.0430 0.2209
v 0.9170 0.0575 0.1751
v 0.9066 0.0570 0.1890
v 0.9170 0.0570 0.2211
v 0.9215 0.0607 0.1602
v 0.9044 0.0710 0.1890
v 0.9170 0.0710 0.2269
v 0.9060 0.1065 0.1890
v 0.9142 0.1410 0.1890
v 0.9152 0.1550 0.1890
v 0.9264 0.0290 0.2170
v 0.9219 0.0546 0.2171
v 0.9280 0.0710 0.2170
v 0.9846 0.1410 0.2170
v 0.9837 0.1270 0.2030
v 0.9856 0.1412 0.2029
v 0.9864 0.1488 0.1872
v 0.9895 0.1663 0.2169
v 0.9941 0.1607 0.2032
v 0.9869 0.1827 0.1890
v 0.0121 -0.6990 -0.1190
v 0.0196 -0.7074 -0.1056
v 0.0264 -0.6906 -0.1190
v 0.0424 -0.7050 -0.1058
v 0.0645 -0.7051 -0.0882
v 0.0622 -0.6859 -0.1189
v 0.0763 -0.6943 -0.1039
v 0.1016 -0.7006 -0.0814
v 0.0770 -0.6850 -0.1072
v 0.0770 -0.6710 -0.1151
v 0.0926 -0.6921 -0.1050
v 0.0977 -0.6816 -0.1100
v 0.0910 -0.6710 -0.1120
v 0.1105 -0.7079 -0.0650
v 0.1168 -0.6887 -0.1041
v 0.1195 -0.6994 -0.0766
v 0.1190 -0.6850 -0.1081
v 0.1190 -0.6929 -0.0910
v 0.1288 -0.7047 -0.0894
v 0.1325 -0.6992 -0.1052
v 0.1470 -0.7130 -0.1050
v 0.1470 -0.6990 -0.1085
v 0.1469 -0.7130 -0.0916
v 0.1489 -0.7114 -0.0772
v 0.1610 -0.7112 -0.1050
v 0.1750 -0.6990 -0.0995
v 0.1751 -0.7121 -0.0910
v 0.1750 -0.6850 -0.0988
v 0.1637 -0.6850 -0.1050
v 0.1890 -0.7081 -0.1050
v 0.1824 -0.6990 -0.1050
v 0.1890 -0.7126 -0.0770
v 0.9857 0.6363 0.3848
v 0.9869 0.6324 0.4123
v 0.9870 0.6590 0.3937
v 0.9894 0.6181 0.3252
v 0.9917 0.6580 0.3137
v 0.9934 0.6564 0.2736
v 0.9878 0.6281 0.3555
v 0.9886 0.6162 0.4408
v 0.9933 0.6450 0.4410
v 0.9903 0.6331 0.4286
v 0.9911 0.6326 0.2648
v 0.9949 0.6600 0.2394
v 0.9901 0.6590 0.3515
v 0.9940 0.6662 0.4203
v 0.9958 0.6709 0.4306
v 0.9983 0.6744 0.2501
v 0.9989 0.6739 0.2178
v 0.9979 0.6731 0.2745
v 0.9972 0.6735 0.3018
v 0.9932 0.6736 0.3357
v 0.9922 0.6725 0.3649
v 0.9928 0.6727 0.3979
v 1.0060 0.6866 0.4301
v 1.0010 0.6773 0.2870
v 1.0056 0.6867 0.3500
v 1.0045 0.6885 0.3835
v 1.0064 0.6885 0.4057
v 1.0157 0.6859 0.2184
v 1.0122 0.6878 0.2423
v 1.0133 0.6876 0.2654
v 1.0091 0.6879 0.2853
v 1.0092 0.6870 0.3096
v 1.0463 0.6910 0.2585
v 1.0371 0.6910 0.3041
v 1.0382 0.6911 0.3379
v 1.0514 0.6934 0.4237
v 1.0627 0.6923 0.2778
v 1.0676 0.6926 0.3140
v 1.0565 0.6918 0.3373
v 1.0529 0.6927 0.3736
v 1.0547 0.6928 0.3912
v 1.0575 0.6923 0.2380
v 1.0839 0.6889 0.2313
v 1.0712 0.6910 0.2577
v 1.0710 0.6924 0.2730
v 1.0839 0.6853 0.3477
v 1.0710 0.6941 0.3570
v 1.0710 0.6951 0.3710
v 1.0827 0.6873 0.3947
v 1.0699 0.6925 0.4252
v 1.0710 0.6893 0.4410
v 1.0856 0.6840 0.2677
v 1.0848 0.6839 0.2861
v 1.0850 0.6878 0.3009
v 1.0867 0.6863 0.3241
v 1.0850 0.6889 0.3710
v 1.0850 0.6897 0.3850
v 1.0893 0.6842 0.4123
v 1.0866 0.6860 0.4392
v 1.1010 0.6869 0.2579
v 1.0951 0.6870 0.2870
v 1.1003 0.6869 0.3110
v 1.1000 0.6867 0.3290
v 1.0996 0.6937 0.2317
v 1.0993 0.6935 0.2875
v 1.1054 0.7024 0.2792
v 1.0991 0.6963 0.3577
v 1.0996 0.6962 0.3985
v 1.0983 0.6929 0.4164
v 1.1059 0.7003 0.2487
v 1.1066 0.7025 0.2310
v 1.1050 0.7012 0.3095
v 1.1034 0.6999 0.3354
v 1.1043 0.7011 0.3741
v 1.1048 0.7010 0.3850
v 1.1040 0.7010 0.4006
v 1.1064 0.7350 0.3059
v 1.1054 0.7305 0.3525
v 1.1048 0.7272 0.3789
v 1.1061 0.7246 0.4164
v 1.1061 0.7391 0.2474
v 1.1056 0.7363 0.2900
v 1.1106 0.7538 0.4248
v 1.1073 0.7471 0.3842
v 1.1080 0.7708 0.4101
v 1.1071 0.7856 0.2567
v 1.1078 0.7701 0.3409
v 1.1074 0.7498 0.2011
v 1.1082 0.7982 0.2817
v 1.1070 0.7795 0.3932
v 1.1080 0.8009 0.2174
v 1.1077 0.7937 0.2990
v 1.1122 0.8113 0.4371
v 1.1084 0.8112 0.2509
v 1.1075 0.8057 0.3239
v 1.1075 0.8327 0.4129
v 1.1074 0.8467 0.2745
v 1.1078 0.8203 0.3511
v 1.1072 0.8252 0.3712
v 1.1064 0.8556 0.3290
v 1.1111 0.8553 0.4350
v 1.1080 0.8854 0.2411
v 1.1072 0.8723 0.3390
v 1.1061 0.8841 0.3697
v 1.1080 0.8808 0.4125
v -1.1832 0.0428 -0.6279
v -1.1872 0.0276 -0.6065
v -1.1830 0.0290 -0.6176
v -1.1684 0.0567 -0.6230
v -1.1768 0.0475 -0.6157
v -1.1690 0.0118 -0.6370
v -1.1830 0.0010 -0.6464
v -1.1690 0.0150 -0.6383
v -1.1830 0.0150 -0.6391
v -1.1690 0.0290 -0.6370
v -1.1827 0.0381 -0.6385
v -1.1830 0.0253 -0.6090
v -1.1750 0.0234 -0.6203
v -1.1690 0.0276 -0.6090
v -1.1700 0.0430 -0.6370
v -1.1690 0.0362 -0.5950
v -1.1760 0.0430 -0.5950
v -1.1830 0.0570 -0.6549
v -1.1755 0.0570 -0.6510
v -1.1721 0.0571 -0.6369
v -1.1724 0.0570 -0.6090
v -1.1798 0.0570 -0.5950
v -1.1830 0.0570 -0.5842
v -1.1830 0.0516 -0.5810
v -1.1744 0.0430 -0.5810
v -1.1761 0.0711 -0.6511
v -1.1830 0.0710 -0.6547
v -1.1695 0.0710 -0.6232
v -1.1745 0.0710 -0.6090
v -1.1681 0.0716 -0.5944
v -1.1830 0.0799 -0.5950
v -1.1690 0.0782 -0.6510
v -1.1690 0.0850 -0.6455
v -1.1723 0.0850 -0.6370
v -1.1615 0.0705 -0.6370
v -1.1755 0.0850 -0.6230
v -1.1621 0.0848 -0.6088
v -1.1637 0.0976 -0.6209
v -1.1830 0.0850 -0.5971
v -1.1690 0.0850 -0.5998
v -1.1688 0.0992 -0.6636
v -1.1739 0.1007 -0.6406
v -1.1693 0.1244 -0.6174
v -1.1830 0.1277 -0.6145
v -1.1825 0.1419 -0.6179
v -1.1690 -0.0015 -0.6370
v -1.1582 0.0010 -0.6370
v -1.1550 0.0010 -0.6440
v -1.1690 -0.0130 -0.6461
v -1.1550 -0.0130 -0.6459
v -1.1550 0.0132 -0.6370
v -1.1567 0.0150 -0.6370
v -1.1481 0.0292 -0.6571
v -1.1549 0.0164 -0.6510
v -1.1644 0.0432 -0.6508
v -1.1560 0.0325 -0.6407
v -1.1634 0.0150 -0.6230
v -1.1550 0.0430 -0.6563
v -1.1550 0.0318 -0.5950
v -1.1550 0.0290 -0.5986
v -1.1556 0.0290 -0.5815
v -1.1690 0.0383 -0.5810
v -1.1548 0.0708 -0.6438
v -1.1620 0.0710 -0.6510
v -1.1550 0.0850 -0.6457
v -1.1539 0.1040 -0.6508
v -1.1413 0.0998 -0.6497
v -1.1552 0.1134 -0.6521
v -1.1645 0.1129 -0.6303
v -1.1550 0.1226 -0.6370
v -1.1550 0.1150 -0.6510
v -1.1563 0.1273 -0.6238
v -1.1550 0.1410 -0.6273
v -1.1410 0.0010 -0.6370
v -1.1410 -0.0130 -0.6507
v -1.1409 0.0040 -0.6523
v -1.1410 0.0150 -0.6396
v -1.1410 0.0099 -0.6230
v -1.1371 0.0267 -0.6411
v -1.1410 0.0430 -0.6554
v -1.1419 0.0430 -0.6347
v -1.1523 0.0290 -0.5950
v -1.1414 0.0855 -0.6359
v -1.1410 0.0990 -0.6650
v -1.1410 0.1130 -0.6598
v -1.1410 0.1199 -0.6510
v -1.1410 0.1225 -0.6370
v -1.1410 0.1410 -0.6336
v -1.1270 -0.0130 -0.6496
v -1.1238 0.0059 -0.6514
v -1.1270 0.0150 -0.6417
v -1.1334 0.0010 -0.6230
v -1.1189 0.0614 -0.6382
v -1.1121 0.0398 -0.6383
v -1.1269 0.0849 -0.6388
v -1.1270 0.0990 -0.6405
v -1.1270 0.1130 -0.6533
v -1.1263 0.1130 -0.6514
v -1.1270 0.1270 -0.6455
v -1.1377 0.1270 -0.6370
v -1.1208 -0.0130 -0.6510
v -1.1167 0.0010 -0.6510
v -1.1130 0.0003 -0.6370
v -1.1130 0.0010 -0.6423
v -1.1065 0.0198 -0.6464
v -1.1107 0.0971 -0.6424
v -1.1130 0.1130 -0.6432
v -1.1130 0.1270 -0.6417
v -0.0356 -0.6995 -0.1331
v -0.0337 -0.7189 -0.1125
v -0.0210 -0.6993 -0.1268
v -0.0350 -0.6850 -0.1313
v -0.0210 -0.6850 -0.1276
v -0.0070 -0.7069 -0.1190
v -0.0070 -0.6990 -0.1286
v -0.0070 -0.6850 -0.1326
v 1.1074 0.9010 0.3046
v 1.1081 0.9174 0.2704
v 1.1064 0.9201 0.3914
v 1.1120 0.8932 0.4283
v 1.1130 0.9000 0.4401
v 1.1069 0.9327 0.3260
v 1.1053 0.9236 0.3676
v 1.1056 0.9440 0.3988
v 1.1086 0.9308 0.2373
v 1.1078 0.9395 0.4148
v 1.1067 0.9426 0.3645
v 1.1126 0.9390 0.4412
v 1.1087 0.9812 0.2582
v 1.1071 0.9640 0.3268
v 1.1064 0.9805 0.3691
v 1.1126 0.9623 0.4320
v 1.1125 0.9529 0.4271
v 1.1088 0.9525 0.2108
v 1.1085 0.9773 0.3045
v 1.1068 0.9689 0.4087
v 1.1081 0.9912 0.3140
v 1.1096 1.0141 0.2646
v 1.1099 0.9984 0.2463
v 1.1089 1.0079 0.3400
v 1.1074 0.9915 0.4031
v 1.1137 0.9916 0.4372
v 1.1099 1.0413 0.4146
v 1.1090 1.0404 0.3080
v 1.1084 1.0531 0.3388
v 1.1070 1.0316 0.3982
v 0.6829 -0.0115 0.2477
v 0.6698 -0.0141 0.2600
v 0.6949 -0.0114 0.2812
v 0.6810 -0.0149 0.3640
v 0.7004 -0.0141 0.3518
v 0.6780 -0.0126 0.3377
v 0.7026 -0.0118 0.3331
v 0.6974 -0.0122 0.3709
v 0.7062 -0.0177 0.3956
v 0.6780 -0.0205 0.3864
v 0.6930 -0.0200 0.3990
v 0.6664 -0.0113 0.2865
v 0.6654 -0.0142 0.3028
v 0.6841 -0.0136 0.3117
v 0.7121 -0.0168 0.3801
v 0.7147 -0.0114 0.2700
v 0.7043 -0.0135 0.2948
v 0.7330 -0.0147 0.2578
v 0.7369 -0.0126 0.3566
v 0.7258 -0.0102 0.3448
v 0.7384 -0.0121 0.3838
v 0.7226 -0.0184 0.4012
v 0.7070 -0.0149 0.4270
v 0.7313 -0.0135 0.2915
v 0.7318 -0.0111 0.3117
v 0.7320 -0.0118 0.3349
v 0.7212 -0.0119 0.4270
v 0.7397 -0.0105 0.3708
v 0.7350 -0.0146 0.4130
v 0.7623 -0.0117 0.4123
v 0.7350 -0.0146 0.4270
v 0.7628 -0.0133 0.2873
v 0.7685 -0.0113 0.3212
v 0.7630 -0.0148 0.2591
v 0.7727 -0.0159 0.2775
v 0.7630 -0.0133 0.3710
v 0.7663 -0.0135 0.3504
v 0.7631 -0.0107 0.3849
v 0.7772 -0.0181 0.2455
v 0.7770 -0.0112 0.2588
v 0.7825 -0.0143 0.3113
v 0.7755 -0.0135 0.3386
v 0.7783 -0.0111 0.3571
v 0.7789 -0.0107 0.3702
v 0.7778 -0.0117 0.3872
v 0.7780 -0.0077 0.4133
v 0.7908 -0.0136 0.2590
v 0.7939 -0.0128 0.3147
v 0.8121 -0.0131 0.3412
v 0.7942 -0.0137 0.3595
v 0.8065 -0.0123 0.2522
v 0.8176 -0.0133 0.2607
v 0.8049 -0.0145 0.2871
v 0.8153 -0.0158 0.3707
v 0.8051 -0.0118 0.3850
v 0.8050 -0.0107 0.3990
v 0.8052 -0.0133 0.4130
v 0.8292 -0.0188 0.2555
v 0.8264 -0.0110 0.2799
v 0.8244 -0.0121 0.3809
v 0.8267 -0.0120 0.3301
v 0.8428 -0.0116 0.3039
v 0.8189 -0.0172 0.3570
v 0.8149 -0.0092 0.4018
v 0.8138 -0.0130 0.4270
v 0.8443 -0.0078 0.4302
v 0.8189 -0.0126 0.4463
v 0.8332 -0.0119 0.3573
v 0.8092 -0.0140 0.4647
v 0.8437 -0.0148 0.4701
v 0.8485 -0.0080 0.4225
v 0.8412 -0.0064 0.4484
v 0.8519 -0.0157 0.2735
v 0.8470 -0.0179 0.2870
v 0.8567 -0.0153 0.3249
v 0.8492 -0.0148 0.3478
v 0.8532 -0.0097 0.3905
v 0.8575 -0.0226 0.2497
v 0.8709 -0.0193 0.3068
v 0.8610 -0.0182 0.3150
v 0.8792 -0.0106 0.3775
v 0.8855 -0.0076 0.4420
v 0.8750 -0.0243 0.2450
v 0.8750 -0.0194 0.2590
v 0.8760 -0.0239 0.2772
v 0.8789 -0.0215 0.2961
v 0.8819 -0.0178 0.3355
v 0.8869 -0.0144 0.3538
v 0.8735 0.1426 0.3565
v 0.8737 0.1275 0.3341
v 0.8744 0.1255 0.3690
v 0.8694 0.1410 0.3710
v 0.8773 0.1290 0.3928
v 0.8742 0.1421 0.3996
v 0.8748 0.1266 0.4130
v 0.8693 0.1410 0.4130
v 0.8778 0.1278 0.4268
v 0.8693 0.1410 0.4270
v 0.8750 0.1473 0.3850
v 0.8767 0.1548 0.4064
v 0.8777 0.1542 0.4262
v 0.8680 0.1410 0.4410
v 0.8762 0.1544 0.4412
v 0.8610 0.1410 0.4448
v 0.8610 0.1548 0.4552
v 0.8894 -0.0281 0.2721
v 0.8889 -0.0245 0.2590
v 0.8901 0.0993 0.2870
v 0.8896 0.0834 0.2859
v 0.8880 0.0849 0.3149
v 0.8877 0.0990 0.3445
v 0.8922 0.0710 0.3570
v 0.8869 0.0850 0.3570
v 0.8872 0.0955 0.3676
v 0.8874 0.0992 0.2308
v 0.8867 0.1124 0.2468
v 0.8870 0.1130 0.2310
v 0.8881 0.1115 0.2732
v 0.8825 0.1203 0.2929
v 0.8885 0.0989 0.3268
v 0.8839 0.1114 0.3401
v 0.8861 0.1128 0.3699
v 0.8852 0.0989 0.3850
v 0.8846 0.1140 0.3933
v 0.8909 0.0991 0.4133
v 0.8859 0.1127 0.4126
v 0.8890 0.1270 0.2348
v 0.8890 0.1242 0.2310
v 0.8851 0.1267 0.2456
v 0.8812 0.1263 0.2893
v 0.8780 0.1270 0.3150
v 0.8890 0.1155 0.4270
v 0.8882 0.1417 0.2596
v 0.8885 0.1359 0.2452
v 0.8885 0.1423 0.2728
v 0.8901 0.1403 0.2867
v 0.8904 0.1413 0.3026
v 0.8864 0.1434 0.3279
v 0.8583 0.1579 0.4741
v 0.9030 -0.0215 0.3010
v 0.8989 0.0010 0.2450
v 0.8890 0.0290 0.2319
v 0.8981 0.0430 0.3010
v 0.8956 0.0570 0.3010
v 0.8939 0.0712 0.3150
v 0.8943 0.0710 0.3710
v 0.8942 0.0880 0.3335
v 0.8975 0.0710 0.3307
v 0.8917 0.0839 0.3938
v 0.8894 0.0850 0.4130
v 0.8942 0.0990 0.2450
v 0.8960 0.0989 0.2737
v 0.8916 0.0990 0.3990
v 0.8913 0.0990 0.4270
v 0.8890 0.0990 0.4410
v 0.8910 0.1130 0.4270
v 0.8899 0.1130 0.4410
v 0.6896 1.3602 -0.6413
v 0.6708 1.3395 -0.6399
v 0.6916 1.3263 -0.6409
v 0.7076 1.4055 -0.6427
v 0.6718 1.3973 -0.6426
v 0.7034 1.3796 -0.6419
v 0.6933 1.4241 -0.6453
v 0.7008 1.4587 -0.6459
v 0.6804 1.4464 -0.6452
v 0.6953 1.4653 -0.6475
v 0.6771 1.4722 -0.6476
v 0.7208 1.3004 -0.6390
v 0.7201 1.3421 -0.6390
v 0.7058 1.5107 -0.6500
v 0.7213 1.4111 -0.6415
v 0.7252 1.4594 -0.6444
v 0.7257 1.4826 -0.6472
v 0.7572 1.2824 -0.6382
v 0.7349 1.3446 -0.6398
v 0.7623 1.3831 -0.6381
v 0.7466 1.3974 -0.6402
v 0.7530 1.4344 -0.6422
v 0.7363 1.5063 -0.6460
v 0.7340 1.5271 -0.6489
v 0.7578 1.3422 -0.6382
v 0.7571 1.4614 -0.6439
v 0.7477 1.4901 -0.6459
v 0.7794 1.3174 -0.6395
v 0.7715 1.4005 -0.6398
v 0.7661 1.4924 -0.6440
v 0.7767 1.5131 -0.6457
v 0.7630 1.5270 -0.6498
v 0.7900 1.3770 -0.6395
v 0.7908 1.3876 -0.6391
v 0.7778 1.4163 -0.6390
v 0.7875 1.4586 -0.6429
v 0.7836 1.5382 -0.6494
v 0.8061 1.3041 -0.6378
v 0.7937 1.3424 -0.6388
v 0.7919 1.4175 -0.6408
v 0.8005 1.5016 -0.6439
v 0.7910 1.5130 -0.6479
v 0.8020 1.5383 -0.6453
v 0.8050 1.3628 -0.6375
v 0.8140 1.4166 -0.6384
v 0.8370 1.4624 -0.6393
v 0.8036 1.4705 -0.6437
v 0.8161 1.5137 -0.6436
v 0.8276 1.5401 -0.6455
v 0.8416 1.3307 -0.6374
v 0.8197 1.3621 -0.6390
v 0.8452 1.4806 -0.6411
v 0.8554 1.3790 -0.6377
v 0.8456 1.4357 -0.6396
v 0.8392 1.5141 -0.6413
v 0.8568 1.3123 -0.6378
v 0.8326 1.2810 -0.6368
v 0.8698 1.4151 -0.6372
v 0.8637 1.4596 -0.6393
v 0.8661 1.3478 -0.6380
v 0.8864 1.3100 -0.6381
v 0.8857 1.3769 -0.6387
v 0.8805 1.4536 -0.6387
v 0.8792 1.5151 -0.6422
v 0.8641 1.5399 -0.6427
v 0.8942 1.4159 -0.6394
v 0.8896 1.4734 -0.6391
v 0.9216 1.4236 -0.6384
v 0.9191 1.4513 -0.6402
v 0.9037 1.4694 -0.6402
v 0.9039 1.5128 -0.6416
v 0.8993 1.5411 -0.6422
v 1.1157 1.5274 0.0183
v 1.1183 1.5542 0.0124
v 1.1140 1.5402 0.0049
v 1.1160 1.5277 0.0666
v 1.1179 1.5493 0.0639
v 1.1183 1.5396 0.0906
v 1.1163 1.5104 0.1315
v 1.1191 1.5702 0.1154
v 1.1177 1.5276 0.1509
v 1.1174 1.5135 0.1780
v 1.1194 1.5551 0.1742
v 1.1179 1.5691 0.0758
v 1.1190 1.5700 0.0959
v 1.1217 1.5550 0.2159
v 1.1196 1.5690 0.1330
v 1.1202 1.5690 0.1610
v 1.1130 1.5690 0.1750
v 1.1181 1.5819 0.0225
v 1.1191 1.5827 0.0508
v 1.1202 1.5830 0.0910
v 1.1183 1.5830 0.1050
v 1.1120 1.5825 0.1168
v 1.1196 1.5970 0.0210
v 1.1191 1.5977 -0.0209
v 1.1184 1.5970 0.0350
v 1.1130 1.5955 0.0490
v 1.1130 1.5958 0.0769
v 1.1130 1.6078 0.0070
v -1.0845 0.2820 -0.6452
v -1.1327 0.2818 -0.6408
v -1.1185 0.2670 -0.6378
v -1.1007 0.3088 -0.6432
v -1.0884 0.3396 -0.6470
v -1.1028 0.3491 -0.6455
v -1.1035 0.3236 -0.6426
v -1.0904 0.3692 -0.6489
v -1.1072 0.3973 -0.6431
v -1.1265 0.3631 -0.6422
v -1.1272 0.4054 -0.6435
v -1.0850 0.2670 -0.6456
v -1.0869 0.3067 -0.6453
v -1.0742 0.3582 -0.6455
v -1.0583 0.2666 -0.6410
v -1.0580 0.2853 -0.6477
v -1.0585 0.3098 -0.6435
v -1.0560 0.3486 -0.6444
v -1.0605 0.3701 -0.6436
v -1.0712 0.3961 -0.6460
v -1.0708 0.4344 -0.6472
v -1.0392 0.3553 -0.6438
v -1.0570 0.3930 -0.6477
v -1.0483 0.4118 -0.6393
v -1.0430 0.2670 -0.6460
v -1.0430 0.2810 -0.6388
v -1.0433 0.3041 -0.6447
v -1.0332 0.3354 -0.6455
v -1.0450 0.3883 -0.6440
v -1.0283 0.2647 -0.6488
v -1.0291 0.2813 -0.6473
v -1.0225 0.2955 -0.6487
v -1.0214 0.3852 -0.6411
v -1.0169 0.4111 -0.6374
v -1.0290 0.1830 -0.6316
v -1.0146 0.1831 -0.6395
v -1.0290 0.1970 -0.6421
v -1.0150 0.2110 -0.6440
v -1.0290 0.2110 -0.6398
v -1.0161 0.2262 -0.6464
v -1.0290 0.2250 -0.6443
v -1.0290 0.2390 -0.6443
v -1.0043 0.2578 -0.6492
v -1.0157 0.3335 -0.6477
v -1.0010 0.3930 -0.6391
v -1.0009 0.1842 -0.6431
v -0.9945 0.2182 -0.6468
v -1.0002 0.2916 -0.6508
v -1.0010 0.3090 -0.6467
v -0.9924 0.3440 -0.6427
v -1.0016 0.3673 -0.6395
v -0.9870 0.1970 -0.6462
v -0.9872 0.2346 -0.6472
v -0.9800 0.2814 -0.6451
v -0.9621 0.3196 -0.6376
v -0.9794 0.3635 -0.6412
v -0.9853 0.4063 -0.6396
v -0.9589 0.1971 -0.6382
v -0.9726 0.2110 -0.6471
v -0.9602 0.2501 -0.6401
v -0.9607 0.3805 -0.6370
v -0.9558 0.2136 -0.6416
v -0.9586 0.3348 -0.6361
v -0.9571 0.4135 -0.6385
v -0.9461 0.1838 -0.6375
v -0.9406 0.2438 -0.6380
v -0.9434 0.2964 -0.6367
v -0.9391 0.3623 -0.6342
v -0.9442 0.4083 -0.6345
v -0.9177 0.2134 -0.6386
v -0.9265 0.1831 -0.6314
v -0.9147 0.3254 -0.6351
v -0.9228 0.3937 -0.6335
v -0.9125 0.2313 -0.6378
v -0.9055 0.2530 -0.6381
v -0.9143 0.2937 -0.6374
v -0.8988 0.3733 -0.6334
v -0.9019 0.1910 -0.6390
v -0.8966 0.2781 -0.6361
v -0.8761 0.1969 -0.6394
v -0.8891 0.2127 -0.6365
v -0.8890 0.2391 -0.6388
v -0.8731 0.3006 -0.6351
v -0.8686 0.4551 -0.6321
v 1.1126 1.3086 0.1179
v 1.1125 1.3460 0.1331
v 1.1132 1.3431 0.0897
v 1.1124 1.3004 0.2052
v 1.1123 1.3118 0.0008
v 1.1117 1.2982 0.0397
v 1.1131 1.3396 0.0479
v 1.1130 1.3243 0.1602
v 1.1131 1.3371 0.1707
v 1.1120 1.3424 0.2100
v 1.1137 1.3208 0.0772
v 1.1139 1.3783 0.1903
v 1.1134 1.3686 0.0677
v 1.1139 1.3682 0.0991
v 1.1133 1.4061 0.0595
v 1.1120 1.3988 -0.0088
v 1.1138 1.3847 0.0201
v 1.1138 1.4144 0.0228
v 1.1120 1.2774 0.1477
v 1.1124 1.3531 -0.0073
v 1.1137 1.3898 0.1047
v 1.1135 1.3856 0.1593
v 1.1163 1.4621 0.1448
v 1.1142 1.4315 0.1006
v 1.1136 1.4097 0.1941
v 1.1149 1.4302 0.0790
v 1.1133 1.4422 0.0315
v 1.1150 1.4609 0.0624
v 1.1160 1.4676 0.0957
v 1.1161 1.4775 0.1920
v 1.1148 1.4583 0.0092
v 1.1159 1.5066 0.0974
v 1.1158 1.4846 0.0374
v 1.1157 1.4916 0.0134
v 1.1161 1.5041 0.1574
v 1.1161 1.4970 0.2132
v 0.4278 1.5100 -0.6543
v 0.4285 1.5412 -0.6531
v 0.4092 1.5258 -0.6521
v 0.4543 1.5405 -0.6539
v 0.2818 0.2390 0.4690
v 0.2736 0.2374 0.4493
v 0.2730 0.2287 0.4690
v 0.2730 0.2274 0.4830
v 0.2870 0.2378 0.4970
v 0.2848 0.2441 0.4754
v 0.2871 0.2557 0.4539
v 0.2870 0.2297 0.5110
v 0.3053 0.2475 0.5142
v 0.2871 0.2293 0.5242
v 0.2870 0.2270 0.5390
v 0.3025 0.2356 0.5398
v 0.2870 0.2250 0.5502
v 0.3010 0.2301 0.5530
v 0.3182 0.2568 0.5124
v 0.3129 0.2745 0.4766
v 0.3145 0.2802 0.4684
v 0.3131 0.2433 0.5666
v 0.3010 0.2338 0.5670
v 0.3189 0.2498 0.5387
v 0.3163 0.2479 0.5541
v 0.3311 0.2607 0.5266
v 0.3334 0.2789 0.5115
v 0.3220 0.2808 0.4968
v 0.3338 0.2907 0.4946
v 0.3028 0.2883 0.4414
v 0.3270 0.2953 0.4627
v 0.3433 0.2655 0.5398
v 0.3427 0.2781 0.5248
v 0.3430 0.2586 0.5670
v 0.3431 0.2949 0.4761
v 0.3570 0.2810 0.5250
v 0.3570 0.2713 0.5390
v 0.3569 0.2925 0.4845
v 0.3570 0.2888 0.5110
v 0.3573 0.3007 0.4587
v 0.4684 1.5096 -0.6510
v 0.4690 1.5410 -0.6518
v 0.4831 1.5342 -0.6533
v 0.4830 1.5550 -0.6524
v 0.4978 1.5027 -0.6514
v 0.4977 1.5368 -0.6519
v 0.5107 1.5549 -0.6525
v 0.5354 1.5227 -0.6510
v 0.5249 1.5558 -0.6527
v 0.5250 1.5690 -0.6517
v 0.5392 1.5420 -0.6496
v 0.5285 1.5690 -0.6510
v 0.5390 1.5690 -0.6490
v 0.5537 1.4970 -0.6519
v 0.5530 1.5417 -0.6531
v 0.5527 1.5690 -0.6521
v 0.5663 1.5355 -0.6508
v 0.5614 1.5690 -0.6510
v 0.5811 1.5830 -0.6497
v 0.5600 1.5830 -0.6510
v 0.5530 1.5830 -0.6521
v 0.5950 1.5011 -0.6512
v 0.6032 1.5498 -0.6502
v 0.5957 1.5822 -0.6519
v 0.6177 1.5137 -0.6500
v 0.6077 1.5929 -0.6494
v 0.5950 1.5970 -0.6513
v 0.6349 1.5624 -0.6504
v 0.6442 1.5962 -0.6497
v 0.6383 1.5194 -0.6517
v 0.6650 1.5667 -0.6481
v 0.6513 1.5289 -0.6510
v 0.6652 1.6104 -0.6481
v 0.6939 1.5472 -0.6514
v 0.6714 1.5194 -0.6495
v 0.6773 1.5763 -0.6496
v 0.6805 1.6110 -0.6495
v 0.6979 0.2286 -0.3743
v 0.6781 0.2345 -0.3800
v 0.6840 0.1914 -0.3782
v 0.7068 0.2599 -0.3742
v 0.6835 0.2719 -0.3773
v 0.7001 0.3178 -0.3755
v 0.6665 0.2976 -0.3850
v 0.6886 0.3343 -0.3770
v 0.6964 0.3698 -0.3761
v 0.6782 0.3640 -0.3814
v 0.6925 0.3893 -0.3754
v 0.6604 0.3717 -0.3898
v 0.7097 0.1864 -0.3722
v 0.7205 0.2195 -0.3706
v 0.7067 0.2871 -0.3746
v 0.7068 0.3512 -0.3746
v 0.7083 0.4008 -0.3749
v 0.6884 0.4102 -0.3773
v 0.7218 0.1720 -0.3716
v 0.7212 0.2015 -0.3713
v 0.7204 0.2672 -0.3692
v 0.7199 0.2908 -0.3703
v 0.7183 0.3198 -0.3700
v 0.7210 0.3311 -0.3570
v 0.7179 0.3370 -0.3570
v 0.7209 0.3370 -0.3555
v 0.7137 0.3510 -0.3710
v 0.7213 0.3507 -0.3694
v 0.7207 0.3789 -0.3707
v 0.7210 0.3930 -0.3710
v 0.7158 0.4070 -0.3710
v 0.7367 0.1975 -0.3751
v 0.7341 0.2425 -0.3716
v 0.7408 0.2270 -0.3753
v 0.7265 0.2460 -0.3710
v 0.7359 0.2675 -0.3710
v 0.7316 0.2917 -0.3719
v 0.7438 0.2861 -0.3780
v 0.7348 0.3162 -0.3699
v 0.7350 0.3372 -0.3695
v 0.7350 0.3510 -0.3765
v 0.7350 0.3650 -0.3760
v 0.7351 0.3785 -0.3710
v 0.7346 0.3985 -0.3676
v 0.7490 0.1830 -0.3736
v 0.7471 0.2091 -0.3775
v 0.7463 0.2421 -0.3787
v 0.7486 0.3072 -0.3819
v 0.7506 0.3342 -0.3837
v 0.7484 0.3555 -0.3830
v 0.7454 0.3805 -0.3789
v 0.7575 0.4226 -0.3872
v 0.7633 0.2110 -0.3816
v 0.7632 0.2250 -0.3848
v 0.7630 0.2377 -0.3911
v 0.7622 0.2685 -0.3935
v 0.7642 0.3027 -0.3939
v 0.7630 0.3230 -0.3913
v 0.7732 0.3435 -0.4021
v 0.7654 0.3620 -0.3957
v 0.7742 0.1839 -0.2415
v 0.7722 0.2344 -0.3964
v 0.7762 0.2525 -0.3997
v 0.7785 0.2688 -0.4070
v 0.7804 0.3213 -0.4115
v 0.7770 0.4140 -0.4074
v 0.7866 0.3931 -0.4168
v 0.7973 0.1973 -0.3289
v 0.8028 0.1836 -0.3547
v 0.7847 0.1831 -0.3150
v 0.7901 0.1985 -0.3090
v 0.7754 0.1785 -0.2783
v 0.7899 0.2027 -0.2755
v 0.7741 0.1861 -0.2581
v 0.7927 0.2110 -0.4123
v 0.7816 0.1970 -0.3990
v 0.8030 0.1970 -0.4137
v 0.7809 0.2110 -0.3990
v 0.8033 0.2103 -0.3146
v 0.7927 0.2390 -0.4123
v 0.7910 0.2670 -0.4110
v 0.7894 0.2813 -0.4132
v 0.7910 0.2950 -0.4173
v 0.8049 0.2808 -0.4270
v 0.7888 0.2950 -0.4130
v 0.7903 0.3090 -0.4270
v 0.7972 0.3419 -0.4267
v 0.7828 0.3538 -0.4124
v 0.7979 0.3930 -0.4268
v 0.8050 0.1970 -0.4270
v 0.7964 0.1830 -0.4130
v 0.8050 0.1830 -0.4200
v 0.7968 0.1830 -0.3990
v 0.7979 0.2110 -0.4270
v 0.8131 0.2182 -0.2907
v 0.8086 0.2184 -0.2601
v 0.8049 0.2251 -0.4270
v 0.8050 0.2530 -0.4270
v 0.7944 0.2950 -0.4270
v 0.8103 0.2110 -0.3290
v 0.8200 0.2207 -0.3149
v 0.8307 0.2277 -0.2733
v 0.8325 0.2250 -0.2412
v 0.8120 0.2390 -0.4270
v 0.8332 0.2245 -0.3004
v 0.8330 0.2266 -0.3150
v 0.8468 0.2313 -0.2996
v 0.8587 0.2395 -0.2580
v 0.8610 0.2289 -0.3010
v 0.8615 0.2367 -0.2833
v 0.8652 0.2377 -0.2439
v 0.8750 0.2170 -0.3430
v 0.8750 0.2110 -0.3489
v 0.8610 0.2168 -0.3430
v 0.8750 0.2390 -0.3010
v 0.8778 0.2404 -0.2842
v 0.8890 0.2177 -0.3430
v 0.8750 0.2317 -0.3291
v 0.8890 0.2165 -0.3290
v 0.8890 0.2289 -0.3150
v 0.8750 0.2278 -0.3150
v 0.9035 0.2340 -0.2306
v 0.9002 0.2410 -0.2425
v 0.8890 0.2422 -0.2870
v 0.8885 0.2455 -0.2628
v 0.9030 0.2498 -0.2870
v 0.9034 0.2453 -0.2710
v 0.9870 0.1824 -0.2035
v 0.9936 0.1830 -0.2030
v 0.9870 0.1830 -0.2019
v 1.0267 0.1550 -0.2170
v 1.0258 0.1690 -0.2030
v 1.0249 0.1834 -0.2164
v 1.0232 0.1843 -0.2034
v 1.0290 0.1690 -0.1902
v 1.0308 0.1833 -0.1884
v 1.0180 0.1690 -0.1050
v 1.0161 0.1830 -0.1050
v 1.0199 0.1830 -0.1190
v 1.0151 0.1835 -0.0908
v 1.0150 0.1690 -0.0910
v 1.0173 0.1748 -0.0700
v 1.0182 0.1690 -0.0770
v 1.0171 0.1690 -0.0490
v 1.0150 0.1746 -0.0630
v 1.1185 1.6103 -0.0338
v 1.1126 1.6112 -0.0098
v 1.1168 1.5333 -0.1556
v 1.1176 1.5859 -0.1919
v 1.1177 1.5467 -0.2183
v 1.1145 1.5284 -0.0545
v 1.1157 1.5552 -0.0643
v 1.1162 1.5622 -0.1058
v 1.1126 1.5272 -0.0350
v 1.1165 1.5537 -0.0359
v 1.1152 1.5353 -0.0213
v 1.1180 1.5907 -0.1499
v 1.1190 1.5802 -0.0736
v 1.1190 1.5978 -0.1145
v 1.1184 1.5893 -0.0397
v 1.1194 1.6102 -0.1776
v 1.1187 1.6109 -0.0892
v 1.1198 1.6183 -0.2374
v 1.1185 1.6240 -0.1527
v 1.1197 1.6110 -0.0595
v 1.1191 1.6388 -0.2074
v 1.1200 1.6252 -0.1060
v 1.1142 1.6250 -0.0910
v 1.1130 1.6250 -0.0770
v 1.1130 1.6243 -0.0630
v 1.1142 1.6256 -0.0480
v 1.1130 1.6220 -0.0350
v 1.1200 1.6390 -0.1750
v 1.1152 1.6375 -0.1583
v 1.1130 1.6390 -0.1330
v 1.1138 1.6390 -0.1050
v 1.1130 1.6390 -0.0910
v 1.1141 1.6530 -0.1890
v 1.1158 1.6531 -0.2164
v 1.1138 1.6530 -0.1750
v 1.1151 1.6530 -0.1470
v 1.1151 1.6530 -0.1330
v 1.1156 1.6672 -0.2035
v 0.9164 0.2243 -0.2128
v 0.9146 0.2145 -0.1854
v 0.9305 0.2133 -0.1862
v 0.9056 0.2250 -0.0210
v 0.9312 0.2108 -0.1609
v 0.9328 0.2169 -0.2158
v 0.9429 0.2072 -0.1919
v 0.9449 0.2051 -0.1751
v 0.9450 0.2128 -0.1610
v 0.9648 0.1942 -0.2069
v 0.9589 0.1973 -0.1889
v 0.9590 0.2037 -0.1750
v 0.9609 0.1970 -0.2310
v 0.9730 0.1865 -0.2170
v 0.9730 0.1949 -0.1890
v 0.9769 0.1830 -0.2170
v 0.9870 0.1840 -0.2030
v 1.0020 0.2093 -0.0046
v 1.0010 0.1970 -0.0023
v 0.9997 0.1970 0.0070
v 1.0119 0.1830 -0.0630
v 1.0126 0.1974 -0.0675
v 1.0133 0.1830 -0.0490
v 1.0031 0.1970 -0.0353
v 1.0043 0.1830 -0.0210
v 1.0010 0.1970 -0.0210
v 1.0143 0.2111 -0.0361
v 1.0025 0.2110 -0.0210
v 1.0150 0.2184 -0.0210
v 1.0203 0.2246 -0.0044
v 0.9994 0.2116 0.0157
v 1.0255 0.1970 -0.1190
v 1.0199 0.1970 -0.1050
v 1.0206 0.1970 -0.0910
v 1.0290 0.2025 -0.1050
v 1.0290 0.1970 -0.1218
v 1.0293 0.2030 -0.0803
v 1.0302 0.2116 -0.0593
v 1.0226 0.2252 -0.0312
v 1.0273 0.2491 -0.0342
v 1.0244 0.2501 -0.0143
v 1.0213 0.2413 0.0242
v 1.0323 0.2712 -0.0277
v 1.0384 0.1978 -0.2177
v 1.0337 0.1970 -0.2030
v 1.0285 0.1970 -0.1892
v 1.0324 0.1970 -0.1750
v 1.0429 0.2121 -0.1937
v 1.0383 0.2184 -0.1709
v 1.0356 0.2110 -0.1470
v 1.0386 0.2114 -0.1159
v 1.0428 0.2168 -0.1246
v 1.0433 0.1969 -0.1322
v 1.0374 0.2115 -0.0799
v 1.0382 0.2256 -0.1610
v 1.0455 0.2301 -0.1428
v 1.0430 0.2110 -0.1382
v 1.0442 0.2249 -0.1316
v 1.0456 0.2335 -0.1042
v 1.0423 0.2486 -0.0598
v 1.0309 0.2834 0.0088
v 1.0383 0.2898 -0.0318
v 1.0492 0.3070 -0.0395
v 1.0446 0.3169 -0.0060
v 1.0487 0.2138 -0.2127
v 1.0528 0.2250 -0.2030
v 1.0512 0.2280 -0.1931
v 1.0567 0.2454 -0.2109
v 1.0540 0.2387 -0.1892
v 1.0527 0.2390 -0.1612
v 1.0492 0.2486 -0.1183
v 1.0563 0.2579 -0.1747
v 1.0558 0.2579 -0.1588
v 1.0531 0.2730 -0.0773
v 1.0529 0.2889 -0.0594
v 1.0600 0.3017 -0.0839
v 1.0591 0.3099 -0.0597
v 1.0552 0.3307 -0.0354
v 1.0608 0.3270 -0.0556
v 1.0522 0.3371 0.0083
v 1.0675 0.3576 -0.0208
v 1.0647 0.3574 0.0018
v 1.0663 0.2959 -0.1846
v 1.0629 0.3001 -0.1261
v 1.0683 0.3132 -0.1604
v 1.0682 0.3254 -0.1286
v 1.0712 0.3083 -0.2263
v 1.0740 0.3258 -0.2104
v 1.0669 0.3229 -0.1040
v 1.0683 0.3456 -0.0856
v 1.0757 0.3618 -0.1200
v 1.0666 0.3491 -0.0456
v 1.0709 0.3659 -0.0571
v 1.0780 0.3491 -0.2113
v 1.0784 0.3598 -0.1795
v 1.0822 0.3654 -0.2163
v 1.0789 0.3789 -0.0718
v 1.0878 0.3794 -0.2102
v 1.0835 0.3790 -0.1492
v 1.0818 0.3789 -0.1142
v 1.0770 0.3786 -0.0242
v 1.0998 0.3942 -0.1611
v 1.0886 0.3902 -0.0902
v 1.0889 0.3917 -0.0655
v 1.0906 0.3905 -0.0433
v 1.0920 0.3918 0.0226
v 1.1072 0.4071 -0.0733
v 1.1043 0.4066 -0.0143
v 1.1029 0.4068 0.0169
v 1.1147 0.4079 -0.1797
v 1.1169 0.4070 -0.2294
v 1.0915 0.3797 -0.2489
v 1.1142 0.4104 -0.1601
v 1.1130 0.4070 -0.1409
v 1.1090 0.4069 -0.0986
v 1.1075 0.4074 -0.0457
v 0.7725 -0.0109 0.5463
v 0.7490 -0.0109 0.5273
v 0.7493 -0.0125 0.5484
v 0.7491 -0.0104 0.5703
v 0.7746 -0.0122 0.5732
v 0.7490 -0.0116 0.5950
v 0.7630 -0.0123 0.5950
v 0.7913 -0.0144 0.5389
v 0.7770 -0.0151 0.5250
v 0.7767 -0.0133 0.5910
v 0.7770 -0.0130 0.6020
v 0.7770 -0.0122 0.6090
v 0.7630 -0.0093 0.6090
v 0.7767 -0.0130 0.4994
v 0.7910 -0.0130 0.6090
v 0.7885 -0.0120 0.5817
v 0.7910 -0.0130 0.4858
v 0.7994 -0.0118 0.5016
v 0.8048 -0.0140 0.5531
v 0.7910 -0.0119 0.6230
v 0.8050 -0.0130 0.4830
v 0.7910 -0.0133 0.4830
v 0.8048 -0.0147 0.5252
v 0.8121 -0.0133 0.5626
v 0.8096 -0.0141 0.5896
v 0.8190 -0.0152 0.6230
v 0.8296 -0.0135 0.4886
v 0.8190 -0.0151 0.5109
v 0.8459 -0.0136 0.5519
v 0.8249 -0.0144 0.5446
v 0.8324 -0.0137 0.5738
v 0.8336 -0.0145 0.6082
v 0.8330 -0.0133 0.5110
v 0.8295 -0.0130 0.6230
v 0.8585 -0.0134 0.4977
v 0.8511 -0.0161 0.5156
v 0.8495 -0.0144 0.5272
v 0.8591 -0.0163 0.5863
v 0.8473 -0.0164 0.6082
v 0.8471 0.1560 0.4796
v 0.8470 0.1550 0.4756
v 0.8330 0.1556 0.4830
v 0.8519 0.1648 0.4978
v 0.8470 0.1639 0.5110
v 0.8623 -0.0151 0.5545
v 0.8610 -0.0140 0.6090
v 0.8610 -0.0046 0.4690
v 0.8610 -0.0057 0.4830
v 0.8610 0.1632 0.5110
v 0.8750 -0.0169 0.5110
v 0.8750 -0.0159 0.5250
v 0.8722 -0.0153 0.5868
v 0.8750 -0.0190 0.6090
v 0.8895 -0.0031 0.4824
v 0.8751 -0.0016 0.4830
v 0.8870 0.1622 0.4830
v 0.8750 0.1649 0.4970
v 0.8890 0.1637 0.4970
v 0.9030 -0.0068 0.4690
v 1.0898 1.0381 0.0055
v 1.0832 1.0351 0.0362
v 1.0790 1.0510 0.0210
v 1.0737 1.0510 0.0070
v 1.0829 1.0617 0.0334
v 1.0851 1.0382 0.0483
v 1.0790 1.0713 0.0078
v 1.0875 1.0941 0.0082
v 1.1038 1.0239 0.0066
v 1.1037 1.0230 0.0169
v 1.0990 1.0247 0.0489
v 1.0984 1.0370 0.0630
v 1.1005 1.0512 0.0635
v 1.0943 1.0812 0.0411
v 1.1072 1.1024 0.0538
v 1.1101 0.8524 0.0508
v 1.1100 0.8903 0.0876
v 1.1103 0.8854 0.0478
v 1.1086 0.8458 0.1877
v 1.1091 0.8973 0.1598
v 1.1093 0.8478 0.1482
v 1.1103 0.8832 0.0053
v 1.1092 0.9005 0.1213
v 1.1096 0.9149 0.1800
v 1.1097 0.9388 0.0380
v 1.1105 0.9272 0.1236
v 1.1109 0.9367 -0.0023
v 1.1097 0.9441 0.1504
v 1.1109 0.9737 0.0669
v 1.1103 0.9903 0.1611
v 1.1109 0.9746 0.0002
v 1.1108 0.9772 0.0449
v 1.1103 1.0028 0.0918
v 1.1108 0.9928 0.1202
v 1.1091 0.9853 0.2030
v 1.1103 1.0092 0.0475
v 1.1102 1.0083 0.0773
v 1.1106 1.0273 0.1202
v 1.1114 1.0090 0.0250
v 1.1115 1.0080 0.0039
v 1.1109 1.0200 0.1527
v 1.1109 1.0398 0.1922
v 1.0997 1.0230 0.0630
v 1.1072 1.0230 0.0770
v 1.1100 1.0261 0.0917
v 1.1057 1.0370 0.0770
v 1.1107 1.0592 0.0913
v 1.1120 1.0393 0.1334
v 1.1098 1.0572 0.0814
v 1.1110 1.0787 0.1387
v 1.1107 1.0956 0.1587
v 1.1108 1.0958 0.0980
v 0.7635 0.2109 0.0641
v 0.7701 0.2109 0.1154
v 0.7687 0.2111 0.0396
v 0.7769 0.2129 0.1292
v 0.7788 0.2117 0.1474
v 0.7791 0.2161 0.0408
v 0.7771 0.2169 0.0690
v 0.7775 0.2148 0.0998
v 0.7926 0.2183 0.0780
v 0.8097 0.2089 0.1631
v 0.8126 0.2136 0.1480
v 0.8119 0.2180 0.0256
v 0.8069 0.2198 0.0483
v 0.8076 0.2185 0.0753
v 0.8149 0.2142 0.1236
v 0.8203 0.2124 0.1617
v 0.8224 0.2171 0.0220
v 0.8214 0.2200 0.0466
v 0.8224 0.2187 0.0752
v 0.8190 0.2154 0.0910
v 0.8314 0.2115 0.1180
v 0.8386 0.2132 0.1629
v 0.8565 0.2182 0.0488
v 0.8330 0.2125 0.0910
v 0.8330 0.2144 0.1050
v 0.8582 0.1969 0.1702
v 0.8511 0.2189 0.0270
v 0.8627 0.2178 0.0732
v 0.8470 0.2163 0.0770
v 0.8470 0.2133 0.0910
v 0.8499 0.2164 0.1311
v 0.8607 0.2169 0.1608
v 0.8461 0.2110 0.1031
v 0.8609 0.2102 0.1107
v 0.8610 0.2110 0.0975
v 0.8451 0.2111 0.1088
v 0.8610 0.2210 0.0210
v 0.8610 0.2219 0.0910
v 0.8610 0.2141 0.1190
v 0.8616 0.2163 0.1464
v 0.8716 0.2078 0.1698
v 0.8750 0.2263 0.0210
v 0.8706 0.2250 0.0210
v 0.8781 0.2190 0.0457
v 0.8885 0.2208 0.0215
v 0.8750 0.2202 0.1050
v 0.8750 0.2118 0.1190
v 0.8886 0.2218 0.1362
v 0.8852 0.2256 0.1611
v 0.9028 0.1969 0.1786
v 0.9025 0.2112 0.1717
v 0.8943 0.2193 0.0410
v 0.8962 0.2200 0.0587
v 0.8890 0.2215 0.0840
v 0.8890 0.2214 0.1050
v 0.8890 0.2206 0.1190
v 0.8918 0.2259 0.1585
v 0.8890 0.2200 0.1750
v 0.8805 0.2250 0.1750
v 0.8890 0.2343 0.1750
v 0.9030 0.2234 0.0210
v 0.9030 0.2193 0.0490
v 0.9035 0.2188 0.0899
v 0.9030 0.2258 0.1050
v 0.9030 0.2199 0.1190
v 0.9030 0.2250 0.1073
v 0.9028 0.2261 0.1325
v 0.9030 0.2250 0.1838
v 0.9030 0.2257 0.1468
v 0.9030 0.2266 0.1610
v 0.4533 1.1005 -0.6503
v 0.4737 1.0738 -0.6514
v 0.4550 1.1488 -0.6506
v 0.4741 1.1446 -0.6512
v 0.4607 1.1753 -0.6518
v 0.4787 1.2236 -0.6517
v 0.4467 1.2319 -0.6508
v 0.4540 1.2727 -0.6506
v 0.4673 1.2828 -0.6495
v 0.4677 1.3219 -0.6499
v 0.5071 1.0740 -0.6479
v 0.4974 1.1140 -0.6509
v 0.4837 1.1871 -0.6512
v 0.4925 1.2599 -0.6500
v 0.4820 1.3081 -0.6507
v 0.4960 1.2024 -0.6521
v 0.4943 1.2261 -0.6507
v 0.5059 1.3178 -0.6497
v 0.5284 1.1668 -0.6448
v 0.5115 1.2200 -0.6480
v 0.5192 1.2661 -0.6473
v 0.5111 1.2818 -0.6507
v 0.5245 1.0937 -0.6437
v 0.5349 1.1795 -0.6443
v 0.5395 1.2135 -0.6445
v 0.5283 1.3123 -0.6461
v 0.5515 1.1201 -0.6426
v 0.5489 1.2777 -0.6429
v 0.5447 1.3055 -0.6434
v 0.5706 1.1623 -0.6424
v 0.5669 1.2026 -0.6425
v 0.5671 1.0657 -0.6411
v 0.5939 1.1136 -0.6413
v 0.5926 1.1842 -0.6424
v 0.5861 1.2833 -0.6427
v 0.5846 1.3188 -0.6431
v 0.5956 1.0771 -0.6395
v 0.6190 1.1460 -0.6398
v 0.6002 1.2185 -0.6419
v 0.6282 1.2551 -0.6401
v 0.6172 1.3082 -0.6405
v 0.6179 1.2083 -0.6408
v 0.6189 1.2890 -0.6410
v 0.6218 1.0653 -0.6379
v 0.6220 1.1219 -0.6393
v 0.6412 1.1770 -0.6404
v 0.6421 1.0648 -0.6386
v 0.6485 1.1029 -0.6389
v 0.6440 1.3016 -0.6412
v 0.6754 1.1610 -0.6397
v 0.6759 1.2685 -0.6399
v 0.6738 1.2058 -0.6402
v 0.6920 1.1266 -0.6379
v 1.1172 1.5148 -0.2888
v 1.1182 1.5492 -0.3023
v 1.1191 1.5481 -0.3591
v 1.1176 1.5294 -0.2785
v 1.1164 1.5016 -0.2082
v 1.1167 1.5337 -0.2449
v 1.1188 1.5311 -0.4507
v 1.1187 1.5399 -0.4144
v 1.1199 1.5587 -0.4175
v 1.1178 1.5285 -0.3884
v 1.1195 1.5626 -0.3676
v 1.1196 1.5761 -0.3429
v 1.1187 1.5715 -0.2840
v 1.1183 1.5391 -0.2611
v 1.1203 1.5939 -0.3316
v 1.1179 1.5986 -0.2427
v 1.1201 1.6261 -0.3992
v 1.1199 1.5937 -0.3590
v 1.1185 1.6056 -0.2674
v 1.1200 1.5892 -0.4466
v 1.1200 1.6336 -0.4302
v 1.1200 1.6252 -0.3591
v 1.1190 1.6174 -0.3133
v 1.1204 1.6378 -0.2968
v 1.1202 1.6303 -0.2738
v 1.1190 1.6526 -0.2307
v 1.1211 1.6587 -0.3873
v 1.1215 1.6505 -0.3303
v 1.1213 1.6631 -0.3518
v 1.1194 1.6540 -0.2658
v 1.1223 1.6711 -0.3708
v 1.1199 1.6650 -0.3076
v 1.1171 1.6649 -0.2840
v 1.1222 1.6812 -0.4314
v 1.1226 1.6800 -0.4021
v 1.1141 1.6670 -0.2310
v 1.1147 1.6812 -0.3553
v 1.1140 1.6811 -0.3017
v 1.1151 1.6811 -0.2797
v 1.1151 1.6810 -0.2450
v 1.1152 1.6950 -0.4270
v 1.1226 1.6940 -0.4434
v 1.1135 1.6947 -0.4073
v 1.1157 1.6938 -0.3733
v 1.1150 1.6950 -0.3290
v 1.1148 1.6950 -0.3430
v 1.1150 1.7086 -0.4396
v 1.1153 1.7090 -0.3990
v 1.1157 1.7090 -0.3572
v 1.1142 1.7230 -0.4207
v 1.1151 1.7228 -0.4552
v 1.1162 1.7230 -0.3990
v 1.1129 0.6421 -0.0936
v 1.1115 0.6435 -0.0773
v 1.1121 0.6746 -0.0811
v 1.1115 0.6266 -0.0310
v 1.1115 0.6481 -0.0273
v 1.1105 0.6282 -0.0034
v 1.1105 0.6725 -0.0058
v 1.1128 0.7100 -0.0961
v 1.1123 0.6853 -0.1284
v 1.1135 0.6572 -0.1505
v 1.1113 0.6964 -0.0323
v 1.1115 0.7324 -0.0566
v 1.1104 0.7216 -0.0243
v 1.1102 0.7050 0.0271
v 1.1105 0.7440 -0.0082
v 1.1128 0.7119 -0.1357
v 1.1114 0.7440 -0.0855
v 1.1132 0.7603 -0.1294
v 1.1137 0.7894 -0.1084
v 1.1118 0.8351 -0.0707
v 1.1112 0.7760 -0.0329
v 1.1098 0.8030 0.0204
v 1.1122 0.8360 -0.1153
v 1.1115 0.8256 -0.1344
v 1.1111 0.8369 -0.0312
v 1.1135 0.8324 -0.1820
v 1.1133 0.7854 -0.1597
v 1.1133 0.8386 -0.1575
v 1.1118 0.8465 -0.0582
v 1.1134 0.8761 -0.1371
v 1.1110 0.8469 0.0129
v 1.1118 0.8759 -0.0935
v 1.1105 0.8696 -0.0184
v 1.1141 0.6172 -0.1807
v 1.1149 0.6238 -0.2065
v 1.1134 0.6131 -0.1271
v 1.1147 0.6854 -0.1981
v 1.1150 0.6512 -0.2477
v 1.1137 0.6899 -0.2190
v 1.1143 0.7138 -0.1626
v 1.1135 0.7304 -0.2033
v 1.1129 0.7610 -0.1817
v 1.1141 0.7783 -0.2139
v 1.1142 0.7965 -0.2046
v 1.1150 0.8326 -0.2396
v 1.1140 0.8650 -0.2040
v -0.8603 0.1684 -0.6488
v -0.8520 0.1795 -0.6474
v -0.8750 0.1690 -0.6475
v -0.8750 0.1830 -0.6493
v -0.8330 0.1410 -0.6483
v -0.8190 0.1410 -0.6464
v -0.8096 0.1670 -0.6483
v -0.8102 0.1835 -0.6493
v -0.7967 0.1533 -0.6445
v -0.8050 0.1270 -0.6470
v -0.7825 0.1116 -0.6454
v -0.7785 0.1676 -0.6434
v -0.7910 0.1830 -0.6440
v -0.7910 0.0707 -0.6636
v -0.7774 0.0714 -0.6703
v -0.7770 0.0850 -0.6571
v -0.7910 0.0850 -0.6577
v -0.7910 0.0942 -0.6510
v -0.7762 0.0983 -0.6510
v -0.7771 0.1492 -0.6445
v -0.7770 0.1830 -0.6398
v -0.7617 0.0861 -0.6580
v -0.7580 0.1070 -0.6586
v -0.7637 0.1141 -0.6556
v -0.7590 0.1291 -0.6464
v -0.7630 0.1410 -0.6413
v -0.7630 0.1550 -0.6379
v -0.7721 0.1690 -0.6370
v -0.7630 0.1690 -0.6326
v -0.7607 0.1827 -0.6537
v -0.7654 0.1830 -0.6510
v -0.7487 0.1681 -0.6531
v -0.7630 0.1793 -0.6370
v -0.7649 0.0622 -0.6716
v -0.7554 0.0642 -0.6625
v -0.7480 0.1279 -0.6561
v -0.7482 0.1410 -0.6570
v -0.7490 -0.0139 -0.6684
v -0.7491 -0.0410 -0.6647
v -0.7344 -0.0161 -0.6554
v -0.7350 -0.0410 -0.6573
v -0.7346 0.0202 -0.6545
v -0.7350 0.0430 -0.6540
v -0.7466 0.0424 -0.6654
v -0.7490 0.0179 -0.6689
v -0.7326 0.0636 -0.6539
v -0.7350 0.0850 -0.6536
v -0.7350 0.1410 -0.6538
v -0.7351 0.1706 -0.6547
v -0.7210 -0.0410 -0.6592
v -0.7210 -0.0257 -0.6613
v -0.7208 -0.0129 -0.6655
v -0.7210 0.0010 -0.6614
v -0.7256 0.0266 -0.6565
v -0.7105 0.0574 -0.6529
v -0.7157 0.0835 -0.6535
v -0.7181 0.1202 -0.6519
v -0.7207 0.1416 -0.6543
v -0.7080 0.1836 -0.6496
v -0.7091 -0.0270 -0.6510
v -0.7072 -0.0130 -0.6499
v -0.6938 -0.0269 -0.6494
v -0.7070 -0.0119 -0.6510
v -0.7070 0.0010 -0.6642
v -0.7068 0.0194 -0.6625
v -0.7030 0.0709 -0.6529
v -0.6932 0.0864 -0.6468
v -0.7007 0.1203 -0.6514
v -0.7027 0.1382 -0.6497
v -0.7016 0.1625 -0.6482
v -0.6863 -0.0173 -0.6475
v -0.6930 0.0010 -0.6450
v -0.6939 0.0151 -0.6424
v -0.6950 0.0337 -0.6525
v -0.6930 0.0570 -0.6401
v -0.6930 0.0710 -0.6485
v -0.6930 0.1830 -0.6498
v -0.6790 -0.0270 -0.6468
v -0.6790 0.0010 -0.6370
v -0.6790 0.0294 -0.6364
v -0.6791 0.0572 -0.6384
v -0.6790 0.0709 -0.6383
v -0.6790 0.0850 -0.6386
v -0.6790 0.0990 -0.6459
v -0.6790 0.1130 -0.6456
v -0.6805 0.1385 -0.6435
v -0.6782 0.1569 -0.6464
v -0.6654 0.1663 -0.6416
v -0.6650 -0.0410 -0.6386
v -0.6650 -0.0270 -0.6425
v -0.6790 -0.0410 -0.6403
v -0.6650 -0.0130 -0.6379
v -0.6648 0.0014 -0.6397
v -0.6653 0.0333 -0.6386
v -0.6651 0.0569 -0.6390
v -0.6654 0.0766 -0.6367
v -0.6650 0.0990 -0.6387
v -0.6650 0.1130 -0.6370
v -0.6585 0.1296 -0.6428
v 1.1128 1.3230 -0.0553
v 1.1133 1.2761 -0.0593
v 1.1114 1.3094 -0.0195
v 1.1133 1.3635 -0.0460
v 1.1136 1.3869 -0.1195
v 1.1131 1.3534 -0.0909
v 1.1132 1.3980 -0.0545
v 1.1132 1.4489 -0.0452
v 1.1127 1.4488 -0.0169
v 1.1138 1.4739 -0.0962
v 1.1126 1.4639 -0.0771
v 1.1151 1.5059 -0.0752
v 1.1145 1.4846 -0.0642
v 1.1149 1.4995 -0.0315
v 1.1147 1.2803 -0.2078
v 1.1149 1.2876 -0.1805
v 1.1151 1.3406 -0.2378
v 1.1144 1.3431 -0.1594
v 1.1142 1.3360 -0.1755
v 1.1134 1.3171 -0.1403
v 1.1139 1.2969 -0.1153
v 1.1133 1.3451 -0.1295
v 1.1140 1.3615 -0.1419
v 1.1141 1.3958 -0.1772
v 1.1138 1.4124 -0.1461
v 1.1150 1.4109 -0.1612
v 1.1146 1.4207 -0.1781
v 1.1140 1.4277 -0.1149
v 1.1145 1.4011 -0.2304
v 1.1158 1.4197 -0.2325
v 1.1154 1.4542 -0.2290
v 1.1141 1.4838 -0.1702
v 1.1141 1.4451 -0.1241
v 1.1140 1.4690 -0.1417
v 1.1139 1.4845 -0.0209
v 1.1150 1.4857 -0.2124
v 1.1155 1.4978 -0.1160
v -1.0990 0.4404 -0.6456
v -1.1130 0.4350 -0.6450
v -1.1130 0.4490 -0.6442
v -1.0990 0.4630 -0.6457
v -1.0715 0.4531 -0.6487
v -1.0710 0.4760 -0.6493
v -1.0990 0.4770 -0.6472
v -1.0711 0.4933 -0.6473
v -1.0990 0.5050 -0.6457
v -1.0781 0.5153 -0.6480
v -1.0848 0.5191 -0.6493
v -1.0990 0.5190 -0.6484
v -1.0712 0.5479 -0.6494
v -1.0849 0.5456 -0.6493
v -1.0710 0.5603 -0.6513
v -1.0850 0.5610 -0.6472
v -1.0699 0.5767 -0.6490
v -1.0458 0.4453 -0.6386
v -1.0609 0.4559 -0.6444
v -1.0621 0.4962 -0.6438
v -1.0570 0.5190 -0.6425
v -1.0570 0.5330 -0.6481
v -1.0564 0.5901 -0.6524
v -1.0713 0.6117 -0.6515
v -1.0550 0.6232 -0.6536
v -1.0357 0.4331 -0.6375
v -1.0405 0.5032 -0.6370
v -1.0430 0.5190 -0.6432
v -1.0430 0.5330 -0.6393
v -1.0430 0.5470 -0.6482
v -1.0430 0.5610 -0.6510
v -1.0423 0.5770 -0.6500
v -1.0400 0.6206 -0.6496
v -1.0290 0.4210 -0.6414
v -1.0122 0.4692 -0.6368
v -1.0230 0.4747 -0.6355
v -1.0260 0.4915 -0.6340
v -1.0263 0.5095 -0.6343
v -1.0164 0.5401 -0.6364
v -1.0163 0.5564 -0.6367
v -1.0299 0.5678 -0.6441
v -1.0276 0.5963 -0.6382
v -1.0436 0.6430 -0.6522
v -1.0290 0.6310 -0.6395
v -1.0150 0.4210 -0.6370
v -0.9983 0.4978 -0.6399
v -1.0096 0.5213 -0.6356
v -1.0133 0.5778 -0.6388
v -1.0142 0.6088 -0.6369
v -0.9974 0.4566 -0.6404
v -0.9948 0.5403 -0.6394
v -0.9969 0.6012 -0.6408
v -1.0015 0.6213 -0.6405
v -1.0139 0.6480 -0.6341
v -0.9759 0.4251 -0.6403
v -0.9778 0.4914 -0.6402
v -0.9803 0.5798 -0.6424
v -0.9762 0.6387 -0.6417
v -0.9721 0.5202 -0.6412
v -0.9732 0.5556 -0.6420
v -0.9595 0.6217 -0.6429
v -0.9593 0.4447 -0.6406
v -0.9588 0.4930 -0.6413
v -0.9583 0.5543 -0.6417
v -0.9427 0.4779 -0.6352
v -0.9308 0.5075 -0.6332
v -0.9377 0.5835 -0.6372
v -0.9233 0.4434 -0.6335
v -0.9320 0.5407 -0.6342
v -0.9202 0.5708 -0.6321
v -0.9043 0.4675 -0.6314
v -0.9039 0.5090 -0.6294
v -0.9169 0.6373 -0.6327
v -0.9022 0.5712 -0.6292
v -0.9036 0.6170 -0.6297
v -0.8483 0.4981 -0.6296
v -0.8534 0.5637 -0.6295
v 1.1282 1.7382 -0.5841
v 1.1248 1.7437 -0.6060
v 1.1236 1.7146 -0.6033
v 1.1238 1.7370 -0.5669
v 1.1135 1.7447 -0.5676
v 0.6966 0.4480 -0.3754
v 0.6751 0.4544 -0.3820
v 0.6930 0.4975 -0.3766
v 0.6788 0.4997 -0.3814
v 0.6864 0.5239 -0.3773
v 0.7073 0.5867 -0.3743
v 0.6797 0.5990 -0.3776
v 0.6801 0.5475 -0.3797
v 0.6930 0.6170 -0.3784
v 0.6734 0.6198 -0.3866
v 0.6886 0.6233 -0.4432
v 0.6747 0.6229 -0.4318
v 0.6930 0.6289 -0.4270
v 0.6930 0.6251 -0.4130
v 0.6790 0.6296 -0.4130
v 0.6930 0.6310 -0.4047
v 0.6790 0.6245 -0.3990
v 0.6852 0.6310 -0.3990
v 0.6930 0.6310 -0.3850
v 0.7145 0.4387 -0.3731
v 0.7198 0.4671 -0.3710
v 0.7077 0.4872 -0.3758
v 0.7064 0.5146 -0.3767
v 0.7066 0.5423 -0.3762
v 0.7070 0.6030 -0.3743
v 0.7070 0.6301 -0.4410
v 0.7070 0.6283 -0.4270
v 0.7086 0.6309 -0.4269
v 0.7163 0.4210 -0.3710
v 0.7184 0.4935 -0.3709
v 0.7172 0.5190 -0.3710
v 0.7191 0.5330 -0.3710
v 0.7213 0.5567 -0.3717
v 0.7210 0.5890 -0.3732
v 0.7210 0.6310 -0.4333
v 0.7210 0.6228 -0.4410
v 0.7238 0.4350 -0.3710
v 0.7219 0.4770 -0.3710
v 0.7350 0.6233 -0.4410
v 0.7362 0.4350 -0.3710
v 0.9180 0.2375 -0.2574
v 0.9169 0.2266 -0.2310
v 0.9153 0.2389 -0.2742
v 0.9170 0.2412 -0.2870
v 0.9356 0.2250 -0.2450
v 0.9310 0.2150 -0.2310
v 0.9312 0.2370 -0.2869
v 0.9310 0.2390 -0.2936
v 0.9310 0.2329 -0.2730
v 0.9310 0.2288 -0.2590
v 0.9310 0.2296 -0.2450
v 0.9482 0.2250 -0.2868
v 0.9411 0.2250 -0.2730
v 0.9475 0.2111 -0.2728
v 0.9441 0.2245 -0.2590
v 0.9425 0.2099 -0.2310
v 0.9460 0.2241 -0.2992
v 0.9317 0.2397 -0.3010
v 0.9518 0.1968 -0.2859
v 0.9590 0.2065 -0.2730
v 0.9554 0.2110 -0.2870
v 0.9494 0.2110 -0.2590
v 0.9590 0.2037 -0.2590
v 0.9590 0.1989 -0.2310
v 0.9450 0.2227 -0.3010
v 0.9560 0.2110 -0.3010
v 0.9695 0.1970 -0.2730
v 0.9656 0.1970 -0.2450
v 1.0430 0.1830 -0.3740
v 1.0402 0.1830 -0.3710
v 1.0430 0.1885 -0.3710
v 1.0350 0.1830 -0.3570
v 1.0420 0.1877 -0.3580
v 1.0367 0.1837 -0.3327
v 1.0444 0.1976 -0.3328
v 1.0408 0.1971 -0.3116
v 1.0356 0.1830 -0.3010
v 1.0345 0.1831 -0.2798
v 1.0464 0.1996 -0.2788
v 1.0288 0.1833 -0.2590
v 1.0489 0.2054 -0.2476
v 1.0344 0.1861 -0.2359
v 1.0570 0.1830 -0.3749
v 1.0586 0.1971 -0.3703
v 1.0574 0.2128 -0.3019
v 1.0544 0.2131 -0.2704
v 1.0627 0.2194 -0.3552
v 1.0581 0.2112 -0.3226
v 1.0630 0.2310 -0.3399
v 1.0836 0.1830 -0.3920
v 1.0712 0.2134 -0.3722
v 1.0627 0.2400 -0.2974
v 1.0696 0.2391 -0.3576
v 1.0645 0.2639 -0.2860
v 1.0682 0.2596 -0.3361
v 1.0678 0.2886 -0.2579
v 1.0646 0.2773 -0.2297
v 1.0755 0.2907 -0.3407
v 1.0766 0.3180 -0.2934
v 1.0776 0.3278 -0.2676
v 1.0844 0.1968 -0.3862
v 1.0849 0.2123 -0.3856
v 1.0971 0.2401 -0.3848
v 1.0914 0.2507 -0.3786
v 1.0797 0.2788 -0.3567
v 1.0850 0.3268 -0.3417
v 1.0978 0.3445 -0.3593
v 1.0912 0.3626 -0.3272
v 1.0836 0.3575 -0.2773
v 1.1059 0.1872 -0.3992
v 1.1018 0.1998 -0.3962
v 1.1110 0.2250 -0.3997
v 1.1012 0.2809 -0.3799
v 1.1115 0.3293 -0.3780
v 1.0928 0.3611 -0.3428
v 1.0902 0.3688 -0.3007
v 1.1023 0.3791 -0.3165
v 1.0975 0.3788 -0.2841
v 1.1097 0.3919 -0.2965
v 1.1223 0.2388 -0.4124
v 1.1168 0.2549 -0.3994
v 1.1203 0.2949 -0.3999
v 1.1177 0.3419 -0.3794
v 1.1097 0.3698 -0.3575
v 1.1069 0.3790 -0.3430
v 1.1189 0.4047 -0.3402
v 1.1172 0.3891 -0.3617
v 1.1170 0.4065 -0.2655
v 1.1164 0.4053 -0.2928
v 1.1221 0.1877 -0.4130
v 1.1275 0.2249 -0.4288
v 1.1285 0.1981 -0.4456
v 1.1256 0.1881 -0.4259
v 1.1232 0.2194 -0.4130
v 1.1256 0.2598 -0.4576
v 1.1264 0.2516 -0.4204
v 1.1251 0.2891 -0.4333
v 1.1254 0.2794 -0.4135
v 1.1233 0.3040 -0.4129
v 1.1245 0.3433 -0.4178
v 1.1246 0.3276 -0.4502
v 1.1232 0.3458 -0.3978
v 1.1252 0.3597 -0.4875
v 1.1238 0.3791 -0.4313
v 1.1229 0.3646 -0.3824
v 1.1249 0.4106 -0.4297
v 1.1217 0.4045 -0.3804
v 1.1249 0.4367 -0.4286
v -0.1590 -0.0025 -0.3549
v -0.2084 -0.0035 -0.3941
v -0.1955 -0.0017 -0.3382
v -0.2408 -0.0017 -0.3740
v -0.1989 -0.0013 -0.3291
v -0.2303 0.0001 -0.3041
v -0.1768 -0.0013 -0.3054
v -0.1487 -0.0003 -0.2754
v -0.2221 -0.0007 -0.2875
v -0.1859 -0.0011 -0.2714
v -0.1911 -0.0006 -0.2446
v -0.1649 0.0012 -0.2102
v -0.2147 0.0005 -0.2217
v -0.1915 -0.0079 -0.4432
v -0.1893 -0.0065 -0.4301
v -0.1489 -0.0078 -0.4325
v -0.1404 -0.0039 -0.3984
v -0.2047 -0.0056 -0.4134
v -0.1454 -0.0019 -0.3168
v -0.1495 -0.0001 -0.2992
v -0.1491 -0.0002 -0.2438
v -0.1072 -0.0014 -0.2586
v -0.1046 -0.0097 -0.4526
v -0.1179 -0.0049 -0.4153
v -0.1134 -0.0027 -0.3595
v -0.1138 -0.0014 -0.2883
v -0.0835 -0.0064 -0.4228
v -0.0860 -0.0040 -0.3754
v -0.1123 -0.0008 -0.3184
v -0.0910 -0.0014 -0.2980
v -0.1065 0.0006 -0.2152
v -0.0900 -0.0022 -0.3292
v -0.0855 -0.0004 -0.2806
v -0.0771 -0.0008 -0.2590
v -0.0616 -0.0005 -0.3566
v -0.0754 0.0032 -0.3219
v -0.0757 0.0019 -0.2058
v -0.0666 -0.0077 -0.4308
v -0.0606 -0.0036 -0.3925
v -0.0600 -0.0003 -0.3719
v -0.0606 -0.0007 -0.2664
v -0.0630 0.0051 -0.3235
v -0.0627 0.0058 -0.2942
v -0.0618 -0.0103 -0.4521
v -0.0482 -0.0020 -0.3996
v -0.0504 -0.0021 -0.3824
v -0.0340 -0.0020 -0.2472
v -0.0445 0.0008 -0.2227
v -0.0377 0.0147 -0.3671
v -0.0476 0.0166 -0.3561
v -0.0489 0.0158 -0.3287
v -0.0493 0.0171 -0.3034
v -0.0397 0.0175 -0.2873
v -0.0342 0.0191 -0.3389
v -0.0371 -0.0079 -0.4343
v -0.0335 -0.0064 -0.4152
v -0.0364 0.0034 -0.3964
v -0.0300 0.0139 -0.2750
v -0.0360 0.0205 -0.3050
v -0.0221 0.0023 -0.4433
v -0.0029 0.0012 -0.2577
v -0.0057 -0.0003 -0.2197
v -0.0202 0.0077 -0.3992
v -0.0210 0.0093 -0.3869
v -0.0140 0.0151 -0.3697
v -0.0037 0.0217 -0.3167
v -0.0024 0.0191 -0.2918
v -0.0190 -0.0058 -0.4553
v -0.0058 0.0029 -0.4215
v -0.0092 -0.0024 -0.2394
v 0.0115 0.0166 -0.3625
v 0.0185 0.0196 -0.3339
v 0.0068 0.0027 -0.4410
v 0.0244 0.0061 -0.4146
v 0.0314 0.0112 -0.3830
v 0.0262 0.0125 -0.2732
v 0.0227 0.0167 -0.2894
v 1.1232 0.6070 -0.4588
v 1.1205 0.6302 -0.4112
v 1.1236 0.6498 -0.4844
v 1.1192 0.6217 -0.3684
v 1.1163 0.6168 -0.2960
v 1.1187 0.6693 -0.3541
v 1.1156 0.6745 -0.2742
v 1.1223 0.6858 -0.4596
v 1.1190 0.7046 -0.3936
v 1.1174 0.6577 -0.3059
v 1.1170 0.6935 -0.3183
v 1.1203 0.6878 -0.4197
v 1.1152 0.7070 -0.2469
v 1.1185 0.7352 -0.3718
v 1.1163 0.7177 -0.2856
v 1.1205 0.7590 -0.4165
v 1.1202 0.7184 -0.4389
v 1.1191 0.7630 -0.3964
v 1.1166 0.7532 -0.3094
v 1.1149 0.7697 -0.2591
v 1.1178 0.8051 -0.3594
v 1.1164 0.8059 -0.3198
v 1.1144 0.7943 -0.2456
v 1.1192 0.8004 -0.4182
v 1.1155 0.7974 -0.2614
v 1.1165 0.8449 -0.3189
v 1.1164 0.8479 -0.2938
v 1.1183 0.8478 -0.3756
v 1.1147 0.8377 -0.2668
v 1.1191 0.8615 -0.4068
v 1.1206 0.8178 -0.4494
v 1.1150 0.8603 -0.2462
v 1.0940 1.0585 -0.0197
v 1.0774 1.0650 -0.0070
v 1.0838 1.0780 -0.0103
v 1.1024 1.0873 -0.0339
v 1.1124 0.8881 -0.0570
v 1.1113 0.9005 -0.0205
v 1.1131 0.9143 -0.1111
v 1.1114 0.8944 -0.0419
v 1.1113 0.9376 -0.0724
v 1.1112 0.9454 -0.0167
v 1.1128 0.9603 -0.1117
v 1.1126 0.9857 -0.0797
v 1.1124 0.9900 -0.0521
v 1.1136 1.0046 -0.1434
v 1.1121 1.0202 -0.0433
v 1.1131 1.0202 -0.1177
v 1.1143 1.0338 -0.0755
v 1.1113 1.0335 -0.0322
v 1.1090 1.0314 -0.0176
v 1.1123 1.0550 -0.0510
v 1.1082 1.0530 -0.0325
v 1.1126 1.0891 -0.0499
v 1.1136 0.9045 -0.1691
v 1.1149 0.8909 -0.2031
v 1.1129 0.9277 -0.1514
v 1.1138 0.9265 -0.2018
v 1.1154 0.9442 -0.2252
v 1.1139 0.9430 -0.1821
v 1.1131 0.9725 -0.1560
v 1.1146 0.9783 -0.2365
v 1.1150 0.9924 -0.2214
v 1.1132 1.0216 -0.1611
v 1.1139 1.0255 -0.1903
v 1.1155 1.0640 -0.1516
v 1.1158 1.0762 -0.2185
v 1.1146 1.0920 -0.1284
v 1.1142 1.0864 -0.0735
v -0.8628 0.0147 -0.6757
v -0.8997 0.0151 -0.6687
v -0.8776 0.0020 -0.6760
v -0.8585 -0.0134 -0.6733
v -0.9004 -0.0265 -0.6651
v -0.8799 -0.0419 -0.6667
v -0.8610 0.0071 -0.6796
v -0.8630 -0.0582 -0.6666
v -0.8418 -0.0152 -0.6730
v -0.8470 0.0010 -0.6790
v -0.8470 0.0290 -0.6684
v -0.8291 -0.0006 -0.6735
v -0.8283 0.0148 -0.6797
v -0.8275 0.0305 -0.6727
v -0.8242 -0.0620 -0.6687
v -0.8056 -0.0262 -0.6727
v -0.7948 -0.0002 -0.6733
v -0.7991 0.0161 -0.6776
v -0.8050 0.0430 -0.6726
v -0.7902 0.0283 -0.6804
v -0.7910 0.0430 -0.6790
v -0.7910 0.0570 -0.6694
v -0.8050 0.0565 -0.6650
v -0.7632 0.0046 -0.6747
v -0.7632 0.0272 -0.6767
v -0.7672 0.0421 -0.6776
v -0.7637 -0.0410 -0.6689
v 0.6977 1.5662 -0.6502
v 0.7046 1.6165 -0.6481
v 0.7217 1.5970 -0.6467
v 0.7266 1.6206 -0.6472
v 0.7231 1.5582 -0.6505
v 0.7473 1.5631 -0.6516
v 0.7351 1.5951 -0.6487
v 0.7501 1.6177 -0.6490
v 0.7661 1.5855 -0.6511
v 0.7490 1.6390 -0.6477
v 0.7910 1.6234 -0.6455
v 0.7766 1.6382 -0.6460
v 0.7983 1.5956 -0.6518
v 0.7910 1.6530 -0.6438
v 0.8121 1.5614 -0.6500
v 0.8173 1.6290 -0.6458
v 0.8169 1.6529 -0.6462
v 0.8313 1.5688 -0.6484
v 0.8191 1.6107 -0.6520
v 0.8395 1.5895 -0.6481
v 0.8316 1.6142 -0.6481
v 0.8552 1.5656 -0.6440
v 0.8597 1.5952 -0.6495
v 0.8475 1.6336 -0.6468
v 0.8470 1.6670 -0.6460
v 0.8610 1.6250 -0.6487
v 0.8615 1.6401 -0.6483
v 0.8610 1.6670 -0.6455
v 0.8875 1.5683 -0.6450
v 0.8856 1.5964 -0.6467
v 0.8759 1.6221 -0.6492
v 0.8750 1.6390 -0.6430
v 0.8748 1.6530 -0.6453
v 0.8751 1.6810 -0.6441
v 0.8959 1.6375 -0.6477
v 0.9005 1.6554 -0.6404
v 0.9144 1.6805 -0.6420
v 0.9177 1.6012 -0.6444
v 0.9156 1.6309 -0.6489
v 1.1169 1.2971 -0.3306
v 1.1172 1.3446 -0.3584
v 1.1179 1.3058 -0.3907
v 1.1162 1.2851 -0.2864
v 1.1161 1.3469 -0.3108
v 1.1158 1.3238 -0.2475
v 1.1157 1.3605 -0.2733
v 1.1174 1.3698 -0.3833
v 1.1181 1.3881 -0.4015
v 1.1186 1.3234 -0.4241
v 1.1167 1.3735 -0.3475
v 1.1181 1.3963 -0.4502
v 1.1161 1.3877 -0.2927
v 1.1155 1.4072 -0.2625
v 1.1171 1.3895 -0.3790
v 1.1167 1.3913 -0.3521
v 1.1170 1.3883 -0.3166
v 1.1181 1.4340 -0.4002
v 1.1176 1.4071 -0.3632
v 1.1160 1.4193 -0.3055
v 1.1174 1.4421 -0.3380
v 1.1159 1.4244 -0.2636
v 1.1177 1.4571 -0.3844
v 1.1177 1.4604 -0.3706
v 1.1172 1.4322 -0.2854
v 1.1166 1.4445 -0.3020
v 1.1188 1.4844 -0.4213
v 1.1165 1.4666 -0.3017
v 1.1173 1.4748 -0.2868
v 1.1157 1.4873 -0.2726
v 1.1195 1.4353 -0.4604
v 1.1188 1.4738 -0.4419
v 1.1169 1.4963 -0.3286
v 1.1172 1.4850 -0.3150
v 1.1162 1.4930 -0.3022
v 1.1180 1.5291 -0.3652
v 1.1170 1.5128 -0.2584
v -0.1337 -0.0288 0.2591
v -0.1194 -0.0124 0.2701
v -0.1062 -0.0186 0.2448
v -0.1190 -0.0275 0.2450
v -0.1189 -0.0169 0.2585
v -0.1190 -0.0119 0.2936
v -0.1190 -0.0223 0.3150
v -0.1049 -0.0157 0.2733
v -0.1055 -0.0168 0.2934
v -0.1050 -0.0260 0.3150
v -0.0910 -0.0201 0.2450
v -0.0910 -0.0135 0.2590
v -0.0910 -0.0134 0.2730
v -0.0910 -0.0171 0.3010
v -0.0912 -0.0121 0.2882
v -0.0782 -0.0272 0.2588
v -0.0770 -0.0270 0.2450
v -0.0770 -0.0118 0.2720
v -0.0727 -0.0241 0.3012
v -0.0769 -0.0130 0.2871
v -0.0679 -0.0270 0.2730
v -0.0630 -0.0299 0.2730
v -0.0630 -0.0314 0.2590
v -0.0686 -0.0270 0.2870
v -0.0640 -0.0410 0.3010
v 0.1050 0.2081 0.2310
v 0.1132 0.2249 0.2309
v 0.1129 0.2250 0.2170
v 0.1470 0.1970 0.1821
v 0.1336 0.2103 0.1981
v 0.1611 0.2254 0.1843
v 0.1330 0.1970 0.1975
v 0.1330 0.2254 0.1994
v 0.1470 0.2390 0.2006
v 0.1330 0.2390 0.2154
v 0.1472 0.2507 0.2029
v 0.1331 0.2505 0.2173
v 0.1470 0.2583 0.2170
v 0.1341 0.2525 0.2309
v 0.1549 0.2664 0.2317
v 0.1610 0.1970 0.1822
v 0.1470 0.1830 0.1826
v 0.1610 0.2110 0.1824
v 0.1609 0.2390 0.1988
v 0.1678 0.2533 0.2005
v 0.1577 0.2670 0.2170
v 0.1750 0.2110 0.1776
v 0.1750 0.2250 0.1826
v 0.1891 0.2320 0.1897
v 0.1885 0.2691 0.2157
v 0.1988 0.2275 0.1842
v 0.1890 0.2390 0.1971
v 0.2030 0.2369 0.1890
v 0.2030 0.2390 0.1913
v 0.2029 0.2529 0.1998
v 0.2170 0.2390 0.1963
v 0.2170 0.2529 0.1982
v 0.2167 0.2683 0.2131
v 0.1891 0.2810 0.2295
v 0.2313 0.2531 0.2040
v 0.2305 0.2391 0.1974
v 0.2351 0.2681 0.2138
v 0.2310 0.2810 0.2271
v 1.0374 0.1970 -0.6510
v 1.0290 0.1830 -0.6439
v 1.0547 0.1975 -0.6544
v 1.0422 0.1833 -0.6500
v 1.0430 0.1991 -0.6510
v 1.0570 0.1830 -0.6570
v 1.0430 0.2110 -0.6608
v 1.0570 0.2110 -0.6580
v 1.0562 0.2175 -0.6623
v 1.0430 0.2250 -0.6544
v 1.0570 0.2390 -0.6613
v 1.0430 0.2390 -0.6545
v 1.0570 0.2530 -0.6533
v 1.0736 0.1846 -0.6562
v 1.0710 0.1970 -0.6591
v 1.0710 0.2018 -0.6650
v 1.0650 0.2250 -0.6650
v 1.0642 0.2390 -0.6650
v 1.0710 0.2530 -0.6556
v 1.0863 0.1970 -0.6510
v 1.0876 0.2074 -0.6653
v 1.0850 0.2403 -0.6650
v 1.0983 0.2530 -0.6510
v 1.1001 0.1801 -0.6437
v 1.0863 0.2110 -0.6510
v 1.1010 0.2125 -0.6409
v 1.0877 0.2250 -0.6650
v 1.0940 0.2253 -0.6515
v 1.1061 0.2478 -0.6387
v 1.0891 0.2390 -0.6650
v 1.1095 0.1871 -0.6225
v 1.1075 0.2185 -0.6230
v 1.1127 0.1851 -0.5977
v 1.1103 0.2367 -0.6075
v 1.1170 0.2273 -0.5802
v 1.1080 0.2374 -0.6180
v 1.0990 0.2558 -0.6510
v 1.1100 0.2682 -0.6367
v 1.1144 0.2768 -0.6227
v 1.1137 0.2634 -0.6038
v 1.1133 0.2950 -0.6239
v 1.1053 0.2950 -0.6370
v 1.1130 0.3471 -0.6230
v 1.1130 0.3510 -0.6190
v 1.1044 0.3510 -0.6230
v 1.1130 0.3650 -0.6134
v 1.1030 0.3650 -0.6230
v 1.1220 0.1819 -0.5393
v 1.1259 0.1915 -0.4927
v 1.1228 0.2106 -0.5290
v 1.1230 0.2390 -0.5075
v 1.1201 0.2435 -0.5603
v 1.1270 0.2343 -0.4672
v 1.1165 0.2735 -0.5900
v 1.1222 0.2677 -0.5430
v 1.1246 0.2746 -0.4746
v 1.1192 0.2838 -0.5817
v 1.1240 0.2787 -0.5019
v 1.1196 0.2890 -0.6064
v 1.1221 0.2994 -0.5575
v 1.1251 0.2852 -0.4478
v 1.1234 0.2957 -0.5950
v 1.1244 0.3109 -0.4828
v 1.1128 0.3327 -0.6311
v 1.1198 0.3090 -0.6230
v 1.1202 0.3090 -0.6090
v 1.1302 0.3146 -0.5941
v 1.1293 0.3241 -0.5788
v 1.1240 0.3172 -0.5429
v 1.1219 0.3336 -0.6230
v 1.1229 0.3448 -0.6084
v 1.1254 0.3460 -0.5113
v 1.1288 0.3383 -0.5895
v 1.1281 0.3517 -0.6241
v 1.1260 0.3491 -0.5888
v 1.1182 0.3650 -0.6090
v 1.1228 0.3687 -0.5983
v 1.1288 0.3649 -0.5824
v 1.1289 0.3705 -0.4992
v 1.1321 0.3638 -0.5201
v 1.1235 0.3790 -0.6090
v 1.1278 0.3950 -0.5724
v 1.1260 0.3852 -0.4665
v 1.1119 0.3870 -0.6058
v 1.1241 0.3930 -0.5950
v 1.1158 0.4165 -0.6098
v 1.1271 0.4081 -0.5819
v 1.1270 0.4079 -0.4658
v 1.0710 0.1970 -0.6748
v 1.0570 0.1970 -0.6737
v 1.0705 0.2110 -0.6790
v 1.0959 0.1829 -0.6790
v 1.0787 0.1958 -0.6796
v 1.0850 0.1830 -0.6732
v 1.0710 0.1830 -0.6784
v 1.0850 0.2017 -0.6790
v 1.0850 0.2110 -0.6832
v 1.0990 0.2017 -0.6790
v 1.0996 0.2248 -0.6794
v 1.0850 0.2160 -0.6790
v 1.2017 0.7150 -0.4830
v 1.2005 0.6869 -0.4830
v 1.1963 0.7211 -0.5027
v 1.1970 0.7291 -0.4969
v 1.1973 0.7496 -0.5157
v 1.1897 0.8542 -0.5389
v 1.1895 0.8270 -0.5110
v 1.2022 0.8131 -0.5113
v 1.2014 0.8539 -0.5519
v 1.1896 0.8690 -0.5390
v 1.2084 0.6416 -0.5957
v 1.2071 0.6649 -0.5887
v 1.2071 0.6211 -0.5680
v 1.2035 0.6368 -0.5592
v 1.2109 0.6459 -0.6089
v 1.2107 0.6589 -0.6119
v 1.2032 0.6614 -0.5641
v 1.2026 0.6565 -0.5283
v 1.2028 0.6425 -0.5030
v 1.2033 0.6691 -0.5196
v 1.2005 0.6590 -0.4970
v 1.2029 0.6313 -0.4707
v 1.2030 0.6599 -0.4831
v 1.1969 0.6589 -0.4690
v 1.2023 0.6450 -0.4690
v 1.2077 0.6876 -0.5970
v 1.2113 0.6866 -0.6142
v 1.2025 0.6777 -0.5819
v 1.2005 0.6730 -0.5390
v 1.2028 0.6767 -0.5032
v 1.2026 0.6906 -0.5476
v 1.2004 0.6877 -0.4976
v 1.2110 0.7010 -0.6108
v 1.2077 0.7273 -0.5974
v 1.2026 0.7207 -0.5806
v 1.2021 0.7155 -0.5395
v 1.2003 0.7151 -0.5120
v 1.2106 0.7247 -0.6144
v 1.2100 0.7447 -0.6180
v 1.2016 0.7313 -0.5713
v 1.2023 0.7347 -0.5275
v 1.2005 0.7290 -0.4830
v 1.2013 0.7430 -0.5950
v 1.2014 0.7443 -0.5399
v 1.2004 0.7579 -0.5119
v 1.2028 0.7664 -0.5943
v 1.1975 0.7579 -0.5398
v 1.2018 0.7698 -0.5682
v 1.1968 0.7710 -0.5530
v 1.2110 0.7847 -0.6223
v 1.2017 0.7869 -0.6078
v 1.2005 0.7859 -0.5533
v 1.2000 0.7874 -0.5363
v 1.2024 0.7879 -0.5111
v 1.2028 0.8062 -0.5806
v 1.1968 0.7991 -0.5390
v 1.2016 0.7990 -0.5530
v 1.2008 0.7993 -0.5234
v 1.2111 0.8130 -0.6230
v 1.2020 0.8367 -0.6091
v 1.2020 0.8274 -0.5741
v 1.2027 0.8140 -0.5413
v 1.2127 0.8262 -0.6271
v 1.2124 0.8486 -0.6248
v 1.2250 0.6309 -0.6125
v 1.2174 0.6450 -0.6230
v 1.2250 0.6450 -0.6123
v 1.2193 0.6265 -0.5890
v 1.2250 0.6310 -0.6015
v 1.2250 0.6450 -0.6029
v 1.2250 0.6506 -0.6370
v 1.2249 0.6629 -0.6380
v 1.2163 0.6590 -0.6230
v 1.2249 0.6602 -0.6088
v 1.2234 0.6729 -0.6369
v 1.2249 0.6795 -0.6403
v 1.2298 0.6727 -0.6228
v 1.2250 0.6730 -0.6090
v 1.2218 0.6990 -0.6367
v 1.2296 0.6870 -0.6230
v 1.2250 0.7009 -0.6088
v 1.2251 0.7017 -0.6440
v 1.2250 0.7294 -0.6446
v 1.2206 0.7449 -0.6373
v 1.2295 0.7293 -0.6232
v 1.2250 0.7204 -0.6090
v 1.2250 0.7290 -0.6118
v 1.2395 0.7156 -0.6076
v 1.2254 0.7443 -0.6426
v 1.2249 0.7427 -0.6207
v 1.2248 0.7708 -0.6495
v 1.2179 0.7707 -0.6369
v 1.2282 0.7574 -0.6232
v 1.2272 0.7696 -0.6213
v 1.2250 0.7990 -0.6216
v 1.2307 0.8077 -0.6328
v 1.2248 0.8285 -0.6477
v 1.2326 0.8135 -0.6367
v 1.2165 0.8410 -0.6370
v 1.2250 0.8483 -0.6370
v 1.2246 0.8551 -0.6515
v 1.2250 0.8550 -0.6500
v 1.2270 0.6411 -0.6090
v 1.2390 0.6450 -0.6370
v 1.2493 0.6587 -0.6392
v 1.2425 0.6867 -0.6387
v 1.2389 0.6872 -0.6114
v 1.2401 0.6871 -0.6084
v 1.2432 0.7053 -0.6428
v 1.2293 0.7010 -0.6230
v 1.2296 0.7150 -0.6230
v 1.2390 0.7150 -0.6115
v 1.2561 0.7772 -0.6447
v 1.2390 0.7850 -0.6489
v 1.2331 0.7850 -0.6370
v 1.2386 0.8131 -0.6478
v 1.2378 0.8378 -0.6482
v 1.2454 0.8583 -0.6501
v 1.2315 0.8550 -0.6370
v 1.2530 0.6450 -0.6388
v 1.2647 0.6960 -0.6396
v 1.2642 0.7266 -0.6438
v 1.2654 0.7994 -0.6495
v 1.2790 0.8132 -0.6479
v 1.2630 0.8428 -0.6462
v 1.2647 0.6313 -0.6349
v 1.2530 0.6310 -0.6384
v 1.2756 0.6573 -0.6397
v 1.2777 0.6737 -0.6384
v 1.2741 0.7830 -0.6434
v 1.2875 0.8258 -0.6485
v 1.2946 0.6582 -0.6350
v 1.2807 0.7152 -0.6372
v 1.2940 0.7388 -0.6408
v 1.2809 0.7430 -0.6423
v 1.2963 0.8022 -0.6437
v 1.3024 0.8422 -0.6459
v 1.2891 0.8794 -0.6483
v 1.2936 0.6318 -0.6322
v 1.3043 0.6701 -0.6373
v 1.3006 0.7021 -0.6397
v 1.2954 0.7301 -0.6386
v 1.3060 0.7563 -0.6433
v 1.3196 0.7697 -0.6443
v 1.3343 0.6298 -0.6329
v 1.3238 0.6605 -0.6343
v 1.3087 0.6626 -0.6351
v 1.3418 0.7120 -0.6384
v 1.3090 0.7430 -0.6373
v 1.3441 0.7850 -0.6421
v 1.3130 0.8320 -0.6471
v 1.3283 0.8662 -0.6462
v 1.3477 0.6441 -0.6339
v 1.3601 0.7279 -0.6393
v 1.3306 0.7456 -0.6372
v 1.3250 0.7624 -0.6434
v 1.3256 0.8146 -0.6414
v 1.3410 0.6883 -0.6342
v 1.3600 0.7730 -0.6382
v 1.3486 0.7985 -0.6437
v 1.3385 0.8547 -0.6454
v 1.3655 0.6612 -0.6326
v 1.3586 0.7046 -0.6326
v 1.3408 0.8143 -0.6415
v 1.3519 0.8416 -0.6427
v 1.3641 0.5153 -0.6260
v 1.3417 0.5030 -0.6251
v 1.3538 0.4910 -0.6230
v 1.3673 0.4912 -0.6203
v 1.3835 0.5305 -0.6222
v 1.3429 0.5362 -0.6243
v 1.3692 0.5631 -0.6239
v 1.3637 0.5767 -0.6264
v 1.3863 0.5998 -0.6263
v 1.3273 0.5911 -0.6285
v 1.3950 0.5182 -0.6187
v 1.3791 0.5747 -0.6217
v 1.4264 0.6175 -0.6210
v 1.4210 0.4910 -0.6162
v 1.4145 0.5055 -0.6180
v 1.4202 0.5355 -0.6151
v 1.4057 0.5523 -0.6232
v 1.4326 0.5761 -0.6196
v 1.4085 0.6183 -0.6249
v 1.3629 0.6276 -0.6271
v 1.4340 0.6466 -0.6268
v 1.4273 0.5194 -0.6142
v 1.4345 0.5475 -0.6147
v 1.4421 0.6029 -0.6201
v 1.4210 0.6236 -0.6230
v 1.4350 0.4910 -0.6098
v 1.4350 0.5050 -0.6155
v 1.4350 0.6366 -0.6230
v 1.4514 0.5073 -0.6100
v 1.4760 0.5460 -0.6113
v 1.4468 0.5655 -0.6120
v 1.4490 0.5890 -0.6184
v 1.4768 0.5622 -0.6110
v 1.4630 0.5890 -0.6132
v 1.4770 0.5349 -0.6090
v 1.4770 0.5890 -0.6129
v 1.4893 0.5470 -0.6088
v 1.4910 0.5330 -0.6093
v 1.2109 1.1786 -0.6633
v 1.2257 1.2056 -0.6669
v 1.2108 1.2131 -0.6663
v 1.2116 1.2756 -0.6662
v 1.2356 1.2603 -0.6639
v 1.2536 1.2749 -0.6653
v 1.2109 1.2624 -0.6635
v 1.2109 1.2863 -0.6660
v 1.2548 1.2422 -0.6632
v 1.2227 1.2393 -0.6654
v 1.2406 1.2199 -0.6668
v 1.2405 1.2058 -0.6628
v 1.2770 1.2105 -0.6619
v 1.3650 0.8550 -0.6399
v 1.3650 0.8690 -0.6426
v 1.3510 0.8687 -0.6453
v 1.3644 0.8834 -0.6423
v 1.3764 0.9195 -0.6401
v 1.3657 0.9384 -0.6471
v 1.3504 0.8992 -0.6436
v 1.3481 0.9202 -0.6443
v 1.3529 0.9471 -0.6463
v 1.3657 0.9948 -0.6459
v 1.3510 0.9950 -0.6497
v 1.3539 0.9760 -0.6452
v 1.3650 1.0090 -0.6464
v 1.3506 1.0093 -0.6475
v 1.3924 0.8575 -0.6377
v 1.3790 0.8690 -0.6428
v 1.3790 0.8987 -0.6425
v 1.3917 0.9669 -0.6452
v 1.3930 0.8690 -0.6392
v 1.3930 0.9390 -0.6423
v 1.3930 0.9530 -0.6427
v 1.3930 0.9810 -0.6433
v 1.3930 0.9950 -0.6436
v 1.4070 0.9670 -0.6424
v 1.4070 0.9810 -0.6422
v -0.9149 -0.5904 -0.6224
v -0.9177 -0.6150 -0.6230
v -0.9119 -0.6133 -0.6248
v -0.9254 -0.5730 -0.6090
v -0.9181 -0.5630 -0.6161
v -0.9310 -0.5590 -0.6043
v -0.9245 -0.5450 -0.6090
v -0.9170 -0.5450 -0.6133
v -0.9310 -0.5450 -0.6025
v -0.9168 -0.5300 -0.6079
v -0.9310 -0.5310 -0.6082
v -0.8983 -0.5409 -0.6263
v -0.9050 -0.5027 -0.6064
v -0.9170 -0.5030 -0.6177
v -0.9025 -0.5174 -0.6222
v -0.9019 -0.5034 -0.6073
v -0.9030 -0.4890 -0.6144
v -0.9170 -0.4890 -0.6155
v -0.9030 -0.6150 -0.6269
v -0.8890 -0.6010 -0.6308
v -0.8963 -0.5215 -0.6358
v -0.8931 -0.5030 -0.6370
v -0.9006 -0.5030 -0.6230
v -0.8946 -0.4890 -0.6370
v -0.9005 -0.4870 -0.6241
v 0.9360 1.5711 -0.6436
v 0.9170 1.6530 -0.6471
v 0.9170 1.6670 -0.6410
v 0.9442 1.5333 -0.6419
v 0.9352 1.6520 -0.6476
v 0.9310 1.6668 -0.6382
v 0.9310 1.6950 -0.6414
v 0.9472 1.5988 -0.6449
v 0.9508 1.6401 -0.6478
v 0.9446 1.6726 -0.6411
v 0.9520 1.6950 -0.6402
v 0.9776 1.5777 -0.6419
v 0.9611 1.6245 -0.6450
v 0.9703 1.6683 -0.6467
v 0.9761 1.6872 -0.6373
v 0.9849 1.5371 -0.6414
v 0.9958 1.6103 -0.6442
v 0.9849 1.7092 -0.6393
v 0.9590 1.7090 -0.6420
v 1.0246 1.6571 -0.6452
v 0.9986 1.6626 -0.6477
v 0.9925 1.6842 -0.6446
v 1.0059 1.5855 -0.6425
v 1.0009 1.6951 -0.6382
v 1.0295 1.5474 -0.6416
v 1.0291 1.6272 -0.6439
v 1.0166 1.6896 -0.6466
v 1.0160 1.7095 -0.6373
v 1.0057 1.7090 -0.6370
v 1.0290 1.7230 -0.6376
v 1.0472 1.5752 -0.6420
v 1.0624 1.6559 -0.6444
v 1.0359 1.6925 -0.6459
v 1.0430 1.7090 -0.6406
v 1.0383 1.7230 -0.6370
v 1.0430 1.7220 -0.6369
v 1.0430 1.7258 -0.6370
v 1.0429 1.7370 -0.6382
v 1.0807 1.6971 -0.6455
v 1.0641 1.7080 -0.6452
v 1.0676 1.7236 -0.6372
v 1.0570 1.7370 -0.6352
v 1.0870 1.5395 -0.6387
v 1.0962 1.5988 -0.6398
v 1.0813 1.6428 -0.6424
v 1.0702 1.7371 -0.6370
v 1.0570 1.7510 -0.6235
v 1.0710 1.7473 -0.6230
v 1.0850 1.7227 -0.6426
v 1.0925 1.7369 -0.6358
v 1.0966 1.7510 -0.6250
v 1.0776 1.7484 -0.6036
v 1.1115 1.6262 -0.6359
v 1.0999 1.6658 -0.6401
v 1.0990 1.7225 -0.6418
v 1.1106 1.7468 -0.5964
v 1.0997 1.7492 -0.5910
v 1.0850 1.7468 -0.5810
v 1.0990 1.7440 -0.5670
v 1.1127 1.5003 -0.6345
v 1.1118 1.5608 -0.6341
v 1.1014 1.5370 -0.6381
v 1.1117 1.6856 -0.6353
v 1.1125 1.7364 -0.6337
v 1.1136 1.7543 -0.6150
v 1.1155 1.7379 -0.5514
v 1.0990 1.7469 -0.5530
v 1.1165 1.7343 -0.5311
v 1.1205 1.5274 -0.6229
v 1.1220 1.5136 -0.6080
v 1.1214 1.5419 -0.6080
v 1.1222 1.5276 -0.5810
v 1.1218 1.5507 -0.6017
v 1.1205 1.5390 -0.5677
v 1.1209 1.5074 -0.5225
v 1.1204 1.5527 -0.5367
v 1.1198 1.4905 -0.4839
v 1.1192 1.5523 -0.4853
v 1.1186 1.5628 -0.6229
v 1.1200 1.5662 -0.5809
v 1.1201 1.5567 -0.4547
v 1.1220 1.5812 -0.6098
v 1.1211 1.5845 -0.5927
v 1.1210 1.5811 -0.5673
v 1.1215 1.5773 -0.5206
v 1.1211 1.6038 -0.5033
v 1.1198 1.5906 -0.6229
v 1.1211 1.6105 -0.4731
v 1.1214 1.6317 -0.5944
v 1.1218 1.6199 -0.6098
v 1.1222 1.6264 -0.5488
v 1.1189 1.6658 -0.6230
v 1.1214 1.6653 -0.5051
v 1.1213 1.6747 -0.6080
v 1.1204 1.6526 -0.4805
v 1.1211 1.6490 -0.4555
v 1.1224 1.6724 -0.5650
v 1.1213 1.6806 -0.5451
v 1.1230 1.6966 -0.4742
v 1.1249 1.7083 -0.5077
v 1.1260 1.7247 -0.5591
v 1.1245 1.7193 -0.5251
v 1.1219 1.7367 -0.6218
v 1.1226 1.7081 -0.4879
v 1.1153 1.7090 -0.4690
v 1.1165 1.7238 -0.5105
v 1.1155 1.7230 -0.4830
v 1.1140 1.7370 -0.5038
v 1.1130 1.7370 -0.4877
v 1.1130 1.7354 -0.4830
v 1.1130 1.7370 -0.4690
v 1.1165 1.7370 -0.4550
v 1.1130 1.7401 -0.5250
v -0.9607 0.0426 -0.3990
v -0.9590 0.0463 -0.3990
v -0.9590 0.0430 -0.3966
v -0.9450 0.0374 -0.4130
v -0.9472 0.0430 -0.4130
v -0.9450 0.0331 -0.3990
v -0.9450 0.0430 -0.3935
v -0.9561 0.0570 -0.3850
v -0.9450 0.0482 -0.3850
v -0.9583 0.0544 -0.3595
v -0.9450 0.0452 -0.3710
v -0.9450 0.0452 -0.3570
v -0.9451 0.0443 -0.3553
v -0.9590 0.0443 -0.3430
v -0.9590 0.0601 -0.3710
v -0.9310 0.0181 -0.3430
v -0.9450 0.0150 -0.3458
v -0.9439 0.0150 -0.3430
v -0.9303 0.0303 -0.3563
v -0.9450 0.0290 -0.3523
v -0.9310 0.0150 -0.3363
v -0.9310 0.0430 -0.3810
v -0.9351 0.0290 -0.3850
v -0.9336 0.0243 -0.3751
v -0.9423 0.0430 -0.3710
v -0.9310 0.0533 -0.3850
v -0.9310 0.0026 -0.2310
v -0.9296 0.0107 -0.3276
v -0.9170 0.0150 -0.3420
v -0.9260 0.0010 -0.2450
v -0.9310 0.0010 -0.2386
v -0.9170 0.0042 -0.2450
v -0.9170 0.0247 -0.3570
v -0.9170 0.0290 -0.3692
v -0.9030 0.0019 -0.3149
v -0.9170 0.0065 -0.3010
v -0.9030 0.0010 -0.2957
v -0.9077 0.0010 -0.3290
v -0.9030 0.0010 -0.3342
v -0.9170 0.0068 -0.2800
v -0.9030 0.0026 -0.2730
v -0.9030 0.0033 -0.2590
v 0.2410 1.3981 -0.6526
v 0.2023 1.3778 -0.6547
v 0.2589 1.3792 -0.6525
v 0.2647 1.4598 -0.6561
v 0.2193 1.4502 -0.6554
v 0.2686 1.3401 -0.6523
v 0.2229 1.3357 -0.6530
v 0.2531 1.2825 -0.6538
v 0.2788 1.4006 -0.6535
v 0.2494 1.4721 -0.6577
v 0.2860 1.2739 -0.6516
v 0.2870 1.4850 -0.6546
v 0.2590 1.4850 -0.6569
v 0.2944 1.3303 -0.6530
v 0.2989 1.3602 -0.6509
v 0.3043 1.4216 -0.6525
v 0.2875 1.4623 -0.6536
v 0.3119 1.3025 -0.6523
v 0.3104 1.4987 -0.6566
v 0.2870 1.4990 -0.6554
v 0.3171 1.3413 -0.6507
v 0.3252 1.3974 -0.6530
v 0.3180 1.4728 -0.6551
v 0.3380 1.4513 -0.6522
v 0.3290 1.4990 -0.6531
v 0.3532 1.3435 -0.6513
v 0.3383 1.2851 -0.6521
v 0.3546 1.3656 -0.6516
v 0.3463 1.4101 -0.6514
v 0.3521 1.4818 -0.6540
v 0.3674 1.4003 -0.6522
v 0.3577 1.4366 -0.6527
v 0.3563 1.5123 -0.6561
v 0.3695 1.2786 -0.6511
v 0.3708 1.3570 -0.6523
v 0.3956 1.4203 -0.6519
v 0.3838 1.4731 -0.6522
v 0.3708 1.5114 -0.6534
v 0.3841 1.3069 -0.6503
v 0.3900 1.3891 -0.6508
v 0.3863 1.5063 -0.6539
v 0.3850 1.5270 -0.6550
v 0.4167 1.3396 -0.6510
v 0.4122 1.3108 -0.6511
v 0.3970 1.4653 -0.6536
v 0.4126 1.4880 -0.6532
v 0.4105 1.3897 -0.6496
v 0.4126 1.4622 -0.6524
v 0.4306 1.3911 -0.6506
v 0.4272 1.4426 -0.6529
v 0.4325 1.4725 -0.6523
v 0.4502 1.3205 -0.6505
v 0.4444 1.4551 -0.6516
v 0.4493 1.4040 -0.6504
v 0.4481 1.4899 -0.6520
v 0.4544 1.3796 -0.6515
v -0.8922 -0.1804 -0.6659
v -0.8888 -0.1670 -0.6791
v -0.9033 -0.1805 -0.6788
v -0.8788 -0.1676 -0.6624
v -0.8890 -0.1530 -0.6756
v -0.8780 -0.1530 -0.6650
v -0.8355 -0.1001 -0.6651
v -0.8578 -0.0927 -0.6633
v -0.8197 -0.1207 -0.6650
v -0.7980 -0.0784 -0.6686
v -0.7781 -0.1245 -0.6629
v -0.7841 -0.1038 -0.6654
v -0.8144 -0.1296 -0.6647
v -0.7674 -0.0796 -0.6653
v -0.7629 -0.1075 -0.6652
v -0.7490 -0.0943 -0.6599
v -0.7490 -0.0689 -0.6640
v 1.1969 0.8689 -0.5531
v 1.1896 0.9110 -0.5250
v 1.1896 0.9109 -0.5811
v 1.1961 0.9115 -0.5954
v 1.1896 0.9250 -0.5110
v 1.1958 0.9253 -0.6091
v 1.1970 0.9250 -0.5950
v 1.1970 0.9250 -0.5390
v 1.1970 0.9250 -0.5250
v 1.2005 0.9390 -0.5950
v 1.1969 0.9390 -0.5808
v 1.1969 0.9527 -0.5390
v 1.1897 0.9390 -0.5250
v 1.1896 0.9390 -0.5110
v 1.1970 0.9390 -0.4970
v 1.1896 0.9250 -0.4970
v 1.1968 0.9530 -0.5950
v 1.1994 0.9378 -0.6231
v 1.1896 0.9530 -0.5250
v 1.1897 0.9670 -0.5250
v 1.1896 0.9530 -0.4970
v 1.2004 0.9670 -0.5950
v 1.1963 0.9675 -0.6093
v 1.1966 0.9670 -0.5806
v 1.1964 0.9810 -0.5670
v 1.1896 0.9810 -0.5530
v 1.1896 0.9810 -0.5390
v 1.1897 0.9810 -0.5250
v 1.2002 0.9948 -0.5948
v 1.1963 0.9819 -0.5950
v 1.1972 0.9921 -0.6104
v 1.2002 1.0089 -0.5810
v 1.1960 0.9982 -0.5687
v 1.1970 0.9950 -0.5530
v 1.1896 0.9950 -0.5390
v 1.1964 1.0088 -0.6230
v 1.1897 1.0090 -0.5530
v 1.1964 1.0172 -0.5589
v 1.1897 1.0230 -0.5390
v 1.1970 1.0370 -0.5460
v 1.1897 1.0370 -0.5530
v 1.1970 1.0370 -0.5634
v 1.1970 1.0475 -0.5530
v 1.2112 0.8690 -0.6228
v 1.2026 0.8690 -0.6090
v 1.2021 0.8812 -0.5793
v 1.2028 0.8832 -0.6224
v 1.2110 0.9107 -0.6341
v 1.2110 0.8830 -0.6341
v 1.2022 0.9249 -0.6233
v 1.2106 0.9362 -0.6338
v 1.2136 0.9680 -0.6373
v 1.1977 0.9530 -0.6230
v 1.2004 0.9530 -0.6090
v 1.2012 0.9761 -0.6222
v 1.2169 0.9816 -0.6388
v 1.2045 0.9954 -0.6382
v 1.2047 1.0093 -0.6394
v 1.2001 1.0232 -0.6091
v 1.2111 1.0250 -0.6578
v 1.2008 1.0227 -0.6234
v 1.2019 1.0387 -0.5893
v 1.2110 1.0419 -0.6566
v 1.2029 1.0456 -0.6279
v 1.2016 1.0401 -0.6119
v 1.2011 1.0473 -0.5753
v 1.2108 1.0646 -0.6606
v 1.2074 1.0738 -0.6506
v 1.2043 1.0720 -0.6370
v 1.2110 1.0790 -0.6601
v 1.2012 1.0829 -0.6110
v 1.2005 1.0650 -0.5810
v 1.2019 1.0925 -0.5811
v 1.2169 0.8690 -0.6370
v 1.2250 0.8621 -0.6370
v 1.2248 0.8836 -0.6518
v 1.2285 0.8773 -0.6380
v 1.2270 0.8913 -0.6324
v 1.2152 0.9110 -0.6370
v 1.2240 0.9131 -0.6516
v 1.2160 0.9509 -0.6373
v 1.2246 0.9418 -0.6533
v 1.2249 0.9754 -0.6530
v 1.2277 0.9943 -0.6563
v 1.2268 1.0082 -0.6558
v 1.2293 1.0381 -0.6555
v 1.2254 1.0604 -0.6583
v 1.2221 1.0842 -0.6610
v 1.2396 0.8960 -0.6523
v 1.2303 0.8970 -0.6510
v 1.2322 0.8970 -0.6370
v 1.2390 0.9070 -0.6510
v 1.2455 0.9178 -0.6511
v 1.2389 0.9268 -0.6548
v 1.2430 0.9832 -0.6525
v 1.2476 1.0220 -0.6564
v 1.2385 1.0737 -0.6597
v 1.2680 0.9109 -0.6498
v 1.2659 0.9499 -0.6548
v 1.2545 0.9679 -0.6528
v 1.2539 0.9938 -0.6521
v 1.2757 1.0314 -0.6541
v 1.2510 1.0524 -0.6551
v 1.2581 1.0789 -0.6579
v 1.2670 0.8689 -0.6525
v 1.2883 0.8948 -0.6507
v 1.2672 1.0132 -0.6557
v 1.2670 1.0650 -0.6537
v 1.2857 0.9411 -0.6491
v 1.2929 0.9684 -0.6515
v 1.2822 0.9840 -0.6531
v 1.2898 1.0134 -0.6520
v 1.2891 1.0505 -0.6538
v 1.2810 1.0650 -0.6529
v 1.2810 1.0790 -0.6568
v 1.3092 0.8968 -0.6502
v 1.2959 0.9246 -0.6499
v 1.3104 0.9386 -0.6477
v 1.3038 1.0363 -0.6546
v 1.3002 1.0741 -0.6540
v 1.2950 1.0790 -0.6530
v 1.3220 0.8832 -0.6445
v 1.3234 0.9110 -0.6477
v 1.3100 0.9570 -0.6486
v 1.3225 0.9808 -0.6509
v 1.3309 0.9927 -0.6473
v 1.3384 0.9253 -0.6485
v 1.3345 1.0314 -0.6471
v 1.3230 1.0510 -0.6510
v 1.3229 1.0659 -0.6521
v 1.3370 0.9810 -0.6468
v 1.3370 1.0580 -0.6510
v 1.3512 1.0368 -0.6468
v 1.3731 0.7353 -0.6367
v 1.3930 0.7852 -0.6355
v 1.3693 0.7998 -0.6403
v 1.3676 0.8140 -0.6410
v 1.3797 0.6451 -0.6284
v 1.3922 0.6867 -0.6334
v 1.4063 0.7004 -0.6315
v 1.3930 0.8404 -0.6409
v 1.3928 0.6582 -0.6264
v 1.4045 0.7294 -0.6332
v 1.3930 0.7430 -0.6328
v 1.3930 0.7570 -0.6370
v 1.3860 0.7990 -0.6370
v 1.3930 0.7990 -0.6367
v 1.3928 0.8257 -0.6388
v 1.4214 0.6868 -0.6280
v 1.4070 0.7682 -0.6370
v 1.4070 0.7710 -0.6380
v 1.4070 0.7803 -0.6370
v 1.4207 0.7016 -0.6297
v 1.4210 0.7290 -0.6326
v 1.4349 0.6736 -0.6264
v 1.4350 0.7010 -0.6256
v 0.9100 0.1970 0.1890
v 0.9170 0.2023 0.1750
v 0.9170 0.2110 0.1719
v 0.9109 0.2110 0.1890
v 0.9170 0.1970 0.1915
v 0.9170 0.2110 0.1916
v 0.9166 0.2258 0.0273
v 0.9156 0.2266 0.0483
v 0.9170 0.2239 0.0210
v 0.9170 0.2250 0.0630
v 0.9170 0.2203 0.0770
v 0.9171 0.2229 0.1044
v 0.9170 0.2221 0.1330
v 0.9170 0.2178 0.1470
v 0.9170 0.2191 0.1610
v 0.9310 0.2149 0.0350
v 0.9310 0.2147 0.0490
v 0.9310 0.2196 0.1540
v 0.9450 0.2166 0.0350
v 0.9450 0.2163 0.0490
v 0.9590 0.2110 0.1470
v 0.9523 0.2110 0.1610
v 0.9590 0.2085 0.1610
v 0.9526 0.2110 0.0490
v 0.9527 0.2110 0.0350
v 0.9450 0.2145 0.1470
v 0.9652 0.2110 0.1610
v 0.9730 0.2193 0.1470
v 0.9590 0.2172 0.1330
v 0.9752 0.2130 0.1279
v 0.9730 0.2250 0.1574
v 0.9704 0.2265 0.1612
v 0.9771 0.2123 0.2448
v 0.9934 0.1975 0.2172
v 0.9847 0.2135 0.2304
v 0.9839 0.2250 0.0911
v 0.9863 0.2111 0.0768
v 0.9797 0.2110 0.0910
v 0.9830 0.2288 0.1195
v 0.9807 0.2270 0.1447
v 0.9869 0.2252 0.1825
v 0.9730 0.2250 0.1629
v 0.9870 0.2110 0.1722
v 0.9998 0.2470 0.0919
v 0.9825 0.2341 0.1284
v 0.9836 0.2390 0.1471
v 0.9870 0.2379 0.1610
v 0.9869 0.2439 0.1543
v 0.9829 0.2390 0.1750
v 0.9864 0.2536 0.1331
v 0.9870 0.2404 0.1750
v 0.9992 0.2559 0.2176
v 0.9870 0.2390 0.2310
v 0.9843 0.2579 0.2310
v 1.0019 0.2888 0.2177
v 0.9808 0.2826 0.2321
v 0.9871 0.1742 0.1750
v 0.9937 0.1970 0.1750
v 0.9891 0.1970 0.1890
v 0.9963 0.1970 0.2030
v 1.0015 0.1970 0.0238
v 0.9978 0.2127 0.0339
v 0.9961 0.1970 0.0490
v 0.9979 0.2114 0.0500
v 0.9967 0.2110 0.0630
v 0.9926 0.2110 0.1750
v 0.9998 0.2110 0.2020
v 0.9986 0.2128 0.2170
v 1.0053 0.2215 0.0611
v 1.0014 0.2247 0.0739
v 0.9977 0.2255 0.1894
v 1.0026 0.2348 0.2068
v 1.0020 0.2385 0.1607
v 0.9970 0.2390 0.1750
v 1.0012 0.2360 0.1748
v 1.0055 0.2639 0.1021
v 0.9953 0.2596 0.1203
v 1.0016 0.2534 0.1606
v 1.0017 0.2719 0.1348
v 1.0016 0.2670 0.1470
v 1.0087 0.2795 0.1158
v 1.0086 0.3160 0.2115
v 0.9864 0.3308 0.2308
v 1.0004 0.3355 0.2161
v 0.9839 0.3510 0.2311
v 0.9967 0.3502 0.2168
v 0.9853 0.3683 0.2305
v 0.9937 0.3712 0.2166
v 0.9884 0.4023 0.2317
v 0.9963 0.4060 0.2165
v 1.0160 0.2245 0.0343
v 1.0180 0.2382 0.0481
v 1.0055 0.2490 0.2031
v 1.0168 0.2536 0.0642
v 1.0092 0.2530 0.1750
v 1.0004 0.2546 0.1892
v 1.0130 0.2674 0.0791
v 1.0120 0.2670 0.1610
v 1.0129 0.2672 0.1748
v 1.0041 0.2670 0.1890
v 1.0143 0.2870 0.2020
v 1.0170 0.2943 0.0951
v 1.0177 0.3061 0.1453
v 1.0199 0.2930 0.1610
v 1.0168 0.2798 0.1862
v 1.0100 0.2957 0.1235
v 1.0201 0.2952 0.1758
v 1.0103 0.2950 0.1891
v 1.0149 0.3121 0.1177
v 1.0197 0.3321 0.1316
v 1.0150 0.3090 0.1869
v 1.0136 0.3237 0.1889
v 1.0188 0.3221 0.2030
v 1.0150 0.3650 0.1874
v 1.0159 0.3514 0.1890
v 1.0108 0.3803 0.1891
v 1.0184 0.3782 0.2034
v 1.0150 0.3790 0.1859
v 1.0238 0.2687 0.0429
v 1.0329 0.2932 0.0329
v 1.0247 0.2771 0.0647
v 1.0309 0.2942 0.0494
v 1.0234 0.3150 0.0890
v 1.0280 0.3091 0.1610
v 1.0273 0.3100 0.1754
v 1.0245 0.3214 0.1493
v 1.0290 0.3230 0.1764
v 1.0288 0.3528 0.1057
v 1.0229 0.3460 0.1199
v 1.0280 0.3440 0.1483
v 1.0352 0.3362 0.1610
v 1.0194 0.3370 0.1890
v 1.0287 0.3380 0.1814
v 1.0179 0.3365 0.2030
v 1.0231 0.3687 0.1830
v 1.0284 0.3932 0.1886
v 1.0407 0.4076 0.1933
v 1.0189 0.4070 0.2030
v 1.0355 0.3086 0.0630
v 1.0438 0.3207 0.0335
v 1.0406 0.3209 0.0478
v 1.0366 0.3239 0.0661
v 1.0321 0.3230 0.1610
v 1.0322 0.3356 0.1748
v 1.0429 0.3370 0.0631
v 1.0414 0.3515 0.0761
v 1.0354 0.3510 0.1610
v 1.0321 0.3521 0.1740
v 1.0448 0.3638 0.0772
v 1.0432 0.3647 0.0911
v 1.0362 0.3651 0.1468
v 1.0462 0.3657 0.1614
v 1.0506 0.3785 0.1763
v 1.0481 0.3803 0.1122
v 1.0546 0.3912 0.1816
v 1.0581 0.4034 0.1893
v 1.0509 0.3398 0.0394
v 1.0629 0.3574 0.0492
v 1.0604 0.3595 0.0629
v 1.0552 0.3791 0.0768
v 1.0501 0.3807 0.0878
v 1.0510 0.3797 0.1463
v 1.0571 0.3868 0.1175
v 1.0570 0.3836 0.1330
v 1.0707 0.3848 0.1576
v 1.0568 0.3860 0.1738
v 1.0766 0.3785 0.0327
v 1.0725 0.3721 0.0627
v 1.0726 0.3810 0.0720
v 1.0683 0.3858 0.0959
v 1.0843 0.3853 0.1221
v 1.0815 0.3841 0.1473
v 1.0696 0.3847 0.1754
v 1.0727 0.4073 0.1843
v 1.0974 0.3911 0.0494
v 1.0850 0.3799 0.0737
v 1.0850 0.3847 0.0910
v 1.0850 0.3811 0.1050
v 1.0850 0.3795 0.1610
v 1.0856 0.3949 0.1739
v 1.0979 0.3931 0.0372
v 1.0972 0.3936 0.0821
v 1.0976 0.3929 0.1042
v 1.0997 0.3911 0.1197
v 1.0989 0.3910 0.1468
v 1.0948 0.3931 0.1611
v 1.1056 0.4063 0.1319
v 1.0949 0.4207 0.1599
v 1.1005 0.3930 0.1468
v 1.1068 0.4066 0.0502
v 1.1054 0.4067 0.0807
v 1.1060 0.4112 0.1012
v 1.2102 1.3793 -0.6636
v 1.2362 1.3870 -0.6617
v 1.2110 1.3870 -0.6673
v 1.1278 1.1663 -0.6087
v 1.1263 1.1207 -0.6229
v 1.1285 1.1143 -0.6080
v 1.1970 1.0940 -0.5670
v 1.2016 1.1071 -0.5949
v 1.1970 1.1088 -0.5810
v 1.1997 1.1774 -0.6081
v 1.1969 1.1773 -0.5950
v 1.1970 1.1678 -0.5948
v 1.1965 1.1770 -0.5810
v 1.1970 1.1922 -0.6090
v 1.1970 1.1774 -0.5810
v 1.2002 1.2465 -0.6223
v 1.1965 1.2467 -0.5950
v 1.1970 1.2330 -0.5957
v 1.2019 1.2610 -0.6368
v 1.1969 1.2821 -0.6308
v 1.1964 1.2750 -0.6090
v 1.1964 1.2890 -0.6090
v 1.1976 1.3004 -0.6137
v 1.1897 1.3030 -0.5950
v 1.1897 1.2890 -0.5950
v 1.1970 1.3030 -0.5880
v 1.2101 1.1044 -0.6538
v 1.2078 1.1052 -0.6514
v 1.1995 1.1103 -0.6221
v 1.2040 1.1210 -0.6386
v 1.2022 1.1210 -0.6090
v 1.2002 1.1201 -0.5878
v 1.2081 1.1383 -0.6561
v 1.2021 1.1345 -0.6304
v 1.1964 1.1351 -0.6088
v 1.2002 1.1350 -0.5950
v 1.2110 1.1617 -0.6647
v 1.2110 1.1490 -0.6633
v 1.2003 1.1523 -0.6068
v 1.2011 1.1662 -0.6365
v 1.2002 1.1490 -0.5950
v 1.1971 1.1630 -0.5950
v 1.2029 1.2032 -0.6459
v 1.2000 1.1909 -0.6229
v 1.2004 1.2050 -0.6090
v 1.2019 1.2206 -0.6376
v 1.2004 1.2140 -0.6238
v 1.2049 1.2431 -0.6508
v 1.2002 1.2330 -0.6090
v 1.2046 1.2840 -0.6491
v 1.2004 1.3140 -0.6456
v 1.2296 1.1099 -0.6607
v 1.2250 1.1210 -0.6614
v 1.2178 1.1210 -0.6510
v 1.2259 1.1345 -0.6607
v 1.2274 1.1509 -0.6655
v 1.2319 1.1796 -0.6628
v 1.2463 1.2522 -0.6633
v 1.2615 1.0995 -0.6594
v 1.2580 1.1341 -0.6608
v 1.2591 1.1517 -0.6630
v 1.2549 1.1869 -0.6622
v 1.2517 1.2909 -0.6631
v 1.2121 1.3138 -0.6634
v 1.2920 1.1358 -0.6579
v 1.2791 1.1398 -0.6585
v 1.2808 1.2233 -0.6609
v 1.2691 1.2563 -0.6634
v 1.2670 1.2750 -0.6612
v 1.2670 1.2890 -0.6646
v 1.2669 1.3086 -0.6619
v 1.2810 1.1630 -0.6627
v 1.2830 1.1889 -0.6604
v 1.2810 1.2470 -0.6619
v 1.2994 1.1056 -0.6572
v 1.2950 1.1770 -0.6610
v 1.2950 1.1980 -0.6602
v 1.3090 1.0930 -0.6562
v 1.3090 1.1140 -0.6558
v 1.3230 1.0930 -0.6523
v 0.4790 0.4195 -0.4751
v 0.4387 0.4362 -0.4965
v 0.4441 0.3849 -0.4921
v 0.4759 0.4550 -0.4762
v 0.4412 0.4644 -0.4946
v 0.4672 0.4973 -0.4825
v 0.4770 0.5480 -0.4783
v 0.4494 0.5570 -0.4910
v 0.4412 0.5606 -0.6480
v 0.4690 0.5547 -0.6370
v 0.4708 0.5612 -0.6449
v 0.4662 0.6004 -0.4800
v 0.4706 0.5883 -0.6379
v 0.4690 0.5750 -0.5859
v 0.4584 0.5727 -0.5810
v 0.4690 0.5825 -0.5810
v 0.4690 0.5890 -0.5744
v 0.4550 0.5750 -0.5757
v 0.4549 0.6017 -0.5647
v 0.4752 0.6063 -0.5698
v 0.4678 0.6228 -0.5399
v 0.4806 0.6074 -0.6368
v 0.4553 0.6487 -0.6425
v 0.4565 0.6047 -0.6400
v 0.5084 0.5398 -0.4614
v 0.4830 0.5610 -0.6421
v 0.4962 0.5838 -0.4672
v 0.4919 0.6055 -0.4688
v 0.4967 0.5906 -0.6385
v 0.4830 0.5750 -0.5831
v 0.4830 0.5890 -0.5760
v 0.4891 0.6174 -0.4737
v 0.4634 0.6171 -0.4840
v 0.4562 0.6204 -0.5110
v 0.5105 0.6225 -0.5079
v 0.5112 0.4482 -0.4600
v 0.5243 0.4984 -0.4542
v 0.4988 0.5749 -0.6386
v 0.4911 0.5610 -0.6370
v 0.5083 0.6020 -0.6377
v 0.4971 0.6041 -0.5806
v 0.5093 0.6199 -0.6340
v 0.4974 0.6142 -0.5562
v 0.5090 0.6433 -0.6335
v 0.5036 0.6235 -0.5398
v 0.4916 0.3992 -0.4683
v 0.5129 0.6019 -0.4598
v 0.5132 0.6177 -0.4635
v 0.5120 0.3757 -0.4591
v 0.5504 0.4430 -0.4423
v 0.5369 0.5647 -0.4479
v 0.5393 0.5755 -0.6567
v 0.5265 0.5888 -0.6508
v 0.5250 0.6030 -0.6338
v 0.5267 0.6174 -0.4550
v 0.5349 0.6023 -0.4484
v 0.5250 0.6170 -0.5545
v 0.5388 0.6235 -0.5386
v 0.5510 0.5076 -0.4423
v 0.5473 0.5453 -0.4436
v 0.5390 0.5926 -0.6510
v 0.5390 0.5995 -0.6370
v 0.5390 0.6026 -0.6248
v 0.5399 0.6175 -0.6334
v 0.5390 0.6170 -0.5467
v 0.5531 0.6232 -0.5109
v 0.5530 0.5750 -0.6586
v 0.5390 0.5610 -0.6602
v 0.5530 0.5890 -0.6575
v 0.5542 0.6161 -0.4409
v 0.5530 0.6170 -0.5452
v 0.5531 0.6226 -0.5391
v 0.5776 0.6216 -0.4698
v 0.5530 0.6217 -0.4550
v 0.5714 0.4845 -0.4320
v 0.5852 0.6033 -0.6174
v 0.5677 0.6174 -0.6304
v 0.5665 0.6497 -0.6313
v 0.5702 0.6166 -0.5324
v 0.5670 0.6228 -0.5247
v 0.5808 0.6257 -0.4545
v 0.5670 0.6217 -0.4410
v 0.5891 0.6237 -0.5157
v 0.5804 0.6319 -0.4427
v 0.5799 0.6342 -0.4408
v 0.6005 0.6166 -0.5184
v 0.5940 0.6202 -0.4453
v 0.6102 0.6170 -0.6308
v 0.5901 0.6389 -0.6305
v 0.6169 0.6221 -0.5107
v 0.6169 0.6234 -0.4995
v 0.6204 0.6223 -0.4616
v 0.6094 0.6241 -0.4284
v 0.6230 0.6029 -0.6233
v 0.6242 0.6247 -0.4420
v 0.6370 0.5890 -0.6219
v 0.6368 0.6036 -0.6175
v 0.6230 0.5890 -0.6247
v 0.6370 0.6170 -0.6291
v 0.6455 0.6327 -0.6295
v 0.6370 0.6170 -0.5059
v 0.6381 0.6229 -0.4956
v 0.6486 0.6231 -0.4670
v 0.6554 0.6023 -0.6229
v 0.6510 0.5890 -0.6222
v 0.6772 0.6179 -0.6295
v 0.6508 0.6111 -0.4968
v 0.6510 0.6235 -0.4830
v 0.6650 0.5890 -0.6192
v 0.6650 0.6035 -0.5005
v 0.6510 0.6030 -0.5020
v 0.6650 0.6170 -0.4918
v 0.6650 0.6229 -0.4828
v 0.6936 0.5891 -0.6205
v 0.6791 0.6133 -0.4831
v 0.6929 0.6231 -0.4581
v 0.6769 -0.0131 -0.5872
v 0.6930 -0.0229 -0.5810
v 0.6930 -0.0130 -0.5917
v 0.6813 -0.0214 -0.5798
v 0.6741 -0.0210 -0.5595
v 0.7018 -0.0203 -0.5444
v 0.6826 -0.0217 -0.5456
v 0.6990 -0.0199 -0.5337
v 0.6948 -0.0182 -0.5217
v 0.6772 -0.0203 -0.5239
v 0.6807 -0.0189 -0.5209
v 0.6931 -0.0094 -0.4971
v 0.6790 -0.0017 -0.4970
v 0.6930 0.0010 -0.4890
v 0.6806 -0.0044 -0.4836
v 0.6777 -0.0087 -0.4703
v 0.6930 0.0010 -0.4690
v 0.6933 -0.0088 -0.4546
v 0.6773 -0.0091 -0.4195
v 0.6976 -0.0104 -0.4240
v 0.6901 0.0150 -0.4830
v 0.6930 0.0150 -0.4782
v 0.6930 0.0326 -0.4702
v 0.6790 0.0315 -0.4830
v 0.6790 0.0323 -0.4690
v 0.6930 0.0359 -0.4550
v 0.6790 0.0387 -0.4550
v 0.7070 -0.0218 -0.5950
v 0.7070 -0.0227 -0.5810
v 0.7076 -0.0195 -0.5658
v 0.7139 -0.0225 -0.5454
v 0.7070 -0.0206 -0.4970
v 0.7070 -0.0130 -0.4921
v 0.7070 0.0010 -0.4962
v 0.7070 -0.0058 -0.4550
v 0.7070 0.0010 -0.4647
v 0.7070 -0.0114 -0.4410
v 0.6972 0.0150 -0.4830
v 0.7070 0.0033 -0.4690
v 0.7100 0.0039 -0.4815
v 0.7210 -0.0140 -0.5670
v 0.7210 -0.0166 -0.5250
v 0.7210 -0.0242 -0.5110
v 0.7210 -0.0184 -0.4970
v 0.7210 -0.0130 -0.4830
v 0.7210 0.0010 -0.4734
v 0.7210 -0.0080 -0.4550
v 0.7208 -0.0141 -0.4410
v 0.7210 -0.0130 -0.4438
v 0.7095 0.0150 -0.4830
v 0.7116 0.0150 -0.4690
v 0.7350 -0.0165 -0.5530
v 0.7350 -0.0218 -0.5390
v 0.7350 -0.0225 -0.5250
v 0.7330 -0.0130 -0.5110
v 0.7350 -0.0160 -0.4970
v 0.7390 -0.0130 -0.4970
v 0.7350 -0.0130 -0.4926
v 0.7242 -0.0130 -0.4410
v 0.7350 -0.0062 -0.4830
v 0.7350 -0.0036 -0.4690
v 0.7630 0.0010 -0.4440
v 0.7630 -0.0001 -0.4410
v 0.7770 0.0010 -0.4550
v 0.7690 0.0010 -0.4410
v 1.0212 0.1410 -0.2590
v 1.0286 0.1547 -0.2528
v 1.0220 0.1551 -0.2737
v 1.0233 0.1410 -0.2450
v 1.0224 0.1410 -0.2240
v 1.0299 0.1503 -0.3605
v 1.0240 0.1550 -0.3430
v 1.0407 0.1662 -0.3545
v 1.0290 0.1550 -0.3368
v 1.0262 0.1550 -0.3150
v 1.0338 0.1683 -0.3147
v 1.0303 0.1699 -0.2755
v 1.0279 0.1687 -0.2590
v 1.0272 0.1673 -0.2340
v 1.0290 0.1465 -0.3290
v 1.0348 0.1550 -0.3290
v 1.0295 0.1690 -0.3710
v 1.0363 0.1690 -0.3430
v 1.0430 0.1690 -0.3737
v 1.0570 0.1690 -0.3898
v 1.0703 0.1733 -0.3898
v 1.0659 0.1547 -0.3927
v 1.0860 0.1565 -0.4063
v 1.0710 0.1410 -0.4060
v 1.0902 0.1452 -0.4061
v 1.0850 0.1690 -0.3918
v 1.0995 0.1691 -0.4025
v 1.1130 0.1690 -0.4080
v 1.1207 0.1690 -0.4130
v 1.1270 0.1690 -0.4217
v 1.1216 0.1550 -0.4130
v 0.4626 -0.0138 0.0339
v 0.4550 -0.0190 0.0594
v 0.4721 -0.0139 0.0520
v 0.4610 -0.0168 0.0789
v 0.4543 -0.0176 0.0913
v 0.4690 -0.0197 0.0910
v 0.4690 -0.0270 0.0993
v 0.4550 -0.0226 0.1050
v 0.4432 -0.0092 -0.0066
v 0.4659 -0.0088 0.0008
v 0.4778 -0.0117 0.0847
v 0.4872 -0.0267 0.1043
v 0.4832 -0.0054 -0.0058
v 0.4834 -0.0058 0.0324
v 0.4864 0.0005 0.0512
v 0.4833 -0.0002 0.0627
v 0.5023 -0.0189 0.1088
v 0.4976 -0.0143 0.0904
v 0.4936 0.0038 0.0221
v 0.4990 0.0009 0.0767
v 0.5189 -0.0136 0.1183
v 0.5110 -0.0270 0.1235
v 0.5093 0.0009 0.0940
v 0.5242 0.0135 0.0183
v 0.5099 0.0089 0.0525
v 0.5161 0.0078 0.0811
v 0.5250 -0.0304 0.1330
v 0.5250 -0.0270 0.1286
v 0.5250 -0.0235 0.1330
v 0.5169 -0.0130 0.1330
v 0.5250 -0.0067 0.1190
v 0.5109 0.0011 0.1329
v 0.5239 0.0016 0.1330
v 0.5278 0.0180 0.0301
v 0.5342 0.0182 0.0563
v 0.5373 0.0096 0.1019
v 0.5380 0.0016 0.1196
v 0.5390 -0.0038 0.1330
v 0.5533 0.0185 0.0054
v 0.5453 0.0114 -0.0159
v 0.5622 -0.0000 0.1304
v 0.5532 0.0107 0.1020
v 0.5530 0.0080 0.1190
v 0.5534 0.0191 0.0212
v 0.5571 0.0180 0.0384
v 0.5495 0.0173 0.0669
v 0.5684 -0.0260 0.1750
v 0.5530 -0.0259 0.1753
v 0.5671 -0.0233 0.1953
v 0.5530 -0.0246 0.2030
v 0.5656 -0.0235 0.2279
v 0.5530 -0.0257 0.2526
v 0.5670 -0.0000 0.1470
v 0.5703 0.0167 0.0029
v 0.5670 0.0114 0.0209
v 0.5662 0.0185 0.0365
v 0.5769 0.0124 0.0642
v 0.5681 0.0059 0.1209
v 0.5676 0.0225 0.0843
v 0.5807 -0.0202 0.1919
v 0.5810 -0.0172 0.2310
v 0.5887 -0.0038 0.1471
v 0.5810 0.0101 0.0070
v 0.5794 0.0206 0.0268
v 0.5847 0.0141 0.1182
v 0.5810 0.0186 0.0490
v 0.5770 0.0293 0.0784
v 0.5823 0.0221 0.1068
v 0.6017 -0.0208 0.1904
v 0.5920 -0.0184 0.2207
v 0.6091 0.0085 0.1462
v 0.5963 0.0143 0.0282
v 0.5834 0.0101 -0.0075
v 0.5950 0.0173 0.0490
v 0.5956 0.0261 0.0633
v 0.5950 0.0290 0.1107
v 0.5948 0.0475 0.0758
v 0.5955 0.0420 0.0913
v 0.5950 0.0408 0.1050
v 0.6362 -0.0214 0.1750
v 0.6074 0.0131 0.0160
v 0.6086 0.0135 0.1186
v 0.6090 0.0144 0.1330
v 0.6073 0.0220 0.0443
v 0.6090 0.0290 0.0516
v 0.6090 0.0290 0.1107
v 0.6090 0.0430 0.0577
v 0.5976 0.0430 0.0630
v 0.6090 0.0363 0.1050
v 0.6090 0.0562 0.0648
v 0.5991 0.0570 0.0770
v 0.6090 0.0483 0.0910
v 0.6407 -0.0169 0.1893
v 0.6334 -0.0171 0.2237
v 0.6266 -0.0139 0.2496
v 0.6230 0.0091 0.0070
v 0.6230 0.0060 0.0210
v 0.6230 0.0150 0.0314
v 0.6233 0.0150 0.1221
v 0.6230 0.0040 0.1470
v 0.6230 0.0197 0.0350
v 0.6230 0.0280 0.0490
v 0.6230 0.0290 0.1157
v 0.6370 0.0010 0.0097
v 0.6376 -0.0010 0.0066
v 0.6370 0.0108 0.0210
v 0.6370 0.0150 0.0286
v 0.6510 -0.0183 0.1610
v 0.6544 -0.0197 0.1759
v 0.6635 -0.0142 0.2158
v 0.6620 -0.0150 0.2409
v 0.6510 0.0010 0.0104
v 0.6505 -0.0035 0.0070
v 0.6510 0.0152 0.0207
v 1.1045 1.1113 0.0277
v 1.1090 1.1221 0.0099
v 1.1112 1.1022 0.0781
v 1.1112 1.1261 0.1339
v 1.1112 1.1142 0.1995
v 1.1130 1.1318 0.0288
v 1.1114 1.1264 0.0500
v 1.1126 1.1409 0.0688
v 1.1124 1.1360 0.0053
v 1.1109 1.1497 0.0917
v 1.1105 1.1606 0.1915
v 1.1117 1.1590 0.0232
v 1.1117 1.1600 0.0341
v 1.1114 1.1878 0.1324
v 1.1123 1.1886 0.0249
v 1.1118 1.1992 0.0599
v 1.1122 1.1988 0.0880
v 1.1114 1.2101 0.1630
v 1.1108 1.2092 0.1137
v 1.1113 1.2321 0.0208
v 1.1117 1.2313 0.0539
v 1.1118 1.2394 0.0807
v 1.1121 1.2289 0.1839
v 1.1123 1.2474 0.1182
v 1.1131 1.2498 0.0491
v 1.1114 1.2766 0.1698
v 1.1128 1.2489 -0.0219
v 1.1121 1.2764 -0.0049
v 1.1123 1.2787 0.0881
v 0.5829 0.6032 -0.4267
v 0.5817 0.4183 -0.4275
v 0.5730 0.4416 -0.4311
v 0.5431 0.3825 -0.4437
v 0.5720 0.5195 -0.4319
v 0.5819 0.5573 -0.4264
v 0.5781 0.6172 -0.4315
v 0.5994 0.5009 -0.4180
v 0.5964 0.5689 -0.4186
v 0.5958 0.6222 -0.4250
v 0.6151 0.3962 -0.4108
v 0.6152 0.4377 -0.4102
v 0.6203 0.5559 -0.4082
v 0.6214 0.6031 -0.4074
v 0.6229 0.6193 -0.4114
v 0.6346 0.4523 -0.4017
v 0.6305 0.5008 -0.4037
v 0.6230 0.6215 -0.4270
v 0.6288 0.3967 -0.4036
v 0.6483 0.5357 -0.3951
v 0.6524 0.6007 -0.3903
v 0.6506 0.6172 -0.3982
v 0.6370 0.6284 -0.4270
v 0.6370 0.6227 -0.4130
v 0.6520 0.4338 -0.3946
v 0.6612 0.4784 -0.3885
v 0.6618 0.5732 -0.3877
v 0.6531 0.6235 -0.4280
v 0.6515 0.6330 -0.4136
v 0.6458 0.6310 -0.4130
v 0.6510 0.6310 -0.4088
v 0.6650 0.6246 -0.4130
v 0.6728 -0.0073 -0.4056
v 0.6517 -0.0050 -0.3839
v 0.6858 -0.0070 -0.3747
v 0.6888 -0.0074 -0.3086
v 0.7081 -0.0085 -0.3402
v 0.6615 -0.0055 -0.2811
v 0.6844 -0.0067 -0.2246
v 0.7266 -0.0107 -0.2370
v 0.6790 0.0693 -0.3710
v 0.6930 0.0643 -0.3710
v 0.6930 0.0710 -0.3677
v 0.6789 0.0749 -0.3702
v 0.6790 0.0850 -0.3772
v 0.6930 0.0840 -0.3710
v 0.6930 0.0850 -0.3720
v 0.6889 0.0971 -0.3744
v 0.7009 0.1256 -0.3733
v 0.6866 0.1366 -0.3749
v 0.6845 0.1127 -0.3764
v 0.7088 -0.0102 -0.4036
v 0.7077 -0.0114 -0.2861
v 0.7177 -0.0087 -0.1961
v 0.7070 0.0711 -0.3768
v 0.6998 0.0710 -0.3710
v 0.6998 0.0553 -0.3872
v 0.7209 0.0855 -0.3761
v 0.7207 0.0984 -0.3770
v 0.7201 0.1133 -0.3742
v 0.7185 0.1530 -0.3728
v 0.6870 0.1613 -0.3760
v 0.7209 -0.0122 -0.4268
v 0.7245 -0.0114 -0.4080
v 0.7418 -0.0103 -0.3661
v 0.7506 -0.0133 -0.1966
v 0.7071 0.0429 -0.3990
v 0.7211 0.0564 -0.3851
v 0.7210 0.0515 -0.3990
v 0.7215 0.1387 -0.3713
v 0.7350 -0.0022 -0.4410
v 0.7350 -0.0080 -0.4270
v 0.7350 -0.0095 -0.4130
v 0.7472 -0.0149 -0.3158
v 0.7521 -0.0141 -0.2691
v 0.7350 0.0709 -0.3929
v 0.7350 0.0566 -0.3990
v 0.7258 0.0710 -0.3850
v 0.7350 0.0799 -0.3850
v 0.7347 0.1140 -0.3758
v 0.7350 0.1690 -0.3754
v 0.7369 0.0010 -0.4410
v 0.7451 0.0020 -0.4260
v 0.7490 -0.0037 -0.4130
v 0.7490 0.0010 -0.4177
v 0.7493 -0.0109 -0.3984
v 0.7510 -0.0143 -0.2349
v 0.7490 0.1178 -0.3710
v 0.7435 0.1130 -0.3710
v 0.7490 0.1271 -0.3787
v 0.7490 0.1550 -0.3781
v 0.7490 0.1690 -0.3822
v 0.7634 -0.0133 -0.3007
v 0.7616 -0.0117 -0.2583
v 0.7577 0.0010 -0.4270
v 0.7616 -0.0049 -0.4205
v 0.7608 0.0010 -0.4410
v 0.7760 -0.0123 -0.3997
v 0.7631 -0.0110 -0.3709
v 0.7631 -0.0089 -0.3349
v 0.7618 -0.0118 -0.2223
v 0.7717 -0.0011 -0.4257
v 0.7770 -0.0085 -0.3710
v 0.7791 -0.0000 -0.3565
v 0.7761 0.0073 -0.3403
v 0.7742 0.0154 -0.3272
v 0.7691 0.0022 -0.2817
v 0.7665 0.0039 -0.2178
v 0.7766 0.0155 -0.4263
v 0.7770 0.0039 -0.4410
v 0.7730 0.0506 -0.2508
v 0.7759 0.0594 -0.3132
v 0.7751 0.0809 -0.2907
v 0.7714 0.0655 -0.2288
v 0.7752 0.0872 -0.3058
v 0.7735 0.1109 -0.2635
v 0.7709 0.0715 -0.2011
v 0.7711 0.1200 -0.2247
v 0.7769 0.1283 -0.3152
v 0.7741 0.1307 -0.2864
v 0.7718 0.1511 -0.2615
v 0.7695 0.1436 -0.2060
v 0.7699 0.1705 -0.1930
v 0.7910 -0.0020 -0.4130
v 0.7910 0.0010 -0.4160
v 0.7841 0.0034 -0.3993
v 0.7910 0.0010 -0.3850
v 0.7856 0.0010 -0.3710
v 0.7802 0.0150 -0.4410
v 0.7910 0.0150 -0.4250
v 0.7867 0.0167 -0.3840
v 0.7862 0.0150 -0.3710
v 0.7770 0.0290 -0.3733
v 0.7732 0.0283 -0.3708
v 0.7854 0.0290 -0.3850
v 0.7792 0.0290 -0.3570
v 0.7770 0.0290 -0.3603
v 0.7786 0.0443 -0.3391
v 0.7785 0.0428 -0.3560
v 0.7770 0.0430 -0.3583
v 0.7770 0.0570 -0.3640
v 0.7849 0.0727 -0.3572
v 0.7770 0.0710 -0.3664
v 0.7806 0.0867 -0.3417
v 0.7793 0.0850 -0.3710
v 0.7770 0.0841 -0.3710
v 0.7783 0.0990 -0.3710
v 0.7867 0.1139 -0.3577
v 0.7941 0.1079 -0.3710
v 0.7822 0.1211 -0.3420
v 0.7954 0.1254 -0.3704
v 0.8022 0.1509 -0.3687
v 0.7875 0.1513 -0.3422
v 0.7794 0.1593 -0.3154
v 0.7935 0.1724 -0.3421
v 0.8053 -0.0085 -0.4002
v 0.8050 0.0010 -0.4185
v 0.7976 0.0010 -0.3990
v 0.8050 0.0010 -0.3941
v 0.7962 0.0149 -0.3990
v 0.8050 0.1478 -0.3850
v 0.8087 0.1550 -0.3850
v 0.8069 0.1690 -0.3710
v 0.8050 0.1646 -0.3850
v 0.8050 0.1690 -0.3780
v 0.8090 0.1830 -0.3710
v 0.0875 0.1687 0.2310
v 0.0917 0.1706 0.2484
v 0.1084 0.2120 0.2444
v 0.1313 0.1965 0.2748
v 0.1179 0.2262 0.2455
v 0.1196 0.2365 0.2310
v 0.1320 0.2277 0.2599
v 0.1357 0.2419 0.2493
v 0.1471 0.1926 0.2821
v 0.1299 0.1745 0.2876
v 0.1489 0.2136 0.2845
v 0.1493 0.2623 0.2448
v 0.1565 0.2114 0.2912
v 0.1606 0.1832 0.2929
v 0.1778 0.2401 0.2887
v 0.1753 0.2638 0.2713
v 0.1697 0.1874 0.3021
v 0.1767 0.2121 0.3106
v 0.1749 0.2259 0.2999
v 0.1790 0.2810 0.2310
v 0.1818 0.2819 0.2451
v 0.1857 0.2797 0.2607
v 0.1907 0.1694 0.3143
v 0.1920 0.2102 0.3280
v 0.1954 0.2686 0.2855
v 0.2032 0.1792 0.3301
v 0.2031 0.2115 0.3451
v 0.2135 0.2368 0.3262
v 0.2057 0.2553 0.3073
v 0.2061 0.2950 0.2477
v 0.2089 0.1970 0.3430
v 0.2124 0.1830 0.3430
v 0.2158 0.2110 0.3570
v 0.2119 0.1970 0.3570
v 0.2211 0.2260 0.3537
v 0.2170 0.2163 0.3570
v 0.2228 0.2687 0.3091
v 0.2205 0.2836 0.2945
v 0.2181 0.2936 0.2729
v 0.2170 0.2976 0.2590
v 0.2176 0.2240 0.3721
v 0.2260 0.2528 0.3309
v 0.2336 0.2404 0.3525
v 0.2395 0.2386 0.3730
v 0.2300 0.2250 0.3850
v 0.2343 0.2311 0.3848
v 0.2362 0.2731 0.3234
v 0.2366 0.2954 0.2960
v 0.2310 0.2999 0.2730
v 0.0360 0.0001 -0.2109
v 0.0412 0.0027 -0.4412
v 0.0204 0.0165 -0.3581
v 0.0399 -0.0019 -0.2488
v 0.0499 0.0042 -0.4181
v 0.0716 0.0004 -0.1972
v 0.0654 0.0087 -0.3835
v 0.0692 0.0123 -0.2699
v 0.0706 0.0155 -0.3486
v 0.0762 0.0153 -0.2858
v 0.0630 0.0030 -0.4410
v 0.0639 0.0019 -0.4254
v 0.0758 -0.0002 -0.2463
v 0.0964 0.0022 -0.2150
v 0.0838 0.0038 -0.4121
v 0.0943 0.0009 -0.2434
v 0.0910 0.0041 -0.4270
v 0.0928 0.0044 -0.3890
v 0.1006 0.0127 -0.3589
v 0.1071 0.0148 -0.3249
v 0.1015 0.0124 -0.2683
v 0.1014 0.0142 -0.2881
v 0.1050 0.0070 -0.4270
v 0.1042 0.0045 -0.3993
v 0.1160 0.0031 -0.2225
v 0.1190 0.0018 -0.3990
v 0.1193 0.0053 -0.3848
v 0.1294 0.0146 -0.3286
v 0.1253 0.0142 -0.3012
v 0.1321 0.0122 -0.2794
v 0.1288 0.0091 -0.2555
v 0.1269 0.0044 -0.2410
v 0.1649 0.0122 -0.3485
v 0.1367 0.0022 -0.2181
v 0.1604 0.0037 -0.3850
v 0.1612 0.0142 -0.3208
v 0.1502 0.0123 -0.2912
v 0.1561 0.0058 -0.2405
v 0.1695 0.0039 -0.2163
v 0.1748 0.0001 -0.4062
v 0.1610 0.0031 -0.3990
v 0.1868 0.0032 -0.3827
v 0.1910 0.0080 -0.3635
v 0.1837 0.0101 -0.2834
v 0.1802 0.0082 -0.2568
v 0.1838 0.0048 -0.2323
v 0.2028 -0.0016 -0.4270
v 0.1801 0.0010 -0.4270
v 0.1908 0.0017 -0.4132
v 0.1901 0.0116 -0.3259
v 0.2014 0.0019 -0.4052
v 0.2071 0.0028 -0.3814
v 0.2047 0.0076 -0.3541
v 0.2277 0.0038 -0.2970
v 0.2279 0.0028 -0.2585
v 0.2067 0.0033 -0.2321
v 0.2170 -0.0018 -0.4410
v 0.2030 -0.0003 -0.4410
v 0.2170 0.0006 -0.4270
v 0.2260 -0.0035 -0.4101
v 0.2300 0.0021 -0.3733
v 0.2223 0.0020 -0.2402
v 0.2364 -0.0047 -0.4405
v 0.2310 -0.0056 -0.4270
v 0.2293 0.0035 -0.3349
v 0.2421 0.0113 -0.2063
v 1.1125 0.4219 -0.0861
v 1.1103 0.4224 -0.0385
v 1.1090 0.4198 -0.0143
v 1.1071 0.4239 0.0329
v 1.1130 0.4376 -0.1245
v 1.1120 0.4566 -0.1000
v 1.1099 0.4386 -0.0176
v 1.1103 0.5012 -0.0115
v 1.1104 0.4756 -0.0463
v 1.1132 0.4882 -0.0872
v 1.1116 0.5182 -0.0643
v 1.1107 0.5564 -0.0256
v 1.1101 0.5040 0.0096
v 1.1132 0.5203 -0.1106
v 1.1119 0.5674 -0.0642
v 1.1101 0.5325 0.0156
v 1.1123 0.5882 -0.0922
v 1.1119 0.6144 -0.0611
v 1.1130 0.5865 -0.1335
v 1.1107 0.5974 0.0077
v 1.1139 0.4437 -0.1667
v 1.1175 0.4562 -0.2433
v 1.1158 0.4652 -0.2063
v 1.1150 0.4852 -0.1766
v 1.1141 0.4825 -0.1319
v 1.1163 0.5155 -0.2187
v 1.1145 0.5441 -0.1769
v 1.1141 0.5629 -0.1422
v 1.1151 0.5873 -0.2379
v 1.1146 0.5965 -0.1750
v 0.7210 0.6373 -0.4270
v 0.9108 1.2860 -0.6382
v 0.9279 1.3447 -0.6375
v 0.9312 1.3934 -0.6365
v 0.9412 1.5024 -0.6411
v 0.9345 1.5082 -0.6417
v 0.9416 1.3168 -0.6383
v 0.9545 1.4934 -0.6403
v 0.9463 1.4099 -0.6365
v 0.9609 1.4592 -0.6378
v 0.9676 1.3240 -0.6371
v 0.9427 1.2922 -0.6372
v 0.9674 1.3843 -0.6376
v 0.9922 1.4477 -0.6387
v 0.9842 1.3561 -0.6375
v 1.0047 1.4849 -0.6392
v 0.9895 1.3029 -0.6380
v 1.0006 1.3559 -0.6385
v 0.9942 1.3975 -0.6382
v 1.0178 1.5141 -0.6399
v 1.0347 1.4853 -0.6382
v 1.0141 1.3335 -0.6376
v 1.0103 1.3035 -0.6367
v 1.0168 1.3969 -0.6377
v 1.0383 1.4527 -0.6374
v 1.0695 1.3287 -0.6379
v 1.0658 1.3754 -0.6378
v 1.0619 1.4187 -0.6385
v 1.0279 1.2824 -0.6375
v 1.0933 1.3683 -0.6390
v 1.1000 1.4959 -0.6381
v 1.0943 1.2845 -0.6379
v 1.1119 1.3631 -0.6367
v 1.1000 1.4157 -0.6373
v 1.0990 1.4580 -0.6373
v 1.1128 1.2867 -0.6357
v 1.1132 1.4300 -0.6334
v 1.1245 1.3080 -0.6226
v 1.1267 1.3247 -0.6016
v 1.1254 1.3463 -0.6099
v 1.1241 1.3359 -0.5828
v 1.1198 1.2882 -0.5227
v 1.1207 1.3497 -0.5445
v 1.1206 1.3364 -0.5093
v 1.1196 1.2724 -0.4911
v 1.1188 1.3106 -0.4653
v 1.1223 1.3901 -0.6230
v 1.1194 1.3575 -0.4795
v 1.1244 1.3599 -0.5915
v 1.1203 1.3579 -0.5079
v 1.1239 1.3908 -0.6058
v 1.1222 1.4051 -0.5804
v 1.1215 1.4028 -0.5629
v 1.1195 1.4011 -0.4947
v 1.1206 1.4397 -0.5281
v 1.1224 1.4477 -0.6074
v 1.1213 1.4435 -0.5713
v 1.1208 1.4645 -0.6231
v 1.1228 1.4748 -0.5730
v 1.1224 1.4854 -0.6217
v 1.1213 1.4906 -0.5543
v 0.2525 -0.0045 0.0479
v 0.2385 -0.0041 0.0446
v 0.2375 -0.0037 0.0895
v 0.2186 -0.0051 0.0588
v 0.2617 0.0027 0.0218
v 0.2254 0.0063 0.0062
v 0.2637 -0.0047 0.0892
v 0.2545 -0.0056 0.1049
v 0.2744 0.0018 0.0214
v 0.2870 -0.0052 0.0490
v 0.2973 -0.0063 0.0646
v 0.3024 -0.0040 0.0918
v 0.2936 -0.0055 0.1049
v 0.2986 0.0021 0.0230
v 0.3010 -0.0071 0.0490
v 0.2979 0.0063 -0.0134
v 0.3155 0.0024 0.0055
v 0.3247 -0.0064 0.0427
v 0.3342 -0.0074 0.0648
v 0.3205 -0.0051 0.0750
v 0.3290 -0.0034 0.0210
v 0.3436 -0.0049 0.0795
v 0.3421 -0.0050 0.1050
v 0.3405 0.0049 -0.0167
v 0.3625 -0.0015 0.0033
v 0.3522 -0.0029 0.0209
v 0.3471 -0.0100 0.0488
v 0.3485 -0.0036 0.0921
v 0.3655 -0.0118 0.0357
v 0.3684 -0.0100 0.0573
v 0.3695 -0.0103 0.1053
v 0.3754 -0.0038 0.0858
v 0.3927 -0.0035 -0.0041
v 0.3883 -0.0124 0.0307
v 0.3835 -0.0121 0.0668
v 0.3981 -0.0118 0.0628
v 0.3990 -0.0060 0.0910
v 0.4193 -0.0108 0.0250
v 0.4252 -0.0126 0.0542
v 0.4114 -0.0123 0.0763
v 0.4130 -0.0087 0.0910
v 0.4178 -0.0099 0.1049
v 0.4270 -0.0148 0.0630
v 0.4370 -0.0159 0.0904
v 0.4270 -0.0130 0.0948
v 0.4459 -0.0147 0.0367
v 0.4393 -0.0150 0.0667
v 0.4307 -0.0130 0.1050
v 0.1886 -0.7128 0.0480
v 0.1750 -0.7130 0.0630
v 0.1890 -0.7108 0.0630
v 0.1890 -0.7109 0.0490
v 0.2030 -0.7130 0.0428
v 0.2030 -0.7051 0.0490
v 0.2215 -0.7130 0.0350
v 0.2117 -0.7116 0.0355
v 0.2445 0.9260 -0.6504
v 0.2375 0.9747 -0.6512
v 0.2116 0.9738 -0.6501
v 0.2549 1.0762 -0.6535
v 0.2252 1.0976 -0.6520
v 0.2193 1.0595 -0.6528
v 0.2695 0.8617 -0.6498
v 0.2719 0.9050 -0.6500
v 0.2313 0.8651 -0.6494
v 0.2242 0.8776 -0.6504
v 0.2691 1.0273 -0.6519
v 0.2254 1.0180 -0.6521
v 0.3007 0.9294 -0.6501
v 0.2891 0.9683 -0.6501
v 0.2830 0.9979 -0.6516
v 0.2725 1.0978 -0.6518
v 0.2884 0.9108 -0.6510
v 0.3001 1.0473 -0.6529
v 0.3148 0.9211 -0.6510
v 0.3148 0.9787 -0.6523
v 0.3288 0.8756 -0.6511
v 0.3283 0.8497 -0.6504
v 0.3213 1.0309 -0.6519
v 0.3147 1.0659 -0.6515
v 0.3368 0.9017 -0.6505
v 0.3294 0.9814 -0.6511
v 0.3413 1.0213 -0.6527
v 0.3549 0.8663 -0.6496
v 0.3422 0.9618 -0.6514
v 0.3497 1.0412 -0.6519
v 0.3545 1.0742 -0.6524
v 0.3614 0.9620 -0.6504
v 0.3620 1.0021 -0.6507
v 0.3710 0.8564 -0.6496
v 0.3720 0.9000 -0.6506
v 0.3799 0.9333 -0.6501
v 0.4145 0.8851 -0.6492
v 0.4045 0.9352 -0.6499
v 0.3916 0.9769 -0.6503
v 0.3874 1.0561 -0.6512
v 0.4065 0.8599 -0.6491
v 0.3853 0.8471 -0.6500
v 0.4072 1.0186 -0.6510
v 0.4256 1.0385 -0.6514
v 0.4198 1.0877 -0.6511
v 0.4380 0.8469 -0.6495
v 0.4269 0.8809 -0.6506
v 0.4266 0.9351 -0.6510
v 0.4267 0.9870 -0.6507
v 0.4516 0.9060 -0.6503
v 0.4419 0.9368 -0.6492
v 0.4480 0.9891 -0.6501
v 0.4483 1.0341 -0.6508
v 0.4686 0.9440 -0.6502
v 0.4609 1.0124 -0.6509
v 0.9956 0.6114 0.2176
v 1.0160 0.6287 0.2030
v 1.0155 0.6715 0.2024
v 1.0330 0.6281 0.1958
v 1.0290 0.6717 0.1974
v 1.0290 0.6800 0.2030
v 1.0403 0.6887 0.2150
v 1.0448 0.6598 0.1926
v 1.0596 0.6800 0.1985
v 1.0691 0.6721 0.1882
v 1.0721 0.6117 0.1763
v 1.0508 0.5997 0.1902
v 1.0710 0.6450 0.1785
v 1.0710 0.6590 0.1787
v 1.0713 0.6891 0.2187
v 1.0850 0.6305 0.1661
v 1.0850 0.6450 0.1750
v 1.0850 0.6590 0.1833
v 1.0846 0.6721 0.1813
v 1.1007 0.6865 0.2032
v 1.0850 0.6840 0.2170
v 1.0991 0.6478 0.1748
v 1.1017 0.6273 0.1645
v 1.1028 0.6588 0.1762
v 1.1014 0.6743 0.1760
v 1.0992 0.6869 0.2177
v 1.1094 0.6275 0.0493
v 1.1078 0.5902 0.0847
v 1.1079 0.6327 0.0993
v 1.1025 0.6492 0.1649
v 1.1065 0.6394 0.1422
v 1.1092 0.6701 0.0630
v 1.1079 0.6470 0.1235
v 1.1083 0.6888 0.1238
v 1.1062 0.6744 0.1587
v 1.1087 0.6974 0.0744
v 1.1057 0.6933 0.1589
v 1.1062 0.6998 0.1915
v 1.1092 0.7451 0.0958
v 1.1097 0.7377 0.0570
v 1.1088 0.7408 0.1578
v 1.1084 0.7829 0.1356
v 1.1097 0.8163 0.0705
v 1.1082 0.8019 0.1913
v 1.1101 0.8268 0.1208
v 0.9272 0.8587 -0.6286
v 0.8949 0.8832 -0.6291
v 0.8969 0.8552 -0.6285
v 0.9270 1.0354 -0.6317
v 0.8893 1.0371 -0.6334
v 0.8935 1.0188 -0.6290
v 0.9166 1.0621 -0.6325
v 0.8978 1.0670 -0.6330
v 0.9051 1.0832 -0.6361
v 0.9419 0.9010 -0.6307
v 0.9433 0.9890 -0.6317
v 0.9038 0.9750 -0.6300
v 0.9017 0.9481 -0.6295
v 0.9335 1.0999 -0.6345
v 0.8960 0.9242 -0.6290
v 0.9488 0.9464 -0.6312
v 0.9678 1.0786 -0.6362
v 0.9954 0.9041 -0.6309
v 0.9746 0.9382 -0.6309
v 0.9773 1.0000 -0.6325
v 0.9737 1.0487 -0.6339
v 0.9863 0.8539 -0.6295
v 1.0100 0.9680 -0.6330
v 1.0188 1.0421 -0.6348
v 0.9884 1.0754 -0.6352
v 1.0440 0.9022 -0.6322
v 1.0122 0.8500 -0.6306
v 1.0569 0.9506 -0.6330
v 1.0545 1.0232 -0.6354
v 1.0687 0.8785 -0.6333
v 1.0671 1.0840 -0.6362
v 1.0202 0.8139 -0.6301
v 1.0730 0.9209 -0.6344
v 1.0911 0.8521 -0.6333
v 1.0974 0.9865 -0.6357
v 1.1005 0.8998 -0.6335
v 1.0985 0.9419 -0.6342
v 1.0997 1.0583 -0.6367
v 1.1127 0.8492 -0.6283
v 1.1127 0.9237 -0.6311
v 1.1132 0.9539 -0.6328
v 1.1132 1.0219 -0.6329
v 1.1131 1.0602 -0.6341
v 1.1128 1.0904 -0.6340
v 1.1250 0.8554 -0.5719
v 1.1234 0.8407 -0.5534
v 1.1246 0.8842 -0.5629
v 1.1229 0.8497 -0.5273
v 1.1214 0.8406 -0.5082
v 1.1217 0.8668 -0.4878
v 1.1247 0.9049 -0.6089
v 1.1237 0.8503 -0.6086
v 1.1222 0.9008 -0.5470
v 1.1208 0.9162 -0.6231
v 1.1196 0.8695 -0.6229
v 1.1245 0.9335 -0.6062
v 1.1234 0.9363 -0.5805
v 1.1209 0.8861 -0.4622
v 1.1218 0.9378 -0.5091
v 1.1191 0.9195 -0.4413
v 1.1212 0.9314 -0.4676
v 1.1236 0.9402 -0.5549
v 1.1234 0.9544 -0.6233
v 1.1260 0.9605 -0.6090
v 1.1222 0.9649 -0.5148
v 1.1196 0.9609 -0.4494
v 1.1239 0.9835 -0.5890
v 1.1253 0.9944 -0.6089
v 1.1227 0.9924 -0.5340
v 1.1203 1.0067 -0.4806
v 1.1223 0.9949 -0.6231
v 1.1239 1.0164 -0.5760
v 1.1239 1.0479 -0.6230
v 1.1267 1.0340 -0.6089
v 1.1228 1.0457 -0.5537
v 1.1207 1.0330 -0.4992
v 1.1200 1.0421 -0.4518
v 1.1267 1.0655 -0.6113
v 1.1260 1.0704 -0.6232
v 1.1267 1.0810 -0.5940
v 1.1229 1.0738 -0.5562
v 1.1219 1.0770 -0.5315
v 1.1204 1.0862 -0.5145
v 1.1253 1.0909 -0.6210
v 1.1235 1.0974 -0.5617
v 0.4696 1.3975 -0.6494
v 0.4697 1.4667 -0.6508
v 0.4832 1.3880 -0.6504
v 0.4832 1.4568 -0.6523
v 0.4832 1.4928 -0.6523
v 0.4975 1.3497 -0.6493
v 0.4978 1.3993 -0.6491
v 0.5006 1.4546 -0.6511
v 0.5108 1.3343 -0.6502
v 0.5117 1.3872 -0.6503
v 0.5110 1.4315 -0.6519
v 0.5144 1.4927 -0.6522
v 0.5246 1.3688 -0.6463
v 0.5254 1.4066 -0.6475
v 0.5368 1.4341 -0.6474
v 0.5434 1.4637 -0.6492
v 0.5630 1.3536 -0.6435
v 0.5538 1.3945 -0.6453
v 0.5584 1.4418 -0.6477
v 0.5971 1.4219 -0.6464
v 0.5755 1.4861 -0.6491
v 0.6060 1.3561 -0.6433
v 0.5953 1.3779 -0.6460
v 0.5984 1.4469 -0.6473
v 0.6313 1.3322 -0.6407
v 0.6407 1.3928 -0.6461
v 0.6271 1.4152 -0.6462
v 0.6279 1.4345 -0.6480
v 0.6439 1.4584 -0.6477
v 0.6400 1.5052 -0.6497
v 0.6397 1.3520 -0.6424
v 0.6585 1.3776 -0.6409
v 0.6505 1.3446 -0.6397
v 0.9170 0.5750 -0.6269
v 0.9086 0.5610 -0.6230
v 0.9170 0.5610 -0.6257
v 0.9088 0.5750 -0.6230
v 0.9170 0.5890 -0.6200
v 0.9030 0.5750 -0.6203
v 0.9019 0.6011 -0.6207
v 0.9173 0.6140 -0.6233
v 0.8973 0.6174 -0.6286
v 0.9305 0.6316 -0.6337
v 0.9012 0.6327 -0.6308
v 0.9310 0.5610 -0.6245
v 0.9310 0.5750 -0.6269
v 0.9310 0.5890 -0.6262
v 0.9238 0.5890 -0.6230
v 0.9310 0.6030 -0.6265
v 0.9212 0.6030 -0.6230
v 0.9303 0.6153 -0.6226
v 0.9450 0.5750 -0.6266
v 0.9450 0.5890 -0.6250
v 0.9590 0.5331 -0.5168
v 0.9590 0.5470 -0.5211
v 0.9450 0.5330 -0.5137
v 0.9450 0.5470 -0.5147
v 0.9703 0.4930 -0.5221
v 0.9590 0.5050 -0.5173
v 0.9590 0.4910 -0.5207
v 0.9730 0.5464 -0.5210
v 0.9730 0.4860 -0.5250
v 0.9923 0.4938 -0.5344
v 0.9830 0.5315 -0.5283
v 0.9764 0.5470 -0.5250
v 0.9870 0.5470 -0.5326
v 0.9761 0.5610 -0.5250
v 0.9730 0.5610 -0.5224
v 1.0010 0.4630 -0.5390
v 1.0082 0.4781 -0.5408
v 0.9870 0.4630 -0.5300
v 0.9900 0.4916 -0.5325
v 0.9998 0.5190 -0.5372
v 1.0010 0.4910 -0.5418
v 1.0010 0.5330 -0.5422
v 0.9933 0.5464 -0.5390
v 1.0010 0.5470 -0.5451
v 0.9959 0.5610 -0.5390
v 0.9870 0.5610 -0.5329
v 1.0150 0.4630 -0.5426
v 1.0165 0.4911 -0.5443
v 1.0151 0.5040 -0.5389
v 1.0150 0.5191 -0.5390
v 1.0150 0.5289 -0.5530
v 1.0138 0.5329 -0.5531
v 1.0150 0.5470 -0.5453
v 1.0290 0.4598 -0.5390
v 1.0150 0.4490 -0.5458
v 1.0248 0.4485 -0.5350
v 1.0291 0.4631 -0.5429
v 1.0302 0.4486 -0.5348
v 1.0290 0.4770 -0.5485
v 1.0304 0.5089 -0.5512
v 1.0312 0.5221 -0.5531
v 1.0232 0.5470 -0.5530
v 1.0383 0.4490 -0.5530
v 1.0430 0.4463 -0.5530
v 1.0430 0.4350 -0.5641
v 1.0290 0.4490 -0.5632
v 1.0290 0.4350 -0.5592
v 1.0290 0.4350 -0.5512
v 1.0430 0.4350 -0.5467
v 1.0414 0.4630 -0.5670
v 1.0430 0.4617 -0.5670
v 1.0431 0.4583 -0.5532
v 1.0290 0.4630 -0.5638
v 1.0430 0.4643 -0.5530
v 1.0335 0.4770 -0.5530
v 1.0317 0.4910 -0.5530
v 1.0290 0.4910 -0.5557
v 1.0290 0.5190 -0.5557
v 1.0430 0.4288 -0.5530
v 1.0493 0.4350 -0.5530
v 1.0570 0.4350 -0.5698
v 1.0570 0.4490 -0.5673
v 1.0430 0.4350 -0.5747
v 1.0430 0.4490 -0.5734
v 1.0570 0.4630 -0.5772
v 1.0431 0.4633 -0.5670
v 1.0710 0.4350 -0.5851
v 1.0643 0.4350 -0.5810
v 1.0718 0.4214 -0.5781
v 1.0570 0.4210 -0.5784
v 1.0660 0.4490 -0.5810
v 1.0614 0.4630 -0.5810
v 1.0570 0.4680 -0.5810
v 1.0849 0.4210 -0.5885
v 1.0850 0.4350 -0.5885
v 1.0795 0.4495 -0.5948
v 1.0709 0.4499 -0.5847
v 1.0771 0.4630 -0.5950
v 1.0710 0.4708 -0.5950
v 1.0850 0.4910 -0.6032
v 1.0710 0.4910 -0.6047
v 1.0786 0.4766 -0.6060
v 1.0850 0.5050 -0.6043
v 1.0710 0.5050 -0.6072
v 1.1125 0.4211 -0.6090
v 1.0851 0.4070 -0.5887
v 1.1128 0.4070 -0.6090
v 1.0932 0.4210 -0.5950
v 1.0984 0.4350 -0.6090
v 1.0939 0.4350 -0.5950
v 1.0974 0.4630 -0.6090
v 1.1135 0.4623 -0.6091
v 1.0990 0.4770 -0.6053
v 1.0850 0.4630 -0.6036
v 1.0990 0.4910 -0.6063
v 1.0994 0.5083 -0.5990
v 1.0850 0.5190 -0.6016
v 1.0990 0.5330 -0.5978
v 1.0850 0.5330 -0.6041
v 1.0990 0.4399 -0.6090
v 1.1130 0.4388 -0.6090
v 1.1130 0.4490 -0.6050
v 1.0990 0.4490 -0.6063
v 1.0990 0.4600 -0.6090
v 1.1165 0.4753 -0.6016
v 1.1140 0.4909 -0.6032
v 1.1103 0.5094 -0.5975
v 1.1126 0.5332 -0.5929
v 1.1130 0.5408 -0.5950
v 1.1130 0.5470 -0.6012
v 1.0990 0.5470 -0.6037
v 1.1130 0.5610 -0.6033
v 1.0990 0.5610 -0.6065
v 1.1270 0.4292 -0.4759
v 1.1253 0.4450 -0.4572
v 1.1195 0.4490 -0.5950
v 1.1278 0.4382 -0.5689
v 1.1283 0.4575 -0.5435
v 1.1273 0.4233 -0.5337
v 1.1262 0.4368 -0.5091
v 1.1296 0.4843 -0.5808
v 1.1256 0.4870 -0.4928
v 1.1237 0.4660 -0.4408
v 1.1263 0.5152 -0.4675
v 1.1304 0.5054 -0.5834
v 1.1219 0.4948 -0.4184
v 1.1277 0.5259 -0.5805
v 1.1149 0.5470 -0.5950
v 1.1303 0.5396 -0.5723
v 1.1181 0.5627 -0.5965
v 1.1279 0.5642 -0.5723
v 1.1232 0.5601 -0.4484
v 1.1263 0.5793 -0.4898
v 1.1174 0.5795 -0.6091
v 1.1130 0.5696 -0.6090
v 1.1227 0.6003 -0.5899
v 1.1282 0.5944 -0.5555
v 1.1187 0.6174 -0.6092
v 1.1264 0.6223 -0.5875
v 1.1271 0.6294 -0.5518
v 1.1258 0.6402 -0.5092
v 1.1130 0.6170 -0.6650
v 1.1163 0.6170 -0.6510
v 1.1134 0.6310 -0.6510
v 1.1162 0.6169 -0.6352
v 1.1159 0.6427 -0.6345
v 1.1234 0.6542 -0.6191
v 0.2450 0.2390 0.2100
v 0.2450 0.2530 0.2102
v 0.2466 0.2670 0.2170
v 0.2590 0.2670 0.2244
v 0.2590 0.2530 0.2100
v 0.9117 0.6681 -0.6285
v 0.9090 0.6912 -0.6298
v 0.8878 0.6760 -0.6299
v 0.9096 0.7385 -0.6292
v 0.9453 0.8100 -0.6277
v 0.8978 0.8108 -0.6315
v 0.8985 0.7693 -0.6308
v 0.9130 0.8320 -0.6277
v 0.9322 0.6472 -0.6300
v 0.9382 0.6879 -0.6292
v 0.9566 0.7049 -0.6276
v 0.9410 0.7343 -0.6268
v 0.9440 0.7705 -0.6281
v 0.9549 0.6673 -0.6299
v 0.9646 0.6452 -0.6260
v 0.9613 0.6872 -0.6266
v 0.9959 0.7330 -0.6280
v 0.9730 0.6485 -0.6230
v 0.9822 0.6601 -0.6223
v 0.9730 0.6730 -0.6288
v 0.9811 0.7958 -0.6280
v 0.9765 0.6450 -0.6230
v 0.9866 0.6815 -0.6277
v 1.0182 0.7962 -0.6293
v 1.0134 0.6740 -0.6273
v 1.0084 0.6590 -0.6225
v 1.0414 0.7516 -0.6310
v 1.0169 0.6526 -0.6210
v 1.0394 0.7112 -0.6318
v 1.0354 0.6524 -0.6311
v 1.0290 0.6450 -0.6277
v 1.0552 0.8023 -0.6319
v 1.0441 0.6450 -0.6384
v 1.0572 0.6867 -0.6342
v 1.0796 0.7813 -0.6316
v 1.0705 0.6587 -0.6395
v 1.0570 0.6450 -0.6411
v 1.0840 0.6454 -0.6573
v 1.0849 0.7247 -0.6348
v 1.0901 0.6654 -0.6407
v 1.0845 0.6884 -0.6353
v 1.0968 0.7985 -0.6312
v 1.0990 0.6310 -0.6650
v 1.0850 0.6310 -0.6529
v 1.0989 0.6448 -0.6507
v 1.0980 0.6825 -0.6334
v 1.0990 0.7150 -0.6328
v 1.1001 0.7528 -0.6308
v 1.1130 0.6590 -0.6370
v 1.1158 0.6748 -0.6269
v 1.1155 0.7045 -0.6250
v 1.1158 0.7419 -0.6247
v 1.1163 0.7638 -0.6257
v 1.1167 0.8051 -0.6262
v 1.1240 0.6589 -0.6082
v 1.1265 0.6546 -0.5470
v 1.1266 0.6711 -0.5853
v 1.1260 0.6793 -0.5437
v 1.1248 0.6907 -0.5160
v 1.1234 0.6983 -0.6086
v 1.1261 0.7217 -0.5887
v 1.1254 0.7290 -0.5484
v 1.1239 0.7332 -0.4936
v 1.1241 0.7520 -0.6088
v 1.1243 0.7697 -0.5438
v 1.1209 0.7853 -0.4697
v 1.1259 0.7747 -0.5684
v 1.1233 0.7842 -0.5033
v 1.1241 0.7998 -0.6075
v 1.1248 0.8150 -0.5564
v 1.1231 0.8112 -0.5112
v 1.1185 0.8189 -0.6225
v 1.1246 0.8365 -0.5920
v -0.1999 -0.0000 0.0219
v -0.2322 0.0007 0.0162
v -0.2005 -0.0016 0.0639
v -0.2191 -0.0024 0.0911
v -0.1957 -0.0046 0.0912
v -0.1994 -0.0081 0.1049
v -0.2239 -0.0101 0.1050
v -0.1840 -0.0004 0.0088
v -0.2111 -0.0004 0.0081
v -0.1805 -0.0025 0.0458
v -0.1642 -0.0033 0.0912
v -0.1676 -0.0095 0.1050
v -0.1351 -0.0039 0.0491
v -0.1332 -0.0024 0.0866
v -0.1240 -0.0031 0.0007
v -0.1618 -0.0022 -0.0159
v -0.1191 -0.0044 0.0410
v -0.1408 -0.0103 0.1050
v -0.1610 -0.0130 0.1060
v -0.1470 -0.0130 0.1059
v -0.1075 -0.0054 0.0903
v -0.1102 -0.0096 0.1051
v -0.0748 -0.0055 0.0761
v -0.0874 -0.0041 0.0232
v -0.0729 -0.0081 0.1044
v -0.0519 -0.0065 0.0616
v -0.0520 -0.0056 0.0135
v -0.0145 -0.0044 0.0499
v -0.0411 -0.0053 0.0874
v -0.0490 -0.0111 0.1050
v -0.0273 -0.0074 0.1050
v -0.0131 -0.0058 0.0140
v -0.0075 -0.0035 0.0746
v -0.0110 -0.0046 0.0907
v 0.0012 -0.0102 0.1051
v 0.0109 -0.0026 -0.0083
v 0.0079 -0.0038 0.0368
v 0.0073 -0.0060 0.0821
v 0.0435 -0.0044 0.0444
v 0.0476 -0.0037 0.0758
v 0.0686 -0.0097 0.1049
v 0.0286 -0.0022 -0.0094
v 0.0699 -0.0012 -0.0107
v 0.0781 -0.0030 0.0174
v 0.0727 -0.0011 0.0549
v 0.0630 -0.0011 0.0770
v 0.0910 -0.0017 0.0575
v 0.0928 -0.0007 0.0767
v 0.0767 -0.0040 0.0906
v 0.1162 -0.0028 0.0192
v 0.1043 -0.0017 0.0376
v 0.1192 -0.0027 0.0882
v 0.1141 -0.0089 0.1049
v 0.1255 -0.0030 0.0454
v 0.1249 -0.0002 0.0761
v 0.1099 -0.0000 -0.0078
v 0.1271 -0.0000 0.0143
v 0.1472 -0.0103 0.1050
v 0.1556 -0.0028 0.0498
v 0.1600 -0.0017 0.0771
v 0.1706 -0.0080 0.1027
v 0.1548 0.0028 0.0022
v 0.1623 0.0041 0.0228
v 0.1867 -0.0032 0.0472
v 0.1853 -0.0034 0.0881
v 0.1855 -0.0063 0.1024
v 0.1979 0.0048 0.0187
v 0.1780 -0.0136 0.1117
v 0.2034 -0.0055 0.1049
v 0.1940 -0.0130 0.1190
v 0.2030 -0.0099 0.1190
v -0.1867 1.3286 -0.6300
v -0.2196 1.3360 -0.6217
v -0.2089 1.2954 -0.6218
v -0.1745 1.3511 -0.6353
v -0.2165 1.3704 -0.6235
v -0.1952 1.3876 -0.6289
v -0.2135 1.3991 -0.6227
v -0.2037 1.4149 -0.6243
v -0.2108 1.4150 -0.6230
v -0.2030 1.4168 -0.6230
v -0.1751 1.3049 -0.6309
v -0.1749 1.3697 -0.6362
v -0.1830 1.4144 -0.6343
v -0.1453 1.3955 -0.6363
v -0.1752 1.4009 -0.6366
v -0.1749 1.4150 -0.6373
v -0.1757 1.4290 -0.6370
v -0.1646 1.4290 -0.6378
v -0.1523 1.3447 -0.6356
v -0.1556 1.2889 -0.6311
v -0.1439 1.3287 -0.6351
v -0.1461 1.4149 -0.6371
v -0.1540 1.4290 -0.6370
v -0.0834 1.3466 -0.6329
v -0.0855 1.3657 -0.6338
v -0.1074 1.3026 -0.6353
v -0.0810 1.3920 -0.6344
v -0.0947 1.3286 -0.6345
v -0.0776 1.4150 -0.6350
v -0.0527 1.3051 -0.6388
v -0.0598 1.3441 -0.6382
v -0.0548 1.3705 -0.6370
v -0.0487 1.3365 -0.6384
v -0.0503 1.3973 -0.6321
v -0.0490 1.4150 -0.6316
v -0.0416 1.2957 -0.6387
v -0.0226 1.3298 -0.6461
v -0.0231 1.3657 -0.6461
v -0.0331 1.3870 -0.6416
v -0.0350 1.4010 -0.6314
v -0.0404 1.4150 -0.6230
v -0.0350 1.4091 -0.6230
v -0.0066 1.2974 -0.6497
v -0.0070 1.3207 -0.6539
v -0.0049 1.3652 -0.6527
v -0.0092 1.3870 -0.6510
v 0.0083 1.3856 -0.6542
v -0.0070 1.4010 -0.6525
v -0.0091 1.4010 -0.6510
v 0.0084 1.3204 -0.6533
v 0.0204 1.3519 -0.6526
v 0.0204 1.4011 -0.6539
v 0.5531 -0.0250 0.2866
v 0.5680 -0.0245 0.2861
v 0.5671 -0.0245 0.3315
v 0.5813 -0.0295 0.3571
v 0.5805 -0.0222 0.3426
v 0.5670 -0.0310 0.3570
v 0.5791 -0.0231 0.2547
v 0.5936 -0.0226 0.3403
v 0.5810 -0.0288 0.3710
v 0.5950 -0.0274 0.3710
v 0.6009 -0.0157 0.2571
v 0.5948 -0.0223 0.2733
v 0.6110 -0.0212 0.3133
v 0.6170 -0.0257 0.3810
v 0.5950 -0.0286 0.3850
v 0.6090 -0.0262 0.3850
v 0.6212 -0.0193 0.2756
v 0.6200 -0.0196 0.3647
v 0.6362 -0.0192 0.3333
v 0.6353 -0.0186 0.3625
v 0.6499 -0.0227 0.3990
v 0.6090 -0.0266 0.3990
v 0.6399 -0.0138 0.2537
v 0.6469 -0.0167 0.2912
v 0.6344 -0.0122 0.2722
v 0.6485 -0.0165 0.3104
v 0.6370 -0.0245 0.3850
v 0.6594 -0.0165 0.3607
v 0.6585 -0.0162 0.3726
v 0.6623 -0.0184 0.3984
v 0.4815 0.0002 -0.1809
v 0.4363 -0.0009 -0.1655
v 0.5154 -0.0007 -0.1052
v 0.4627 0.0005 -0.1148
v 0.4589 -0.0001 -0.0661
v 0.4252 -0.0001 -0.0614
v 0.4603 -0.0022 -0.0343
v 0.4662 -0.0060 -0.0175
v 0.4541 0.0003 -0.2360
v 0.4488 -0.0005 -0.2039
v 0.4860 -0.0001 -0.0841
v 0.4965 -0.0033 -0.0483
v 0.4851 -0.0034 -0.0301
v 0.5112 -0.0006 -0.2072
v 0.4944 -0.0011 -0.0251
v 0.5001 0.0059 -0.0109
v 0.5299 0.0002 -0.1828
v 0.5538 -0.0010 -0.1128
v 0.5103 -0.0024 -0.0778
v 0.5110 -0.0050 -0.0630
v 0.5105 0.0016 -0.0488
v 0.5206 0.0097 -0.0260
v 0.5383 -0.0033 -0.0916
v 0.5252 -0.0009 -0.0628
v 0.5327 0.0094 -0.0507
v 0.5465 -0.0012 -0.2154
v 0.5390 -0.0075 -0.0771
v 0.5426 0.0072 -0.0623
v 0.5646 -0.0011 -0.1594
v 0.5645 -0.0078 -0.0903
v 0.5554 -0.0008 -0.0772
v 0.5648 0.0116 -0.0261
v 0.5900 -0.0010 -0.1796
v 0.5663 -0.0024 -0.1096
v 0.5670 0.0065 -0.0630
v 0.5909 0.0133 -0.0214
v 0.5947 -0.0013 -0.2068
v 0.5931 -0.0022 -0.1189
v 0.5911 -0.0056 -0.1047
v 0.5929 -0.0058 -0.0912
v 0.5812 0.0053 -0.0782
v 0.5820 0.0160 -0.0626
v 0.5810 0.0085 -0.0490
v 0.6070 -0.0013 -0.1426
v 0.5950 0.0049 -0.0796
v 0.5950 0.0150 -0.0642
v 0.6078 0.0093 -0.0490
v 0.6091 0.0119 -0.0214
v 0.6199 -0.0023 -0.1613
v 0.6323 -0.0039 -0.1193
v 0.6090 -0.0100 -0.1050
v 0.6090 -0.0038 -0.0910
v 0.6090 0.0147 -0.0631
v 0.6364 -0.0022 -0.1349
v 0.6234 -0.0108 -0.1047
v 0.6230 -0.0130 -0.0910
v 0.6280 0.0047 -0.0316
v 0.6362 0.0074 -0.0084
v 0.6430 -0.0032 -0.1877
v 0.6503 -0.0111 -0.1045
v 0.6370 0.0032 -0.0490
v 0.6733 -0.0049 -0.1446
v 0.6633 -0.0086 -0.1100
v 0.6370 0.0012 -0.0630
v 0.6646 -0.0004 -0.0490
v 0.6510 -0.0029 -0.0630
v 0.6522 0.0085 -0.0123
v 0.6642 0.0005 -0.0344
v 0.6510 -0.0223 -0.0910
v 0.6644 -0.0122 -0.0908
v 0.6737 -0.0056 -0.1236
v 0.6650 -0.0064 -0.0630
v 0.6650 0.0096 -0.0070
v 0.6650 0.0086 0.0070
v 0.6927 -0.0159 -0.0775
v 0.6650 -0.0148 -0.0774
v 0.6789 -0.0140 -0.0631
v 0.6557 -0.0045 -0.2092
v 0.7007 -0.0074 -0.1591
v 0.6791 -0.0066 -0.0489
v 0.6790 0.0010 -0.0383
v 0.7241 0.6552 -0.6287
v 0.6826 0.6767 -0.6300
v 0.7095 0.7240 -0.6307
v 0.6518 0.6939 -0.6307
v 0.6859 0.7472 -0.6312
v 0.7159 0.8332 -0.6323
v 0.6694 0.8010 -0.6322
v 0.6964 0.8539 -0.6323
v 0.7231 0.6165 -0.6297
v 0.7235 0.6830 -0.6299
v 0.7296 0.7856 -0.6312
v 0.7486 0.7689 -0.6300
v 0.7370 0.6168 -0.6284
v 0.7644 0.8471 -0.6322
v 0.7828 0.6968 -0.6290
v 0.7657 0.6260 -0.6290
v 0.7958 0.6588 -0.6287
v 0.7920 0.7452 -0.6309
v 0.7853 0.7963 -0.6313
v 0.8112 0.6314 -0.6295
v 0.8155 0.7142 -0.6301
v 0.8089 0.7846 -0.6314
v 0.8250 0.8267 -0.6307
v 0.8410 0.6922 -0.6292
v 0.8354 0.7700 -0.6305
v 0.7873 0.8712 -0.6312
v 0.8470 0.8532 -0.6306
v 0.8558 0.6307 -0.6311
v 0.8701 0.7263 -0.6316
v 0.8673 0.7476 -0.6309
v 0.8516 0.8113 -0.6305
v 0.8710 0.7746 -0.6323
v 0.8867 0.8177 -0.6316
v 0.8749 0.6281 -0.6318
v 0.8796 0.8394 -0.6330
v 0.8675 0.8664 -0.6319
v -1.0990 -0.0012 -0.6370
v -1.0990 0.0010 -0.6433
v -1.0975 0.0403 -0.6481
v -1.0907 0.0593 -0.6479
v -1.0899 0.0737 -0.6523
v -1.0990 0.0850 -0.6427
v -1.0992 0.1133 -0.6409
v -1.1062 0.1270 -0.6370
v -1.0990 0.1270 -0.6308
v -1.0990 0.1381 -0.6370
v -1.0850 -0.0057 -0.6370
v -1.0850 0.0010 -0.6499
v -1.0830 0.0153 -0.6483
v -1.0718 0.0760 -0.6543
v -1.0790 0.0997 -0.6497
v -1.0740 0.1125 -0.6493
v -1.0708 0.1217 -0.6370
v -1.0792 0.1277 -0.6325
v -1.0850 0.1343 -0.6370
v -1.0711 -0.0016 -0.6524
v -1.0710 -0.0051 -0.6370
v -1.0567 0.0061 -0.6540
v -1.0572 0.0569 -0.6534
v -1.0737 0.1410 -0.6370
v -1.0594 0.1418 -0.6357
v -1.0430 -0.0016 -0.6513
v -1.0535 0.0780 -0.6482
v -1.0579 0.1091 -0.6509
v -1.0570 0.1270 -0.6413
v -1.0629 0.1270 -0.6370
v -1.0430 0.0430 -0.6514
v -1.0436 0.0684 -0.6510
v -1.0430 0.0990 -0.6564
v -1.0428 0.1134 -0.6472
v -1.0430 0.1270 -0.6457
v -1.0430 0.1410 -0.6390
v -1.0395 -0.0130 -0.6510
v -1.0290 -0.0130 -0.6534
v -1.0236 0.0187 -0.6559
v -1.0039 0.0412 -0.6612
v -1.0213 0.0634 -0.6541
v -1.0270 0.0977 -0.6550
v -1.0290 0.1123 -0.6498
v -1.0290 0.1270 -0.6447
v -1.0429 0.1454 -0.6365
v -1.0290 0.1342 -0.6370
v -1.0290 0.1410 -0.6336
v -1.0430 0.1550 -0.6235
v -1.0157 0.1533 -0.6352
v -1.0287 0.1688 -0.6333
v -1.0430 0.1690 -0.6259
v -1.0150 -0.0270 -0.6627
v -1.0150 -0.0130 -0.6582
v -1.0290 -0.0270 -0.6520
v -1.0150 0.0010 -0.6558
v -1.0150 0.0850 -0.6551
v -1.0163 0.0990 -0.6506
v -1.0150 0.0973 -0.6510
v -1.0150 0.1130 -0.6528
v -1.0150 0.1013 -0.6510
v -1.0150 0.1389 -0.6370
v -1.0150 0.1690 -0.6392
v -1.0101 -0.0268 -0.6650
v -1.0010 -0.0130 -0.6592
v -0.9959 0.0065 -0.6635
v -0.9966 0.0520 -0.6623
v -1.0012 0.0849 -0.6547
v -1.0010 0.0973 -0.6510
v -1.0010 0.0990 -0.6506
v -1.0010 0.1000 -0.6510
v -1.0010 0.1690 -0.6445
v -0.9954 -0.0410 -0.6650
v -1.0010 -0.0385 -0.6650
v -1.0010 -0.0410 -0.6615
v -0.9869 -0.0412 -0.6661
v -0.9870 -0.0270 -0.6613
v -1.0006 -0.0270 -0.6675
v -0.9866 -0.0116 -0.6662
v -0.9730 -0.0410 -0.6603
v -0.9685 -0.0268 -0.6653
v -0.9664 -0.0134 -0.6686
v -0.9730 0.0290 -0.6686
v -0.9586 -0.0389 -0.6501
v -0.9615 -0.0410 -0.6510
v -0.9531 -0.0229 -0.6686
v -0.9445 -0.0401 -0.6574
v -0.9429 -0.0129 -0.6718
v -0.1839 0.2004 -0.5123
v -0.2109 0.2136 -0.5138
v -0.2328 0.1732 -0.5178
v -0.1832 0.3299 -0.5205
v -0.2263 0.2847 -0.5187
v -0.1950 0.2703 -0.5168
v -0.2152 0.3522 -0.5230
v -0.1718 0.2489 -0.5158
v -0.1676 0.3802 -0.5237
v -0.1996 0.3852 -0.5234
v -0.1607 0.2679 -0.5178
v -0.1618 0.3253 -0.5217
v -0.1723 0.4221 -0.5266
v -0.1423 0.1850 -0.5178
v -0.1755 0.1784 -0.5151
v -0.1359 0.2084 -0.5194
v -0.1424 0.2399 -0.5216
v -0.1493 0.3927 -0.5250
v -0.1408 0.3082 -0.5262
v -0.1473 0.3450 -0.5260
v -0.1297 0.2778 -0.5226
v -0.1276 0.1718 -0.5159
v -0.1144 0.2280 -0.5195
v -0.0984 0.3651 -0.5271
v -0.1167 0.4236 -0.5276
v -0.0808 0.2652 -0.5207
v -0.0875 0.3130 -0.5242
v -0.0817 0.1969 -0.5172
v -0.0858 0.4066 -0.5278
v -0.0688 0.3011 -0.5234
v -0.0583 0.2302 -0.5176
v -0.0319 0.4036 -0.5279
v -0.0418 0.1815 -0.5158
v -0.0263 0.3691 -0.5265
v -0.0198 0.2175 -0.5161
v -0.0197 0.2643 -0.5203
v -0.0343 0.3296 -0.5235
v 0.0030 0.1817 -0.5141
v -0.0022 0.3130 -0.5214
v 0.0014 0.3699 -0.5256
v -0.0082 0.3844 -0.5261
v 0.0123 0.4496 -0.5302
v 0.0206 0.2034 -0.5139
v 0.0154 0.2685 -0.5190
v 0.0215 0.4008 -0.5262
v 0.7083 0.9151 -0.6343
v 0.6725 0.9167 -0.6359
v 0.6904 0.8908 -0.6341
v 0.7193 0.9876 -0.6344
v 0.7226 1.0149 -0.6339
v 0.6860 0.9731 -0.6354
v 0.6580 1.0030 -0.6374
v 0.6960 1.0310 -0.6348
v 0.7076 1.0817 -0.6375
v 0.6746 1.0599 -0.6360
v 0.6589 0.8646 -0.6349
v 0.7105 0.9644 -0.6343
v 0.7467 0.8860 -0.6327
v 0.7260 0.9027 -0.6328
v 0.7347 1.0499 -0.6347
v 0.7351 1.0649 -0.6355
v 0.7297 1.0754 -0.6358
v 0.7484 0.9426 -0.6345
v 0.7373 0.9684 -0.6339
v 0.7618 0.9902 -0.6350
v 0.7558 1.0092 -0.6329
v 0.7599 1.0257 -0.6304
v 0.7520 1.0494 -0.6185
v 0.7544 1.0635 -0.6166
v 0.7490 1.0790 -0.6340
v 0.7659 0.9050 -0.6332
v 0.7763 0.9409 -0.6329
v 0.7623 1.0371 -0.6177
v 0.7742 1.0892 -0.6313
v 0.8005 0.9747 -0.6325
v 0.7834 1.0087 -0.6318
v 0.7770 1.0230 -0.6239
v 0.7769 1.0361 -0.6176
v 0.7763 1.0505 -0.6087
v 0.7770 1.0650 -0.6117
v 0.7765 1.0798 -0.6178
v 0.8205 0.8903 -0.6305
v 0.8334 0.9380 -0.6316
v 0.8115 1.0080 -0.6323
v 0.8016 1.0225 -0.6263
v 0.8042 1.0384 -0.6233
v 0.8035 1.0519 -0.6153
v 0.8004 1.0605 -0.6119
v 0.7910 1.0790 -0.6090
v 0.7761 1.0758 -0.5798
v 0.7902 1.0643 -0.5936
v 0.7910 1.0791 -0.5777
v 0.8307 0.9680 -0.6325
v 0.8050 1.0593 -0.5950
v 0.8125 1.0410 -0.6257
v 0.8156 1.0510 -0.6089
v 0.8190 1.0497 -0.6090
v 0.8610 0.9939 -0.6336
v 0.8420 1.0154 -0.6354
v 0.8358 1.0401 -0.6321
v 0.8354 1.0510 -0.6206
v 0.8612 0.9204 -0.6342
v 0.8601 0.9657 -0.6382
v 0.8470 1.0510 -0.6370
v 0.8330 1.0732 -0.5950
v 0.8388 1.0790 -0.5950
v 0.8330 1.0790 -0.5870
v 0.8752 0.8967 -0.6334
v 0.8591 1.0156 -0.6343
v 0.8684 1.0409 -0.6382
v 0.8611 1.0510 -0.6373
v 0.8743 0.9207 -0.6354
v 0.8766 0.9612 -0.6337
v 0.8808 0.9866 -0.6318
v 0.8762 1.0504 -0.6316
v 0.8750 1.0650 -0.6337
v 0.8890 1.0701 -0.6370
v 0.5450 0.2405 -0.4419
v 0.5885 0.2907 -0.4232
v 0.5327 0.2938 -0.4493
v 0.5667 0.3178 -0.4335
v 0.5550 0.1826 -0.4354
v 0.5451 0.1892 -0.4401
v 0.6065 0.1740 -0.4138
v 0.5972 0.2124 -0.4186
v 0.6016 0.2666 -0.4160
v 0.5982 0.3325 -0.4187
v 0.5516 0.3404 -0.4410
v 0.5812 0.3762 -0.4272
v 0.6145 0.3626 -0.4109
v 0.6130 0.2385 -0.4097
v 0.6256 0.3108 -0.4070
v 0.6270 0.1749 -0.4029
v 0.6433 0.2086 -0.3968
v 0.6368 0.2262 -0.3981
v 0.6307 0.2793 -0.4036
v 0.6206 0.3300 -0.4071
v 0.6416 0.3240 -0.3983
v 0.6386 0.3344 -0.4006
v 0.6409 0.3488 -0.3984
v 0.6604 0.2568 -0.3881
v 0.4715 0.2089 -0.4739
v 0.4542 0.1730 -0.4818
v 0.4827 0.1910 -0.4676
v 0.4561 0.2259 -0.4843
v 0.4686 0.2442 -0.4756
v 0.4465 0.2545 -0.4884
v 0.4583 0.2810 -0.4831
v 0.4807 0.2764 -0.4713
v 0.4880 0.3102 -0.4680
v 0.4429 0.3421 -0.4924
v 0.4801 0.3577 -0.4727
v 0.4913 0.2491 -0.4658
v 0.5082 0.2262 -0.4583
v 0.5228 0.1980 -0.4494
v 0.4886 0.1654 -0.4641
v 0.5130 0.3230 -0.4578
v 0.5195 0.2457 -0.4529
v 0.4463 -0.0151 -0.4666
v 0.4505 -0.0051 -0.4118
v 0.4733 -0.0097 -0.4426
v 0.5024 -0.0067 -0.4132
v 0.4534 -0.0013 -0.3614
v 0.4843 -0.0020 -0.3725
v 0.4848 -0.0014 -0.3296
v 0.4665 -0.0007 -0.2684
v 0.4241 -0.0002 -0.2708
v 0.5056 -0.0120 -0.4472
v 0.4427 -0.0008 -0.2987
v 0.4698 -0.0003 -0.2870
v 0.4884 -0.0001 -0.2565
v 0.5193 -0.0023 -0.3479
v 0.5134 -0.0010 -0.3044
v 0.5133 -0.0010 -0.2471
v 0.5368 -0.0098 -0.4324
v 0.5308 -0.0046 -0.3981
v 0.5533 -0.0020 -0.3603
v 0.5502 -0.0020 -0.2899
v 0.5500 -0.0010 -0.2315
v 0.5274 0.0987 -0.4417
v 0.5470 0.0996 -0.4362
v 0.5307 0.1139 -0.4459
v 0.5597 -0.0125 -0.4582
v 0.5828 -0.0097 -0.4332
v 0.5506 -0.0045 -0.3986
v 0.5822 -0.0018 -0.3167
v 0.5875 -0.0064 -0.4042
v 0.5694 -0.0030 -0.3845
v 0.5817 -0.0027 -0.3577
v 0.5813 -0.0028 -0.2921
v 0.5620 0.0836 -0.4400
v 0.5665 0.0993 -0.4244
v 0.5693 0.1137 -0.4288
v 0.5397 0.1530 -0.4437
v 0.5939 -0.0022 -0.2469
v 0.5882 0.0854 -0.4231
v 0.5813 0.0721 -0.4410
v 0.5893 0.0996 -0.4149
v 0.6065 0.1305 -0.4116
v 0.6011 -0.0029 -0.3808
v 0.6151 -0.0041 -0.3462
v 0.6006 0.0635 -0.4456
v 0.6206 0.1131 -0.4053
v 0.5851 -0.0115 -0.4554
v 0.6077 -0.0092 -0.4263
v 0.6091 -0.0045 -0.3894
v 0.6195 -0.0037 -0.3249
v 0.6252 -0.0036 -0.2693
v 0.6130 0.0712 -0.4258
v 0.6258 0.0835 -0.4030
v 0.6167 0.1007 -0.4020
v 0.6320 -0.0105 -0.4359
v 0.6301 -0.0053 -0.3918
v 0.6314 -0.0046 -0.3617
v 0.6230 0.0630 -0.4279
v 0.6402 0.1525 -0.3961
v 0.6367 0.0553 -0.4273
v 0.6373 0.0588 -0.4414
v 0.6387 0.0693 -0.4090
v 0.6370 0.0821 -0.3990
v 0.6362 0.0850 -0.3850
v 0.6370 0.0916 -0.3850
v 0.6506 0.0989 -0.3856
v 0.6572 -0.0107 -0.4466
v 0.6653 -0.0056 -0.3345
v 0.6648 0.0510 -0.4267
v 0.6510 0.0508 -0.4410
v 0.6510 0.0583 -0.4270
v 0.6498 0.0641 -0.4053
v 0.6648 0.0674 -0.3851
v 0.6492 0.0710 -0.3850
v 0.6591 0.1162 -0.3854
v 0.6650 0.0503 -0.4410
v 0.6650 0.0497 -0.4130
v 0.6650 0.0521 -0.3990
v 0.6650 0.0899 -0.3710
v 0.6650 0.0990 -0.3815
v 0.6607 0.0850 -0.3710
v 0.6510 0.0850 -0.3800
v 0.6791 0.0505 -0.4432
v 0.6790 0.0471 -0.4270
v 0.6684 0.0850 -0.3710
v 0.6650 0.0850 -0.3682
v 0.6932 0.6024 -0.6218
v 0.7018 0.6206 -0.4628
v 0.7020 0.6060 -0.4834
v 0.7124 0.5885 -0.6176
v 0.7210 0.6030 -0.4756
v 0.7210 0.6165 -0.4685
v 0.7210 0.6235 -0.4550
v 0.7383 0.5897 -0.6145
v 0.7348 0.6166 -0.4689
v 0.7350 0.6221 -0.4550
v 0.7490 0.6030 -0.6274
v 0.7490 0.5891 -0.6160
v 0.7490 0.6170 -0.4613
v 0.7490 0.6096 -0.4690
v 0.7490 0.6233 -0.4550
v 0.7490 0.5750 -0.6107
v 0.7743 0.5599 -0.6091
v 0.7630 0.5750 -0.6162
v 0.7490 0.5715 -0.6090
v 0.7707 0.5905 -0.6187
v 0.7666 0.6048 -0.6267
v 0.7836 0.5864 -0.6175
v 0.7910 0.5665 -0.6090
v 0.7910 0.5750 -0.6193
v 0.8093 0.6029 -0.6297
v 0.8076 0.5614 -0.6087
v 0.8151 0.5759 -0.6190
v 0.8050 0.5893 -0.6173
v 0.8330 0.5610 -0.6135
v 0.8427 0.5892 -0.6207
v 0.8410 0.6033 -0.6313
v 0.8470 0.5613 -0.6089
v 0.8480 0.5749 -0.6206
v 0.8703 0.5889 -0.6241
v 0.8733 0.6035 -0.6313
v 0.8664 0.5750 -0.6230
v 0.8736 0.5609 -0.6234
v 0.8858 0.5730 -0.6268
v 0.8890 0.5610 -0.6230
v 0.8896 0.6008 -0.6243
v 0.8962 0.5750 -0.6230
v 0.4776 -0.0127 -0.4569
v 0.4807 -0.0129 -0.4945
v 0.4690 -0.0083 -0.6650
v 0.4550 -0.0081 -0.6790
v 0.4550 -0.0130 -0.6510
v 0.4690 -0.0136 -0.6509
v 0.4550 0.0011 -0.6375
v 0.4694 -0.0038 -0.6366
v 0.4550 0.0010 -0.6363
v 0.4550 -0.0075 -0.6230
v 0.4757 -0.0011 -0.6092
v 0.4406 -0.0053 -0.6090
v 0.4820 -0.0045 -0.5950
v 0.4494 -0.0094 -0.5890
v 0.4781 -0.0049 -0.5848
v 0.4690 -0.0149 -0.5673
v 0.4504 -0.0127 -0.5677
v 0.4690 -0.0041 -0.5530
v 0.4503 -0.0102 -0.5525
v 0.4594 -0.0018 -0.5370
v 0.4554 0.0031 -0.5243
v 0.4795 -0.0009 -0.5353
v 0.4496 -0.0042 -0.5089
v 0.4923 -0.0037 -0.5131
v 0.4430 -0.0095 -0.4987
v 0.4690 0.0570 -0.5556
v 0.4690 0.0499 -0.5530
v 0.4581 0.0570 -0.5530
v 0.4685 0.0541 -0.5400
v 0.4550 0.0583 -0.5530
v 0.4556 0.0621 -0.5164
v 0.4699 0.0521 -0.5164
v 0.4573 0.0680 -0.4958
v 0.4728 0.0790 -0.4846
v 0.4533 0.0843 -0.4829
v 0.4788 0.1010 -0.4670
v 0.4426 0.0994 -0.4833
v 0.4410 0.1262 -0.4820
v 0.4784 0.1293 -0.4660
v 0.4403 0.1503 -0.4863
v 0.4886 -0.0143 -0.4835
v 0.4875 -0.0075 -0.5668
v 0.4836 0.0021 -0.5530
v 0.4830 0.0088 -0.6230
v 0.4830 0.0150 -0.6210
v 0.4813 0.0150 -0.6230
v 0.4831 0.0200 -0.6217
v 0.4830 0.0417 -0.5391
v 0.4830 0.0524 -0.5530
v 0.4830 0.0488 -0.5250
v 0.4840 0.0499 -0.5125
v 0.4875 0.0628 -0.4984
v 0.4970 -0.0013 -0.6370
v 0.4830 -0.0047 -0.6370
v 0.4974 -0.0010 -0.6228
v 0.4970 -0.0020 -0.6090
v 0.4968 0.0014 -0.5951
v 0.4970 -0.0095 -0.5810
v 0.4970 -0.0056 -0.5530
v 0.5068 0.0010 -0.5408
v 0.4970 0.0150 -0.6284
v 0.4971 0.0035 -0.6371
v 0.4830 0.0058 -0.6370
v 0.4877 0.0290 -0.6230
v 0.4970 0.0249 -0.6230
v 0.4830 0.0290 -0.6272
v 0.4970 0.0290 -0.6157
v 0.4970 0.0342 -0.6230
v 0.4830 0.0344 -0.6370
v 0.4970 0.0387 -0.6370
v 0.4970 0.0445 -0.5390
v 0.4970 0.0430 -0.5530
v 0.4970 0.0484 -0.5250
v 0.4977 0.0581 -0.5114
v 0.4953 0.0835 -0.4728
v 0.4993 0.0988 -0.4552
v 0.5039 0.1151 -0.4568
v 0.5055 0.1453 -0.4567
v 0.5175 -0.0139 -0.4814
v 0.5221 -0.0125 -0.4568
v 0.5034 0.0010 -0.6370
v 0.5106 -0.0077 -0.6093
v 0.5110 0.0011 -0.6215
v 0.5110 -0.0072 -0.5950
v 0.5207 -0.0063 -0.5747
v 0.5181 -0.0004 -0.5560
v 0.5110 -0.0105 -0.4970
v 0.5118 0.0075 -0.5140
v 0.5110 0.0041 -0.6230
v 0.5110 0.0150 -0.6258
v 0.5086 0.0440 -0.5385
v 0.5110 0.0489 -0.5110
v 0.5111 0.0597 -0.4976
v 0.5088 0.0750 -0.4757
v 0.5112 0.0996 -0.4523
v 0.5213 0.1674 -0.4491
v 0.5250 0.0010 -0.6251
v 0.5250 -0.0075 -0.6090
v 0.5358 -0.0102 -0.5852
v 0.5365 -0.0025 -0.5666
v 0.5244 0.0067 -0.5394
v 0.5246 -0.0071 -0.5107
v 0.5385 -0.0106 -0.4972
v 0.5250 0.0045 -0.5250
v 0.5250 0.0471 -0.5390
v 0.5256 0.0508 -0.5250
v 0.5232 0.0615 -0.5113
v 0.5307 0.0591 -0.4897
v 0.5257 0.0849 -0.4562
v 0.5437 -0.0131 -0.4769
v 0.5390 -0.0018 -0.6230
v 0.5390 0.0010 -0.6238
v 0.5390 0.0010 -0.6160
v 0.5379 0.0010 -0.6090
v 0.5390 -0.0082 -0.5950
v 0.5401 0.0013 -0.6098
v 0.5386 -0.0043 -0.5523
v 0.5394 -0.0008 -0.5102
v 0.5381 0.0105 -0.5273
v 0.5390 0.0431 -0.5390
v 0.5390 0.0509 -0.5250
v 0.5391 0.0592 -0.5105
v 0.5521 0.0642 -0.4695
v 0.5530 0.0010 -0.6113
v 0.5532 -0.0086 -0.6087
v 0.5669 -0.0103 -0.5954
v 0.5549 -0.0102 -0.5824
v 0.5530 -0.0130 -0.5670
v 0.5534 0.0068 -0.5577
v 0.5529 0.0003 -0.5390
v 0.5632 -0.0127 -0.5121
v 0.5527 0.0019 -0.5249
v 0.5583 -0.0125 -0.4921
v 0.5530 0.0578 -0.5250
v 0.5530 0.0504 -0.5390
v 0.5575 0.0639 -0.5035
v 0.5529 0.0631 -0.4909
v 0.5670 -0.0130 -0.6161
v 0.5669 -0.0179 -0.6088
v 0.5676 -0.0053 -0.5543
v 0.5647 -0.0015 -0.5401
v 0.5669 0.0049 -0.5229
v 0.5670 0.0469 -0.5250
v 0.5677 0.0492 -0.5109
v 0.5669 0.0607 -0.4826
v 0.5676 0.0544 -0.4685
v 0.5669 0.0641 -0.4546
v 0.5810 -0.0187 -0.6090
v 0.5810 -0.0130 -0.6205
v 0.5837 -0.0146 -0.5000
v 0.5810 -0.0056 -0.5810
v 0.5812 -0.0070 -0.5669
v 0.5889 -0.0078 -0.5361
v 0.5738 0.0010 -0.5250
v 0.5810 -0.0066 -0.5250
v 0.5810 -0.0073 -0.5110
v 0.5810 -0.0101 -0.4830
v 0.5835 0.0596 -0.4863
v 0.5809 0.0582 -0.4691
v 0.5809 0.0563 -0.4548
v 0.5950 -0.0183 -0.6230
v 0.5842 -0.0130 -0.6230
v 0.5950 -0.0145 -0.6090
v 0.5965 -0.0119 -0.5853
v 0.5950 -0.0158 -0.5670
v 0.5958 -0.0058 -0.5532
v 0.5973 -0.0087 -0.5236
v 0.5950 -0.0025 -0.5110
v 0.6076 -0.0155 -0.4894
v 0.6065 -0.0127 -0.4592
v 0.5950 0.0470 -0.5110
v 0.5983 0.0621 -0.4846
v 0.5950 0.0527 -0.4690
v 0.5950 0.0547 -0.4553
v 0.6001 -0.0130 -0.6230
v 0.6105 -0.0193 -0.6067
v 0.6090 -0.0130 -0.6150
v 0.6101 -0.0109 -0.5672
v 0.6106 -0.0114 -0.5815
v 0.6090 -0.0078 -0.5110
v 0.6090 0.0442 -0.5110
v 0.6090 0.0488 -0.4970
v 0.6040 0.0627 -0.4836
v 0.6082 0.0583 -0.4558
v 0.6246 -0.0143 -0.6102
v 0.6302 -0.0134 -0.4846
v 0.6230 -0.0089 -0.5950
v 0.6342 -0.0117 -0.5641
v 0.6243 -0.0103 -0.5386
v 0.6230 -0.0071 -0.5250
v 0.6230 0.0010 -0.5128
v 0.6196 0.0015 -0.5110
v 0.6230 -0.0109 -0.4970
v 0.6230 0.0479 -0.4970
v 0.6202 0.0636 -0.4788
v 0.6229 0.0554 -0.4544
v 0.6370 -0.0158 -0.5531
v 0.6370 -0.0180 -0.5390
v 0.6356 -0.0084 -0.5250
v 0.6370 -0.0130 -0.5195
v 0.6253 -0.0130 -0.5110
v 0.6372 -0.0175 -0.5109
v 0.6366 -0.0120 -0.5002
v 0.6370 -0.0097 -0.5950
v 0.6370 -0.0105 -0.5810
v 0.6247 0.0010 -0.5110
v 0.6528 -0.0138 -0.4553
v 0.6371 0.0466 -0.4819
v 0.6370 0.0475 -0.4970
v 0.6370 0.0581 -0.4547
v 0.6493 -0.0141 -0.5706
v 0.6575 -0.0213 -0.5548
v 0.6510 -0.0219 -0.5390
v 0.6510 -0.0171 -0.5250
v 0.6510 -0.0053 -0.5810
v 0.6566 -0.0055 -0.4965
v 0.6529 -0.0161 -0.4851
v 0.6510 0.0336 -0.4970
v 0.6546 0.0433 -0.4827
v 0.6417 0.0430 -0.4970
v 0.6510 0.0460 -0.4830
v 0.6514 0.0526 -0.4685
v 0.6510 0.0568 -0.4550
v 0.6650 -0.0130 -0.5742
v 0.6639 -0.0164 -0.5071
v 0.6663 -0.0135 -0.4694
v 0.6650 -0.0093 -0.5810
v 0.6650 0.0336 -0.4830
v 0.6650 0.0299 -0.4970
v 0.6650 0.0347 -0.4690
v 0.6647 0.0541 -0.4552
v -0.2014 0.4310 -0.5250
v -0.2262 0.4261 -0.5256
v -0.2195 0.4499 -0.5266
v -0.2008 0.4798 -0.5262
v -0.1785 0.5140 -0.5309
v -0.2321 0.5009 -0.5285
v -0.1966 0.5203 -0.5305
v -0.2228 0.5173 -0.5316
v -0.1992 0.5343 -0.5339
v -0.2191 0.5340 -0.5369
v -0.2036 0.5381 -0.5824
v -0.2230 0.5386 -0.5616
v -0.1895 0.5405 -0.5631
v -0.2176 0.5515 -0.6070
v -0.1885 0.5445 -0.6108
v -0.2162 0.5621 -0.6169
v -0.1825 0.5415 -0.5840
v -0.1873 0.5616 -0.6232
v -0.2072 0.5755 -0.6184
v -0.2278 0.5782 -0.6174
v -0.1748 0.4694 -0.5287
v -0.1655 0.5345 -0.5355
v -0.1742 0.5466 -0.6067
v -0.1591 0.5408 -0.5575
v -0.1576 0.5591 -0.6259
v -0.1704 0.5764 -0.6228
v -0.1348 0.4726 -0.5290
v -0.1462 0.5120 -0.5299
v -0.1492 0.5462 -0.5938
v -0.1568 0.5453 -0.6109
v -0.1472 0.5425 -0.5792
v -0.1345 0.5740 -0.6246
v -0.1255 0.5159 -0.5317
v -0.1214 0.5338 -0.5382
v -0.1216 0.5447 -0.6114
v -0.1172 0.5421 -0.5605
v -0.1241 0.5405 -0.5535
v -0.1345 0.5591 -0.6289
v -0.1015 0.4677 -0.5289
v -0.1166 0.4885 -0.5287
v -0.1127 0.5463 -0.5882
v -0.1187 0.5602 -0.6270
v -0.1089 0.5791 -0.6262
v -0.0893 0.5167 -0.5317
v -0.0930 0.5340 -0.5376
v -0.1050 0.5470 -0.6230
v -0.0922 0.5609 -0.6328
v -0.0861 0.4223 -0.5268
v -0.0789 0.4889 -0.5296
v -0.0910 0.5469 -0.6096
v -0.0767 0.5495 -0.5948
v -0.0722 0.5463 -0.5819
v -0.0779 0.5427 -0.5529
v -0.0910 0.5515 -0.6230
v -0.0899 0.5769 -0.6284
v -0.0720 0.5180 -0.5335
v -0.0770 0.5330 -0.5390
v -0.0698 0.5483 -0.6040
v -0.0765 0.5468 -0.6251
v -0.0656 0.5605 -0.6363
v -0.0666 0.5750 -0.6285
v -0.0613 0.4246 -0.5291
v -0.0522 0.4728 -0.5322
v -0.0437 0.5123 -0.5353
v -0.0472 0.5339 -0.5400
v -0.0517 0.5467 -0.5535
v -0.0384 0.5486 -0.5654
v -0.0597 0.5885 -0.6282
v -0.0313 0.5036 -0.5347
v -0.0385 0.5508 -0.6221
v -0.0284 0.5611 -0.6369
v -0.0342 0.5505 -0.5937
v -0.0439 0.5749 -0.6303
v -0.0324 0.4575 -0.5316
v -0.0298 0.5503 -0.5491
v -0.0213 0.5513 -0.5958
v -0.0113 0.4928 -0.5338
v -0.0053 0.5331 -0.5376
v 0.0001 0.5467 -0.5453
v -0.0210 0.5470 -0.6330
v -0.0210 0.5487 -0.6230
v -0.0226 0.5436 -0.6370
v -0.0175 0.5533 -0.5752
v 0.0044 0.5732 -0.6357
v -0.0081 0.5994 -0.6325
v -0.0140 0.5470 -0.6370
v -0.0071 0.5572 -0.6379
v 0.0108 0.5516 -0.6213
v -0.0084 0.5526 -0.6060
v 0.0192 0.5535 -0.5677
v 0.0062 0.5510 -0.5532
v 0.0302 0.5279 -0.5351
v 0.0070 0.5470 -0.6370
v 0.0267 0.5539 -0.5911
v 0.0129 0.6032 -0.6376
v 1.0930 1.0905 -0.0200
v 1.1052 1.1150 -0.0258
v 1.1080 1.1068 -0.0446
v 1.1141 1.1338 -0.0699
v 1.1111 1.1246 -0.0348
v 1.1140 1.1504 -0.0226
v 1.1140 1.1623 -0.0646
v 1.1124 1.2102 -0.0188
v 1.1132 1.2029 -0.0663
v 1.1125 1.2428 -0.0556
v 1.1149 1.1163 -0.1731
v 1.1161 1.1152 -0.2348
v 1.1151 1.1483 -0.2106
v 1.1147 1.1509 -0.1318
v 1.1139 1.1307 -0.1089
v 1.1151 1.1620 -0.1652
v 1.1143 1.1878 -0.1427
v 1.1147 1.2034 -0.2028
v 1.1137 1.2004 -0.1049
v 1.1162 1.1823 -0.2347
v 1.1149 1.2107 -0.1863
v 1.1158 1.2164 -0.2267
v 1.1139 1.2180 -0.1352
v 1.1147 1.2463 -0.1690
v 1.1138 1.2541 -0.1049
v 1.1155 1.2525 -0.2140
v 1.1135 1.2552 -0.1435
v 1.1139 1.2790 -0.1338
v 0.4805 0.6581 -0.6356
v 0.4561 0.6863 -0.6453
v 0.4751 0.6896 -0.6393
v 0.4555 0.7246 -0.6453
v 0.4900 0.7400 -0.6381
v 0.4649 0.7464 -0.6454
v 0.4952 0.7787 -0.6375
v 0.4518 0.7629 -0.6487
v 0.4589 0.7890 -0.6492
v 0.4902 0.8005 -0.6397
v 0.4629 0.8135 -0.6499
v 0.4965 0.8404 -0.6410
v 0.4705 0.8471 -0.6489
v 0.4979 0.8756 -0.6412
v 0.5079 0.6740 -0.6353
v 0.5134 0.7106 -0.6349
v 0.5115 0.7810 -0.6375
v 0.5189 0.8264 -0.6361
v 0.5217 0.8534 -0.6383
v 0.5250 0.7480 -0.6359
v 0.5308 0.7619 -0.6360
v 0.5384 0.6472 -0.6333
v 0.5524 0.6780 -0.6331
v 0.5555 0.7392 -0.6335
v 0.5518 0.7576 -0.6352
v 0.5467 0.8026 -0.6362
v 0.5472 0.8431 -0.6374
v 0.5667 0.7194 -0.6338
v 0.5828 0.8019 -0.6336
v 0.5821 0.6879 -0.6328
v 0.5962 0.8463 -0.6357
v 0.5865 0.7416 -0.6335
v 0.6193 0.6939 -0.6322
v 0.6251 0.7182 -0.6320
v 0.6090 0.7923 -0.6341
v 0.6360 0.7685 -0.6328
v 0.6205 0.8226 -0.6342
v 0.6307 0.6484 -0.6298
v 0.6576 0.8338 -0.6350
v 0.6184 0.8623 -0.6349
v 0.9763 0.3801 0.3294
v 0.9787 0.4378 0.3248
v 0.9832 0.4195 0.2594
v 0.9783 0.4178 0.3439
v 0.9761 0.3843 0.3589
v 0.9787 0.4062 0.3699
v 0.9773 0.4112 0.4105
v 0.9726 0.4122 0.4426
v 0.9774 0.4306 0.4154
v 0.9837 0.4569 0.2785
v 0.9770 0.4312 0.3877
v 0.9769 0.4492 0.4409
v 0.9879 0.4470 0.2309
v 0.9802 0.4665 0.3322
v 0.9774 0.4569 0.3575
v 0.9793 0.4747 0.3965
v 0.9853 0.4937 0.2772
v 0.9802 0.5018 0.3687
v 0.9839 0.4931 0.4086
v 0.9823 0.5073 0.4419
v 0.9846 0.5180 0.3109
v 0.9856 0.5316 0.2932
v 0.9820 0.5151 0.3935
v 0.9850 0.5267 0.4173
v 0.9842 0.5452 0.3516
v 0.9831 0.5629 0.3717
v 0.9840 0.5665 0.4027
v 0.9861 0.5520 0.4399
v 0.9877 0.5575 0.2733
v 0.9864 0.5835 0.3188
v 0.9849 0.5839 0.3653
v 0.9886 0.5962 0.4245
v 0.9874 0.5871 0.4410
v 0.9861 0.6033 0.3827
v 0.9887 0.4870 0.2308
v 0.9898 0.5341 0.2334
v 0.9936 0.5500 0.2168
v 0.9915 0.5717 0.2307
v 0.9913 0.6042 0.2509
v 0.4699 0.9016 -0.6491
v 0.4910 1.0372 -0.6503
v 0.4963 0.9333 -0.6452
v 0.4944 0.9713 -0.6479
v 0.4995 1.0294 -0.6475
v 0.5079 0.8962 -0.6404
v 0.5237 0.8830 -0.6376
v 0.5113 0.9445 -0.6406
v 0.5156 0.9836 -0.6398
v 0.5390 0.9208 -0.6395
v 0.5329 0.9478 -0.6402
v 0.5245 1.0383 -0.6416
v 0.5510 0.8878 -0.6392
v 0.5479 0.9907 -0.6399
v 0.5623 0.9328 -0.6374
v 0.5659 1.0369 -0.6398
v 0.5721 0.8777 -0.6373
v 0.5957 0.9591 -0.6379
v 0.5875 0.9189 -0.6378
v 0.5890 1.0055 -0.6385
v 0.6182 0.9005 -0.6356
v 0.6204 1.0368 -0.6374
v 0.6142 0.9895 -0.6364
v 0.6244 0.9426 -0.6366
v 0.6600 0.9596 -0.6365
v 0.6563 1.0268 -0.6376
v 0.6507 0.8996 -0.6359
v -0.9870 0.0430 -0.6669
v -0.9556 0.0010 -0.6704
v -0.9730 0.0150 -0.6659
v -0.9590 0.0150 -0.6683
v -0.9590 0.0290 -0.6679
v -0.9262 0.0152 -0.6704
v -0.9150 0.0004 -0.6740
v -0.9174 -0.0193 -0.6704
v 0.7079 1.1106 -0.6378
v 0.6957 1.1725 -0.6388
v 0.7179 1.2224 -0.6400
v 0.6924 1.2300 -0.6407
v 0.7102 1.1414 -0.6396
v 0.7333 1.2680 -0.6384
v 0.7316 1.1823 -0.6391
v 0.7552 1.1036 -0.6375
v 0.7587 1.1308 -0.6369
v 0.7405 1.2114 -0.6377
v 0.7885 1.1705 -0.6376
v 0.7808 1.2080 -0.6380
v 0.7757 1.2471 -0.6390
v 0.7770 1.0928 -0.5953
v 0.7704 1.0996 -0.5810
v 0.7778 1.0946 -0.5698
v 0.7800 1.1178 -0.5924
v 0.7770 1.1070 -0.5698
v 0.7757 1.1226 -0.5769
v 0.7951 1.2679 -0.6371
v 0.7916 1.0881 -0.6246
v 0.7916 1.0932 -0.6109
v 0.7910 1.1070 -0.6349
v 0.7897 1.1053 -0.6138
v 0.7900 1.1040 -0.5668
v 0.8049 1.1208 -0.6349
v 0.8046 1.1196 -0.6178
v 0.7910 1.1078 -0.5670
v 0.7903 1.1260 -0.5787
v 0.8118 1.1346 -0.6366
v 0.7910 1.1267 -0.5950
v 0.8012 1.1561 -0.6357
v 0.7927 1.2504 -0.6376
v 0.8052 1.0931 -0.5760
v 0.8050 1.0790 -0.5626
v 0.8050 1.0957 -0.6230
v 0.8050 1.1070 -0.6363
v 0.8050 1.1070 -0.6143
v 0.8050 1.1049 -0.5670
v 0.8048 1.1167 -0.5818
v 0.8050 1.1075 -0.5670
v 0.8050 1.1252 -0.6090
v 0.8050 1.1259 -0.5950
v 0.8087 1.1496 -0.6356
v 0.8181 1.2139 -0.6380
v 0.8191 1.0929 -0.6253
v 0.8192 1.0928 -0.6220
v 0.8147 1.0930 -0.5670
v 0.8189 1.0790 -0.5747
v 0.8129 1.1070 -0.6230
v 0.8190 1.0941 -0.6230
v 0.8195 1.1075 -0.5768
v 0.8078 1.1210 -0.6230
v 0.8190 1.1270 -0.5947
v 0.8191 1.1350 -0.6372
v 0.8190 1.1302 -0.6230
v 0.8253 1.1293 -0.6090
v 0.8308 1.1609 -0.6364
v 0.8274 1.2007 -0.6371
v 0.8452 1.2582 -0.6371
v 0.8202 1.2826 -0.6384
v 0.8242 1.0901 -0.5802
v 0.8249 1.0790 -0.5810
v 0.8201 1.0930 -0.5670
v 0.8331 1.1124 -0.6642
v 0.8238 1.0930 -0.6370
v 0.8330 1.0930 -0.6462
v 0.8240 1.1070 -0.6510
v 0.8216 1.1070 -0.6370
v 0.8330 1.0930 -0.6308
v 0.8330 1.1070 -0.6302
v 0.8259 1.1072 -0.5831
v 0.8235 1.1210 -0.6510
v 0.8330 1.1365 -0.6532
v 0.8299 1.1350 -0.6510
v 0.8330 1.1288 -0.6230
v 0.8330 1.1490 -0.6429
v 0.8429 1.1838 -0.6379
v 0.8440 1.0930 -0.5950
v 0.8446 1.1070 -0.5950
v 0.8470 1.1492 -0.6451
v 0.8648 1.2241 -0.6382
v 0.8646 1.1685 -0.6386
v 0.8778 1.2589 -0.6374
v 0.8889 1.1492 -0.6418
v 0.8766 1.1621 -0.6374
v 0.8838 1.2016 -0.6374
v 0.9064 1.1661 -0.6374
v 0.8997 1.2248 -0.6373
v 0.8890 1.1411 -0.6510
v 0.8982 1.1350 -0.6510
v 0.9033 1.1370 -0.6458
v 0.9179 1.1941 -0.6376
v 1.1172 0.8853 -0.3458
v 1.1186 0.8999 -0.3878
v 1.1158 0.8963 -0.2864
v 1.1163 0.9009 -0.2712
v 1.1175 0.9102 -0.3606
v 1.1177 0.9015 -0.3321
v 1.1171 0.9357 -0.3122
v 1.1167 0.9354 -0.3395
v 1.1145 0.9250 -0.2396
v 1.1195 0.9485 -0.4150
v 1.1181 0.9570 -0.3989
v 1.1157 0.9358 -0.2753
v 1.1179 0.9553 -0.3599
v 1.1161 0.9727 -0.3012
v 1.1153 0.9890 -0.2850
v 1.1165 1.0014 -0.3312
v 1.1176 1.0105 -0.3717
v 1.1171 1.0120 -0.3145
v 1.1162 0.9963 -0.2666
v 1.1180 1.0207 -0.4094
v 1.1149 1.0248 -0.2376
v 1.1182 1.0352 -0.3920
v 1.1180 1.0248 -0.3584
v 1.1161 1.0467 -0.3115
v 1.1155 1.0499 -0.2843
v 1.1168 1.0527 -0.3505
v 1.1171 1.1009 -0.2798
v 1.1186 1.0917 -0.4519
v 1.1185 1.0779 -0.4010
v 1.1185 1.0942 -0.3634
v 1.1182 1.1005 -0.3959
v 1.1174 1.0946 -0.3278
v 0.2594 1.1279 -0.6530
v 0.2318 1.1395 -0.6531
v 0.2501 1.1611 -0.6526
v 0.2423 1.2042 -0.6527
v 0.2267 1.1907 -0.6546
v 0.2713 1.1986 -0.6534
v 0.2876 1.1811 -0.6536
v 0.2873 1.1362 -0.6538
v 0.3045 1.2026 -0.6522
v 0.3109 1.2461 -0.6526
v 0.3098 1.1269 -0.6526
v 0.3024 1.1574 -0.6526
v 0.3271 1.1272 -0.6531
v 0.3355 1.1770 -0.6530
v 0.3403 1.2055 -0.6522
v 0.3299 1.2304 -0.6513
v 0.3481 1.0983 -0.6521
v 0.3706 1.2382 -0.6524
v 0.3546 1.1622 -0.6528
v 0.3794 1.0986 -0.6518
v 0.3791 1.1380 -0.6510
v 0.3765 1.1767 -0.6518
v 0.3925 1.2824 -0.6509
v 0.4227 1.1287 -0.6515
v 0.4118 1.1800 -0.6519
v 0.4141 1.2251 -0.6506
v 0.4243 1.2570 -0.6512
v 0.4363 1.1725 -0.6518
v -0.5630 0.0026 -0.4127
v -0.5810 0.0086 -0.4130
v -0.5657 0.0074 -0.3971
v -0.5810 0.0095 -0.3990
v -0.5530 0.0010 -0.4349
v -0.5432 -0.0080 -0.4358
v -0.5664 0.0063 -0.3774
v -0.5670 0.0076 -0.3570
v -0.5530 0.0053 -0.3570
v -0.5390 -0.0103 -0.4410
v -0.5474 0.0010 -0.4410
v -0.5394 -0.0029 -0.3893
v -0.5477 0.0008 -0.3651
v -0.5390 -0.0013 -0.3616
v -0.5239 -0.0078 -0.4309
v -0.5231 -0.0018 -0.3584
v -0.5114 -0.0094 -0.4547
v -0.4929 -0.0051 -0.4013
v -0.5250 -0.0012 -0.3430
v -0.5090 -0.0018 -0.3372
v -0.5249 0.0035 -0.3298
v -0.5127 0.0010 -0.3150
v -0.5250 0.0070 -0.3150
v -0.5098 0.0046 -0.2738
v -0.5250 0.0064 -0.2730
v -0.5110 0.0057 -0.2590
v -0.5250 0.0058 -0.2590
v -0.5109 0.0045 -0.2937
v -0.4845 0.0002 -0.2894
v -0.4970 0.0059 -0.2590
v -0.4970 0.0057 -0.2450
v -0.5110 0.0078 -0.2450
v -0.4591 -0.0026 -0.3338
v -0.4593 -0.0009 -0.3082
v -0.4788 0.0006 -0.2616
v -0.4783 0.0040 -0.2412
v -0.4810 0.0072 -0.2188
v -0.4970 0.0063 -0.2310
v -0.4965 0.0008 -0.2171
v -0.4690 -0.0075 -0.4392
v -0.4492 -0.0038 -0.3739
v -0.4499 0.0002 -0.2871
v -0.4587 0.0025 -0.2285
v -0.4371 -0.0056 -0.4079
v -0.4532 0.0016 -0.2635
v -0.4414 -0.0075 -0.4403
v -0.4131 -0.0025 -0.3346
v -0.4198 -0.0015 -0.3030
v -0.4341 -0.0004 -0.2694
v -0.4287 0.0027 -0.2302
v -0.4520 0.0053 -0.1889
v -0.9347 -0.4050 -0.6230
v -0.9325 -0.4229 -0.6271
v -0.9309 -0.4187 -0.6289
v -0.9450 -0.4050 -0.6162
v -0.9450 -0.4190 -0.6190
v -0.9310 -0.3957 -0.6230
v -0.9310 -0.3630 -0.6294
v -0.9423 -0.3630 -0.6230
v -0.9309 -0.3774 -0.6221
v -0.9170 -0.4750 -0.6116
v -0.9310 -0.4890 -0.6162
v -0.9311 -0.4663 -0.6145
v -0.9170 -0.4610 -0.6099
v -0.9170 -0.4470 -0.6132
v -0.9310 -0.4470 -0.6147
v -0.9167 -0.4240 -0.6172
v -0.9183 -0.4009 -0.6214
v -0.9174 -0.3635 -0.6226
v -0.9170 -0.3491 -0.6304
v -0.9310 -0.3490 -0.6289
v -0.9170 -0.3350 -0.6428
v -0.9215 -0.3350 -0.6370
v -0.9170 -0.3438 -0.6370
v -0.9226 -0.3350 -0.6230
v -0.9310 -0.3455 -0.6230
v -0.9310 -0.3350 -0.6162
v -0.9165 -0.3090 -0.6522
v -0.9304 -0.2789 -0.6553
v -0.9310 -0.3070 -0.6457
v -0.9062 -0.2819 -0.6567
v -0.9030 -0.4750 -0.6528
v -0.9115 -0.4616 -0.6373
v -0.9030 -0.4763 -0.6510
v -0.9062 -0.4709 -0.6280
v -0.9017 -0.4610 -0.6225
v -0.9075 -0.4489 -0.6250
v -0.8900 -0.4567 -0.6501
v -0.9057 -0.4356 -0.6285
v -0.9035 -0.4193 -0.6242
v -0.9030 -0.4050 -0.6292
v -0.9020 -0.3661 -0.6323
v -0.9044 -0.3458 -0.6367
v -0.9030 -0.3210 -0.6450
v -0.8951 -0.3043 -0.6532
v -0.9030 -0.2930 -0.6515
v -0.9030 -0.2650 -0.6640
v -0.8910 -0.4643 -0.6535
v -0.8890 -0.4750 -0.6413
v -0.8960 -0.4750 -0.6370
v -0.8890 -0.4470 -0.6370
v -0.8890 -0.4330 -0.6271
v -0.8887 -0.4185 -0.6221
v -0.8890 -0.3910 -0.6303
v -0.8871 -0.3685 -0.6305
v -0.8890 -0.3489 -0.6418
v -0.8891 -0.3207 -0.6477
v -0.8849 -0.3070 -0.6513
v -0.8937 -0.2741 -0.6565
v 0.2519 0.1843 -0.5029
v 0.2324 0.2153 -0.5059
v 0.1958 0.1800 -0.5045
v 0.2647 0.2548 -0.5065
v 0.1881 0.2442 -0.5095
v 0.2287 0.2840 -0.5102
v 0.2530 0.3262 -0.5109
v 0.2260 0.3234 -0.5143
v 0.2534 0.3782 -0.5140
v 0.2993 0.2183 -0.5029
v 0.2805 0.2940 -0.5088
v 0.2843 0.3699 -0.5141
v 0.3074 0.1787 -0.5014
v 0.3120 0.2728 -0.5062
v 0.3248 0.2431 -0.5032
v 0.3106 0.3577 -0.5109
v 0.3273 0.2893 -0.5064
v 0.3157 0.3817 -0.5135
v 0.3003 0.4187 -0.5148
v 0.3228 0.4310 -0.5151
v 0.3338 0.2023 -0.5005
v 0.3399 0.3302 -0.5100
v 0.3567 0.3877 -0.5117
v 0.3522 0.4111 -0.5128
v 0.3463 0.2240 -0.5030
v 0.3460 0.2614 -0.5047
v 0.3779 0.1847 -0.5030
v 0.3708 0.2203 -0.5023
v 0.3422 0.1742 -0.5006
v 0.3919 0.2913 -0.5060
v 0.3717 0.3378 -0.5084
v 0.3732 0.3672 -0.5102
v 0.3972 0.3130 -0.5068
v 0.3848 0.4167 -0.5149
v 0.4065 0.2091 -0.4999
v 0.4003 0.1719 -0.5013
v 0.4116 0.2695 -0.5039
v 0.4116 0.4091 -0.5145
v 0.4129 0.1940 -0.5009
v 0.4278 0.2573 -0.5001
v 0.4127 0.2964 -0.5085
v 0.4131 0.3304 -0.5104
v 0.4120 0.3692 -0.5111
v 0.4277 0.2141 -0.4969
v 0.4162 0.1676 -0.5013
v 0.4287 0.2974 -0.5019
v 0.4269 0.3288 -0.5053
v 0.4271 0.3795 -0.5069
v 0.4269 0.3953 -0.5105
v 0.4380 0.1729 -0.4887
v 0.4407 0.2221 -0.4899
v -0.9170 -0.2370 -0.6671
v -0.9309 -0.2370 -0.6623
v -0.9069 -0.2493 -0.6644
v -0.9309 -0.1950 -0.6803
v -0.9310 -0.2090 -0.6740
v -0.9160 -0.1942 -0.6785
v -0.9169 -0.2095 -0.6747
v -0.9170 -0.1770 -0.6790
v -0.9310 -0.1810 -0.6846
v -0.9170 -0.1670 -0.6807
v -0.9310 -0.1670 -0.6835
v -0.9019 -0.2228 -0.6680
v -0.9025 -0.2066 -0.6749
v -0.8898 -0.2471 -0.6588
v -0.8843 -0.1964 -0.6666
v -0.8784 -0.4747 -0.6371
v -0.8739 -0.4743 -0.6349
v -0.8858 -0.4610 -0.6510
v -0.8750 -0.4470 -0.6309
v -0.8754 -0.4184 -0.6232
v -0.8756 -0.4039 -0.6274
v -0.8734 -0.3925 -0.6401
v -0.8741 -0.3702 -0.6370
v -0.8750 -0.3490 -0.6386
v -0.8741 -0.3318 -0.6448
v -0.8615 -0.2774 -0.6539
v -0.8750 -0.2650 -0.6555
v -0.8610 -0.4707 -0.6417
v -0.8598 -0.4482 -0.6432
v -0.8605 -0.4371 -0.6430
v -0.8612 -0.4047 -0.6472
v -0.8615 -0.3406 -0.6446
v -0.8602 -0.3143 -0.6517
v -0.8538 -0.3037 -0.6511
v -0.8614 -0.2647 -0.6482
v -0.8470 -0.4470 -0.6400
v -0.8470 -0.4330 -0.6421
v -0.8469 -0.4058 -0.6476
v -0.8468 -0.3768 -0.6389
v -0.8476 -0.3548 -0.6441
v -0.8394 -0.3212 -0.6464
v -0.8456 -0.2850 -0.6468
v -0.8330 -0.3770 -0.6436
v -0.8330 -0.3630 -0.6393
v -0.8330 -0.3490 -0.6392
v -0.8200 -0.3227 -0.6464
v -0.8292 -0.2979 -0.6458
v -0.8276 -0.2680 -0.6489
v -0.8190 -0.3352 -0.6435
v -0.8190 -0.3490 -0.6351
v -0.8190 -0.3070 -0.6495
v -0.8127 -0.2923 -0.6472
v -0.8050 -0.3210 -0.6466
v -0.8050 -0.3070 -0.6493
v -0.8027 -0.2688 -0.6522
v -0.7910 -0.3071 -0.6525
v -0.7910 -0.2930 -0.6611
v -0.7910 -0.2790 -0.6575
v -0.7910 -0.2514 -0.6548
v 0.9949 0.4215 0.2165
v 0.9939 0.4546 0.2170
v 0.9919 0.4987 0.2172
v 1.0155 0.4921 0.2067
v 1.0184 0.5193 0.2038
v 1.0028 0.5647 0.2117
v 0.9936 0.5697 0.2171
v 1.0189 0.4358 0.2029
v 1.0210 0.4469 0.2024
v 1.0283 0.4808 0.1989
v 1.0177 0.5845 0.2020
v 1.0142 0.6030 0.2022
v 1.0279 0.4256 0.1993
v 1.0276 0.5038 0.1986
v 1.0292 0.5391 0.1968
v 1.0299 0.5713 0.1964
v 1.0506 0.4282 0.1943
v 1.0466 0.4508 0.1936
v 1.0642 0.5043 0.1892
v 1.0440 0.5250 0.1941
v 1.0548 0.5488 0.1879
v 1.0733 0.4221 0.1889
v 1.0672 0.5304 0.1796
v 1.0655 0.4475 0.1896
v 1.0730 0.4788 0.1819
v 1.0791 0.5131 0.1786
v 1.0708 0.5581 0.1783
v 1.0717 0.5752 0.1788
v 1.0862 0.4322 0.1802
v 1.0903 0.4511 0.1740
v 1.0863 0.4628 0.1748
v 1.0978 0.4771 0.1609
v 1.0878 0.4925 0.1747
v 1.0850 0.5330 0.1750
v 1.0850 0.5610 0.1750
v 1.0835 0.5847 0.1753
v 1.0824 0.6041 0.1698
v 1.0973 0.4423 0.1465
v 1.0999 0.4697 0.1483
v 1.0964 0.5039 0.1607
v 1.0964 0.5155 0.1753
v 1.0999 0.5279 0.1470
v 1.0958 0.5330 0.1610
v 1.0994 0.5476 0.1642
v 1.0950 0.5470 0.1750
v 1.1004 0.5618 0.1631
v 1.0993 0.5797 0.1617
v 1.1007 0.6037 0.1627
v 1.1075 0.4446 0.0675
v 1.1083 0.4491 0.0300
v 1.1056 0.4365 0.1319
v 1.1069 0.4999 0.1328
v 1.1074 0.4855 0.0931
v 1.1082 0.5434 0.0673
v 1.1067 0.5407 0.1284
v 1.1090 0.5856 0.0384
v 1.1011 0.5676 0.1453
v 1.1073 0.5850 0.1262
v 1.1000 0.5818 0.1478
v 1.1049 0.6315 0.1397
v 1.1292 0.1859 -0.4420
v -0.4255 0.0061 -0.1753
v -0.4410 0.0045 -0.1750
v -0.4273 0.0110 -0.1425
v -0.4416 0.0090 -0.1533
v -0.4553 0.0142 -0.1472
v -0.4547 0.0203 -0.1142
v -0.4381 0.0215 -0.0827
v -0.4543 0.0247 -0.0494
v -0.4051 0.0204 -0.0468
v -0.4228 0.0225 -0.0250
v -0.4539 0.0255 -0.0213
v -0.4683 0.0282 -0.0099
v -0.4076 0.0234 0.0165
v -0.3957 0.0021 -0.2211
v -0.4016 0.0106 -0.1303
v -0.4062 0.0175 -0.1034
v -0.4014 0.0188 -0.0786
v -0.3856 0.0064 -0.1456
v -0.3656 0.0171 -0.0456
v -0.3717 0.0188 0.0062
v -0.3813 0.0165 -0.0997
v -0.3660 0.0166 -0.0306
v -0.3565 0.0021 -0.2030
v -0.3529 0.0040 -0.1424
v -0.3423 0.0099 -0.1062
v -0.3413 0.0143 -0.0366
v -0.3457 0.0137 0.0237
v -0.3286 0.0112 -0.0760
v -0.3158 0.0020 -0.2218
v -0.3116 0.0036 -0.1894
v -0.2950 0.0047 -0.1246
v -0.3127 0.0107 -0.0778
v -0.3164 0.0088 -0.0344
v -0.3179 0.0057 -0.0057
v -0.3277 0.0061 0.0303
v -0.3011 0.0069 -0.1044
v -0.2867 0.0033 -0.0376
v -0.2899 0.0036 0.0045
v -0.2729 0.0037 -0.1929
v -0.2769 0.0017 -0.0945
v -0.2891 0.0038 -0.0776
v -0.2503 0.0014 -0.2130
v -0.2612 0.0038 -0.1421
v -0.2570 0.0023 -0.0807
v -0.2475 0.0015 -0.0284
v -0.2378 0.0016 -0.1791
v -0.2210 0.0034 -0.1183
v -0.2288 0.0012 -0.0929
v -0.2045 -0.0006 -0.0397
v -0.2209 0.0010 -0.0195
v -0.2163 0.0029 -0.1597
v -0.1878 -0.0004 -0.0995
v -0.1833 -0.0006 -0.0573
v -0.1734 0.0017 -0.1790
v -0.1965 0.0019 -0.1502
v -0.1677 0.0012 -0.1425
v -0.1618 0.0016 -0.1195
v -0.1467 -0.0018 -0.0958
v -0.1319 -0.0029 -0.0304
v -0.1385 0.0015 -0.1800
v -0.1064 -0.0002 -0.1208
v -0.1000 -0.0041 -0.0525
v -0.1083 -0.0043 -0.0938
v -0.1010 0.0019 -0.1496
v -0.0926 -0.0031 -0.0232
v -0.0994 0.0008 -0.1682
v -0.0754 -0.0042 -0.0987
v -0.0715 -0.0052 -0.0731
v -0.0753 0.0013 -0.1225
v -0.0702 0.0022 -0.1671
v -0.0526 0.0008 -0.1445
v -0.0413 0.0006 -0.1198
v -0.0580 -0.0041 -0.0369
v -0.0555 0.0025 -0.1872
v -0.0494 -0.0033 -0.0912
v -0.0288 -0.0037 -0.0668
v -0.0082 0.0021 -0.1326
v -0.0133 0.0003 -0.1895
v 0.0088 -0.0002 -0.0781
v -0.0110 -0.0038 -0.0384
v 0.0148 0.0014 -0.1683
v -0.0058 -0.0012 -0.0511
v 0.0099 -0.0009 -0.2056
v 1.1209 0.4290 -0.3694
v 1.1193 0.4242 -0.3126
v 1.1185 0.4263 -0.2742
v 1.1231 0.4550 -0.3968
v 1.1191 0.4504 -0.3192
v 1.1190 0.4659 -0.2992
v 1.1213 0.4699 -0.3677
v 1.1207 0.4968 -0.3626
v 1.1207 0.5024 -0.3932
v 1.1179 0.5111 -0.3330
v 1.1175 0.5160 -0.2991
v 1.1171 0.5182 -0.2603
v 1.1197 0.5348 -0.3777
v 1.1165 0.5378 -0.2895
v 1.1218 0.5692 -0.4225
v 1.1170 0.5548 -0.3266
v 1.1162 0.5584 -0.2673
v 1.1198 0.5832 -0.3816
v 1.1153 0.5737 -0.3026
v 1.1189 0.5965 -0.3406
v 0.0330 0.0003 -0.0512
v 0.0385 0.0027 -0.1275
v 0.0358 0.0012 -0.0921
v 0.0665 0.0035 -0.1603
v 0.0691 0.0035 -0.1116
v 0.0751 0.0024 -0.0669
v 0.0677 0.0013 -0.0349
v 0.1002 0.0073 -0.1694
v 0.0930 -0.0001 -0.0315
v 0.0948 0.0057 -0.1343
v 0.0920 0.0035 -0.1074
v 0.0924 0.0023 -0.0707
v 0.1064 0.0021 -0.2020
v 0.0910 0.0005 -0.0092
v 0.1220 0.0030 -0.0442
v 0.1332 0.0061 -0.1957
v 0.1470 0.0074 -0.1351
v 0.1334 0.0053 -0.0892
v 0.1555 0.0046 -0.0515
v 0.1708 0.0080 -0.1139
v 0.1561 0.0096 -0.1795
v 0.1549 0.0053 -0.0721
v 0.1769 0.0051 -0.0303
v 0.1660 0.0071 -0.2026
v 0.1741 0.0082 -0.1427
v 0.1859 0.0066 -0.0777
v 0.2166 0.0104 -0.1938
v 0.2193 0.0104 -0.1743
v 0.2233 0.0095 -0.1409
v 0.2023 0.0069 -0.0969
v 0.2164 0.0072 -0.0242
v 0.2309 0.0074 -0.0516
v 0.2356 0.0080 -0.0853
v 0.2519 0.0103 -0.1576
v 1.0850 0.6484 -0.6792
v 1.0710 0.6450 -0.6730
v 1.0710 0.6502 -0.6790
v 1.0862 0.6447 -0.6719
v 1.0861 0.6445 -0.6934
v 1.0850 0.6385 -0.6790
v 1.1013 0.6420 -0.6816
v 1.0850 0.6590 -0.6930
v 1.1087 0.6450 -0.6790
v 0.2310 -0.0175 -0.6510
v 0.2310 -0.0128 -0.6662
v 0.2310 -0.0140 -0.6650
v 0.2380 -0.0130 -0.6510
v 0.2307 -0.0210 -0.6273
v 0.2449 -0.0130 -0.6337
v 0.2466 -0.0170 -0.6134
v 0.2178 -0.0115 -0.6107
v 0.2548 -0.0098 -0.5964
v 0.2310 -0.0185 -0.5950
v 0.2308 -0.0153 -0.5767
v 0.2447 -0.0139 -0.5817
v 0.2570 -0.0197 -0.5585
v 0.2357 -0.0128 -0.5539
v 0.2310 -0.0178 -0.5390
v 0.2450 -0.0170 -0.5390
v 0.2306 0.0014 -0.6505
v 0.2445 0.0013 -0.6366
v 0.2544 -0.0061 -0.4494
v 0.2310 -0.0023 -0.4550
v 0.2450 0.0083 -0.6510
v 0.2590 -0.0130 -0.6458
v 0.2466 -0.0130 -0.6370
v 0.2590 -0.0192 -0.6370
v 0.2582 -0.0161 -0.6148
v 0.2591 -0.0166 -0.5812
v 0.2590 -0.0200 -0.5390
v 0.2450 -0.0270 -0.5255
v 0.2592 -0.0270 -0.5253
v 0.2590 -0.0014 -0.6370
v 0.2590 0.0010 -0.6360
v 0.2590 0.0027 -0.6370
v 0.2590 0.1130 -0.5021
v 0.2590 0.1270 -0.4995
v 0.2318 0.1131 -0.5032
v 0.2424 0.1280 -0.5016
v 0.2590 0.1410 -0.4996
v 0.2465 0.1542 -0.5052
v 0.2590 0.1550 -0.5038
v 0.2740 -0.0139 -0.6378
v 0.2758 -0.0098 -0.6123
v 0.2732 -0.0161 -0.5611
v 0.2763 -0.0184 -0.5386
v 0.2730 -0.0173 -0.5250
v 0.2730 0.0010 -0.6354
v 0.2730 -0.0122 -0.5950
v 0.2730 -0.0107 -0.5810
v 0.2803 0.1271 -0.4985
v 0.2794 0.1413 -0.5045
v 0.2715 0.1554 -0.5052
v 0.2870 -0.0187 -0.6230
v 0.2863 -0.0055 -0.6067
v 0.2870 -0.0069 -0.5810
v 0.2918 -0.0135 -0.5688
v 0.3010 -0.0192 -0.6230
v 0.3010 -0.0130 -0.6296
v 0.2914 -0.0130 -0.6090
v 0.3010 -0.0178 -0.6090
v 0.3010 -0.0130 -0.6010
v 0.3031 -0.0074 -0.5930
v 0.3055 -0.0097 -0.5668
v 0.3110 -0.0094 -0.4542
v 0.2870 -0.0105 -0.4550
v 0.3072 -0.0074 -0.4234
v 0.2862 -0.0078 -0.4411
v 0.3010 0.1270 -0.5050
v 0.3002 0.1421 -0.5092
v 0.3150 -0.0200 -0.6230
v 0.3264 -0.0175 -0.6098
v 0.3150 -0.0130 -0.6038
v 0.3240 -0.0179 -0.5515
v 0.3150 -0.0166 -0.5390
v 0.3286 -0.0171 -0.5835
v 0.3150 -0.0130 -0.5142
v 0.3066 -0.0130 -0.5110
v 0.3147 -0.0125 -0.5107
v 0.3120 0.1188 -0.5112
v 0.3261 0.1270 -0.5131
v 0.3206 0.1440 -0.5081
v 0.3252 0.1661 -0.5036
v 0.3290 -0.0142 -0.6230
v 0.3274 -0.0130 -0.5950
v 0.3318 -0.0140 -0.5955
v 0.3377 -0.0177 -0.5389
v 0.3290 -0.0173 -0.5250
v 0.3150 -0.0155 -0.5250
v 0.3290 -0.0159 -0.4690
v 0.3210 -0.0130 -0.4690
v 0.3290 -0.0130 -0.4636
v 0.3290 -0.0090 -0.5670
v 0.3290 -0.0130 -0.5155
v 0.3290 -0.0112 -0.5110
v 0.3165 -0.0130 -0.4970
v 0.3290 -0.0094 -0.4970
v 0.3290 0.1130 -0.5160
v 0.3303 -0.0130 -0.6230
v 0.3430 -0.0148 -0.6090
v 0.3430 -0.0130 -0.6120
v 0.3430 -0.0130 -0.6020
v 0.3429 -0.0151 -0.5110
v 0.3360 -0.0130 -0.5110
v 0.3430 -0.0116 -0.4690
v 0.3430 -0.0050 -0.5950
v 0.3430 -0.0010 -0.5810
v 0.3561 -0.0122 -0.5677
v 0.3398 -0.0130 -0.4970
v 0.3282 -0.0088 -0.4534
v 0.3523 -0.0126 -0.4471
v 0.3433 0.0992 -0.5271
v 0.3430 0.1130 -0.5176
v 0.3290 0.0990 -0.5189
v 0.3484 0.1276 -0.5103
v 0.3561 0.1618 -0.5039
v 0.3449 -0.0130 -0.6090
v 0.3542 -0.0130 -0.5950
v 0.3574 -0.0135 -0.5957
v 0.3570 -0.0130 -0.5955
v 0.3569 -0.0152 -0.5813
v 0.3515 -0.0158 -0.5473
v 0.3570 -0.0196 -0.5251
v 0.3524 -0.0129 -0.5059
v 0.3430 -0.0135 -0.4830
v 0.3570 -0.0120 -0.4687
v 0.3574 -0.0144 -0.4830
v 0.3711 -0.0099 -0.5019
v 0.3430 0.0810 -0.5390
v 0.3510 0.0850 -0.5390
v 0.3430 0.0850 -0.5329
v 0.3570 0.0850 -0.5431
v 0.3570 0.0960 -0.5390
v 0.3579 0.0985 -0.5242
v 0.3570 0.1130 -0.5148
v 0.3733 0.1557 -0.5066
v 0.3822 -0.0117 -0.5915
v 0.3710 -0.0123 -0.5669
v 0.3697 -0.0180 -0.5459
v 0.3710 -0.0151 -0.5250
v 0.3704 -0.0160 -0.4682
v 0.3710 -0.0092 -0.4830
v 0.3570 0.0644 -0.5530
v 0.3710 0.0671 -0.5530
v 0.3710 0.0710 -0.5483
v 0.3570 0.0710 -0.5464
v 0.3669 0.0849 -0.5391
v 0.3754 0.0797 -0.5365
v 0.3711 0.0996 -0.5280
v 0.3710 0.1095 -0.5110
v 0.3707 0.1130 -0.5098
v 0.3710 0.1270 -0.5110
v 0.3846 0.1525 -0.5054
v 0.3820 -0.0129 -0.5724
v 0.3848 -0.0089 -0.5532
v 0.3900 -0.0123 -0.5282
v 0.3863 -0.0147 -0.5101
v 0.3853 -0.0169 -0.4825
v 0.3793 -0.0130 -0.4830
v 0.4117 -0.0137 -0.4392
v 0.4007 -0.0072 -0.4189
v 0.3710 0.0710 -0.5670
v 0.3850 0.0589 -0.5670
v 0.3853 0.0688 -0.5525
v 0.3732 0.0990 -0.5250
v 0.3855 0.0840 -0.5225
v 0.3854 0.0970 -0.5168
v 0.3850 0.1130 -0.5157
v 0.3915 0.1334 -0.5116
v 0.4006 -0.0116 -0.5801
v 0.3990 -0.0142 -0.5110
v 0.3990 -0.0080 -0.6090
v 0.3850 -0.0085 -0.6090
v 0.3990 -0.0075 -0.5670
v 0.3999 -0.0108 -0.5518
v 0.3990 0.0586 -0.5530
v 0.3988 0.0775 -0.5404
v 0.4010 0.1185 -0.5148
v 0.4131 -0.0168 -0.5096
v 0.3990 -0.0135 -0.4970
v 0.4130 -0.0176 -0.4829
v 0.3985 -0.0170 -0.4828
v 0.4130 -0.0155 -0.4550
v 0.4130 -0.0042 -0.6230
v 0.3990 -0.0107 -0.6230
v 0.4130 -0.0079 -0.6090
v 0.4130 -0.0076 -0.5950
v 0.4219 -0.0092 -0.5634
v 0.4409 -0.0068 -0.5261
v 0.4255 -0.0089 -0.5256
v 0.4130 0.0633 -0.5530
v 0.4130 0.0712 -0.5391
v 0.4141 0.0850 -0.5228
v 0.4139 0.1075 -0.5132
v 0.4141 0.1273 -0.5065
v 0.4129 -0.0159 -0.6351
v 0.4233 -0.0130 -0.6510
v 0.4130 -0.0211 -0.6510
v 0.4262 -0.0130 -0.6370
v 0.4281 -0.0171 -0.5110
v 0.4272 -0.0159 -0.4734
v 0.4280 -0.0103 -0.4425
v 0.4270 -0.0128 -0.6370
v 0.4255 -0.0027 -0.6220
v 0.4270 -0.0113 -0.5950
v 0.4270 0.0622 -0.5530
v 0.4277 0.0764 -0.5374
v 0.4281 0.0818 -0.5193
v 0.4239 0.1019 -0.5016
v 0.4410 -0.0143 -0.6650
v 0.4382 -0.0130 -0.6650
v 0.4410 -0.0130 -0.6580
v 0.4269 -0.0096 -0.6509
v 0.4410 -0.0092 -0.6370
v 0.4412 0.0020 -0.6227
v 0.4270 0.0710 -0.5578
v 0.4410 0.0710 -0.5668
v 0.4410 0.0631 -0.5530
v 0.4419 0.0688 -0.5378
v 0.4410 0.0780 -0.5670
v 0.4270 0.0850 -0.5668
v 0.4270 0.0920 -0.5670
v 0.4434 0.0790 -0.4951
v 0.4457 -0.0130 -0.6650
v 0.4550 0.0710 -0.5584
v 0.4410 0.0850 -0.5671
v 0.4550 0.0850 -0.5695
v 0.4550 0.0825 -0.5670
v -1.0570 0.6450 -0.6538
v -1.0710 0.6450 -0.6542
v -1.0578 0.6590 -0.6537
v -1.0419 0.6594 -0.6430
v -1.0419 0.6732 -0.6518
v -1.0570 0.6730 -0.6536
v -1.0414 0.6869 -0.6526
v -1.0570 0.6870 -0.6566
v -1.0412 0.7010 -0.6526
v -1.0570 0.7010 -0.6555
v -1.0291 0.6731 -0.6369
v -1.0290 0.6870 -0.6434
v -1.0289 0.7011 -0.6369
v -1.0430 0.7150 -0.6446
v -1.0290 0.7150 -0.6435
v -1.0291 0.7290 -0.6367
v -1.0430 0.7290 -0.6438
v -1.0138 0.6865 -0.6347
v -1.0152 0.7147 -0.6318
v -1.0170 0.7150 -0.6370
v -1.0151 0.7546 -0.6300
v -1.0290 0.7430 -0.6346
v -1.0290 0.7570 -0.6385
v -1.0291 0.7708 -0.6332
v -1.0135 0.7718 -0.6288
v -0.9995 0.6495 -0.6399
v -0.9941 0.7037 -0.6397
v -1.0019 0.7167 -0.6384
v -0.9993 0.7527 -0.6376
v -1.0012 0.8117 -0.6235
v -1.0150 0.8076 -0.6230
v -1.0142 0.7975 -0.6285
v -1.0004 0.8685 -0.6263
v -1.0063 0.8270 -0.6230
v -1.0089 0.8542 -0.6228
v -0.9799 0.6482 -0.6400
v -0.9610 0.6977 -0.6436
v -0.9652 0.7362 -0.6427
v -0.9592 0.7740 -0.6429
v -0.9763 0.7983 -0.6412
v -0.9861 0.8104 -0.6343
v -0.9843 0.8496 -0.6374
v -0.9721 0.8353 -0.6410
v -0.9558 0.6574 -0.6431
v -0.9589 0.8347 -0.6432
v -0.9323 0.7041 -0.6369
v -0.9445 0.7331 -0.6415
v -0.9444 0.7991 -0.6416
v -0.9450 0.8514 -0.6425
v -0.9302 0.6519 -0.6360
v -0.9306 0.7569 -0.6365
v -0.9316 0.8327 -0.6382
v -0.9314 0.8830 -0.6385
v -0.9168 0.6632 -0.6345
v -0.9169 0.7051 -0.6356
v -0.9162 0.7792 -0.6356
v -0.9029 0.8385 -0.6332
v -0.9036 0.6675 -0.6298
v -0.9029 0.7275 -0.6304
v -0.8973 0.7486 -0.6302
v -0.8953 0.8068 -0.6305
v -0.8475 0.6997 -0.6295
v -0.8743 0.8515 -0.6301
v -0.4153 0.8467 -0.6240
v -0.4131 1.0073 -0.6255
v -0.3885 1.0743 -0.6256
v -0.4230 1.0826 -0.6261
v -0.3929 0.9335 -0.6247
v -0.3920 0.9687 -0.6253
v -0.3983 0.8658 -0.6248
v -0.3568 0.9068 -0.6242
v -0.3729 1.0330 -0.6250
v -0.3488 0.8690 -0.6235
v -0.3386 0.9471 -0.6239
v -0.3167 0.9912 -0.6240
v -0.3239 1.0481 -0.6245
v -0.3013 0.9158 -0.6233
v -0.2803 1.0846 -0.6227
v -0.3061 0.8652 -0.6228
v -0.2839 0.9341 -0.6230
v -0.2681 1.0367 -0.6234
v -0.2894 0.8520 -0.6223
v -0.2747 0.8699 -0.6228
v -0.2677 0.9920 -0.6232
v -0.2282 0.8680 -0.6219
v -0.2350 0.9446 -0.6229
v -0.2188 0.9117 -0.6217
v -0.2141 0.9321 -0.6226
v -0.2199 0.9694 -0.6226
v -0.2195 1.0164 -0.6227
v -0.2160 1.0632 -0.6228
v -0.2500 0.8327 -0.6226
v -0.2086 0.8849 -0.6228
v 0.2690 0.6395 -0.6501
v 0.2219 0.6718 -0.6489
v 0.1965 0.6410 -0.6485
v 0.2684 0.7046 -0.6489
v 0.2014 0.7026 -0.6487
v 0.2351 0.7332 -0.6484
v 0.2432 0.7787 -0.6500
v 0.2190 0.7455 -0.6481
v 0.2533 0.8174 -0.6489
v 0.2354 0.8005 -0.6494
v 0.2190 0.6253 -0.6502
v 0.2754 0.7379 -0.6491
v 0.2586 0.7632 -0.6484
v 0.2855 0.8310 -0.6489
v 0.2916 0.7650 -0.6494
v 0.2720 0.7974 -0.6496
v 0.3157 0.6424 -0.6475
v 0.2683 0.6177 -0.6488
v 0.2984 0.6827 -0.6486
v 0.3204 0.7191 -0.6492
v 0.3022 0.8025 -0.6489
v 0.3137 0.7406 -0.6490
v 0.3299 0.6707 -0.6497
v 0.3254 0.7801 -0.6490
v 0.3419 0.8104 -0.6500
v 0.3658 0.6393 -0.6473
v 0.3577 0.6682 -0.6472
v 0.3652 0.7346 -0.6490
v 0.3796 0.7954 -0.6488
v 0.3887 0.6632 -0.6444
v 0.3939 0.6878 -0.6474
v 0.4051 0.7308 -0.6482
v 0.3974 0.7626 -0.6481
v 0.4020 0.8114 -0.6494
v 0.4077 0.7017 -0.6478
v 0.4198 0.7710 -0.6485
v 0.4119 0.6826 -0.6436
v 0.4015 0.6355 -0.6443
v 0.4231 0.6061 -0.6436
v 0.4331 0.6716 -0.6438
v 0.4280 0.7003 -0.6459
v 0.4367 0.7257 -0.6467
v 0.4339 0.7357 -0.6479
v 0.4423 0.6467 -0.6445
v 0.4423 0.6922 -0.6467
v 0.2531 0.4211 -0.5178
v 0.2544 0.4517 -0.5202
v 0.1982 0.4113 -0.5190
v 0.2594 0.4874 -0.5213
v 0.2059 0.4605 -0.5218
v 0.2439 0.4967 -0.5235
v 0.2201 0.4959 -0.5231
v 0.2447 0.5269 -0.5263
v 0.2314 0.5288 -0.5256
v 0.2470 0.5459 -0.5339
v 0.2043 0.5492 -0.5390
v 0.3007 0.5549 -0.6090
v 0.2307 0.5546 -0.6088
v 0.2275 0.5536 -0.5941
v 0.2513 0.5615 -0.5494
v 0.2484 0.5867 -0.6495
v 0.2265 0.5619 -0.6498
v 0.2449 0.5612 -0.6492
v 0.2716 0.5653 -0.5655
v 0.2394 0.5542 -0.5813
v 0.2052 0.5654 -0.5679
v 0.2259 0.6051 -0.6483
v 0.2629 0.5319 -0.5254
v 0.2590 0.5470 -0.6423
v 0.2650 0.5625 -0.6500
v 0.2450 0.5470 -0.6470
v 0.2732 0.5530 -0.5810
v 0.2968 0.4695 -0.5198
v 0.2727 0.5484 -0.5323
v 0.2730 0.5470 -0.6471
v 0.2891 0.5611 -0.5452
v 0.2860 0.5900 -0.6484
v 0.3032 0.5179 -0.5243
v 0.2851 0.5272 -0.5259
v 0.2870 0.5470 -0.6474
v 0.2870 0.5610 -0.6505
v 0.2870 0.5537 -0.5950
v 0.2871 0.5663 -0.5805
v 0.3168 0.4558 -0.5186
v 0.3120 0.5339 -0.5269
v 0.3138 0.5471 -0.5323
v 0.3145 0.5539 -0.5948
v 0.3146 0.5634 -0.5801
v 0.3283 0.5610 -0.6484
v 0.3154 0.5823 -0.6495
v 0.3143 0.5649 -0.5665
v 0.3150 0.6121 -0.6483
v 0.3160 0.4989 -0.5218
v 0.3150 0.5566 -0.6230
v 0.3010 0.5564 -0.6230
v 0.3151 0.5548 -0.6090
v 0.3292 0.5610 -0.5402
v 0.3649 0.4722 -0.5172
v 0.3313 0.4921 -0.5202
v 0.3391 0.5287 -0.5256
v 0.3290 0.5470 -0.5298
v 0.3426 0.5657 -0.5668
v 0.3576 0.4999 -0.5207
v 0.3483 0.5475 -0.5311
v 0.3430 0.5546 -0.6090
v 0.3433 0.5540 -0.5944
v 0.3647 0.5616 -0.5405
v 0.3418 0.5618 -0.6493
v 0.3532 0.5884 -0.6460
v 0.3649 0.4536 -0.5166
v 0.3847 0.5415 -0.5244
v 0.4110 0.5547 -0.6092
v 0.3621 0.5575 -0.5962
v 0.3605 0.5673 -0.5823
v 0.3754 0.5610 -0.6497
v 0.3832 0.5607 -0.5374
v 0.3832 0.5770 -0.6453
v 0.3833 0.6204 -0.6447
v 0.3945 0.4804 -0.5173
v 0.3838 0.5074 -0.5220
v 0.3887 0.5653 -0.5657
v 0.4131 0.5029 -0.5196
v 0.4114 0.5530 -0.5946
v 0.4178 0.5643 -0.5777
v 0.4108 0.5615 -0.5311
v 0.4131 0.5637 -0.5392
v 0.4129 0.4553 -0.5175
v 0.4137 0.5432 -0.5242
v 0.4426 0.5728 -0.6452
v 0.4283 0.5682 -0.5544
v 0.4234 0.4558 -0.5113
v 0.4241 0.4858 -0.5110
v 0.4272 0.5408 -0.5028
v 0.4230 0.5323 -0.5112
v 0.4270 0.5470 -0.6051
v 0.4232 0.5470 -0.6090
v 0.4277 0.5562 -0.5947
v 0.4173 0.5610 -0.5250
v 0.4232 0.5748 -0.5113
v 0.4351 0.5804 -0.4991
v 0.4414 0.5656 -0.5717
v 0.4219 0.5750 -0.5390
v 0.4086 0.5731 -0.5223
v 0.4130 0.5643 -0.5250
v 0.4373 0.5870 -0.5413
v 0.4130 0.5782 -0.5250
v 0.4291 0.5831 -0.5231
v 0.4270 0.5890 -0.5110
v 0.4311 0.6032 -0.5261
v 0.4265 0.6030 -0.5104
v 0.4398 0.5144 -0.4952
v 0.4466 0.5836 -0.5566
v 0.4407 0.6035 -0.6442
v 0.4431 0.6042 -0.5445
v 0.4355 0.6034 -0.4960
v 0.4405 0.6176 -0.5248
v 0.4356 0.6185 -0.5107
v 0.4386 0.6170 -0.4963
v 0.4410 0.5476 -0.6370
v 0.4550 0.5610 -0.5918
v 0.4550 0.5582 -0.5950
v 0.2403 0.2250 0.3990
v 0.2438 0.2324 0.3993
v 0.2310 0.2250 0.3864
v 0.2540 0.2679 0.3509
v 0.2437 0.2960 0.3136
v 0.2440 0.3026 0.2878
v 0.2450 0.3040 0.2730
v 0.2473 0.2250 0.4130
v 0.2591 0.2417 0.4140
v 0.2617 0.2638 0.3710
v 0.2631 0.2589 0.3824
v 0.2604 0.2530 0.3998
v 0.2590 0.2941 0.3444
v 0.2590 0.3090 0.2870
v 0.2584 0.3051 0.3103
v 0.2681 0.3020 0.3408
v 0.2590 0.2266 0.4410
v 0.2609 0.2237 0.4487
v 0.2756 0.2616 0.4163
v 0.2758 0.2531 0.4374
v 0.2817 0.2671 0.3979
v 0.2685 0.2821 0.3757
v 0.2641 0.2948 0.3568
v 0.2886 0.3088 0.3359
v 0.2899 0.2735 0.4237
v 0.2954 0.2748 0.4411
v 0.2861 0.2778 0.4010
v 0.2955 0.2961 0.4011
v 0.2947 0.3004 0.3851
v 0.3072 0.2964 0.4274
v 0.3052 0.2950 0.4410
v 0.3376 0.3061 0.4132
v 0.3322 0.3027 0.4323
v 0.3430 0.3090 0.4013
v 0.3574 0.3088 0.4403
v 0.3471 0.3090 0.4130
v -0.2089 -0.0816 -0.6411
v -0.2292 -0.0812 -0.6424
v -0.2073 -0.0970 -0.6452
v -0.1937 -0.0741 -0.6232
v -0.2170 -0.0720 -0.6230
v -0.2165 -0.0690 -0.6134
v -0.2170 -0.0690 -0.6082
v -0.2170 -0.0655 -0.6090
v -0.2002 -0.0393 -0.5976
v -0.2068 -0.0408 -0.6093
v -0.2259 -0.0450 -0.5951
v -0.1890 -0.0970 -0.6424
v -0.1885 -0.0804 -0.6408
v -0.1750 -0.0794 -0.6370
v -0.1740 -0.0830 -0.6408
v -0.1750 -0.0780 -0.6230
v -0.1610 -0.0830 -0.6326
v -0.1607 -0.0786 -0.6230
v -0.1445 -0.0819 -0.6399
v -0.1530 -0.0830 -0.6370
v -0.1444 -0.0917 -0.6371
v -0.1060 -0.0782 -0.6229
v -0.1050 -0.0906 -0.6370
v -0.1054 -0.0825 -0.6384
v -0.1050 -0.0970 -0.6340
v -0.0910 -0.0830 -0.6284
v -0.0910 -0.0970 -0.6332
v -0.0910 -0.0795 -0.6230
v -0.1050 -0.0830 -0.6152
v -0.0799 -0.0867 -0.6094
v -0.0772 -0.0970 -0.6334
v -0.0906 -0.1110 -0.6277
v -0.0767 -0.0823 -0.6381
v -0.0752 -0.0786 -0.6230
v -0.0284 -0.1110 -0.6292
v -0.0559 -0.0940 -0.6351
v -0.0630 -0.0925 -0.6230
v -0.0630 -0.0911 -0.6090
v -0.0492 -0.0829 -0.6399
v -0.0529 -0.0803 -0.6226
v -0.0483 -0.0868 -0.6087
v -0.0219 -0.0828 -0.6401
v -0.0350 -0.0784 -0.6230
v -0.0356 -0.0869 -0.6088
v -0.0210 -0.0914 -0.6230
v -0.0280 -0.0830 -0.6230
v -0.0211 -0.0821 -0.6368
v -0.0210 -0.0895 -0.6090
v 0.0069 -0.0816 -0.6365
v 0.0069 -0.0915 -0.6230
v -0.0073 -0.0864 -0.6090
v 0.0229 -0.1098 -0.6325
v 0.0350 -0.0830 -0.6380
v 0.4610 0.0010 -0.6790
v 0.4690 0.0010 -0.6720
v 0.0209 -0.0867 -0.6090
v 0.0210 -0.0785 -0.6230
v 0.0352 -0.0912 -0.6228
v 0.0480 -0.0781 -0.6229
v 0.0492 -0.0862 -0.6088
v 0.0630 -0.0970 -0.6351
v 0.0629 -0.1110 -0.6324
v 0.0630 -0.0829 -0.6379
v 0.0630 -0.0830 -0.6144
v 0.0630 -0.0865 -0.6090
v 0.0770 -0.0844 -0.6370
v 0.0770 -0.0830 -0.6375
v 0.0770 -0.0970 -0.6339
v 0.0770 -0.0828 -0.6370
v 0.0770 -0.0786 -0.6230
v 0.0770 -0.0830 -0.6138
v 0.0910 -0.0858 -0.6370
v 0.0910 -0.0830 -0.6379
v 0.1050 -0.0830 -0.6370
v 0.1050 -0.0410 -0.5691
v 0.0989 -0.0550 -0.5670
v 0.1050 -0.0550 -0.5708
v 0.0975 -0.0410 -0.5670
v 0.1050 -0.0786 -0.6230
v 0.1109 -0.0830 -0.6230
v 0.1199 -0.0867 -0.6211
v 0.1190 -0.0764 -0.6090
v 0.1050 -0.0714 -0.5952
v 0.1190 -0.0723 -0.5950
v 0.1277 -0.0830 -0.6230
v 0.1330 -0.0801 -0.6230
v 0.1330 -0.0772 -0.6090
v -0.0057 -0.7355 0.0209
v 0.0234 -0.7324 0.0206
v 0.0319 -0.7299 0.0470
v -0.0199 -0.7348 0.0345
v -0.0365 -0.7321 0.0503
v 0.0056 -0.7324 0.0658
v 0.0070 -0.7309 0.0910
v 0.0232 -0.7312 0.0872
v 0.0209 -0.7336 0.1189
v -0.0102 -0.7358 0.1183
v 0.0350 -0.7303 0.1050
v 0.0350 -0.7428 0.1190
v 0.0352 -0.7278 0.0347
v 0.0408 -0.7307 0.0618
v 0.0444 -0.7292 0.0831
v 0.0490 -0.7302 0.1050
v 0.0798 -0.7271 0.0232
v 0.0759 -0.7265 0.0364
v 0.0819 -0.7253 0.0788
v 0.0745 -0.7270 0.0922
v 0.0630 -0.7338 0.1050
v 0.0903 -0.7299 0.1051
v 0.0916 -0.7305 0.0898
v 0.0995 -0.7261 0.0551
v 0.1159 -0.7239 0.0256
v 0.1050 -0.7204 0.0770
v 0.1050 -0.7291 0.0910
v 0.1160 -0.7220 0.0661
v 0.1289 -0.7209 0.0930
v 0.1330 -0.7251 0.0490
v 0.1335 -0.7260 0.0349
v 0.1330 -0.7191 0.0630
v 0.1330 -0.7205 0.0770
v 0.1570 -0.7253 0.0352
v 0.1470 -0.7219 0.0490
v 0.1470 -0.7123 0.0631
v 0.1470 -0.7205 0.0770
v 0.1470 -0.7130 0.0646
v 0.1727 -0.7180 0.0495
v 0.1610 -0.7130 0.0630
v 0.1610 -0.7200 0.0770
v 0.2017 -0.7279 0.0256
v 0.1890 -0.7262 0.0350
v 0.2034 -0.7278 0.0356
v 1.1272 1.2614 -0.6093
v 1.1885 1.3186 -0.6152
v 1.1971 1.3312 -0.6082
v 1.1983 1.3306 -0.6257
v 1.1895 1.3450 -0.6230
v 1.1993 1.3448 -0.6391
v 1.2006 1.3603 -0.6225
v 1.1969 1.3593 -0.6090
v 1.1970 1.3730 -0.6572
v 1.1926 1.3730 -0.6510
v 1.1970 1.3656 -0.6510
v 1.1970 1.3730 -0.6407
v 1.1970 1.3813 -0.6510
v 1.2105 1.3338 -0.6675
v 1.2110 1.3589 -0.6630
v 1.2042 1.3590 -0.6510
v 1.1996 1.3730 -0.6370
v 1.2009 1.3731 -0.6094
v 1.2025 1.3870 -0.6510
v 1.2424 1.3314 -0.6626
v 1.2321 1.3450 -0.6638
v 1.2401 1.3612 -0.6641
v 1.2540 1.3451 -0.6660
v 1.2530 1.3590 -0.6625
v 1.2531 1.3730 -0.6607
v 1.2530 1.3870 -0.6588
v 1.2671 1.3407 -0.6616
v 1.2670 1.3590 -0.6614
v 1.2810 1.3590 -0.6588
v 1.2810 1.3730 -0.6582
v 0.9547 0.2061 0.3919
v 0.9498 0.2050 0.4149
v 0.9548 0.2078 0.4414
v 0.9449 0.1979 0.4692
v 0.9586 0.2110 0.3710
v 0.9571 0.2301 0.4267
v 0.9537 0.2137 0.4524
v 0.9597 0.2286 0.3888
v 0.9615 0.2527 0.4041
v 0.9561 0.2302 0.4491
v 0.9601 0.2635 0.4199
v 0.9553 0.2570 0.4596
v 0.9620 0.2860 0.4616
v 0.9674 0.2008 0.2644
v 0.9602 0.1974 0.3599
v 0.9754 0.2214 0.2740
v 0.9693 0.2188 0.3008
v 0.9720 0.2090 0.3252
v 0.9662 0.2105 0.3523
v 0.9718 0.2287 0.2912
v 0.9702 0.2347 0.3145
v 0.9731 0.2331 0.3292
v 0.9699 0.2260 0.3472
v 0.9626 0.2269 0.3762
v 0.9694 0.2428 0.3462
v 0.9715 0.2530 0.3010
v 0.9716 0.2419 0.2797
v 0.9680 0.2608 0.3274
v 0.9623 0.2490 0.3685
v 0.9629 0.2568 0.3874
v 0.9729 0.2695 0.2877
v 0.9688 0.2670 0.3010
v 0.9690 0.2668 0.3501
v 0.9606 0.2779 0.3792
v 0.9642 0.2870 0.3952
v 0.9747 0.2925 0.3116
v 0.9677 0.2835 0.3275
v 0.9734 0.2934 0.3328
v 0.9643 0.2801 0.4156
v 0.9739 0.3091 0.3667
v 0.9648 0.3013 0.4220
v 0.9729 0.3186 0.3927
v 0.9644 0.3105 0.4421
v 0.9709 0.3230 0.4234
v 0.9722 0.3421 0.4257
v 0.9701 0.3256 0.4551
v 0.9736 0.3457 0.3742
v 0.9737 0.3478 0.4080
v 0.9751 0.3695 0.4014
v 0.9691 0.3510 0.4543
v 0.9727 0.3679 0.4399
v 0.9745 0.3622 0.4639
v 0.9789 0.2430 0.2458
v 0.9779 0.2668 0.2438
v 0.9767 0.2626 0.2626
v 0.9769 0.3057 0.2660
v 0.9779 0.3079 0.2875
v 0.9739 0.3189 0.3144
v 0.9753 0.3250 0.3579
v 0.9796 0.3377 0.2666
v 0.9773 0.3435 0.2992
v 0.9741 0.3472 0.3263
v 0.9796 0.3675 0.2910
v 0.9754 0.3526 0.3532
v 0.9820 0.3834 0.2608
v 0.9759 0.3911 0.4075
v 0.9729 0.3836 0.4496
v 0.9500 0.2110 0.4690
v 0.9609 0.2106 0.4833
v 0.9555 0.2275 0.4850
v 0.9598 0.2576 0.4824
v 0.9740 0.1979 0.4975
v 0.9738 0.2143 0.4974
v 0.9784 0.2531 0.4967
v 0.9790 0.2716 0.4969
v 0.9803 0.2944 0.4956
v 0.9687 0.3037 0.4826
v 0.9749 0.3090 0.4970
v 0.9777 0.3282 0.4807
v 0.9785 0.3488 0.4805
v 0.9763 0.2536 0.5111
v 0.9820 0.2926 0.5107
v 0.9817 0.3090 0.5110
v 0.9707 0.2953 0.5252
v 0.9758 0.3090 0.5250
v 0.9852 0.3271 0.4961
v 0.9843 0.3230 0.5110
v 1.0003 0.3145 0.5250
v 1.0011 0.3231 0.5150
v 0.9872 0.3461 0.5110
v 1.0141 0.3649 0.5148
v 0.9905 0.3611 0.4966
v 0.9785 0.3657 0.4832
v 0.9945 0.3826 0.5110
v 1.0150 0.3090 0.5183
v 1.0150 0.3031 0.5250
v 1.0163 0.3368 0.5152
v 1.0150 0.3790 0.5077
v 1.0295 0.3665 0.5117
v 1.0290 0.3015 0.5250
v 1.0290 0.3090 0.5169
v 1.0412 0.3681 0.5096
v 1.0346 0.3925 0.5048
v 1.0430 0.3370 0.5139
v 1.0424 0.3508 0.5138
v 1.0569 0.3791 0.5060
v 1.0420 0.4056 0.5112
v 1.0570 0.3370 0.5028
v 1.0506 0.3230 0.5110
v 1.0570 0.3230 0.4999
v 1.0462 0.3370 0.5110
v 1.0570 0.3510 0.5023
v 1.0707 0.3647 0.5024
v 1.0570 0.3893 0.5110
v 1.0712 0.3155 0.5036
v 1.0767 0.3457 0.5035
v 1.0755 0.3839 0.5029
v 1.0710 0.3930 0.5060
v 1.0621 0.3930 0.5110
v 1.0850 0.3090 0.5051
v 1.0936 0.3293 0.5113
v 1.0990 0.3517 0.5074
v 1.0990 0.2950 0.5080
v 1.0990 0.3090 0.5086
v 1.0850 0.2950 0.5067
v 1.0990 0.3202 0.5110
v 1.0986 0.3373 0.5111
v 1.0990 0.4070 0.5067
v -0.8433 1.3491 -0.6349
v -0.9112 1.3371 -0.6377
v -0.8954 1.3027 -0.6348
v -0.8835 1.3664 -0.6348
v -0.8425 1.4090 -0.6383
v -0.8860 1.4146 -0.6391
v -0.8720 1.4358 -0.6376
v -0.8954 1.4334 -0.6387
v -0.8683 1.4593 -0.6384
v -0.8790 1.4910 -0.6387
v -0.8722 1.5125 -0.6393
v -0.8890 1.5124 -0.6385
v -0.8550 1.4257 -0.6383
v -0.8468 1.4981 -0.6377
v -0.8113 1.4015 -0.6370
v -0.8470 1.5130 -0.6373
v -0.8596 1.2469 -0.6337
v -0.8231 1.4795 -0.6371
v -0.8064 1.3629 -0.6341
v -0.7978 1.4395 -0.6369
v -0.8168 1.4849 -0.6373
v -0.8260 1.4850 -0.6370
v -0.8330 1.4990 -0.6374
v -0.8190 1.4990 -0.6370
v -0.8149 1.2881 -0.6341
v -0.7771 1.3122 -0.6341
v -0.7863 1.4160 -0.6385
v -0.7914 1.4849 -0.6362
v -0.7894 1.4707 -0.6372
v -0.7435 1.3414 -0.6336
v -0.7632 1.3804 -0.6345
v -0.7733 1.4457 -0.6360
v -0.7545 1.4335 -0.6357
v -0.7492 1.4569 -0.6364
v -0.7266 1.4073 -0.6367
v -0.7490 1.4710 -0.6356
v -0.7321 1.2842 -0.6330
v -0.7322 1.4314 -0.6355
v -0.7084 1.4572 -0.6357
v -0.6903 1.3135 -0.6328
v -0.7031 1.3696 -0.6331
v -0.7070 1.4430 -0.6356
v -0.6694 1.3582 -0.6321
v -0.6848 1.3942 -0.6346
v -0.6831 1.4146 -0.6362
v -0.6651 1.4430 -0.6350
v -0.6270 1.3969 -0.6338
v -0.6647 1.4290 -0.6358
v -0.6383 0.6154 -0.6257
v -0.6275 0.6583 -0.6260
v -0.6705 0.6528 -0.6273
v -0.6313 0.7173 -0.6268
v -0.6811 0.7129 -0.6276
v -0.6647 0.7316 -0.6282
v -0.6363 0.7873 -0.6276
v -0.7062 0.7830 -0.6288
v -0.6069 0.7746 -0.6263
v -0.6022 0.6654 -0.6260
v -0.6105 0.7026 -0.6252
v -0.5719 0.6902 -0.6258
v -0.5763 0.7588 -0.6276
v -0.5804 0.8227 -0.6275
v -0.5998 0.6117 -0.6268
v -0.5675 0.7104 -0.6272
v -0.5329 0.6230 -0.6251
v -0.5402 0.6669 -0.6244
v -0.5380 0.7812 -0.6262
v -0.5329 0.6870 -0.6239
v -0.4998 0.6688 -0.6237
v -0.5122 0.6792 -0.6243
v -0.4999 0.7793 -0.6256
v -0.4742 0.6410 -0.6234
v -0.4967 0.6991 -0.6256
v -0.4923 0.7402 -0.6253
v -0.4820 0.6970 -0.6246
v -0.4423 0.7668 -0.6248
v -0.4628 0.8369 -0.6249
v -0.4459 0.6714 -0.6231
v -0.4341 0.7065 -0.6253
v -0.4646 0.7265 -0.6248
v -0.4398 0.8104 -0.6245
v -0.4119 0.7429 -0.6240
v 0.0092 -0.0285 -0.5500
v 0.0070 -0.0318 -0.5390
v 0.0296 -0.0294 -0.5379
v 0.0126 -0.0221 -0.5294
v 0.0036 -0.0132 -0.6166
v -0.0194 -0.0174 -0.6180
v 0.0281 -0.0230 -0.5784
v -0.0106 -0.0219 -0.5799
v 0.0070 0.0010 -0.6483
v 0.0210 -0.0031 -0.6510
v 0.0105 0.0010 -0.6510
v 0.0070 -0.0062 -0.6370
v 0.0367 -0.0085 -0.6304
v 0.0209 -0.0162 -0.5100
v 0.0019 -0.0121 -0.4965
v 0.0212 -0.0016 -0.4732
v -0.0033 -0.0103 -0.4843
v 0.0021 -0.0037 -0.4674
v 0.0186 0.0007 -0.4536
v 0.0210 0.1130 -0.5124
v 0.0070 0.1144 -0.5110
v -0.0208 0.1129 -0.5139
v 0.0210 0.1186 -0.5110
v 0.0210 0.1273 -0.5063
v 0.0104 0.1420 -0.5140
v 0.0070 0.1270 -0.5050
v 0.0244 0.1760 -0.5110
v 0.0031 0.1557 -0.5155
v 0.0378 -0.0298 -0.5684
v 0.0350 -0.0325 -0.5530
v 0.0424 -0.0233 -0.5877
v 0.0350 -0.0270 -0.5301
v 0.0353 -0.0194 -0.5173
v 0.0350 0.0010 -0.6510
v 0.0241 0.1130 -0.5110
v 0.0436 0.1435 -0.5099
v 0.0457 0.1566 -0.5127
v 0.0490 -0.0299 -0.5530
v 0.0490 -0.0276 -0.5390
v 0.0600 -0.0154 -0.6161
v 0.0490 -0.0270 -0.5371
v 0.0490 -0.0203 -0.5250
v 0.0490 -0.0071 -0.6370
v 0.0619 0.0007 -0.6413
v 0.0350 0.0010 -0.4529
v 0.0420 0.0010 -0.4550
v 0.0506 0.1308 -0.4946
v 0.0490 0.1270 -0.4909
v 0.0738 0.1808 -0.5092
v 0.0768 -0.0333 -0.5528
v 0.0854 -0.0291 -0.5659
v 0.0614 -0.0270 -0.5250
v 0.0630 -0.0050 -0.6370
v 0.0737 0.1270 -0.4941
v 0.0662 0.1537 -0.5119
v 0.0923 -0.0215 -0.6083
v 0.0803 -0.0241 -0.5934
v 0.0770 -0.0040 -0.6510
v 0.0711 0.0010 -0.6510
v 0.0906 -0.0071 -0.6372
v 0.0820 0.1405 -0.5108
v 0.0910 -0.0410 -0.5647
v 0.0910 -0.0270 -0.5647
v 0.0822 -0.0410 -0.5530
v 0.1121 -0.0239 -0.5841
v 0.0910 -0.0270 -0.5449
v 0.0869 -0.0270 -0.5390
v 0.0910 -0.0242 -0.5390
v 0.0891 0.0023 -0.6456
v 0.0910 0.1130 -0.5023
v 0.0770 0.1237 -0.4970
v 0.0770 0.1130 -0.5017
v 0.0910 0.1237 -0.4970
v 0.0910 0.1270 -0.4933
v 0.0910 0.1321 -0.4970
v 0.0968 0.1553 -0.5102
v 0.1179 -0.0273 -0.5688
v 0.0994 -0.0270 -0.5670
v 0.1050 -0.0270 -0.5510
v 0.1050 -0.0155 -0.5390
v 0.1050 -0.0097 -0.6370
v 0.1050 0.0010 -0.6440
v 0.1147 -0.0128 -0.6190
v 0.1181 0.1275 -0.4963
v 0.1185 0.1403 -0.5078
v 0.1190 -0.0410 -0.5707
v 0.1148 -0.0243 -0.6004
v 0.1190 -0.0270 -0.5490
v 0.1192 -0.0145 -0.5389
v 0.1190 -0.0065 -0.6510
v 0.1149 0.0010 -0.6510
v 0.1190 -0.0067 -0.6370
v 0.1327 0.1554 -0.5104
v 0.1439 0.1816 -0.5060
v 0.1292 -0.0410 -0.5670
v 0.1327 -0.0117 -0.6259
v 0.1391 -0.0199 -0.5922
v 0.1473 -0.0200 -0.5666
v 0.1277 -0.0270 -0.5530
v 0.1339 -0.0125 -0.5528
v 0.1330 -0.0085 -0.6510
v 0.1190 0.1130 -0.5023
v 0.1330 0.1270 -0.5011
v 0.1351 0.1131 -0.5033
v 0.1514 0.1419 -0.5077
v 0.1477 -0.0095 -0.6362
v 0.1470 -0.0168 -0.5390
v 0.1449 0.0030 -0.6451
v 0.1528 0.1270 -0.4943
v 0.1606 -0.0118 -0.6362
v 0.1739 -0.0224 -0.5827
v 0.1636 -0.0238 -0.5796
v 0.1639 -0.0180 -0.5524
v 0.1609 -0.0273 -0.5394
v 0.1610 0.0010 -0.6411
v 0.1610 0.1130 -0.4974
v 0.1728 0.1540 -0.5068
v 0.1750 -0.0270 -0.5493
v 0.1808 -0.0127 -0.6211
v 0.1893 -0.0138 -0.6365
v 0.1750 0.0990 -0.5223
v 0.1610 0.1081 -0.5110
v 0.1610 0.0990 -0.5184
v 0.1750 0.1093 -0.5110
v 0.1780 0.1129 -0.4998
v 0.1801 0.1282 -0.4990
v 0.1834 0.1380 -0.5027
v 0.1978 -0.0102 -0.6219
v 0.1972 -0.0193 -0.5863
v 0.1933 -0.0172 -0.5675
v 0.1909 -0.0204 -0.5529
v 0.1890 -0.0270 -0.5499
v 0.1890 0.0850 -0.5428
v 0.1750 0.0870 -0.5390
v 0.1750 0.0850 -0.5401
v 0.1890 0.0904 -0.5390
v 0.1890 0.0941 -0.5250
v 0.1750 0.0963 -0.5250
v 0.1867 0.0990 -0.5110
v 0.1884 0.0969 -0.5103
v 0.1890 0.1109 -0.4970
v 0.1890 0.1125 -0.4830
v 0.1890 0.1160 -0.4830
v 0.1890 0.1270 -0.4945
v 0.2030 -0.0146 -0.6650
v 0.2065 -0.0186 -0.6422
v 0.1974 -0.0130 -0.6650
v 0.2007 -0.0180 -0.6044
v 0.1890 0.0641 -0.5670
v 0.2030 0.0710 -0.5670
v 0.1890 0.0710 -0.5546
v 0.1890 0.0730 -0.5530
v 0.2030 0.0791 -0.5530
v 0.2032 0.0813 -0.5387
v 0.2030 0.0943 -0.5250
v 0.2030 0.0971 -0.5105
v 0.2030 0.1130 -0.4997
v 0.1983 0.1130 -0.4970
v 0.1903 0.1130 -0.4830
v 0.2030 0.1233 -0.4970
v 0.2123 0.1274 -0.4945
v 0.2133 0.1382 -0.4981
v 0.2054 0.1558 -0.5065
v 0.2170 -0.0227 -0.6650
v 0.2170 -0.0173 -0.6510
v 0.2170 -0.0148 -0.6230
v 0.2154 -0.0193 -0.5902
v 0.2170 -0.0160 -0.5530
v 0.2168 0.0641 -0.5668
v 0.2170 0.0793 -0.5530
v 0.2170 0.0808 -0.5390
v 0.2173 0.0781 -0.5232
v 0.2170 0.0966 -0.5110
v 0.2170 0.1130 -0.4999
v 0.2170 0.1192 -0.4970
v 0.2170 -0.0161 -0.5390
v 0.2310 0.0653 -0.5531
v 0.2310 0.0640 -0.5670
v 0.2310 0.0710 -0.5473
v 0.2310 0.0809 -0.5390
v -0.6651 0.1971 -0.6397
v -0.6510 0.1830 -0.6374
v -0.6510 0.2110 -0.6398
v -0.6510 0.2250 -0.6392
v -0.6650 0.2250 -0.6378
v -0.6510 0.2527 -0.6355
v -0.6655 0.2677 -0.6347
v -0.6650 0.2530 -0.6357
v -0.6637 0.2935 -0.6388
v -0.6387 0.3249 -0.6340
v -0.6609 0.3396 -0.6349
v -0.6312 0.3572 -0.6332
v -0.6573 0.3898 -0.6313
v -0.6354 0.1909 -0.6392
v -0.6366 0.2114 -0.6444
v -0.6370 0.2250 -0.6358
v -0.6261 0.2523 -0.6375
v -0.6425 0.2614 -0.6396
v -0.6322 0.2980 -0.6348
v -0.6107 0.1953 -0.6349
v -0.6236 0.2107 -0.6444
v -0.6222 0.2393 -0.6336
v -0.6155 0.2695 -0.6370
v -0.6007 0.3206 -0.6336
v -0.6127 0.3956 -0.6303
v -0.5865 0.2133 -0.6348
v -0.6075 0.2269 -0.6426
v -0.6090 0.2389 -0.6434
v -0.6090 0.2530 -0.6337
v -0.6013 0.2849 -0.6350
v -0.5914 0.3872 -0.6308
v -0.5937 0.2515 -0.6410
v -0.5825 0.2751 -0.6362
v -0.5875 0.1861 -0.6366
v -0.5568 0.3495 -0.6320
v -0.5216 0.2357 -0.6345
v -0.5623 0.2442 -0.6346
v -0.5560 0.2582 -0.6337
v -0.5507 0.3042 -0.6325
v -0.5329 0.1960 -0.6355
v -0.5152 0.3444 -0.6309
v -0.5324 0.4027 -0.6302
v -0.5201 0.2527 -0.6332
v -0.5085 0.2994 -0.6325
v -0.5186 0.3748 -0.6297
v -0.5140 0.1725 -0.6371
v -0.5077 0.4277 -0.6276
v -0.4887 0.2154 -0.6341
v -0.4781 0.2531 -0.6322
v -0.4736 0.3753 -0.6288
v -0.4801 0.1775 -0.6358
v -0.4618 0.2071 -0.6338
v -0.4458 0.2903 -0.6316
v -0.4473 0.3332 -0.6299
v -0.4404 0.2329 -0.6322
v -0.4283 0.1875 -0.6343
v -0.4280 0.3979 -0.6274
v -0.4489 0.4202 -0.6270
v -0.4199 0.2186 -0.6330
v -0.4246 -0.0041 -0.3772
v -0.4236 -0.0079 -0.4371
v -0.3988 -0.0058 -0.4043
v -0.3945 -0.0045 -0.3771
v -0.4135 0.0001 -0.2787
v -0.4048 -0.0075 -0.4391
v -0.3849 -0.0027 -0.3371
v -0.3839 -0.0015 -0.2918
v -0.3826 -0.0003 -0.2411
v -0.3661 -0.0083 -0.4583
v -0.3809 -0.0059 -0.4051
v -0.3600 -0.0072 -0.4252
v -0.3436 -0.0034 -0.3497
v -0.3634 0.0002 -0.2476
v -0.3533 -0.0047 -0.3810
v -0.3456 -0.0024 -0.3055
v -0.3333 -0.0039 -0.3861
v -0.3452 -0.0006 -0.2728
v -0.3314 0.0007 -0.2431
v -0.3246 -0.0013 -0.3497
v -0.3275 -0.0011 -0.3218
v -0.2844 -0.0063 -0.4289
v -0.2943 -0.0031 -0.3938
v -0.2860 -0.0019 -0.3712
v -0.3095 0.0009 -0.2959
v -0.3048 0.0011 -0.2653
v -0.2572 0.0006 -0.2977
v -0.2834 0.0022 -0.2368
v -0.2774 -0.0003 -0.3341
v -0.2724 0.0012 -0.2713
v -0.2562 -0.0081 -0.4412
v -0.3140 -0.0086 -0.4728
v -0.2396 -0.0005 -0.3324
v -0.2398 0.0004 -0.2512
v -0.9784 1.2695 -0.6502
v -0.9829 1.3360 -0.6507
v -1.0008 1.3170 -0.6510
v -1.0006 1.3363 -0.6533
v -0.9862 1.3750 -0.6505
v -1.0010 1.3734 -0.6546
v -0.9924 1.4010 -0.6510
v -1.0010 1.4010 -0.6528
v -0.9728 1.4079 -0.6468
v -0.9870 1.4010 -0.6499
v -0.9508 1.3426 -0.6483
v -0.9386 1.3828 -0.6470
v -0.9578 1.4137 -0.6466
v -0.9237 1.4165 -0.6430
v -0.9446 1.4323 -0.6415
v -0.9592 1.4433 -0.6392
v -0.9297 1.4833 -0.6402
v -0.9590 1.4742 -0.6401
v -0.9453 1.4999 -0.6384
v -0.9590 1.4990 -0.6395
v -0.9341 1.2760 -0.6464
v -0.9305 1.3331 -0.6453
v -0.9204 1.4304 -0.6390
v -0.9180 1.5267 -0.6404
v -0.9450 1.5134 -0.6370
v -0.9310 1.5270 -0.6370
v -0.9177 1.3954 -0.6387
v -0.9043 1.5084 -0.6393
v -0.8890 1.5270 -0.6408
v 1.1200 1.1074 -0.4458
v 1.1201 1.0985 -0.4155
v 1.1193 1.1396 -0.4127
v 1.1180 1.1350 -0.3715
v 1.1178 1.1604 -0.3476
v 1.1200 1.1561 -0.4402
v 1.1178 1.1601 -0.3912
v 1.1161 1.1456 -0.2634
v 1.1171 1.1833 -0.3083
v 1.1187 1.1822 -0.4192
v 1.1169 1.2049 -0.2774
v 1.1204 1.2120 -0.4566
v 1.1187 1.2256 -0.4008
v 1.1178 1.2201 -0.3717
v 1.1188 1.2415 -0.4480
v 1.1165 1.2477 -0.3177
v 1.1179 1.2724 -0.3947
v 1.1183 1.2772 -0.4232
v 1.1174 1.2759 -0.3709
v -0.8687 0.8753 -0.6304
v -0.9015 0.8910 -0.6336
v -0.8637 0.9586 -0.6312
v -0.8996 0.9431 -0.6336
v -0.8668 0.9345 -0.6313
v -0.8529 1.0065 -0.6308
v -0.9111 0.9909 -0.6356
v -0.8627 1.0410 -0.6329
v -0.9075 1.0279 -0.6350
v -0.8651 1.0640 -0.6336
v -0.8673 1.1114 -0.6337
v -0.8969 1.0860 -0.6344
v -0.8227 0.9535 -0.6302
v -0.8369 1.0320 -0.6307
v -0.8450 1.0862 -0.6312
v -0.8138 0.8691 -0.6303
v -0.7839 1.1069 -0.6306
v -0.7597 0.9669 -0.6302
v -0.7796 1.0205 -0.6305
v -0.7429 0.8825 -0.6294
v -0.8278 0.8101 -0.6299
v -0.7648 0.9198 -0.6302
v -0.7394 1.0737 -0.6299
v -0.7407 1.0173 -0.6300
v -0.7244 0.9348 -0.6298
v -0.7179 1.0688 -0.6302
v -0.7495 0.8246 -0.6297
v -0.6961 0.9633 -0.6289
v -0.6868 1.0333 -0.6292
v -1.0197 0.8830 -0.6230
v -1.0290 0.8830 -0.6257
v -1.0150 0.8690 -0.6230
v -1.0290 0.8690 -0.6268
v -1.0150 0.8550 -0.6220
v -1.0085 0.8837 -0.6219
v -1.0013 0.9197 -0.6249
v -1.0092 0.9099 -0.6228
v -1.0152 0.9284 -0.6270
v -1.0150 0.9135 -0.6230
v -1.0010 0.9530 -0.6277
v -1.0013 0.9672 -0.6370
v -1.0150 0.9670 -0.6278
v -1.0005 1.0230 -0.6356
v -1.0010 1.0370 -0.6325
v -1.0150 1.0230 -0.6241
v -1.0150 1.0370 -0.6241
v -0.9831 0.9118 -0.6384
v -0.9827 0.9377 -0.6374
v -0.9872 0.9672 -0.6370
v -0.9824 0.9986 -0.6397
v -1.0012 1.0007 -0.6364
v -0.9606 1.0497 -0.6455
v -0.9867 1.0375 -0.6376
v -0.9679 0.9692 -0.6436
v -0.9740 1.0707 -0.6424
v -0.9897 1.0617 -0.6377
v -0.9893 1.0781 -0.6369
v -0.9590 0.9288 -0.6439
v -0.9584 1.0142 -0.6448
v -0.9494 1.0770 -0.6454
v -0.9448 0.9426 -0.6432
v -0.9450 0.9935 -0.6433
v -0.9460 1.0384 -0.6441
v -0.9144 1.0729 -0.6368
v 0.7050 -0.0173 -0.0632
v 0.7126 -0.0114 -0.1178
v 0.7055 -0.0157 -0.0989
v 0.7070 -0.0133 -0.0490
v 0.7229 -0.0202 -0.0632
v 0.7474 -0.0161 -0.1294
v 0.7485 -0.0166 -0.1548
v 0.7484 -0.0203 -0.1038
v 0.7328 -0.0233 -0.0853
v 0.7478 -0.0273 -0.0629
v 0.7486 -0.0232 -0.0834
v 0.7629 -0.0129 -0.1615
v 0.7591 -0.0125 -0.1267
v 0.7586 -0.0132 -0.1039
v 0.7605 -0.0136 -0.0656
v 0.7653 -0.0052 -0.1845
v 0.7632 0.0017 -0.1204
v 0.7628 -0.0024 -0.0674
v 0.7559 -0.0006 -0.0400
v 0.7531 -0.0130 -0.0490
v 0.7495 -0.0067 -0.0349
v 0.7490 -0.0130 -0.0423
v 0.7662 0.0138 -0.0452
v 0.7643 0.0147 -0.0207
v 0.7628 0.1105 -0.0334
v 0.7620 0.1171 -0.0507
v 0.7653 0.0080 -0.1783
v 0.7650 0.0121 -0.1398
v 0.7657 0.0270 -0.1117
v 0.7686 0.0541 -0.1673
v 0.7665 0.0322 -0.0814
v 0.7692 0.0308 -0.0362
v 0.7697 0.0292 -0.0167
v 0.7667 0.0598 -0.1326
v 0.7667 0.0731 -0.1037
v 0.7660 0.0624 -0.0639
v 0.7689 0.0445 -0.0184
v 0.7704 0.0467 -0.0043
v 0.7648 0.0616 -0.0350
v 0.7673 0.0836 -0.1246
v 0.7657 0.0916 -0.0536
v 0.7641 0.0748 -0.0146
v 0.7677 0.1028 -0.1558
v 0.7697 0.0993 -0.2015
v 0.7652 0.1019 -0.0860
v 0.7694 0.1164 -0.1896
v 0.7674 0.1216 -0.1466
v 0.7642 0.1232 -0.0683
v 0.7649 0.1414 -0.0997
v 0.7683 0.1640 -0.1778
v 0.7651 0.1370 -0.0679
v 1.0150 0.1054 -0.6370
v 1.0162 0.1276 -0.6374
v 1.0010 0.1130 -0.6370
v 1.0011 0.1354 -0.6381
v 1.0150 0.1550 -0.6388
v 1.0010 0.1550 -0.6403
v 1.0057 0.1690 -0.6370
v 1.0151 0.1692 -0.6362
v 1.0010 0.1690 -0.6379
v 1.0150 0.1741 -0.6370
v 1.0290 -0.0124 -0.6362
v 1.0204 0.0041 -0.6357
v 1.0150 -0.0130 -0.6384
v 1.0540 0.0010 -0.6315
v 1.0144 0.0273 -0.6368
v 1.0290 0.0197 -0.6370
v 1.0290 0.0290 -0.6356
v 1.0290 0.0312 -0.6370
v 1.0150 0.0321 -0.6370
v 1.0150 0.0788 -0.6370
v 1.0162 0.0850 -0.6370
v 1.0151 0.0990 -0.6382
v 1.0290 0.0850 -0.6442
v 1.0290 0.0989 -0.6367
v 1.0290 0.1130 -0.6449
v 1.0293 0.1269 -0.6366
v 1.0290 0.1410 -0.6453
v 1.0375 0.1550 -0.6507
v 1.0290 0.1618 -0.6510
v 1.0221 0.1690 -0.6510
v 1.0430 -0.0410 -0.6236
v 1.0450 -0.0167 -0.6311
v 1.0290 -0.0410 -0.6274
v 1.0428 0.0300 -0.6411
v 1.0434 0.0696 -0.6526
v 1.0290 0.0710 -0.6431
v 1.0430 0.0570 -0.6483
v 1.0290 0.0570 -0.6432
v 1.0430 0.0850 -0.6430
v 1.0430 0.0990 -0.6433
v 1.0430 0.1130 -0.6432
v 1.0420 0.1410 -0.6528
v 1.0399 0.1270 -0.6510
v 1.0430 0.1238 -0.6510
v 1.0430 0.1550 -0.6536
v 1.0430 0.1638 -0.6510
v 1.0430 0.1690 -0.6469
v 1.0393 0.1690 -0.6510
v 1.0290 0.1756 -0.6510
v 1.0609 -0.0224 -0.6347
v 1.0570 0.0456 -0.6381
v 1.0570 0.0710 -0.6440
v 1.0570 0.0850 -0.6450
v 1.0616 0.1037 -0.6531
v 1.0712 0.1252 -0.6551
v 1.0581 0.1291 -0.6507
v 1.0569 0.1549 -0.6542
v 1.0570 0.1690 -0.6470
v 1.0710 -0.0270 -0.6407
v 1.0710 -0.0130 -0.6370
v 1.0725 0.0018 -0.6387
v 1.0729 0.0388 -0.6425
v 1.0710 0.0570 -0.6433
v 1.0675 0.0711 -0.6540
v 1.0682 0.0843 -0.6535
v 1.0710 0.1410 -0.6541
v 1.0799 0.1544 -0.6526
v 1.0711 0.1691 -0.6649
v 1.0642 0.1690 -0.6510
v 1.0764 -0.0270 -0.6370
v 1.0850 -0.0410 -0.6284
v 1.0850 -0.0270 -0.6264
v 1.0968 -0.0125 -0.6097
v 1.0749 -0.0130 -0.6230
v 1.0852 0.0008 -0.6232
v 1.0972 0.0038 -0.6177
v 1.0779 0.0204 -0.6390
v 1.0854 0.0564 -0.6457
v 1.0882 0.0695 -0.6521
v 1.0856 0.0864 -0.6554
v 1.0852 0.1028 -0.6619
v 1.0934 0.1098 -0.6498
v 1.0823 0.1278 -0.6505
v 1.0850 0.1270 -0.6650
v 1.0836 0.1412 -0.6508
v 1.0964 -0.0270 -0.6230
v 1.0873 -0.0410 -0.6230
v 1.0990 -0.0410 -0.6159
v 1.0994 -0.0271 -0.6091
v 1.0990 -0.0130 -0.5990
v 1.1015 0.0301 -0.6253
v 1.1003 0.0525 -0.6405
v 1.0990 0.0710 -0.6370
v 1.1038 0.0924 -0.6415
v 1.1025 0.1111 -0.6403
v 1.1011 0.1589 -0.6445
v 1.1065 -0.0410 -0.6090
v 1.1144 -0.0143 -0.5940
v 1.1026 -0.0270 -0.5950
v 1.1130 -0.0130 -0.6037
v 1.1139 -0.0072 -0.5793
v 1.1070 -0.0270 -0.5810
v 1.1070 -0.0270 -0.5670
v 1.1105 -0.0129 -0.5614
v 1.1111 0.0010 -0.6090
v 1.1130 0.0010 -0.6020
v 1.1069 0.0150 -0.6090
v 1.1102 0.0226 -0.5943
v 1.1111 0.0229 -0.5775
v 1.1123 0.0150 -0.5250
v 1.1083 0.0150 -0.5110
v 1.1130 0.0290 -0.5110
v 1.1130 0.0163 -0.5248
v 1.1008 0.0427 -0.6136
v 1.1126 0.0562 -0.5958
v 1.1133 0.0372 -0.5600
v 1.1172 0.0437 -0.5243
v 1.1111 0.0430 -0.5110
v 1.1067 0.0613 -0.6223
v 1.1097 0.0676 -0.6062
v 1.1090 0.0570 -0.4970
v 1.1105 0.0430 -0.4970
v 1.1169 0.0710 -0.4965
v 1.1122 0.0570 -0.4830
v 1.1174 0.0698 -0.4835
v 1.1152 0.0845 -0.6091
v 1.1115 0.0984 -0.6240
v 1.1137 0.1009 -0.6031
v 1.1087 0.1198 -0.6236
v 1.1102 0.1195 -0.6074
v 1.1078 0.1589 -0.6218
v 1.1153 0.1388 -0.5872
v 1.1151 0.1676 -0.5881
v 1.1178 0.0099 -0.5666
v 1.1123 -0.0006 -0.5507
v 1.1219 0.0148 -0.5388
v 1.1200 0.0290 -0.5250
v 1.1136 0.0430 -0.5530
v 1.1146 0.0562 -0.5446
v 1.1183 0.0570 -0.5670
v 1.1159 0.0625 -0.5559
v 1.1161 0.0687 -0.5317
v 1.1165 0.0754 -0.5802
v 1.1177 0.0755 -0.5582
v 1.1195 0.0998 -0.5576
v 1.1187 0.0867 -0.5332
v 1.1197 0.0853 -0.4828
v 1.1138 0.0710 -0.4690
v 1.1222 0.0850 -0.4690
v 1.1215 0.0992 -0.5803
v 1.1200 0.1084 -0.5373
v 1.1213 0.0991 -0.5071
v 1.1219 0.1117 -0.4692
v 1.1160 0.0850 -0.4550
v 1.1185 0.0990 -0.4550
v 1.1225 0.1170 -0.5630
v 1.1206 0.1216 -0.5081
v 1.1220 0.1324 -0.4967
v 1.1260 0.1130 -0.4550
v 1.1253 0.1304 -0.5407
v 1.1222 0.1341 -0.4709
v 1.1229 0.1270 -0.4550
v 1.1270 0.1130 -0.4515
v 1.1297 0.1267 -0.4410
v 1.1254 0.1450 -0.5283
v 1.1271 0.1487 -0.5118
v 1.1229 0.1411 -0.4548
v 1.1181 0.1567 -0.5716
v 1.1275 0.1628 -0.4796
v 1.1242 0.1620 -0.4406
v 1.1295 0.1410 -0.4410
v 1.1315 0.3369 -0.5529
v 1.1316 0.3459 -0.5409
v 1.1306 0.3523 -0.5550
v 1.1319 0.3556 -0.5276
v 1.1288 0.3813 -0.5410
v 1.1294 0.3984 -0.5199
v -0.6510 0.1830 -0.0431
v -0.6650 0.1970 -0.0481
v -0.6510 0.1970 -0.0476
v -0.6510 0.2110 -0.0540
v -0.6526 0.2110 -0.0490
v -0.6650 0.2110 -0.0402
v -0.6068 0.1830 -0.0210
v -0.6090 0.1853 -0.0210
v -0.6088 0.1735 0.0116
v -0.5888 0.1830 -0.0490
v -0.5814 0.1827 -0.0632
v -0.5950 0.1944 -0.0630
v -0.5950 0.1943 -0.0490
v -0.5932 0.1835 -0.0320
v -0.5950 0.1905 -0.0350
v -0.5785 0.1830 -0.0770
v -0.5810 0.1890 -0.0770
v -0.4812 0.0294 0.0245
v -0.4481 0.0267 0.0497
v -0.4340 0.0253 0.0765
v -0.4491 0.0228 0.1065
v -0.4122 0.0209 0.1177
v -0.4361 0.0184 0.1186
v -0.4036 0.0240 0.0682
v -0.3724 0.0197 0.0549
v -0.3831 0.0175 0.1031
v -0.3783 0.0102 0.1190
v -0.3524 0.0107 0.0932
v -0.3544 0.0092 0.1041
v -0.3570 0.0010 0.1190
v -0.3430 0.0010 0.1123
v -0.3282 0.0071 0.0565
v -0.3272 0.0046 0.0994
v -0.3180 0.0011 0.1045
v -0.3064 0.0028 0.0920
v -0.2928 0.0035 0.0601
v -0.2577 -0.0074 0.1050
v -0.2688 0.0001 0.0904
v -0.2837 0.0028 0.0315
v -0.2454 0.0004 0.0681
v -0.6386 0.5313 -0.6261
v -0.6803 0.4888 -0.6267
v -0.6593 0.4847 -0.6268
v -0.6622 0.5458 -0.6263
v -0.6780 0.5765 -0.6272
v -0.6055 0.4415 -0.6290
v -0.6663 0.4132 -0.6300
v -0.6543 0.4477 -0.6294
v -0.6227 0.4905 -0.6269
v -0.6175 0.5337 -0.6274
v -0.6231 0.5838 -0.6258
v -0.6057 0.5131 -0.6271
v -0.5788 0.5933 -0.6261
v -0.5765 0.4816 -0.6258
v -0.5485 0.5754 -0.6253
v -0.5488 0.4459 -0.6282
v -0.5411 0.4788 -0.6256
v -0.5403 0.5095 -0.6259
v -0.5222 0.4494 -0.6275
v -0.5050 0.5323 -0.6254
v -0.5009 0.5109 -0.6249
v -0.4828 0.5774 -0.6244
v -0.4741 0.6106 -0.6236
v -0.4776 0.4484 -0.6263
v -0.4807 0.4745 -0.6242
v -0.4519 0.5361 -0.6229
v -0.4359 0.4502 -0.6257
v -0.4267 0.6189 -0.6232
v -0.4086 0.4725 -0.6233
v -0.4372 0.5655 -0.6231
v -0.8622 0.6506 -0.6297
v -0.8286 0.7494 -0.6300
v -0.7882 0.6686 -0.6296
v -0.8165 0.5982 -0.6294
v -0.7555 0.7055 -0.6292
v -0.7674 0.7775 -0.6297
v -0.7506 0.6668 -0.6289
v -0.7770 0.6061 -0.6293
v -0.7121 0.7292 -0.6286
v -0.7114 0.6604 -0.6283
v -1.1551 0.2817 -0.6424
v -1.1410 0.2730 -0.6370
v -1.1550 0.2670 -0.6323
v -1.1410 0.2670 -0.6340
v -1.1407 0.3090 -0.6412
v -1.1550 0.3090 -0.6401
v -1.1410 0.3649 -0.6418
v 0.2616 0.0070 -0.0101
v 0.2798 0.0099 -0.1686
v 0.2711 0.0095 -0.1072
v 0.2854 0.0088 -0.0561
v 0.2729 0.0078 -0.0298
v 0.2574 0.0087 -0.2207
v 0.2813 0.0095 -0.1944
v 0.2852 0.0096 -0.1311
v 0.2920 0.0088 -0.2160
v 0.2864 0.0108 -0.1514
v 0.2962 0.0104 -0.0781
v 0.3077 0.0101 -0.1604
v 0.3205 0.0103 -0.1185
v 0.3166 0.0077 -0.0232
v 0.3191 0.0065 -0.1830
v 0.3229 0.0079 -0.1517
v 0.3330 0.0095 -0.0758
v 0.3272 0.0080 -0.0478
v 0.3254 0.0018 -0.2244
v 0.3520 0.0008 -0.2119
v 0.3574 -0.0006 -0.1810
v 0.3528 0.0020 -0.1453
v 0.3424 0.0055 -0.1329
v 0.3564 0.0051 -0.0540
v 0.3729 -0.0004 -0.1045
v 0.3720 -0.0005 -0.0257
v 0.4070 0.0013 -0.2100
v 0.3917 0.0012 -0.1696
v 0.3791 0.0003 -0.0638
v 0.3971 -0.0001 -0.1089
v 0.3885 0.0000 -0.0910
v 0.3996 -0.0010 -0.0434
v 0.4160 0.0015 -0.1336
v 0.4197 -0.0027 -0.0217
v 0.4222 0.0010 -0.0935
v -0.4437 1.1054 -0.6267
v -0.3771 1.1662 -0.6243
v -0.4881 1.1621 -0.6268
v -0.4111 1.1449 -0.6240
v -0.4003 1.1842 -0.6250
v -0.4323 1.1908 -0.6262
v -0.4024 1.2655 -0.6258
v -0.4507 1.2350 -0.6263
v -0.4204 1.2069 -0.6250
v -0.3920 1.1189 -0.6257
v -0.4241 1.3228 -0.6261
v -0.3361 1.2605 -0.6240
v -0.3989 1.3187 -0.6252
v -0.3796 1.2067 -0.6246
v -0.3123 1.1193 -0.6244
v -0.3361 1.1389 -0.6221
v -0.3401 1.3018 -0.6235
v -0.3059 1.2099 -0.6225
v -0.3045 1.1845 -0.6229
v -0.2794 1.1493 -0.6212
v -0.2657 1.2413 -0.6213
v -0.2801 1.2974 -0.6219
v -0.2562 1.1834 -0.6212
v -0.2475 1.1050 -0.6225
v -0.2476 1.1512 -0.6214
v -0.2230 1.2860 -0.6202
v -0.2168 1.1916 -0.6215
v -0.2169 1.1322 -0.6229
v -0.2183 1.2457 -0.6203
v -0.2157 1.1533 -0.6219
v -0.2447 1.3123 -0.6225
v -0.8963 1.2634 -0.6346
v -0.8859 1.1900 -0.6342
v -0.8461 1.1948 -0.6339
v -0.8367 1.1098 -0.6318
v -0.8505 1.1465 -0.6333
v -0.9009 1.1492 -0.6345
v -0.8336 1.1456 -0.6312
v -0.7930 1.2444 -0.6337
v -0.7954 1.2012 -0.6327
v -0.7612 1.1485 -0.6308
v -0.7804 1.1765 -0.6329
v -0.7736 1.2223 -0.6331
v -0.7304 1.2014 -0.6324
v -0.7149 1.2466 -0.6329
v -0.7149 1.1414 -0.6301
v -0.7112 1.1805 -0.6324
v -0.6745 1.1334 -0.6295
v -0.6786 1.2171 -0.6313
v -0.6768 1.2882 -0.6317
v -0.6610 1.1842 -0.6313
v -0.6306 1.2480 -0.6304
v -0.8675 0.5934 -0.6296
v -0.8261 0.5398 -0.6293
v -0.7946 0.4321 -0.6321
v -0.8438 0.4021 -0.6333
v -0.8098 0.4624 -0.6310
v -0.7734 0.4966 -0.6287
v -0.7831 0.5373 -0.6290
v -0.7875 0.5556 -0.6290
v -0.7814 0.5706 -0.6289
v -0.7680 0.4872 -0.6287
v -0.7791 0.3815 -0.6333
v -0.7474 0.4182 -0.6310
v -0.7595 0.6053 -0.6287
v -0.7408 0.5260 -0.6275
v -0.7281 0.5890 -0.6282
v -0.7324 0.4544 -0.6300
v -0.7248 0.4926 -0.6278
v -0.7165 0.5156 -0.6280
v -0.7059 0.5359 -0.6272
v -0.6976 0.4053 -0.6306
v -0.6867 0.4514 -0.6292
v -0.8748 -0.2372 -0.6602
v -0.8769 -0.2124 -0.6629
v -0.8750 -0.1950 -0.6567
v -0.8750 -0.1810 -0.6539
v -0.8749 -0.1404 -0.6597
v -0.8782 -0.1390 -0.6650
v -0.8750 -0.0976 -0.6608
v -0.8876 -0.0832 -0.6591
v -0.8890 -0.0970 -0.6610
v -0.9010 -0.0702 -0.6576
v -0.8610 -0.2300 -0.6528
v -0.8539 -0.1899 -0.6551
v -0.8495 -0.1649 -0.6577
v -0.8591 -0.1623 -0.6575
v -0.8616 -0.1316 -0.6599
v -0.8750 -0.1250 -0.6621
v -0.8595 -0.1101 -0.6622
v -0.8268 -0.2338 -0.6504
v -0.8391 -0.2108 -0.6564
v -0.8292 -0.1714 -0.6593
v -0.8330 -0.1250 -0.6625
v -0.8086 -0.2433 -0.6526
v -0.7946 -0.2108 -0.6579
v -0.8010 -0.1787 -0.6597
v -0.7910 -0.2230 -0.6576
v -0.7773 -0.1950 -0.6638
v -0.7767 -0.1506 -0.6636
v -0.7770 -0.2230 -0.6559
v -0.7770 -0.2090 -0.6552
v -0.7771 -0.1775 -0.6632
v -0.7630 -0.1530 -0.6568
v -0.7630 -0.1390 -0.6618
v -0.7631 -0.1248 -0.6663
v -0.7491 -0.1246 -0.6548
v 0.0442 1.2933 -0.6498
v 0.0288 1.3209 -0.6554
v 0.0528 1.3499 -0.6546
v 0.0387 1.3837 -0.6524
v 0.0355 1.4151 -0.6546
v 0.0222 1.4150 -0.6510
v 0.0824 1.3177 -0.6542
v 0.0719 1.4024 -0.6547
v 0.0914 1.3339 -0.6538
v 0.1057 1.4099 -0.6552
v 0.0631 1.4148 -0.6545
v 0.0689 1.2949 -0.6521
v 0.1033 1.2945 -0.6561
v 0.1011 1.3748 -0.6545
v 0.1170 1.4291 -0.6568
v 0.0633 1.4290 -0.6543
v 0.1106 1.3223 -0.6542
v 0.1391 1.3821 -0.6547
v 0.1705 1.3468 -0.6533
v 0.1680 1.3815 -0.6535
v 0.1371 1.2934 -0.6543
v 0.1615 1.4427 -0.6576
v 0.1194 1.4430 -0.6565
v 0.1934 1.4338 -0.6560
v 0.2016 1.4570 -0.6569
v 0.1610 1.4570 -0.6571
v 0.2168 1.4142 -0.6551
v 0.2033 1.4710 -0.6555
v 0.2210 1.2856 -0.6522
v -0.1842 0.9294 -0.6263
v -0.2019 0.9681 -0.6246
v -0.1843 1.0214 -0.6261
v -0.1644 1.0557 -0.6288
v -0.1739 1.0970 -0.6284
v -0.1567 0.9385 -0.6290
v -0.1609 0.9804 -0.6289
v -0.1326 0.8890 -0.6282
v -0.1324 0.9182 -0.6289
v -0.1284 0.9854 -0.6298
v -0.1312 1.0399 -0.6301
v -0.1002 1.0893 -0.6331
v -0.1023 0.9701 -0.6331
v -0.0927 0.9091 -0.6332
v -0.1029 1.0237 -0.6333
v -0.0795 0.9674 -0.6335
v -0.0619 1.0241 -0.6340
v -0.0567 0.8887 -0.6339
v -0.0625 1.0523 -0.6346
v -0.0625 1.0999 -0.6354
v -0.0504 0.9383 -0.6350
v -0.0484 0.9731 -0.6353
v -0.0345 1.0310 -0.6372
v -0.0362 1.0749 -0.6368
v -0.0205 0.9352 -0.6407
v -0.0369 0.9730 -0.6374
v -0.0368 0.9978 -0.6378
v -0.0205 0.8846 -0.6396
v -0.0113 0.9811 -0.6442
v -0.0142 1.0340 -0.6445
v -0.0188 1.0784 -0.6436
v 0.0030 0.9549 -0.6471
v 0.0078 0.8945 -0.6472
v 0.0110 0.9946 -0.6480
v 0.0063 1.0419 -0.6487
v 0.0075 1.0877 -0.6492
v -0.6510 -0.0399 -0.6370
v -0.6594 -0.0410 -0.6370
v -0.6510 -0.0270 -0.6453
v -0.6517 -0.0118 -0.6438
v -0.6449 0.0233 -0.6468
v -0.6391 0.0481 -0.6504
v -0.6503 0.0813 -0.6470
v -0.6510 0.0990 -0.6452
v -0.6510 0.1130 -0.6456
v -0.6336 0.1491 -0.6416
v -0.6507 0.1662 -0.6450
v -0.6364 -0.0243 -0.6369
v -0.6403 -0.0111 -0.6526
v -0.6375 0.0115 -0.6519
v -0.6365 0.0797 -0.6477
v -0.6381 0.1225 -0.6450
v -0.6240 -0.0405 -0.6467
v -0.6296 -0.0410 -0.6370
v -0.6228 -0.0266 -0.6555
v -0.6232 0.0308 -0.6527
v -0.6231 0.0585 -0.6478
v -0.6213 0.1255 -0.6392
v -0.6093 0.1652 -0.6374
v -0.6086 -0.0274 -0.6505
v -0.6090 -0.0410 -0.6483
v -0.6095 0.0039 -0.6465
v -0.6050 0.0461 -0.6454
v -0.6064 0.0985 -0.6405
v -0.5950 -0.0270 -0.6478
v -0.5950 -0.0410 -0.6417
v -0.5951 -0.0194 -0.5669
v -0.6090 -0.0183 -0.5810
v -0.6090 -0.0080 -0.5670
v -0.5936 -0.0234 -0.5893
v -0.5769 0.0914 -0.6398
v -0.5781 0.1499 -0.6381
v -0.5801 -0.0416 -0.6455
v -0.5789 -0.0270 -0.6466
v -0.5691 -0.0206 -0.5613
v -0.5679 -0.0186 -0.5387
v -0.5950 -0.0177 -0.5390
v -0.5646 0.0150 -0.6448
v -0.5946 -0.0427 -0.6250
v -0.5713 -0.0350 -0.5982
v -0.5526 0.0737 -0.6419
v -0.5336 0.0903 -0.6397
v -0.5527 -0.0549 -0.6090
v -0.5530 -0.0398 -0.5950
v -0.5543 -0.0233 -0.5651
v -0.5395 -0.0151 -0.5316
v -0.5530 -0.0164 -0.5250
v -0.5670 -0.0155 -0.5250
v -0.5263 -0.0427 -0.6416
v -0.5296 -0.0247 -0.6450
v -0.5379 -0.0440 -0.6046
v -0.5223 0.0140 -0.6435
v -0.5530 -0.0181 -0.5110
v -0.5337 -0.0107 -0.5118
v -0.5241 0.0374 -0.6422
v -0.5315 0.0523 -0.6427
v -0.5312 0.1434 -0.6374
v -0.5230 -0.0360 -0.5971
v -0.5249 -0.0455 -0.6197
v -0.5264 -0.0240 -0.5719
v -0.5035 0.0101 -0.6431
v -0.5250 -0.0177 -0.5530
v -0.5184 -0.0102 -0.5254
v -0.5250 -0.0130 -0.5054
v -0.5390 -0.0130 -0.5066
v -0.5349 -0.0112 -0.4571
v -0.4967 -0.0409 -0.6427
v -0.5094 -0.0520 -0.6204
v -0.5103 -0.0304 -0.5808
v -0.4909 -0.0238 -0.6434
v -0.5088 -0.0156 -0.5529
v -0.5003 -0.0130 -0.5322
v -0.5248 -0.0177 -0.4951
v -0.5103 -0.0116 -0.4968
v -0.5102 -0.0120 -0.4794
v -0.5004 0.0721 -0.6406
v -0.5035 0.0927 -0.6386
v -0.4899 0.1404 -0.6367
v -0.4970 -0.0449 -0.6089
v -0.4974 -0.0314 -0.5871
v -0.4804 -0.0145 -0.5540
v -0.4875 -0.0107 -0.5092
v -0.4970 -0.0161 -0.4830
v -0.4881 -0.0118 -0.4715
v -0.4578 0.0365 -0.6393
v -0.4820 -0.0445 -0.6389
v -0.4818 -0.0412 -0.6081
v -0.4766 -0.0123 -0.4974
v -0.4579 0.0556 -0.6397
v -0.4706 0.0774 -0.6391
v -0.4504 -0.0418 -0.6385
v -0.4680 -0.0247 -0.6413
v -0.4524 -0.0281 -0.5744
v -0.4581 -0.0121 -0.5343
v -0.4433 0.1131 -0.6369
v -0.4536 -0.0399 -0.5944
v -0.4558 -0.0153 -0.5557
v -0.4398 -0.0099 -0.4954
v -0.4468 -0.0108 -0.4784
v -0.4346 0.1636 -0.6357
v -0.4410 -0.0193 -0.5530
v -0.4340 -0.0129 -0.5382
v -0.4206 -0.0082 -0.4611
v -0.4408 -0.0249 -0.6406
v -0.4104 0.1015 -0.6370
v 1.1288 0.1550 -0.4270
v 1.1360 0.1410 -0.4270
v 1.1351 0.1690 -0.4270
v -0.2170 -0.7546 0.2170
v -0.1999 -0.7530 0.2114
v -0.1952 -0.7430 0.0574
v -0.1640 -0.7480 0.1040
v -0.1908 -0.7436 0.1193
v -0.2050 -0.7473 0.1377
v -0.1987 -0.7499 0.1719
v -0.1953 -0.7390 0.0014
v -0.1718 -0.7405 0.0404
v -0.1631 -0.7453 0.0848
v -0.1735 -0.7449 0.1475
v -0.1834 -0.7518 0.1898
v -0.1799 -0.7535 0.2107
v -0.1948 -0.7550 0.2310
v -0.1714 -0.7544 0.2305
v -0.1781 -0.7377 0.0185
v -0.1613 -0.7476 0.1633
v -0.1614 -0.7364 0.0014
v -0.1545 -0.7398 0.0602
v -0.1610 -0.7415 0.1190
v -0.1628 -0.7417 0.1369
v -0.1560 -0.7486 0.1861
v -0.1565 -0.7488 0.2043
v -0.1472 -0.7483 0.1191
v -0.1379 -0.7422 0.1338
v -0.1427 -0.7463 0.1720
v -0.1325 -0.7350 0.0170
v -0.1480 -0.7385 0.0408
v -0.1199 -0.7430 0.1060
v -0.1188 -0.7428 0.1738
v -0.1375 -0.7448 0.1892
v -0.1262 -0.7457 0.2166
v -0.1330 -0.7483 0.2310
v -0.1291 -0.7379 0.0344
v -0.1248 -0.7369 0.0502
v -0.1205 -0.7395 0.0810
v -0.1120 -0.7453 0.1188
v -0.1006 -0.7418 0.1738
v -0.1125 -0.7427 0.2028
v -0.1082 -0.7337 0.0121
v -0.1083 -0.7391 0.1326
v -0.1050 -0.7410 0.1890
v -0.0994 -0.7343 0.0282
v -0.0935 -0.7405 0.1584
v -0.0862 -0.7373 0.0920
v -0.0904 -0.7411 0.1750
v -0.0906 -0.7418 0.0082
v -0.0857 -0.7337 0.0226
v -0.0695 -0.7385 0.1359
v -0.0755 -0.7388 0.1560
v -0.0910 -0.7387 0.1890
v -0.0775 -0.7423 0.1153
v -0.0669 -0.7401 0.0060
v -0.0672 -0.7320 0.0367
v -0.0628 -0.7341 0.0618
v -0.0622 -0.7353 0.0881
v -0.0598 -0.7418 0.0203
v -0.0425 -0.7379 0.1072
v -0.0606 -0.7348 0.1472
v -0.0630 -0.7367 0.1610
v -0.0630 -0.7372 0.1750
v -0.0399 -0.7376 0.0066
v -0.0490 -0.7359 0.0350
v -0.0252 -0.7331 0.0689
v -0.0388 -0.7383 0.1323
v -0.0490 -0.7337 0.1610
v -0.0325 -0.7385 0.0220
v -0.0350 -0.7410 0.0350
v -0.0350 -0.7349 0.1470
v -0.0350 -0.7372 0.1610
v -0.0210 -0.7415 0.1330
v -0.0210 -0.7366 0.1470
v -0.0186 -0.7433 0.0099
v -0.0070 -0.7394 0.1330
v 0.9026 1.0909 -0.6510
v 0.9177 1.1065 -0.6512
v 0.9030 1.1291 -0.6510
v 0.9170 1.1296 -0.6510
v 0.9170 1.1350 -0.6449
v 0.9304 1.1623 -0.6374
v 0.9268 1.2536 -0.6369
v 0.9170 1.1210 -0.6565
v 0.9305 1.1215 -0.6426
v 0.9313 1.1495 -0.6386
v 0.9520 1.1251 -0.6389
v 0.9660 1.1141 -0.6367
v 0.9743 1.2283 -0.6382
v 0.9582 1.2617 -0.6366
v 0.9556 1.1520 -0.6368
v 0.9714 1.2013 -0.6374
v 0.9947 1.1813 -0.6378
v 0.9894 1.2737 -0.6378
v 1.0043 1.1332 -0.6359
v 1.0061 1.2292 -0.6372
v 1.0608 1.1760 -0.6374
v 1.0527 1.1241 -0.6373
v 1.0702 1.2260 -0.6367
v 1.0675 1.2664 -0.6368
v 1.0901 1.1602 -0.6388
v 1.0946 1.2145 -0.6385
v 1.0928 1.1201 -0.6384
v 1.0879 1.2527 -0.6374
v 1.1131 1.1209 -0.6366
v 1.1128 1.2042 -0.6356
v 1.1213 1.1062 -0.4698
v 1.1244 1.1139 -0.5837
v 1.1239 1.1217 -0.5519
v 1.1223 1.1246 -0.5196
v 1.1215 1.1475 -0.4946
v 1.1195 1.1545 -0.4597
v 1.1247 1.1555 -0.5691
v 1.1265 1.1780 -0.6231
v 1.1206 1.1863 -0.4938
v 1.1236 1.2012 -0.5672
v 1.1270 1.2181 -0.6008
v 1.1220 1.2335 -0.5337
v 1.1241 1.2626 -0.5676
v 1.1254 1.2458 -0.6230
v 1.1201 1.2532 -0.4695
v -0.1977 -0.7300 -0.1059
v -0.1914 -0.7334 -0.0444
v -0.1565 -0.7346 -0.0659
v -0.1789 -0.7394 -0.0521
v -0.1890 -0.7140 -0.1330
v -0.1776 -0.7296 -0.1050
v -0.1756 -0.7329 -0.0332
v -0.1750 -0.7140 -0.1330
v -0.1750 -0.7213 -0.1190
v -0.1622 -0.7272 -0.1187
v -0.1535 -0.7319 -0.0871
v -0.1604 -0.7392 -0.0488
v -0.1602 -0.7418 -0.0348
v -0.1610 -0.7338 -0.0210
v -0.1610 -0.7169 -0.1330
v -0.1470 -0.7354 -0.1051
v -0.1419 -0.7329 -0.0713
v -0.1444 -0.7334 -0.0217
v -0.1470 -0.7195 -0.1190
v -0.1470 -0.7159 -0.1330
v -0.1297 -0.7405 -0.0323
v -0.1332 -0.7248 -0.1330
v -0.1249 -0.7230 -0.1317
v -0.1143 -0.7340 -0.1015
v -0.1221 -0.7380 -0.0818
v -0.1330 -0.7312 -0.0770
v -0.1195 -0.7347 -0.0485
v -0.1231 -0.7343 -0.0030
v -0.1190 -0.7363 -0.0630
v -0.0963 -0.7393 -0.0269
v -0.0976 -0.7304 -0.1067
v -0.1050 -0.7363 -0.0770
v -0.1040 -0.7447 -0.0521
v -0.1040 -0.7423 -0.0062
v -0.1050 -0.7175 -0.1330
v -0.0912 -0.7434 -0.0487
v -0.0774 -0.7371 -0.0602
v -0.0789 -0.7444 -0.0223
v -0.0908 -0.7313 -0.0879
v -0.0910 -0.7191 -0.1330
v -0.0910 -0.7215 -0.1190
v -0.0785 -0.7289 -0.1053
v -0.0770 -0.7185 -0.1330
v -0.0770 -0.7195 -0.1190
v -0.0648 -0.7387 -0.0452
v -0.0576 -0.7458 -0.0215
v -0.0576 -0.7468 -0.0087
v -0.0622 -0.7258 -0.1050
v -0.0630 -0.7297 -0.0770
v -0.0613 -0.7249 -0.1186
v -0.0496 -0.7276 -0.1044
v -0.0490 -0.7325 -0.0770
v -0.0447 -0.7334 -0.0557
v -0.0317 -0.7445 -0.0067
v -0.0336 -0.7294 -0.0833
v -0.0350 -0.7382 -0.0630
v -0.0358 -0.7354 -0.0441
v -0.0194 -0.7354 -0.0602
v -0.0118 -0.7330 -0.0378
v -0.8756 0.2149 -0.6399
v -0.8668 0.2619 -0.6365
v -0.8521 0.3361 -0.6355
v -0.8583 0.2028 -0.6425
v -0.8644 0.2261 -0.6375
v -0.8371 0.2846 -0.6364
v -0.8225 0.2076 -0.6426
v -0.8255 0.2288 -0.6380
v -0.8327 0.2532 -0.6388
v -0.8286 0.3834 -0.6332
v -0.8015 0.2507 -0.6367
v -0.8147 0.2670 -0.6372
v -0.8135 0.3079 -0.6349
v -0.7999 0.3469 -0.6350
v -0.8051 0.1985 -0.6423
v -0.8050 0.2168 -0.6370
v -0.8050 0.2250 -0.6396
v -0.7940 0.2815 -0.6368
v -0.7938 0.1970 -0.6370
v -0.7916 0.1968 -0.6356
v -0.8050 0.2091 -0.6370
v -0.7909 0.2111 -0.6409
v -0.8013 0.2110 -0.6370
v -0.7800 0.2152 -0.6394
v -0.7699 0.3376 -0.6351
v -0.7764 0.1975 -0.6339
v -0.7631 0.1913 -0.6510
v -0.7630 0.1970 -0.6494
v -0.7552 0.2193 -0.6392
v -0.7575 0.2477 -0.6386
v -0.7292 0.2892 -0.6357
v -0.7291 0.3348 -0.6346
v -0.7490 0.1970 -0.6467
v -0.7310 0.3537 -0.6328
v -0.7398 0.3912 -0.6311
v -0.7350 0.1868 -0.6510
v -0.7350 0.1970 -0.6468
v -0.7361 0.2170 -0.6410
v -0.7212 0.2413 -0.6377
v -0.7172 0.2610 -0.6403
v -0.7228 0.2001 -0.6441
v -0.7070 0.1970 -0.6501
v -0.7070 0.2236 -0.6385
v -0.7070 0.2390 -0.6331
v -0.7070 0.2530 -0.6353
v -0.6998 0.2767 -0.6364
v -0.6979 0.3210 -0.6343
v -0.6857 0.3580 -0.6316
v -0.6930 0.1970 -0.6510
v -0.6930 0.2670 -0.6335
v -0.6930 0.2530 -0.6319
v -0.6790 0.2670 -0.6317
v -0.6789 0.2929 -0.6352
v -0.3817 -0.0407 -0.6359
v -0.4277 -0.0427 -0.6070
v -0.4408 -0.0410 -0.6078
v -0.4276 -0.0336 -0.5884
v -0.4198 -0.0222 -0.5659
v -0.4188 -0.0113 -0.5002
v -0.4115 0.0412 -0.6380
v -0.4154 0.0618 -0.6394
v -0.4129 -0.0406 -0.6090
v -0.4014 -0.0371 -0.5915
v -0.4021 -0.0129 -0.5143
v -0.3978 0.0095 -0.6387
v -0.3998 0.1817 -0.6344
v -0.3789 -0.0262 -0.6389
v -0.3996 -0.0208 -0.5558
v -0.3909 -0.0107 -0.4767
v -0.3661 0.0557 -0.6392
v -0.3854 0.1371 -0.6355
v -0.3797 -0.0202 -0.5524
v -0.3855 -0.0131 -0.5233
v -0.3607 -0.0371 -0.5917
v -0.3664 -0.0443 -0.6208
v -0.3912 -0.0433 -0.6022
v -0.3730 -0.0283 -0.5740
v -0.3534 -0.0150 -0.5235
v -0.3444 0.1016 -0.6362
v -0.3300 0.1390 -0.6362
v -0.3395 0.1653 -0.6355
v -0.3567 -0.0296 -0.6377
v -0.3379 -0.0413 -0.6341
v -0.3360 0.0145 -0.6376
v -0.3508 -0.0192 -0.5440
v -0.3563 -0.0105 -0.4837
v -0.3065 0.0814 -0.6376
v -0.3466 0.1961 -0.6341
v -0.3355 -0.0289 -0.5711
v -0.3383 -0.0162 -0.5221
v -0.3419 -0.0107 -0.4941
v -0.3064 0.0554 -0.6384
v -0.3188 -0.0275 -0.6372
v -0.3243 -0.0412 -0.5961
v -0.3241 -0.0152 -0.5231
v -0.3001 0.0175 -0.6371
v -0.3074 -0.0327 -0.5744
v -0.3133 -0.0231 -0.5540
v -0.3132 -0.0125 -0.4959
v -0.3019 0.1304 -0.6379
v -0.3156 0.1701 -0.6356
v -0.3033 -0.0438 -0.6295
v -0.2938 -0.0415 -0.5923
v -0.3113 -0.0455 -0.6083
v -0.2922 -0.0156 -0.5214
v -0.2673 -0.0093 -0.4783
v -0.2764 0.0646 -0.6396
v -0.2864 0.1118 -0.6391
v -0.3011 0.1550 -0.6312
v -0.3017 0.1735 -0.6221
v -0.3058 0.1855 -0.5846
v -0.2936 0.1592 -0.5812
v -0.3028 0.1847 -0.5641
v -0.2621 -0.0407 -0.6337
v -0.2838 -0.0244 -0.6355
v -0.2891 -0.0280 -0.5688
v -0.2825 -0.0169 -0.5317
v -0.2666 -0.0138 -0.5021
v -0.2806 0.0489 -0.6402
v -0.2756 0.0901 -0.6404
v -0.2870 0.1270 -0.6375
v -0.2870 0.1410 -0.6230
v -0.2836 0.1434 -0.6067
v -0.2941 0.1553 -0.6092
v -0.3001 0.1826 -0.6098
v -0.2877 0.1582 -0.5693
v -0.2927 0.1779 -0.5508
v -0.2727 -0.0476 -0.6092
v -0.2611 -0.0350 -0.5784
v -0.2699 0.0157 -0.6383
v -0.2730 0.0990 -0.6431
v -0.2730 0.1130 -0.6438
v -0.2831 0.1270 -0.6230
v -0.2730 0.1160 -0.6230
v -0.2742 0.1299 -0.5950
v -0.2676 0.1167 -0.5680
v -0.2814 0.1410 -0.5810
v -0.2763 0.1401 -0.5519
v -0.2779 0.1550 -0.5530
v -0.2731 0.1411 -0.5383
v -0.2742 0.1561 -0.5349
v -0.2821 0.1719 -0.5398
v -0.2756 0.1930 -0.5311
v -0.2450 -0.0243 -0.5542
v -0.2454 -0.0172 -0.5245
v -0.2604 0.0550 -0.6426
v -0.2589 0.0711 -0.6448
v -0.2590 0.0990 -0.6451
v -0.2586 0.0994 -0.5950
v -0.2592 0.1041 -0.5753
v -0.2620 0.1089 -0.5533
v -0.2590 0.1235 -0.5390
v -0.2653 0.1270 -0.5390
v -0.2602 0.1257 -0.5240
v -0.2593 0.1413 -0.5157
v -0.2599 0.1540 -0.5214
v -0.2589 0.1708 -0.5220
v -0.2596 0.1961 -0.5185
v -0.2455 -0.0405 -0.5907
v -0.2334 -0.0297 -0.5640
v -0.2367 -0.0219 -0.6330
v -0.2420 0.0035 -0.6381
v -0.2326 -0.0112 -0.4919
v -0.2319 -0.0083 -0.4667
v -0.2450 0.0290 -0.6426
v -0.2450 0.0430 -0.6459
v -0.2450 0.0570 -0.6490
v -0.2450 0.0710 -0.6423
v -0.2450 0.0925 -0.5810
v -0.2457 0.1015 -0.5667
v -0.2556 0.0990 -0.5810
v -0.2494 0.1076 -0.5483
v -0.2432 0.1223 -0.5227
v -0.2450 0.1410 -0.5116
v -0.2350 0.1582 -0.5192
v -0.2334 -0.0413 -0.6308
v -0.2115 -0.0249 -0.5518
v -0.2308 0.0261 -0.6499
v -0.2312 0.0424 -0.6543
v -0.2261 0.0142 -0.6447
v -0.2244 0.1073 -0.5512
v -0.2193 0.1244 -0.5223
v -0.2179 0.1414 -0.5139
v -0.2237 -0.0438 -0.6252
v -0.2024 -0.0008 -0.6393
v -0.2147 -0.0224 -0.5425
v -0.2153 0.0274 -0.6542
v -0.2166 0.0429 -0.6568
v -0.2170 0.1030 -0.5668
v -0.2065 0.1082 -0.5452
v -0.2062 0.1238 -0.5222
v -0.2100 0.1535 -0.5169
v 0.0316 1.0718 -0.6487
v 0.0283 1.1026 -0.6496
v 0.0106 1.1487 -0.6495
v 0.0266 1.1910 -0.6485
v -0.0057 1.1421 -0.6478
v 0.0289 1.2233 -0.6490
v 0.0427 1.2532 -0.6497
v 0.0168 1.2665 -0.6463
v 0.0428 1.1060 -0.6503
v 0.0338 1.1587 -0.6508
v 0.0449 1.2031 -0.6492
v 0.0820 1.0638 -0.6503
v 0.0653 1.1041 -0.6512
v 0.0496 1.1455 -0.6505
v 0.0542 1.1813 -0.6496
v 0.0816 1.1211 -0.6504
v 0.0848 1.1886 -0.6507
v 0.0917 1.2128 -0.6512
v 0.0842 1.2331 -0.6521
v 0.0780 1.2733 -0.6514
v 0.0997 1.1425 -0.6514
v 0.1053 1.0731 -0.6519
v 0.1074 1.1662 -0.6525
v 0.1178 1.2306 -0.6528
v 0.1304 1.1294 -0.6517
v 0.1319 1.0812 -0.6514
v 0.1359 1.1949 -0.6528
v 0.1183 1.2737 -0.6522
v 0.1558 1.1702 -0.6523
v 0.1339 1.2494 -0.6543
v 0.1604 1.0641 -0.6514
v 0.1590 1.0985 -0.6508
v 0.1618 1.2519 -0.6544
v 0.1814 1.1997 -0.6540
v 0.1949 1.2828 -0.6539
v 0.1852 1.0825 -0.6528
v 0.1771 1.1334 -0.6531
v 0.1962 1.2603 -0.6545
v 0.2080 1.1649 -0.6534
v 0.2054 1.1480 -0.6521
v 0.2133 1.2397 -0.6535
v 1.1307 0.5051 -0.5656
v 1.1286 0.5278 -0.5170
v 1.1285 0.5574 -0.5410
v 1.2103 0.4931 -0.5845
v 1.2076 0.4912 -0.5802
v 1.2110 0.4866 -0.5809
v 1.2110 0.4871 -0.5393
v 1.2084 0.4969 -0.5318
v 1.2110 0.5050 -0.5744
v 1.2076 0.5062 -0.5634
v 1.2090 0.5007 -0.5249
v 1.2035 0.5185 -0.4975
v 1.2110 0.5019 -0.5110
v 1.2111 0.5102 -0.4974
v 1.2105 0.5186 -0.5818
v 1.2086 0.5236 -0.5668
v 1.2036 0.5188 -0.5388
v 1.2173 0.5316 -0.5802
v 1.2071 0.5485 -0.5595
v 1.2038 0.5523 -0.5452
v 1.2034 0.5330 -0.4831
v 1.2033 0.5190 -0.4830
v 1.2110 0.5471 -0.5763
v 1.2034 0.5634 -0.4759
v 1.2033 0.5330 -0.4550
v 1.2033 0.5470 -0.4550
v 1.2110 0.5610 -0.5886
v 1.2079 0.5610 -0.5810
v 1.2024 0.5629 -0.4550
v 1.2111 0.5751 -0.5767
v 1.2072 0.5750 -0.5670
v 1.2036 0.5999 -0.5535
v 1.2024 0.6009 -0.4701
v 1.2110 0.5890 -0.5890
v 1.2078 0.5890 -0.5810
v 1.2071 0.6027 -0.5668
v 1.2028 0.6308 -0.4550
v 1.2110 0.5974 -0.5810
v 1.2110 0.6030 -0.5760
v 1.2110 0.6169 -0.5764
v 1.2249 0.4889 -0.5807
v 1.2250 0.4910 -0.5837
v 1.2250 0.4901 -0.5389
v 1.2250 0.4987 -0.5810
v 1.2250 0.5050 -0.5756
v 1.2250 0.5035 -0.5250
v 1.2250 0.5034 -0.5110
v 1.2250 0.5190 -0.6107
v 1.2237 0.5190 -0.6090
v 1.2250 0.5174 -0.6090
v 1.2250 0.5190 -0.6037
v 1.2250 0.5168 -0.5670
v 1.2175 0.5210 -0.5795
v 1.2226 0.5194 -0.5647
v 1.2230 0.5330 -0.5950
v 1.2250 0.5295 -0.5950
v 1.2245 0.5470 -0.5950
v 1.2180 0.5470 -0.5810
v 1.2250 0.5610 -0.5959
v 1.2338 0.5470 -0.6090
v 1.2218 0.5610 -0.5950
v 1.2172 0.5750 -0.5810
v 1.2198 0.5750 -0.5950
v 1.2198 0.5890 -0.5950
v 1.2185 0.6030 -0.5810
v 1.2200 0.6169 -0.5950
v 1.2250 0.6170 -0.6023
v 1.2390 0.4910 -0.5810
v 1.2377 0.5050 -0.5950
v 1.2390 0.5048 -0.5968
v 1.2426 0.5152 -0.5858
v 1.2390 0.5050 -0.5694
v 1.2340 0.5190 -0.6090
v 1.2390 0.5190 -0.6061
v 1.2312 0.5190 -0.5950
v 1.2390 0.5190 -0.5707
v 1.2390 0.5306 -0.5810
v 1.2336 0.5750 -0.6090
v 1.2250 0.5750 -0.5965
v 1.2274 0.5890 -0.6090
v 1.2250 0.5890 -0.6020
v 1.2265 0.6030 -0.6090
v 1.2250 0.6030 -0.6033
v 1.2250 0.6030 -0.6121
v 1.2433 0.4911 -0.6086
v 1.2514 0.4988 -0.6246
v 1.2406 0.5188 -0.6094
v 1.2530 0.6269 -0.6370
v 1.2390 0.6217 -0.6370
v 1.2390 0.6170 -0.6364
v 1.2551 0.6161 -0.6326
v 1.2638 0.5190 -0.6230
v 1.2680 0.6030 -0.6324
v 1.2530 0.6030 -0.6313
v 1.2672 0.4910 -0.6291
v 1.2810 0.5190 -0.6289
v 1.2670 0.5189 -0.6284
v 1.2944 0.4913 -0.6245
v 1.3091 0.5329 -0.6309
v 1.2810 0.5355 -0.6293
v 1.3168 0.5463 -0.6297
v 1.2821 0.5618 -0.6292
v 1.2816 0.5755 -0.6345
v 1.2980 0.6168 -0.6351
v 1.2672 0.5767 -0.6339
v 1.3193 0.4772 -0.6254
v 1.2950 0.4770 -0.6236
v 1.3179 0.5130 -0.6251
v 1.3155 0.5716 -0.6310
v 1.3123 0.5865 -0.6296
v 1.3204 0.6145 -0.6345
v 1.3335 0.5586 -0.6300
v 1.3407 0.4770 -0.6230
v -0.4041 0.3175 -0.6298
v -0.4066 0.3652 -0.6281
v -0.3747 0.2236 -0.6324
v -0.3706 0.2665 -0.6303
v -0.3807 0.2893 -0.6306
v -0.3692 0.3134 -0.6286
v -0.3671 0.3360 -0.6285
v -0.3656 0.4054 -0.6260
v -0.3207 0.2323 -0.6324
v -0.3284 0.2872 -0.6292
v -0.3343 0.3428 -0.6276
v -0.3281 0.3728 -0.6270
v -0.3249 0.4335 -0.6242
v -0.3170 0.1975 -0.6360
v -0.3011 0.2111 -0.6337
v -0.3007 0.3454 -0.6294
v -0.3000 0.3689 -0.6289
v -0.3022 0.4349 -0.6251
v -0.3010 0.1970 -0.6230
v -0.3091 0.2111 -0.5680
v -0.2958 0.2087 -0.6094
v -0.3012 0.2106 -0.5527
v -0.3002 0.2359 -0.6328
v -0.2962 0.2371 -0.5803
v -0.3057 0.2250 -0.5670
v -0.3048 0.2275 -0.5477
v -0.3014 0.2507 -0.5658
v -0.3018 0.2723 -0.6323
v -0.2998 0.2738 -0.5513
v -0.2988 0.3167 -0.6315
v -0.2868 0.2008 -0.5367
v -0.2948 0.2166 -0.6233
v -0.2942 0.2294 -0.6030
v -0.2906 0.2210 -0.5389
v -0.2885 0.2403 -0.6229
v -0.2867 0.2545 -0.6294
v -0.2913 0.2632 -0.6098
v -0.2875 0.2700 -0.5954
v -0.2937 0.2682 -0.5387
v -0.2725 0.2617 -0.5244
v -0.2930 0.2732 -0.5658
v -0.2862 0.2809 -0.6276
v -0.2864 0.2865 -0.5940
v -0.2870 0.2950 -0.6300
v -0.2959 0.2964 -0.5535
v -0.2893 0.2950 -0.5390
v -0.2719 0.3029 -0.5250
v -0.2860 0.3224 -0.6310
v -0.2920 0.3158 -0.5589
v -0.2919 0.3222 -0.5390
v -0.2744 0.3374 -0.6269
v -0.2856 0.3414 -0.5649
v -0.2887 0.3362 -0.5336
v -0.2831 0.3248 -0.5293
v -0.2879 0.3567 -0.6283
v -0.2858 0.3807 -0.6249
v -0.2874 0.4120 -0.6230
v -0.2720 0.2129 -0.5248
v -0.2845 0.2671 -0.6234
v -0.2838 0.2810 -0.6090
v -0.2818 0.2993 -0.6231
v -0.2809 0.3122 -0.6082
v -0.2784 0.3204 -0.5945
v -0.2782 0.3341 -0.5806
v -0.2745 0.3264 -0.6233
v -0.2730 0.3220 -0.5242
v -0.2730 0.3370 -0.6192
v -0.2758 0.3428 -0.6102
v -0.2783 0.3534 -0.6228
v -0.2730 0.3446 -0.6230
v -0.2842 0.3583 -0.5397
v -0.2732 0.3529 -0.5260
v -0.2766 0.3671 -0.6086
v -0.2840 0.3726 -0.5627
v -0.2785 0.4037 -0.6081
v -0.2773 0.4030 -0.5941
v -0.2843 0.3782 -0.5394
v -0.2832 0.4046 -0.5766
v -0.2729 0.4137 -0.5264
v -0.2818 0.4152 -0.5387
v -0.2839 0.4071 -0.5530
v -0.2514 0.2343 -0.5191
v -0.2592 0.2669 -0.6272
v -0.2648 0.2390 -0.6230
v -0.2590 0.2390 -0.6289
v -0.2616 0.2727 -0.6230
v -0.2590 0.2390 -0.6211
v -0.2592 0.2670 -0.6220
v -0.2528 0.2664 -0.5200
v -0.2591 0.2863 -0.6204
v -0.2596 0.3229 -0.6285
v -0.2677 0.3177 -0.6229
v -0.2542 0.3009 -0.5222
v -0.2571 0.3178 -0.6199
v -0.2598 0.3488 -0.6269
v -0.2580 0.3544 -0.6207
v -0.2672 0.3527 -0.6231
v -0.2588 0.3912 -0.6262
v -0.2614 0.4028 -0.6231
v -0.2456 0.3987 -0.5238
v -0.2450 0.2670 -0.6284
v -0.2450 0.2810 -0.6261
v -0.2450 0.2670 -0.6212
v -0.2450 0.2810 -0.6221
v -0.2450 0.2950 -0.6268
v -0.2450 0.2950 -0.6215
v -0.2311 0.3414 -0.6251
v -0.2310 0.3244 -0.6222
v -0.2403 0.3574 -0.5238
v -0.2325 0.3737 -0.6228
v -0.2310 0.2950 -0.6267
v -0.2310 0.2950 -0.6218
v 0.0363 0.0290 0.3010
v 0.0398 0.0290 0.3150
v 0.0388 0.0430 0.3010
v 0.0555 0.0617 0.3151
v 0.0460 0.0570 0.3010
v 0.0490 0.0750 0.2870
v 0.0422 0.0570 0.2870
v 0.0630 0.0850 0.2760
v 0.0540 0.0850 0.2870
v 0.0654 0.0841 0.2728
v 0.0490 0.0822 0.2730
v 0.0630 0.0894 0.3009
v 0.0630 0.0899 0.2870
v 0.0623 0.0879 0.2619
v 0.0646 0.0990 0.2590
v 0.0680 0.0990 0.2730
v 0.0765 0.0901 0.2866
v 0.0808 0.0991 0.2871
v 0.0854 0.1265 0.2588
v 0.0737 0.1130 0.2590
v 0.0770 0.1130 0.3010
v 0.0838 0.1131 0.3150
v 0.0749 0.1130 0.2450
v 0.0773 0.1242 0.2470
v 0.0770 0.1079 0.2310
v 0.0812 0.1338 0.2310
v 0.0895 0.1197 0.2889
v 0.0795 0.1327 0.2442
v 0.0888 0.1384 0.2616
v 0.0910 0.1205 0.3010
v 0.1050 0.1270 0.2870
v 0.1050 0.1227 0.3010
v 0.1030 0.1418 0.2751
v 0.1072 0.1270 0.3010
v 0.1214 0.1409 0.2870
v 0.1190 0.1354 0.3010
v 0.1190 0.1550 0.2870
v 0.1330 0.1270 0.2997
v 0.1312 0.1270 0.3010
v 0.1336 0.1268 0.3041
v 0.1330 0.1410 0.2948
v 0.1190 0.1270 0.3080
v 0.1399 0.1655 0.2908
v 0.1470 0.1371 0.3010
v 0.1505 0.1404 0.3004
v 0.1303 0.1273 0.3150
v 0.1467 0.1412 0.3150
v 0.1602 0.1672 0.2991
v 0.1609 0.1406 0.3144
v 0.1739 0.1551 0.3097
v 0.1750 0.1382 0.3150
v 0.1750 0.1410 0.3103
v 0.1877 0.1410 0.3150
v 0.1913 0.1550 0.3146
v 0.2030 0.1550 0.3236
v 0.2097 0.1550 0.3290
v 0.2030 0.1410 0.3270
v 0.2053 0.1410 0.3290
v 0.2150 0.1690 0.3290
v 0.2170 0.1757 0.3430
v 0.2329 0.1690 0.3429
v -0.6236 1.4149 -0.6353
v -0.5954 1.3507 -0.6305
v -0.6183 1.2803 -0.6306
v -0.6230 1.4290 -0.6352
v -0.5864 1.4142 -0.6337
v -0.5532 1.3812 -0.6314
v -0.5627 1.4148 -0.6330
v -0.5319 1.3603 -0.6298
v -0.5547 1.3236 -0.6292
v -0.5269 1.4148 -0.6321
v -0.4998 1.3413 -0.6280
v -0.5270 1.3015 -0.6282
v -0.4724 1.3872 -0.6304
v -0.4623 1.4150 -0.6304
v -0.4737 1.2805 -0.6274
v -0.4284 1.3539 -0.6277
v -0.6125 1.1858 -0.6300
v -0.6294 1.2085 -0.6299
v -0.6178 1.1374 -0.6284
v -0.6223 1.0975 -0.6305
v -0.6064 1.1090 -0.6289
v -0.5767 1.2574 -0.6297
v -0.5887 1.0863 -0.6070
v -0.5817 1.0914 -0.6159
v -0.5872 1.1070 -0.6289
v -0.5775 1.1205 -0.6299
v -0.5704 1.1399 -0.6272
v -0.5612 1.1842 -0.6289
v -0.5544 1.2147 -0.6285
v -0.5671 1.0927 -0.6092
v -0.5670 1.1009 -0.6230
v -0.5670 1.1070 -0.6274
v -0.5502 1.0965 -0.6107
v -0.5532 1.0895 -0.6233
v -0.5528 1.0904 -0.5938
v -0.5530 1.0930 -0.6250
v -0.5463 1.1218 -0.6296
v -0.5533 1.1542 -0.6276
v -0.5217 1.1997 -0.6273
v -0.5279 1.1154 -0.6307
v -0.5384 1.0877 -0.6059
v -0.5233 1.2474 -0.6281
v -0.5227 1.1385 -0.6263
v -0.5089 1.1698 -0.6276
v -0.5117 1.1076 -0.6342
v -0.4801 1.1365 -0.6252
v -0.4823 1.1077 -0.6277
v -0.4624 1.1919 -0.6264
v 0.0486 0.4967 -0.5303
v 0.0188 0.5432 -0.6384
v 0.0302 0.5615 -0.6432
v 0.0231 0.6303 -0.6357
v 0.0512 0.4347 -0.5260
v 0.0792 0.4868 -0.5290
v 0.0370 0.5498 -0.6315
v 0.0350 0.5470 -0.6403
v 0.0318 0.5485 -0.5446
v 0.0380 0.5773 -0.6387
v 0.0474 0.6123 -0.6374
v 0.0490 0.5384 -0.6370
v 0.0624 0.5605 -0.6458
v 0.0602 0.5454 -0.6375
v 0.0735 0.5545 -0.6232
v 0.0559 0.5597 -0.5745
v 0.0651 0.5592 -0.5534
v 0.0486 0.6315 -0.6405
v 0.0744 0.5305 -0.5329
v 0.0630 0.5479 -0.5378
v 0.0709 0.5549 -0.6050
v 0.0788 0.5639 -0.5809
v 0.0659 0.5746 -0.6376
v 0.0629 0.6011 -0.6377
v 0.0795 0.6257 -0.6413
v 0.0835 0.4280 -0.5264
v 0.0438 0.3828 -0.5241
v 0.0874 0.5472 -0.6317
v 0.0796 0.5382 -0.6370
v 0.0860 0.5475 -0.5381
v 0.0749 0.5924 -0.6415
v 0.1011 0.5597 -0.6456
v 0.0910 0.5590 -0.6090
v 0.1030 0.5650 -0.5832
v 0.0994 0.5614 -0.5495
v 0.1048 0.5754 -0.6387
v 0.1070 0.5907 -0.6415
v 0.1218 0.4626 -0.5250
v 0.1133 0.5255 -0.5308
v 0.1037 0.5472 -0.6401
v 0.1163 0.5475 -0.6357
v 0.0962 0.5534 -0.6200
v 0.1151 0.5646 -0.5669
v 0.1108 0.6233 -0.6422
v 0.1065 0.6459 -0.6427
v 0.1275 0.4269 -0.5228
v 0.1189 0.5326 -0.6388
v 0.1190 0.5470 -0.6395
v 0.1190 0.5330 -0.6353
v 0.1242 0.5459 -0.5397
v 0.1216 0.5591 -0.6449
v 0.1365 0.5556 -0.6219
v 0.1214 0.5535 -0.5944
v 0.1323 0.5612 -0.5508
v 0.1284 0.5789 -0.6475
v 0.1441 0.5215 -0.5294
v 0.1330 0.5470 -0.6401
v 0.1379 0.5469 -0.6359
v 0.1415 0.5615 -0.5681
v 0.1311 0.6002 -0.6470
v 0.1339 0.6404 -0.6478
v 0.1711 0.4865 -0.5241
v 0.1470 0.5492 -0.6370
v 0.1470 0.5610 -0.6505
v 0.1607 0.5617 -0.5471
v 0.1597 0.5917 -0.6493
v 0.1622 0.6384 -0.6492
v 0.1624 0.4504 -0.5233
v 0.1660 0.5405 -0.5336
v 0.1877 0.5595 -0.6515
v 0.1646 0.5470 -0.6462
v 0.1517 0.5470 -0.6370
v 0.1610 0.5470 -0.6359
v 0.1610 0.5560 -0.6230
v 0.1610 0.5547 -0.6090
v 0.1609 0.5533 -0.5947
v 0.1610 0.5645 -0.5810
v 0.1628 0.5665 -0.5682
v 0.1835 0.4267 -0.5192
v 0.1889 0.4616 -0.5222
v 0.1502 0.4115 -0.5205
v 0.1826 0.4999 -0.5267
v 0.1913 0.5317 -0.5301
v 0.2027 0.5551 -0.6090
v 0.1891 0.5534 -0.5949
v 0.1897 0.5620 -0.5793
v 0.1864 0.5641 -0.5672
v 0.1895 0.4758 -0.5246
v 0.1890 0.5470 -0.6449
v 0.2005 0.5614 -0.5478
v 0.1981 0.5816 -0.6482
v 0.1893 0.6061 -0.6488
v 0.2134 0.5558 -0.5891
v 0.2030 0.5563 -0.5810
v 0.2307 0.5558 -0.6230
v 0.2030 0.5565 -0.6230
v 1.1375 0.1130 -0.4410
v -0.4232 -0.0831 -0.6438
v -0.4410 -0.0768 -0.6370
v -0.4410 -0.0830 -0.6438
v -0.4226 -0.0780 -0.6371
v -0.4270 -0.0690 -0.6230
v -0.4410 -0.0612 -0.6230
v -0.4480 -0.0687 -0.6371
v -0.4410 -0.0690 -0.6185
v -0.4163 -0.0460 -0.6230
v -0.4410 -0.0447 -0.6230
v -0.4130 -0.0690 -0.6325
v -0.4130 -0.0605 -0.6230
v -0.3990 -0.0830 -0.6436
v -0.3990 -0.0758 -0.6370
v -0.3990 -0.0690 -0.6252
v -0.3990 -0.0679 -0.6230
v -0.3739 -0.0830 -0.6434
v -0.3974 -0.0970 -0.6454
v -0.3738 -0.0662 -0.6225
v -0.3850 -0.0656 -0.6230
v -0.3855 -0.0690 -0.6090
v -0.3850 -0.0690 -0.6125
v -0.3990 -0.0586 -0.6090
v -0.3990 -0.0690 -0.6023
v -0.3649 -0.0707 -0.6245
v -0.3710 -0.0690 -0.6090
v -0.3316 -0.0970 -0.6460
v -0.3447 -0.0737 -0.6231
v -0.3220 -0.0823 -0.6437
v -0.3310 -0.0449 -0.6236
v -0.3148 -0.0969 -0.6441
v -0.3046 -0.0828 -0.6431
v -0.3010 -0.0692 -0.6230
v -0.2661 -0.0970 -0.6456
v -0.2797 -0.0773 -0.6355
v -0.2870 -0.0733 -0.6230
v -0.2746 -0.0475 -0.6230
v -0.2460 -0.0828 -0.6424
v -0.2730 -0.0711 -0.6230
v -0.2582 -0.0725 -0.6238
v -0.2590 -0.0690 -0.6138
v -0.2590 -0.0649 -0.6090
v -0.2624 -0.0690 -0.6090
v -0.2590 -0.0690 -0.6078
v -0.2473 -0.0472 -0.6234
v -0.2310 -0.0692 -0.6316
v -0.2479 -0.0690 -0.6230
v -0.2450 -0.0662 -0.6230
v -0.2497 -0.0690 -0.6090
v -0.2450 -0.0690 -0.6160
v -0.2450 -0.0477 -0.6090
v -0.2310 -0.0611 -0.6230
v -0.2310 -0.0576 -0.6090
v -0.2420 -0.0690 -0.6090
v -0.2310 -0.0522 -0.6090
v -0.2210 -0.0690 -0.6230
v -0.2310 -0.0690 -0.6068
v -0.6517 0.0380 -0.0143
v -0.6505 0.0609 -0.0145
v -0.6525 0.1027 -0.0204
v -0.6507 0.1411 -0.0290
v -0.6521 0.1545 -0.0363
v -0.6510 0.1690 -0.0397
v -0.6370 0.0010 -0.0210
v -0.6370 0.0150 -0.0175
v -0.6370 0.0425 -0.0182
v -0.6370 0.0711 -0.0181
v -0.6371 0.0968 -0.0232
v -0.6369 0.1235 -0.0273
v -0.6370 0.1325 -0.0350
v -0.6370 0.1550 -0.0426
v -0.6370 0.1690 -0.0456
v -0.6230 -0.0106 -0.0210
v -0.6229 -0.0068 -0.0069
v -0.6341 0.0150 -0.0210
v -0.6090 -0.0025 -0.0070
v -0.6090 -0.0039 0.0070
v -0.6090 0.1550 0.0052
v -0.5952 0.1527 -0.0087
v -0.6000 0.1607 -0.0020
v -0.6090 0.1522 0.0070
v -0.5950 0.1521 0.0067
v -0.5947 0.1631 -0.0209
v -0.5908 0.1696 -0.0368
v -0.5667 0.1519 -0.0130
v -0.5831 0.1514 0.0113
v -0.5768 0.1648 -0.0593
v -0.5539 0.1439 -0.0353
v -0.5539 0.1249 0.0038
v -0.5623 0.1631 -0.1120
v -0.5728 0.1690 -0.0910
v -0.5604 0.1572 -0.0906
v -0.5672 0.1689 -0.1106
v -0.5736 0.1677 -0.0788
v -0.5652 0.1595 -0.0573
v -0.5763 0.1830 -0.0910
v -0.5579 0.1550 -0.0678
v -0.5498 0.1334 -0.0157
v -0.5519 0.1564 -0.1053
v -0.5670 0.1830 -0.1283
v -0.5670 0.1793 -0.1190
v -0.5530 0.1690 -0.1285
v -0.5659 0.1830 -0.1330
v -0.5530 0.1725 -0.1330
v -0.5394 0.1335 -0.0522
v -0.5390 0.1550 -0.1360
v -0.5430 0.1550 -0.1330
v -0.5390 0.1503 -0.1330
v -0.5513 0.1550 -0.1190
v -0.5377 0.1372 -0.0970
v -0.5485 0.1690 -0.1330
v -0.5237 0.1055 -0.0171
v -0.5431 0.1123 0.0083
v -0.5210 0.0688 0.0233
v -0.5250 0.1410 -0.1388
v -0.5293 0.1410 -0.1330
v -0.5250 0.1338 -0.1191
v -0.5118 0.1191 -0.1076
v -0.5198 0.1147 -0.0720
v -0.5110 0.0850 -0.1715
v -0.5158 0.0990 -0.1750
v -0.5066 0.0995 -0.1614
v -0.5138 0.0850 -0.1750
v -0.5041 0.0918 -0.0509
v -0.5058 0.0722 -0.0106
v -0.5170 0.1130 -0.1610
v -0.5192 0.1130 -0.1750
v -0.5106 0.1195 -0.1367
v -0.5221 0.1270 -0.1470
v -0.5210 0.1270 -0.1610
v -0.5170 0.1270 -0.1330
v -0.5183 0.1270 -0.1190
v -0.5110 0.1202 -0.1190
v -0.4970 0.1002 -0.0914
v -0.4846 0.0362 -0.0003
v -0.5025 0.0710 -0.1750
v -0.5110 0.0710 -0.1882
v -0.5110 0.0816 -0.1750
v -0.4970 0.0850 -0.1610
v -0.4973 0.0714 -0.1682
v -0.4860 0.0751 -0.0690
v -0.4878 0.0527 -0.0379
v -0.5064 0.1128 -0.1338
v -0.4965 0.1034 -0.1325
v -0.5079 0.1130 -0.1050
v -0.4972 0.1020 -0.1052
v -0.4963 0.0010 -0.2030
v -0.4830 0.0084 -0.2030
v -0.4970 0.0570 -0.1831
v -0.4838 0.0433 -0.1728
v -0.4970 0.0430 -0.1829
v -0.4896 0.0674 -0.1547
v -0.4708 0.0510 -0.1490
v -0.4825 0.0840 -0.1191
v -0.4780 0.0472 -0.0557
v -0.4924 0.0889 -0.1431
v -0.4934 0.0972 -0.1201
v -0.4836 0.0848 -0.1025
v -0.4675 0.0085 -0.2029
v -0.4830 0.0032 -0.1890
v -0.4698 0.0184 -0.1895
v -0.4748 0.0290 -0.1750
v -0.4830 0.0290 -0.1797
v -0.4690 0.0290 -0.1682
v -0.4697 0.0366 -0.0675
v -0.4685 0.0287 -0.0360
v -0.4690 0.0290 -0.0210
v -0.4723 0.0676 -0.1208
v -0.4730 0.0536 -0.0816
v -0.4654 0.0436 -0.0971
v -0.4798 0.0713 -0.1056
v -0.4611 0.0150 -0.1750
v -0.4550 0.0077 -0.1750
v -0.4554 0.0110 -0.1577
v -0.4690 0.0229 -0.1750
v -0.4652 0.0290 -0.1610
v -0.4605 0.0292 -0.1368
v -0.4569 0.0264 -0.0713
v -0.4630 0.0440 -0.1481
v 0.0349 0.9392 -0.6466
v 0.0370 1.0383 -0.6484
v 0.0340 0.8704 -0.6460
v 0.0455 1.0004 -0.6484
v 0.0688 0.9171 -0.6481
v 0.0775 0.8686 -0.6482
v 0.0945 0.9892 -0.6500
v 0.0931 1.0261 -0.6500
v 0.0862 0.9424 -0.6490
v 0.1007 0.9098 -0.6493
v 0.1029 0.9474 -0.6500
v 0.1057 0.9776 -0.6510
v 0.1119 0.8692 -0.6487
v 0.1362 0.9413 -0.6492
v 0.1327 0.9957 -0.6492
v 0.1353 1.0482 -0.6507
v 0.1576 0.9327 -0.6501
v 0.1379 0.8556 -0.6486
v 0.1667 0.9841 -0.6514
v 0.1718 0.8744 -0.6499
v 0.1734 0.9170 -0.6493
v 0.1772 0.9634 -0.6498
v 0.1838 1.0519 -0.6524
v 0.1938 0.8602 -0.6489
v 0.2116 0.8897 -0.6495
v 0.2031 0.9434 -0.6508
v 0.2028 1.0188 -0.6510
v 0.2450 -0.0034 -0.4130
v 0.2481 -0.0057 -0.3960
v 0.2452 -0.0001 -0.3502
v 0.2740 -0.0004 -0.3005
v 0.2585 0.0005 -0.2645
v 0.2606 0.0010 -0.2463
v 0.2636 -0.0080 -0.4301
v 0.2590 -0.0092 -0.4124
v 0.2590 -0.0062 -0.3990
v 0.2728 -0.0010 -0.3581
v 0.2898 -0.0066 -0.4081
v 0.2780 -0.0029 -0.3838
v 0.2935 0.0069 -0.2323
v 0.2870 -0.0106 -0.4270
v 0.3024 -0.0003 -0.3092
v 0.2993 0.0000 -0.2622
v 0.3183 -0.0022 -0.3793
v 0.3255 -0.0010 -0.3245
v 0.3149 0.0005 -0.2713
v 0.3277 -0.0058 -0.3999
v 0.3397 -0.0078 -0.4248
v 0.3391 0.0005 -0.3510
v 0.3363 -0.0012 -0.2469
v 0.3620 -0.0024 -0.3836
v 0.3506 0.0004 -0.2755
v 0.3699 -0.0045 -0.3996
v 0.3910 -0.0001 -0.3308
v 0.3811 0.0006 -0.2995
v 0.3852 0.0002 -0.2605
v 0.4036 -0.0020 -0.3857
v 0.4002 -0.0010 -0.3534
v 0.4223 -0.0037 -0.3960
v 0.4119 -0.0001 -0.3090
v 0.4221 -0.0018 -0.3482
v 0.4207 -0.0007 -0.2410
v 0.4371 0.0001 -0.3212
v -0.4085 0.6610 -0.6234
v -0.4069 0.7886 -0.6237
v -0.3815 0.6529 -0.6219
v -0.3686 0.6980 -0.6236
v -0.3730 0.7907 -0.6237
v -0.3843 0.8221 -0.6237
v -0.3662 0.7507 -0.6237
v -0.3296 0.7450 -0.6225
v -0.3386 0.8134 -0.6228
v -0.3318 0.6798 -0.6218
v -0.3400 0.6261 -0.6213
v -0.3179 0.7800 -0.6232
v -0.3116 0.7343 -0.6227
v -0.3101 0.8257 -0.6230
v -0.3020 0.6185 -0.6198
v -0.3027 0.6918 -0.6225
v -0.2789 0.7655 -0.6224
v -0.2796 0.6738 -0.6204
v -0.2612 0.6382 -0.6186
v -0.2645 0.7043 -0.6214
v -0.2872 0.7939 -0.6230
v -0.2745 0.8267 -0.6220
v -0.2647 0.7532 -0.6218
v -0.2541 0.7827 -0.6215
v -0.4041 0.5276 -0.6224
v -0.4036 0.4247 -0.6263
v -0.3851 0.5958 -0.6225
v -0.3864 0.5483 -0.6217
v -0.3681 0.4520 -0.6229
v -0.3757 0.4867 -0.6213
v -0.3668 0.5940 -0.6213
v -0.3586 0.5353 -0.6221
v -0.3367 0.5760 -0.6209
v -0.3336 0.5007 -0.6206
v -0.3292 0.4619 -0.6208
v -0.3213 0.5343 -0.6206
v -0.3019 0.4680 -0.6235
v -0.3015 0.5074 -0.6233
v -0.2980 0.5342 -0.6209
v -0.2872 0.4369 -0.6194
v -0.2869 0.4879 -0.6186
v -0.2853 0.5332 -0.6157
v -0.2803 0.5647 -0.6209
v -0.2829 0.4222 -0.5758
v -0.2865 0.4272 -0.5534
v -0.2784 0.4432 -0.6019
v -0.2821 0.4611 -0.5844
v -0.2846 0.4354 -0.5391
v -0.2800 0.4629 -0.6090
v -0.2842 0.4855 -0.5566
v -0.2730 0.4531 -0.5276
v -0.2820 0.4864 -0.5393
v -0.2809 0.5158 -0.5952
v -0.2726 0.4992 -0.5317
v -0.2837 0.5121 -0.5536
v -0.2808 0.5163 -0.6087
v -0.2801 0.5192 -0.5684
v -0.2728 0.5281 -0.5371
v -0.2745 0.5288 -0.6026
v -0.2732 0.5330 -0.5735
v -0.2753 0.5347 -0.5528
v -0.2730 0.5471 -0.6148
v -0.2645 0.5746 -0.6196
v -0.2581 0.4442 -0.5273
v -0.2592 0.5336 -0.5362
v -0.2578 0.5373 -0.5853
v -0.2608 0.5362 -0.5580
v -0.2589 0.5608 -0.6159
v -0.2458 0.5483 -0.6005
v -0.2367 0.5363 -0.5812
v -0.2450 0.5610 -0.6144
v -0.2310 0.5470 -0.5950
v -0.2310 0.5522 -0.6090
v -0.2310 0.5610 -0.6195
v -0.6428 -0.0008 0.0408
v -0.6510 -0.0094 0.0770
v -0.6486 0.0046 0.0637
v -0.6250 -0.0063 0.0244
v -0.6373 0.0033 0.0765
v -0.6273 0.0010 0.0910
v -0.6229 0.0026 0.0704
v -0.6230 0.0048 0.0910
v -0.6263 0.0010 0.1050
v -0.6230 0.0052 0.1050
v -0.6098 0.0045 0.0212
v -0.6089 0.0102 0.0489
v -0.6081 0.0122 0.0764
v -0.6051 0.0154 0.1033
v -0.5950 0.0108 0.0490
v -0.5852 0.0111 0.0608
v -0.6089 0.0104 0.1190
v -0.5870 0.0170 0.1189
v -0.6090 0.1512 0.0207
v -0.5925 0.1580 0.0191
v -0.6090 0.1690 0.0350
v -0.5947 0.1553 0.0350
v -0.5810 0.0045 0.0490
v -0.5627 0.0093 0.0913
v -0.5810 0.1467 0.0227
v -0.5874 0.1485 0.0490
v -0.5810 0.0150 0.0361
v -0.5670 0.0084 0.0490
v -0.5670 0.0150 0.0402
v -0.5576 0.0073 0.0738
v -0.5521 0.1133 0.0300
v -0.5651 0.1273 0.0445
v -0.5811 0.1362 0.0628
v -0.5714 0.1270 0.0630
v -0.5583 0.0150 0.0490
v -0.5530 0.0057 0.0630
v -0.5366 0.0175 0.0658
v -0.5530 0.0213 0.0490
v -0.5470 0.0964 0.0356
v -0.5558 0.0850 0.0490
v -0.5457 0.0855 0.0358
v -0.5550 0.0990 0.0490
v -0.5596 0.1130 0.0490
v -0.5670 0.1236 0.0630
v -0.5613 0.1130 0.0630
v -0.5411 0.0121 0.0824
v -0.5390 0.0226 0.0490
v -0.5200 0.0113 0.1182
v -0.5423 0.0871 0.0306
v -0.5249 0.0062 0.0908
v -0.5390 0.0294 0.0447
v -0.5250 0.0181 0.0630
v -0.5250 0.0290 0.0571
v -0.5390 0.0430 0.0413
v -0.5356 0.0430 0.0490
v -0.5250 0.0430 0.0567
v -0.5280 0.0570 0.0490
v -0.5390 0.0570 0.0403
v -0.5250 0.0570 0.0545
v -0.5372 0.0710 0.0350
v -0.5131 0.0562 0.0354
v -0.5239 0.0597 0.0505
v -0.5082 0.0206 0.0870
v -0.5110 0.0099 0.1050
v -0.4979 0.0106 0.1190
v -0.5105 0.0337 0.0629
v -0.4996 0.0292 0.0725
v -0.5102 0.0441 0.0542
v -0.4853 0.0088 0.1057
v -0.4933 0.0272 0.0892
v -0.4974 0.0420 0.0256
v -0.5006 0.0343 0.0553
v -0.4707 0.0067 0.1190
v -0.4852 0.0298 0.0555
v -0.4698 0.0199 0.1046
v -0.4647 0.0265 0.0909
v -0.4550 0.0061 0.1190
v -0.5664 -0.0510 -0.6370
v -0.5674 -0.0470 -0.6233
v -0.5670 -0.0690 -0.6460
v -0.5810 -0.0640 -0.6370
v -0.5810 -0.0690 -0.6454
v -0.5670 -0.0586 -0.6370
v -0.5608 -0.0690 -0.6370
v -0.5528 -0.0831 -0.6472
v -0.5530 -0.0751 -0.6370
v -0.5670 -0.0830 -0.6458
v -0.5530 -0.0690 -0.6334
v -0.5530 -0.0576 -0.6230
v -0.5670 -0.0605 -0.6230
v -0.5493 -0.0478 -0.6367
v -0.5530 -0.0493 -0.6230
v -0.5386 -0.0687 -0.6481
v -0.5455 -0.0690 -0.6370
v -0.5338 -0.0638 -0.6397
v -0.5247 -0.0608 -0.6230
v -0.5110 -0.0830 -0.6450
v -0.5110 -0.0690 -0.6460
v -0.5108 -0.0580 -0.6333
v -0.4997 -0.0503 -0.6364
v -0.4825 -0.0691 -0.6468
v -0.4810 -0.0607 -0.6373
v -0.4997 -0.0553 -0.6234
v -0.4836 -0.0445 -0.6234
v -0.4604 -0.0571 -0.6230
v -0.4830 -0.0603 -0.6230
v -0.4639 -0.0519 -0.6215
v -0.4636 -0.0498 -0.6089
v -0.4550 -0.0690 -0.6421
v -0.4809 -0.0834 -0.6438
v -0.4550 -0.0622 -0.6370
v -0.1925 1.1556 -0.6246
v -0.1705 1.2348 -0.6266
v -0.1968 1.2644 -0.6231
v -0.1569 1.1475 -0.6291
v -0.1623 1.1662 -0.6293
v -0.1269 1.1170 -0.6309
v -0.1473 1.2553 -0.6266
v -0.1152 1.1658 -0.6300
v -0.1240 1.2137 -0.6282
v -0.1149 1.2812 -0.6331
v -0.1030 1.1294 -0.6334
v -0.1105 1.2506 -0.6280
v -0.0879 1.1917 -0.6321
v -0.0933 1.2123 -0.6303
v -0.0764 1.1302 -0.6339
v -0.0569 1.1872 -0.6328
v -0.0740 1.2354 -0.6307
v -0.0848 1.2753 -0.6342
v -0.0426 1.1470 -0.6361
v -0.0457 1.2186 -0.6326
v -0.0523 1.2701 -0.6372
v -0.0525 1.2492 -0.6340
v -0.0319 1.1253 -0.6382
v -0.0207 1.1793 -0.6388
v -0.0224 1.2864 -0.6416
v -0.0212 1.2200 -0.6359
v -0.0204 1.2509 -0.6399
v -0.0071 1.1701 -0.6480
v -0.0066 1.2279 -0.6470
v -0.0069 1.2669 -0.6459
v 1.0570 0.1668 -0.6790
v 1.0570 0.1690 -0.6744
v 1.0611 0.1690 -0.6790
v 1.0710 0.1828 -0.6790
v 1.0850 0.1795 -0.6790
v 0.0388 0.3450 -0.5217
v 0.0410 0.2255 -0.5140
v 0.0502 0.2873 -0.5184
v 0.0865 0.3092 -0.5167
v 0.0760 0.3548 -0.5203
v 0.0898 0.2323 -0.5123
v 0.0928 0.3894 -0.5234
v 0.1007 0.3499 -0.5199
v 0.1237 0.2111 -0.5092
v 0.1128 0.2547 -0.5117
v 0.1361 0.2808 -0.5142
v 0.1282 0.3152 -0.5163
v 0.1501 0.2052 -0.5092
v 0.1548 0.3669 -0.5177
v 0.1908 0.2996 -0.5127
v 0.1745 0.1975 -0.5082
v 0.1845 0.3381 -0.5146
v 0.2059 0.3452 -0.5152
v 0.0223 0.6987 -0.6436
v 0.0273 0.7665 -0.6442
v 0.0371 0.7859 -0.6452
v 0.0388 0.6531 -0.6393
v 0.0370 0.6929 -0.6431
v 0.0648 0.6604 -0.6410
v 0.0807 0.7523 -0.6467
v 0.0616 0.7657 -0.6452
v 0.0618 0.8423 -0.6472
v 0.0785 0.6846 -0.6439
v 0.0776 0.7785 -0.6471
v 0.0784 0.8291 -0.6479
v 0.1156 0.6784 -0.6479
v 0.1071 0.7387 -0.6479
v 0.1207 0.7025 -0.6482
v 0.1324 0.8245 -0.6480
v 0.1245 0.6522 -0.6478
v 0.1307 0.7728 -0.6475
v 0.1554 0.6887 -0.6485
v 0.1416 0.7393 -0.6472
v 0.1721 0.8219 -0.6499
v 0.1724 0.6780 -0.6480
v 0.1619 0.7622 -0.6485
v 0.1755 0.7387 -0.6478
v 0.1940 0.8081 -0.6487
v 0.2044 0.7750 -0.6483
v 0.2023 0.7380 -0.6495
v -0.1050 0.0290 -0.6662
v -0.1271 0.0292 -0.6614
v -0.1064 0.0149 -0.6514
v -0.0910 0.0290 -0.6650
v -0.9590 -0.0550 -0.6590
v -0.9590 -0.0453 -0.6510
v -0.9730 -0.0550 -0.6575
v -0.9451 -0.0546 -0.6503
v -0.9450 -0.0690 -0.6594
v -0.9261 -0.0552 -0.6579
v -0.9310 -0.0690 -0.6536
v -0.9310 -0.2510 -0.6627
v -0.9170 -0.0690 -0.6593
v -0.9030 -0.0830 -0.6592
v -0.9170 -0.0830 -0.6619
v -0.4137 1.3802 -0.6295
v -0.4126 1.4147 -0.6289
v -0.3743 1.3565 -0.6274
v -0.3665 1.4019 -0.6269
v -0.3725 1.4152 -0.6277
v -0.4122 1.4260 -0.6230
v -0.3500 1.3394 -0.6259
v -0.3377 1.3877 -0.6273
v -0.3570 1.4234 -0.6230
v -0.3126 1.4149 -0.6253
v -0.3166 1.4193 -0.6231
v -0.3007 1.4017 -0.6246
v -0.2958 1.3200 -0.6243
v -0.2654 1.3814 -0.6247
v -0.2637 1.3453 -0.6229
v -0.2812 1.4154 -0.6244
v -0.2618 1.4004 -0.6215
v -0.2335 1.3736 -0.6234
v -0.2538 1.4150 -0.6234
v -0.2590 1.4160 -0.6230
v -0.2199 1.4139 -0.6190
v -1.0054 1.0930 -0.6370
v -1.0150 1.1070 -0.6454
v -1.0150 1.1002 -0.6370
v -1.0010 1.0930 -0.6405
v -0.9887 1.1087 -0.6492
v -1.0149 1.1347 -0.6496
v -0.9866 1.1660 -0.6490
v -1.0149 1.1794 -0.6492
v -0.9867 1.1930 -0.6498
v -1.0011 1.2202 -0.6490
v -1.0150 1.2190 -0.6502
v -1.0013 1.2604 -0.6508
v -1.0150 1.2617 -0.6554
v -1.0150 1.2400 -0.6511
v -1.0150 1.3169 -0.6562
v -1.0010 1.0848 -0.6370
v -0.9744 1.1001 -0.6477
v -0.9822 1.2155 -0.6493
v -0.9511 1.1021 -0.6465
v -0.9373 1.1523 -0.6449
v -0.9452 1.1837 -0.6469
v -0.9393 1.2371 -0.6469
v -0.9209 1.1074 -0.6388
v -0.9308 1.1955 -0.6437
v -0.9154 1.1781 -0.6377
v -0.9172 1.2630 -0.6396
v -0.2036 -0.0360 -0.6232
v -0.1970 -0.0283 -0.5594
v -0.2020 -0.0118 -0.4967
v -0.1982 -0.0197 -0.5151
v -0.1894 -0.0105 -0.4675
v -0.2030 0.0149 -0.6515
v -0.1986 0.0946 -0.5649
v -0.2170 0.0918 -0.5810
v -0.1905 0.0920 -0.5810
v -0.2030 0.1410 -0.5114
v -0.1868 -0.0261 -0.6242
v -0.1774 -0.0339 -0.6092
v -0.1772 -0.0325 -0.5748
v -0.1778 0.0005 -0.6384
v -0.1890 -0.0208 -0.5250
v -0.1754 -0.0158 -0.4970
v -0.1717 0.0162 -0.6521
v -0.1890 0.0290 -0.6565
v -0.1890 0.0430 -0.6594
v -0.1813 0.0983 -0.5586
v -0.1854 0.1409 -0.5118
v -0.1785 0.1551 -0.5144
v -0.1522 -0.0197 -0.6209
v -0.1744 -0.0242 -0.5272
v -0.1704 -0.0220 -0.5136
v -0.1603 -0.0134 -0.4848
v -0.1600 -0.0124 -0.4708
v -0.1650 0.0285 -0.6564
v -0.1611 0.0910 -0.5809
v -0.1550 0.1168 -0.5314
v -0.1709 0.1271 -0.5189
v -0.1538 -0.0324 -0.5938
v -0.1610 -0.0306 -0.5670
v -0.1574 -0.0324 -0.5508
v -0.1610 -0.0136 -0.4970
v -0.1530 0.0011 -0.6360
v -0.1609 0.1001 -0.5664
v -0.1610 0.1041 -0.5530
v -0.1610 0.1410 -0.5098
v -0.1324 0.1536 -0.5175
v -0.1575 0.1672 -0.5149
v -0.1427 -0.0277 -0.6090
v -0.1288 -0.0288 -0.5756
v -0.1410 -0.0316 -0.5652
v -0.1294 -0.0292 -0.5395
v -0.1204 -0.0217 -0.5253
v -0.1446 -0.0202 -0.5109
v -0.1470 -0.0160 -0.4970
v -0.1473 0.0143 -0.6520
v -0.1329 0.0923 -0.5671
v -0.1407 0.1045 -0.5519
v -0.1468 0.1117 -0.5404
v -0.1414 0.1207 -0.5255
v -0.1470 0.1270 -0.5192
v -0.1363 0.1404 -0.5134
v -0.1170 -0.0258 -0.5962
v -0.1303 -0.0028 -0.6302
v -0.1215 -0.0141 -0.4970
v -0.1330 -0.0155 -0.4830
v -0.1340 0.1249 -0.5077
v -0.1328 0.1343 -0.5095
v -0.1089 -0.0312 -0.5524
v -0.1136 -0.0208 -0.6080
v -0.1108 -0.0204 -0.5124
v -0.0959 -0.0149 -0.4835
v -0.1190 0.0924 -0.5810
v -0.1190 0.0924 -0.5663
v -0.1330 0.0924 -0.5810
v -0.1190 0.1047 -0.5530
v -0.1181 0.1071 -0.5380
v -0.1048 0.1219 -0.5249
v -0.0968 -0.0276 -0.5261
v -0.1046 -0.0072 -0.6252
v -0.0951 -0.0260 -0.5645
v -0.1042 0.1268 -0.5103
v -0.0913 0.1583 -0.5138
v -0.0857 -0.0307 -0.5396
v -0.0927 -0.0189 -0.6106
v -0.0908 -0.0213 -0.5943
v -0.0832 -0.0154 -0.4973
v -0.0856 -0.0001 -0.6387
v -0.0881 0.0237 -0.6586
v -0.1015 0.1001 -0.5389
v -0.0754 0.1273 -0.5103
v -0.0670 0.1496 -0.5144
v -0.0701 -0.0266 -0.5658
v -0.0706 -0.0189 -0.6082
v -0.0770 -0.0235 -0.5950
v -0.0702 -0.0212 -0.5806
v -0.0774 -0.0204 -0.5152
v -0.0647 -0.0178 -0.4737
v -0.0786 -0.0143 -0.4654
v -0.0696 0.0020 -0.6435
v -0.0770 0.0290 -0.6615
v -0.0776 0.0818 -0.5669
v -0.0770 0.0971 -0.5530
v -0.0910 0.0924 -0.5670
v -0.0910 0.0932 -0.5530
v -0.0769 0.0944 -0.5387
v -0.0910 0.1005 -0.5390
v -0.0770 0.1094 -0.5250
v -0.0486 -0.0293 -0.5284
v -0.0600 -0.0242 -0.5167
v -0.0585 -0.0199 -0.5924
v -0.0534 -0.0106 -0.4968
v -0.0445 -0.0173 -0.6091
v -0.0630 0.0150 -0.6532
v -0.0630 0.0268 -0.6650
v -0.0700 0.0290 -0.6650
v -0.0630 0.0781 -0.5670
v -0.0627 0.0858 -0.5531
v -0.0630 0.0937 -0.5390
v -0.0657 0.0990 -0.5250
v -0.0630 0.0963 -0.5247
v -0.0770 0.1129 -0.5109
v -0.0630 0.1130 -0.5110
v -0.0480 -0.0252 -0.5604
v -0.0490 -0.0176 -0.5110
v -0.0457 -0.0090 -0.4743
v -0.0346 -0.0105 -0.4555
v -0.0363 0.0148 -0.6577
v -0.0490 0.0786 -0.5530
v -0.0490 0.0850 -0.5419
v -0.0490 0.0895 -0.5390
v -0.0484 0.1130 -0.5107
v -0.0490 0.1277 -0.5101
v -0.0385 0.1412 -0.5124
v -0.0415 0.1563 -0.5169
v -0.0329 -0.0280 -0.5339
v -0.0233 -0.0284 -0.5422
v -0.0096 -0.0181 -0.5096
v -0.0299 -0.0101 -0.4966
v -0.0230 -0.0077 -0.6353
v -0.0280 0.0022 -0.6461
v -0.0299 -0.0112 -0.4820
v -0.0074 -0.0277 -0.5247
v -0.0209 0.0078 -0.6510
v -0.0210 0.0150 -0.6576
v -0.0350 0.0965 -0.5250
v -0.0210 0.0965 -0.5250
v -0.0350 0.1130 -0.5134
v -0.0210 0.1270 -0.5149
v -0.0343 0.1270 -0.5110
v -0.0076 0.1415 -0.5133
v -0.0044 -0.0314 -0.5461
v -0.0070 0.1270 -0.5110
v 0.0070 0.0045 -0.6510
v -0.6113 0.9245 -0.6270
v -0.5949 0.8780 -0.6302
v -0.5804 0.8227 -0.6275
v -0.8227 0.9535 -0.6302
v -0.7407 1.0173 -0.6300
v -0.8953 0.8068 -0.6305
v -0.8973 0.7486 -0.6302
v -0.8687 0.8753 -0.6304
v -0.7796 1.0205 -0.6305
v -0.5380 0.7812 -0.6262
v -0.8743 0.8515 -0.6301
v -0.9029 0.7275 -0.6304
v -0.4931 0.8513 -0.6258
v -0.4662 0.8643 -0.6253
v -0.4153 0.8467 -0.6240
v -0.3864 0.5483 -0.6217
v -0.3851 0.5958 -0.6225
v -0.3757 0.4867 -0.6213
v -0.4267 0.6189 -0.6232
v -0.3681 0.4520 -0.6229
v -0.4742 0.6410 -0.6234
v -0.4998 0.6688 -0.6237
v -0.3488 0.8690 -0.6235
v -0.4423 0.7668 -0.6248
v -0.4069 0.7886 -0.6237
v -0.4967 0.6991 -0.6256
v -0.4923 0.7402 -0.6253
v -0.2839 0.9341 -0.6230
v -0.3013 0.9158 -0.6233
v -0.3983 0.8658 -0.6248
v -0.4153 0.8467 -0.6240
v -0.2677 0.9920 -0.6232
v -0.2681 1.0367 -0.6234
v -0.2803 1.0846 -0.6227
v -0.3123 1.1193 -0.6244
v -0.2794 1.1493 -0.6212
v -0.2562 1.1834 -0.6212
v -0.2657 1.2413 -0.6213
v -0.2230 1.2860 -0.6202
v -0.4280 0.3979 -0.6274
v -0.3656 0.4054 -0.6260
v -0.3249 0.4335 -0.6242
v -0.3022 0.4349 -0.6251
v -0.3681 0.4520 -0.6229
v -0.2872 0.4369 -0.6194
v -0.2800 0.4629 -0.6090
v -0.2809 0.5158 -0.5952
v -0.2801 0.5192 -0.5684
v -0.2753 0.5347 -0.5528
v -0.2592 0.5336 -0.5362
v -0.2321 0.5009 -0.5285
v -0.1489 -0.0078 -0.4325
v -0.1894 -0.0105 -0.4675
v -0.1046 -0.0097 -0.4526
v -0.2319 -0.0083 -0.4667
v -0.2673 -0.0093 -0.4783
v -0.0666 -0.0077 -0.4308
v -0.0618 -0.0103 -0.4521
v -0.0371 -0.0079 -0.4343
v -0.0190 -0.0058 -0.4553
v 0.7572 1.2824 -0.6382
v 0.7578 1.3422 -0.6382
v 0.7623 1.3831 -0.6381
v 0.7333 1.2680 -0.6384
v 0.7405 1.2114 -0.6377
v 0.7466 1.3974 -0.6402
v 0.7316 1.1823 -0.6391
v 0.7530 1.4344 -0.6422
v 0.7587 1.1308 -0.6369
v 0.7571 1.4614 -0.6439
v 0.7661 1.4924 -0.6440
v 0.8049 1.1208 -0.6349
v 0.7910 1.5130 -0.6479
v 0.8190 1.1302 -0.6230
v 0.8276 1.5401 -0.6455
v 0.8552 1.5656 -0.6440
v 0.8856 1.5964 -0.6467
v 0.9177 1.6012 -0.6444
v 0.9472 1.5988 -0.6449
v 0.9611 1.6245 -0.6450
v 1.1128 1.2042 -0.6356
v 1.1128 1.2867 -0.6357
v 1.0246 1.6571 -0.6452
v 1.0928 1.1201 -0.6384
v 1.1131 1.1209 -0.6366
v 1.1223 1.3901 -0.6230
v 1.1245 1.3080 -0.6226
v 1.0999 1.6658 -0.6401
v 1.0807 1.6971 -0.6455
v 1.1224 1.4477 -0.6074
v 1.1189 1.6658 -0.6230
v 1.0997 1.0583 -0.6367
v 1.1117 1.6856 -0.6353
v 1.1213 1.4435 -0.5713
v 1.0974 0.9865 -0.6357
v 1.1206 1.4397 -0.5281
v 1.1236 1.7146 -0.6033
v 1.1132 0.9539 -0.6328
v 1.1198 1.4905 -0.4839
v 1.1005 0.8998 -0.6335
v 1.1127 0.9237 -0.6311
v 1.1188 1.5311 -0.4507
v 1.0911 0.8521 -0.6333
v 0.7558 1.0092 -0.6329
v 0.7770 1.0230 -0.6239
v 0.8035 1.0519 -0.6153
v 1.0552 0.8023 -0.6319
v 0.7769 1.0361 -0.6176
v 1.1188 1.4844 -0.4213
v 1.0414 0.7516 -0.6310
v 1.1177 1.4571 -0.3844
v 1.0394 0.7112 -0.6318
v 1.1177 1.4604 -0.3706
v 1.1169 1.4963 -0.3286
v 1.0572 0.6867 -0.6342
v 1.0354 0.6524 -0.6311
v 1.1162 1.4930 -0.3022
v 1.0169 0.6526 -0.6210
v 1.1173 1.4748 -0.2868
v 1.1157 1.4873 -0.2726
v 1.1154 1.4542 -0.2290
v 1.1150 1.4857 -0.2124
v 1.1141 1.4838 -0.1702
v 1.1138 1.4124 -0.1461
v 1.1140 1.4277 -0.1149
v 1.1126 1.4639 -0.0771
v 0.8249 1.0790 -0.5810
v 0.8259 1.1072 -0.5831
v 0.9170 0.0228 0.3233
v 0.9272 0.0127 0.3417
v 0.9365 0.0023 0.3616
v 0.9378 0.0150 0.3710
v 0.9431 0.0290 0.3871
v 0.8939 0.0712 0.3150
v 0.8896 0.0834 0.2859
v 0.8989 0.0747 0.2720
v 0.8942 0.0990 0.2450
v 0.8874 0.0992 0.2308
v 0.9674 0.2008 0.2644
v 0.9718 0.2287 0.2912
v 0.9702 0.2347 0.3145
v 0.9771 0.2123 0.2448
v 0.9680 0.2608 0.3274
v 0.9590 0.1270 0.2310
v 0.9934 0.1975 0.2172
v 0.9690 0.2668 0.3501
v 0.9739 0.3091 0.3667
v 0.9736 0.3457 0.3742
v 0.9998 0.2110 0.2020
v 0.9751 0.3695 0.4014
v 0.9926 0.2110 0.1750
v 0.9759 0.3911 0.4075
v 0.9773 0.4112 0.4105
v 0.9774 0.4306 0.4154
v 0.9793 0.4747 0.3965
v 0.9820 0.5151 0.3935
v 0.9840 0.5665 0.4027
v 0.9861 0.6033 0.3827
v 0.9869 0.6324 0.4123
v 0.9870 0.6590 0.3937
v 0.9940 0.6662 0.4203
v 1.0064 0.6885 0.4057
v 1.0514 0.6934 0.4237
v 1.0699 0.6925 0.4252
v 1.0866 0.6860 0.4392
v 1.0982 0.6935 0.4430
v 1.1034 0.7012 0.4305
v 1.1061 0.7246 0.4164
v 1.1106 0.7538 0.4248
v 1.1122 0.8113 0.4371
v 1.1111 0.8553 0.4350
v 1.1130 0.9000 0.4401
v 1.1126 0.9390 0.4412
v 1.1126 0.9623 0.4320
v 1.1137 0.9916 0.4372
v 1.1099 1.0413 0.4146
v 1.1115 1.1011 0.4163
v 1.1126 1.1432 0.4273
v 1.1124 1.1774 0.4248
v 1.1118 1.2189 0.4274
v 1.1131 1.2611 0.4232
v 1.1108 1.2895 0.3975
v 1.1105 1.3411 0.3665
v 1.1121 1.3618 0.3425
v 1.1125 1.3736 0.2985
v 1.1130 1.3933 0.2524
v 1.1139 1.3783 0.1903
v 1.1135 1.3856 0.1593
v 1.1137 1.3898 0.1047
v 1.1133 1.4061 0.0595
v 1.1133 1.4422 0.0315
v 1.1127 1.4488 -0.0169
v 1.1165 1.5537 -0.0359
v 1.1132 1.4489 -0.0452
v 1.1190 1.5802 -0.0736
v 1.1126 1.4639 -0.0771
v 1.1145 1.5284 -0.0545
v 1.1151 1.5059 -0.0752
v -0.9039 0.5090 -0.6294
v -0.9022 0.5712 -0.6292
v -0.9036 0.6170 -0.6297
v -0.9036 0.6675 -0.6298
v -0.9029 0.7275 -0.6304
v -0.9162 0.7792 -0.6356
v -0.9316 0.8327 -0.6382
v -0.9314 0.8830 -0.6385
v -0.9111 0.9909 -0.6356
v -0.9075 1.0279 -0.6350
v -0.9144 1.0729 -0.6368
v -0.9209 1.1074 -0.6388
v -0.9154 1.1781 -0.6377
v -0.9172 1.2630 -0.6396
v -0.9305 1.3331 -0.6453
v -0.9177 1.3954 -0.6387
v -0.8835 1.3664 -0.6348
v -0.8113 1.4015 -0.6370
v -0.7632 1.3804 -0.6345
v -0.7266 1.4073 -0.6367
v -0.6848 1.3942 -0.6346
v -0.6270 1.3969 -0.6338
v -0.3413 0.0143 -0.0366
v -0.3277 0.0061 0.0303
v -0.2928 0.0035 0.0601
v -0.3813 0.0165 -0.0997
v -0.2577 -0.0074 0.1050
v -0.2688 0.0001 0.0904
v -0.4016 0.0106 -0.1303
v -0.4255 0.0061 -0.1753
v -0.3957 0.0021 -0.2211
v -0.3826 -0.0003 -0.2411
v -0.3839 -0.0015 -0.2918
v -0.3456 -0.0024 -0.3055
v -0.3436 -0.0034 -0.3497
v -0.3246 -0.0013 -0.3497
v -0.3333 -0.0039 -0.3861
v -0.4875 -0.0107 -0.5092
v -0.3563 -0.0105 -0.4837
v -0.2844 -0.0063 -0.4289
v -0.2943 -0.0031 -0.3938
v -0.5103 -0.0116 -0.4968
v -0.3855 -0.0131 -0.5233
v -0.5250 -0.0130 -0.5054
v -0.3140 -0.0086 -0.4728
v -0.4804 -0.0145 -0.5540
v -0.3996 -0.0208 -0.5558
v -0.2562 -0.0081 -0.4412
v -0.4198 -0.0222 -0.5659
v -0.2673 -0.0093 -0.4783
v -0.4524 -0.0281 -0.5744
v -0.9800 0.2814 -0.6451
v -0.9621 0.3196 -0.6376
v -0.9586 0.3348 -0.6361
v -0.9607 0.3805 -0.6370
v -0.9442 0.4083 -0.6345
v -0.8686 0.4551 -0.6321
v -0.7946 0.4321 -0.6321
v -0.9427 0.4779 -0.6352
v -0.9043 0.4675 -0.6314
v -0.9039 0.5090 -0.6294
v -0.7324 0.4544 -0.6300
v -0.6867 0.4514 -0.6292
v -0.6543 0.4477 -0.6294
v -0.6055 0.4415 -0.6290
v -0.7070 0.1970 -0.6501
v -0.7080 0.1836 -0.6496
v -0.5488 0.4459 -0.6282
v -0.5077 0.4277 -0.6276
v -0.7207 0.1416 -0.6543
v -0.7762 0.0983 -0.6510
v -0.7580 0.1070 -0.6586
v -0.7181 0.1202 -0.6519
v -0.4473 0.3332 -0.6299
v -0.4489 0.4202 -0.6270
v -0.6510 0.2250 -0.6392
v -0.4458 0.2903 -0.6316
v -0.4280 0.3979 -0.6274
v -0.6366 0.2114 -0.6444
v -0.5865 0.2133 -0.6348
v -0.4781 0.2531 -0.6322
v -0.5216 0.2357 -0.6345
v -0.6236 0.2107 -0.6444
v -0.1641 0.8613 -0.6275
v -0.1631 0.7958 -0.6273
v -0.1217 0.7285 -0.6299
v -0.1567 0.9385 -0.6290
v -0.1140 0.6575 -0.6285
v -0.1609 0.9804 -0.6289
v -0.0199 0.8632 -0.6399
v -0.0205 0.9352 -0.6407
v -0.0067 0.7995 -0.6414
v -0.0205 0.8846 -0.6396
v -0.0104 0.7434 -0.6398
v -0.1644 1.0557 -0.6288
v -0.0113 0.9811 -0.6442
v -0.0081 0.6733 -0.6374
v -0.0596 0.6190 -0.6291
v -0.1214 0.6409 -0.6267
v -0.0070 0.7023 -0.6394
v -0.0142 1.0340 -0.6445
v -0.1739 1.0970 -0.6284
v -0.0188 1.0784 -0.6436
v -0.0597 0.5885 -0.6282
v -0.1345 0.5740 -0.6246
v -0.0319 1.1253 -0.6382
v -0.1569 1.1475 -0.6291
v -0.0439 0.5749 -0.6303
v -0.1576 0.5591 -0.6259
v -0.0207 1.1793 -0.6388
v -0.1623 1.1662 -0.6293
v -0.0284 0.5611 -0.6369
v -0.1742 0.5466 -0.6067
v -0.0212 1.2200 -0.6359
v -0.1705 1.2348 -0.6266
v -0.0385 0.5508 -0.6221
v -0.0342 0.5505 -0.5937
v -0.0210 0.5470 -0.6330
v -0.1825 0.5415 -0.5840
v -0.0204 1.2509 -0.6399
v -0.1968 1.2644 -0.6231
v -0.0224 1.2864 -0.6416
v -0.0722 0.5463 -0.5819
v -0.1591 0.5408 -0.5575
v -0.0779 0.5427 -0.5529
v -0.0416 1.2957 -0.6387
v -0.0930 0.5340 -0.5376
v -0.2230 1.2860 -0.6202
v -0.0226 1.3298 -0.6461
v -0.2447 1.3123 -0.6225
v -0.0231 1.3657 -0.6461
v -0.2335 1.3736 -0.6234
v -0.0331 1.3870 -0.6416
v 0.5099 0.0089 0.0525
v 0.5161 0.0078 0.0811
v 0.5001 0.0059 -0.0109
v 0.5242 0.0135 0.0183
v 0.4944 -0.0011 -0.0251
v 0.5373 0.0096 0.1019
v 0.4965 -0.0033 -0.0483
v 0.3684 -0.0100 0.0573
v 0.5380 0.0016 0.1196
v 0.3290 -0.0034 0.0210
v 0.3471 -0.0100 0.0488
v 0.3754 -0.0038 0.0858
v 0.4860 -0.0001 -0.0841
v 0.3155 0.0024 0.0055
v 0.3695 -0.0103 0.1053
v 0.5390 -0.0038 0.1330
v 0.2854 0.0088 -0.0561
v 0.5154 -0.0007 -0.1052
v 0.2979 0.0063 -0.0134
v 0.2711 0.0095 -0.1072
v 0.4815 0.0002 -0.1809
v 0.2519 0.0103 -0.1576
v 0.4541 0.0003 -0.2360
v 0.2166 0.0104 -0.1938
v 0.4665 -0.0007 -0.2684
v 0.2067 0.0033 -0.2321
v 0.4427 -0.0008 -0.2987
v 0.2279 0.0028 -0.2585
v 0.4371 0.0001 -0.3212
v 0.2277 0.0038 -0.2970
v 0.4534 -0.0013 -0.3614
v 0.2047 0.0076 -0.3541
v 0.2300 0.0021 -0.3733
v 0.2260 -0.0035 -0.4101
v 0.5024 -0.0067 -0.4132
v 0.2170 0.0006 -0.4270
v 0.2170 -0.0018 -0.4410
v 0.5368 -0.0098 -0.4324
v 0.5597 -0.0125 -0.4582
v 0.5851 -0.0115 -0.4554
v 0.6065 -0.0127 -0.4592
v 0.4006 -0.0116 -0.5801
v 0.3822 -0.0117 -0.5915
v 0.4494 -0.0094 -0.5890
v 0.4820 -0.0045 -0.5950
v 0.5110 -0.0072 -0.5950
v 0.5365 -0.0025 -0.5666
v 0.5676 -0.0053 -0.5543
v 0.5530 -0.0130 -0.5670
v 0.5889 -0.0078 -0.5361
v 0.4970 -0.0020 -0.6090
v 0.6243 -0.0103 -0.5386
v 0.6370 -0.0158 -0.5531
v 0.6575 -0.0213 -0.5548
v -0.2725 0.2617 -0.5244
v -0.2596 0.1961 -0.5185
v -0.1408 0.3082 -0.5262
v -0.2719 0.3029 -0.5250
v -0.2720 0.2129 -0.5248
v -0.1297 0.2778 -0.5226
v -0.2831 0.3248 -0.5293
v -0.2732 0.3529 -0.5260
v -0.0984 0.3651 -0.5271
v -0.1167 0.4236 -0.5276
v -0.1359 0.2084 -0.5194
v -0.1144 0.2280 -0.5195
v -0.1015 0.4677 -0.5289
v -0.2729 0.4137 -0.5264
v -0.2581 0.4442 -0.5273
v -0.1785 0.5140 -0.5309
v -0.1166 0.4885 -0.5287
v -0.2321 0.5009 -0.5285
v -0.1655 0.5345 -0.5355
v -0.0930 0.5340 -0.5376
v -0.0893 0.5167 -0.5317
v -0.1241 0.5405 -0.5535
v -0.1591 0.5408 -0.5575
v 0.0055 -0.7293 -0.0573
v 0.0301 -0.7320 -0.0348
v -0.0337 -0.7189 -0.1125
v 0.0490 -0.7291 -0.0210
v 0.0485 -0.7258 -0.0077
v -0.0356 -0.6995 -0.1331
v 0.0908 -0.7252 0.0204
v 0.0995 -0.7261 0.0551
v 0.1050 -0.7204 0.0770
v 0.1050 -0.7291 0.0910
v 0.5504 0.4430 -0.4423
v 0.5120 0.3757 -0.4591
v 0.5243 0.4984 -0.4542
v 0.5130 0.3230 -0.4578
v 0.5473 0.5453 -0.4436
v 0.3567 0.3877 -0.5117
v 0.5327 0.2938 -0.4493
v 0.5369 0.5647 -0.4479
v 0.3399 0.3302 -0.5100
v 0.3522 0.4111 -0.5128
v 0.3649 0.4536 -0.5166
v 0.3649 0.4722 -0.5172
v 0.5195 0.2457 -0.4529
v 0.3273 0.2893 -0.5064
v 0.3576 0.4999 -0.5207
v 0.3847 0.5415 -0.5244
v 0.5542 0.6161 -0.4409
v 0.3120 0.2728 -0.5062
v 0.3832 0.5607 -0.5374
v 0.5228 0.1980 -0.4494
v 0.5530 0.6217 -0.4550
v 0.2993 0.2183 -0.5029
v 0.3887 0.5653 -0.5657
v 0.5776 0.6216 -0.4698
v 0.3074 0.1787 -0.5014
v 0.5213 0.1674 -0.4491
v 0.4178 0.5643 -0.5777
v 0.5891 0.6237 -0.5157
v 0.3002 0.1421 -0.5092
v 0.5397 0.1530 -0.4437
v 0.2803 0.1271 -0.4985
v -0.7096 0.9738 -0.6299
v -0.6961 0.9633 -0.6289
v -0.7407 1.0173 -0.6300
v -0.6583 1.0953 -0.6289
v -0.7179 1.0688 -0.6302
v -0.6665 0.9287 -0.6288
v -0.6223 1.0975 -0.6305
v -0.6113 0.9245 -0.6270
v -0.6090 1.0914 -0.6233
v -0.5950 0.9660 -0.6298
v -0.5681 0.9668 -0.6263
v -0.5467 0.9948 -0.6315
v -0.5887 1.0863 -0.6070
v -0.5815 1.0785 -0.5833
v -0.5312 1.0309 -0.6244
v -0.5589 1.0802 -0.5634
v -0.5072 1.0546 -0.6297
v -0.5070 1.0838 -0.6360
v -0.5382 1.0795 -0.5669
v -0.5265 1.0799 -0.6307
v 0.5939 1.1136 -0.6413
v 0.5671 1.0657 -0.6411
v 0.6220 1.1219 -0.6393
v 0.5245 1.0383 -0.6416
v 0.6485 1.1029 -0.6389
v 0.5479 0.9907 -0.6399
v 0.6421 1.0648 -0.6386
v 0.6746 1.0599 -0.6360
v 0.5623 0.9328 -0.6374
v 0.6960 1.0310 -0.6348
v 0.7226 1.0149 -0.6339
v 0.5510 0.8878 -0.6392
v 0.7558 1.0092 -0.6329
v 0.5217 0.8534 -0.6383
v 0.7618 0.9902 -0.6350
v 0.5189 0.8264 -0.6361
v 0.7484 0.9426 -0.6345
v 0.7467 0.8860 -0.6327
v 0.7159 0.8332 -0.6323
v 0.5115 0.7810 -0.6375
v 0.6859 0.7472 -0.6312
v 0.4900 0.7400 -0.6381
v 0.4751 0.6896 -0.6393
v 0.7095 0.7240 -0.6307
v 0.4805 0.6581 -0.6356
v 0.6826 0.6767 -0.6300
v 0.4806 0.6074 -0.6368
v 0.6772 0.6179 -0.6295
v 0.4967 0.5906 -0.6385
v 0.4988 0.5749 -0.6386
v 0.6932 0.6024 -0.6218
v 0.6936 0.5891 -0.6205
v 0.7718 0.1511 -0.2615
v 0.7754 0.1785 -0.2783
v 0.7711 0.1200 -0.2247
v 0.7847 0.1831 -0.3150
v 0.8587 0.2395 -0.2580
v 0.7709 0.0715 -0.2011
v 0.7667 0.0598 -0.1326
v 0.7667 0.0731 -0.1037
v 0.7657 0.0916 -0.0536
v 0.7620 0.1171 -0.0507
v 0.7648 0.1744 -0.0512
v 0.7773 0.2077 -0.0658
v 0.8652 0.2377 -0.2439
v 0.8468 0.2313 -0.2996
v 0.8028 0.1836 -0.3547
v 0.7686 0.0541 -0.1673
v 0.8012 0.2089 -0.0775
v 0.7675 0.1975 -0.0397
v 0.8190 0.2089 -0.0770
v 0.9035 0.2340 -0.2306
v 0.9169 0.2266 -0.2310
v 0.9310 0.2150 -0.2310
v 0.9730 0.1865 -0.2170
v 0.9870 0.1824 -0.2035
v 0.2591 0.2417 0.4140
v 0.2604 0.2530 0.3998
v 0.2631 0.2589 0.3824
v 0.2617 0.2638 0.3710
v 0.2540 0.2679 0.3509
v 0.2362 0.2731 0.3234
v 0.2205 0.2836 0.2945
v 0.2181 0.2936 0.2729
v -0.8355 -0.1001 -0.6651
v -0.7980 -0.0784 -0.6686
v -0.7674 -0.0796 -0.6653
v -0.8595 -0.1101 -0.6622
v -0.7490 -0.0943 -0.6599
v -0.8750 -0.0976 -0.6608
v 0.2871 0.2557 0.4539
v 0.2758 0.2531 0.4374
v 0.2591 0.2417 0.4140
v 0.3145 0.2802 0.4684
v 0.3270 0.2953 0.4627
v 0.3573 0.3007 0.4587
v 0.0875 0.1687 0.2310
v 0.0917 0.1706 0.2484
v 0.1299 0.1745 0.2876
v 0.1399 0.1655 0.2908
v 0.1602 0.1672 0.2991
v 0.1907 0.1694 0.3143
v 0.2150 0.1690 0.3290
v -0.6236 1.4149 -0.6353
v -0.6270 1.3969 -0.6338
v -0.5954 1.3507 -0.6305
v -0.5319 1.3603 -0.6298
v -0.4724 1.3872 -0.6304
v -0.4137 1.3802 -0.6295
v -0.3665 1.4019 -0.6269
v 0.1549 0.2664 0.2317
v 0.1341 0.2525 0.2309
v 0.5110 -0.0270 0.1235
v 0.5250 -0.0235 0.1330
v -0.0044 -0.0314 -0.5461
v -0.0106 -0.0219 -0.5799
v -0.0074 -0.0277 -0.5247
v -0.0096 -0.0181 -0.5096
v -0.0445 -0.0173 -0.6091
v -0.0299 -0.0101 -0.4966
v -0.0856 -0.0001 -0.6387
v -0.0299 -0.0112 -0.4820
v 0.0186 0.0007 -0.4536
v -0.1064 0.0149 -0.6514
v -0.0190 -0.0058 -0.4553
v -0.1271 0.0292 -0.6614
v -0.0630 0.0963 -0.5247
v -0.0769 0.0944 -0.5387
v 0.1391 -0.0199 -0.5922
v 0.3150 -0.0166 -0.5390
v 0.1327 -0.0117 -0.6259
v 0.1121 -0.0239 -0.5841
v 0.3240 -0.0179 -0.5515
v 0.3290 -0.0090 -0.5670
v 0.3430 -0.0010 -0.5810
v 0.1190 -0.0065 -0.6510
v 0.0910 -0.0270 -0.5647
v 0.3542 -0.0130 -0.5950
v 0.3574 -0.0135 -0.5957
v 0.8189 -0.0126 0.4463
v 0.8412 -0.0064 0.4484
v 0.8855 -0.0076 0.4420
v 0.9030 -0.0068 0.4690
v 0.7183 0.3198 -0.3700
v 0.7068 0.3512 -0.3746
v 0.6964 0.3698 -0.3761
v 0.7210 0.3930 -0.3710
v 0.7199 0.2908 -0.3703
v 0.7212 0.2015 -0.3713
v 0.7204 0.2672 -0.3692
v 0.7471 0.2091 -0.3775
v 0.8050 0.1970 -0.4270
v -1.0430 0.0430 -0.6514
v -1.0430 -0.0016 -0.6513
v -1.0039 0.0412 -0.6612
v -0.0782 -0.0272 0.2588
v -0.0686 -0.0270 0.2870
v 0.6870 0.1613 -0.3760
v 0.6402 0.1525 -0.3961
v 0.7218 0.1720 -0.3716
v 0.7350 0.1690 -0.3754
v 0.6065 0.1305 -0.4116
v 0.7490 0.1690 -0.3822
v 0.5397 0.1530 -0.4437
v 0.5307 0.1139 -0.4459
v 0.5039 0.1151 -0.4568
v 0.4788 0.1010 -0.4670
v 0.4533 0.0843 -0.4829
v 0.4434 0.0790 -0.4951
v 0.4281 0.0818 -0.5193
v 0.4277 0.0764 -0.5374
v 0.4270 0.0622 -0.5530
v -0.1839 0.2004 -0.5123
v -0.2109 0.2136 -0.5138
v -0.2596 0.1961 -0.5185
v -0.2742 0.1561 -0.5349
v -0.1359 0.2084 -0.5194
v -0.2731 0.1411 -0.5383
v -0.1276 0.1718 -0.5159
v -0.2653 0.1270 -0.5390
v -0.0913 0.1583 -0.5138
v -0.2457 0.1015 -0.5667
v -0.1042 0.1268 -0.5103
v -0.2620 0.1089 -0.5533
v -0.2592 0.1041 -0.5753
v -0.1048 0.1219 -0.5249
v -0.1181 0.1071 -0.5380
v 0.6813 -0.0214 -0.5798
v 0.6741 -0.0210 -0.5595
v 0.6575 -0.0213 -0.5548
v 0.7076 -0.0195 -0.5658
v 0.6772 -0.0203 -0.5239
v 0.7350 -0.0218 -0.5390
v 0.6807 -0.0189 -0.5209
v 0.6566 -0.0055 -0.4965
v 0.6302 -0.0134 -0.4846
v 0.6728 -0.0073 -0.4056
v 0.6065 -0.0127 -0.4592
v 0.6320 -0.0105 -0.4359
v 0.7088 -0.0102 -0.4036
v 0.7418 -0.0103 -0.3661
v 0.7631 -0.0110 -0.3709
v 0.7791 -0.0000 -0.3565
v 0.7792 0.0290 -0.3570
v 0.7770 0.0290 -0.3603
v 0.7770 0.0570 0.1834
v 0.7771 0.0719 0.1782
v 0.7818 0.1171 0.1789
v 0.7976 0.1485 0.1785
v 0.8167 0.1746 0.1757
v 0.8331 0.1831 0.1731
v 0.8582 0.1969 0.1702
v 0.8716 0.2078 0.1698
v 0.9025 0.2112 0.1717
v 0.9184 0.0155 0.1594
v 0.9030 0.0150 0.1728
v 0.9030 0.0010 0.1719
v 0.0630 0.0850 0.2760
v 0.0654 0.0841 0.2728
v 0.0765 0.0901 0.2866
v 0.0770 0.1130 0.3010
v -1.0287 0.1688 -0.6333
v -1.0157 0.1533 -0.6352
v -0.9870 0.1970 -0.6462
v -0.9726 0.2110 -0.6471
v -0.9872 0.2346 -0.6472
v -1.0283 0.2647 -0.6488
v -0.9800 0.2814 -0.6451
v -1.0002 0.2916 -0.6508
v -0.5728 0.1690 -0.0910
v -0.5604 0.1572 -0.0906
v -0.5377 0.1372 -0.0970
v -0.5118 0.1191 -0.1076
v -0.5064 0.1128 -0.1338
v -0.4970 0.0850 -0.1610
v -1.1167 0.0010 -0.6510
v 0.5684 -0.0260 0.1750
v 0.5807 -0.0202 0.1919
v 0.5810 -0.0172 0.2310
v -0.5416 1.0510 -0.6230
v -0.5390 1.0650 -0.6355
v -0.5422 1.0561 -0.6064
v -0.5265 1.0799 -0.6307
v -0.5530 1.0930 -0.6250
v -0.5279 1.1154 -0.6307
v -0.5325 1.0653 -0.5940
v -0.5384 1.0877 -0.6059
v -0.5335 1.0650 -0.5670
v -0.5382 1.0795 -0.5669
v 0.7690 0.0010 -0.4410
v 0.7616 -0.0049 -0.4205
v 0.7760 -0.0123 -0.3997
v 0.7910 0.0010 -0.3850
v 0.7867 0.0167 -0.3840
v -0.9310 0.0150 -0.3363
v 1.0010 0.4910 -0.5418
v 1.0165 0.4911 -0.5443
v 1.0317 0.4910 -0.5530
v -0.2614 0.4028 -0.6231
v -0.2588 0.3912 -0.6262
v 0.9499 0.0010 0.4410
v 0.9467 0.0034 0.4241
v 0.9528 0.0150 0.4550
v 0.9575 0.0290 0.4130
v -0.2308 0.0261 -0.6499
v -0.2450 0.0290 -0.6426
v -0.2450 0.0430 -0.6459
v -0.2030 0.0149 -0.6515
v -0.1890 0.0290 -0.6565
v 0.5632 -0.0127 -0.5121
v 0.5527 0.0019 -0.5249
v 0.5647 -0.0015 -0.5401
v 0.5810 -0.0073 -0.5110
v 0.5810 -0.0066 -0.5250
v -0.9170 0.0065 -0.3010
v -0.9030 0.0033 -0.2590
v 0.2870 0.5537 -0.5950
v 0.3146 0.5634 -0.5801
v -0.0630 0.0937 -0.5390
v 0.2027 0.5551 -0.6090
v -0.9030 -0.0112 -0.1050
v 0.4685 0.0541 -0.5400
v 0.4830 0.0417 -0.5391
v 0.4410 0.0631 -0.5530
v -1.1550 0.0010 -0.6440
v -1.1270 -0.0130 -0.6496
v 1.0990 0.6310 -0.6650
v 0.0735 0.5545 -0.6232
v 0.0602 0.5454 -0.6375
v 0.0370 0.5498 -0.6315
v 0.0874 0.5472 -0.6317
v 0.2030 0.0971 -0.5105
v 0.1884 0.0969 -0.5103
v 0.1750 0.0963 -0.5250
v 0.7210 -0.0130 -0.4830
v 0.7210 0.0010 -0.4734
v 0.7350 -0.0036 -0.4690
v -0.5110 0.0816 -0.1750
v -0.4970 0.0850 -0.1610
v -0.4973 0.0714 -0.1682
v 0.0186 0.0007 -0.4536
v 0.5250 0.0010 -0.6251
v 0.5390 -0.0018 -0.6230
v 0.5532 -0.0086 -0.6087
v 0.5401 0.0013 -0.6098
v 0.6930 0.0010 -0.4690
v 0.6901 0.0150 -0.4830
v 0.6972 0.0150 -0.4830
v -1.1690 0.0362 -0.5950
v 0.2030 0.0710 -0.5670
v 0.1890 0.0730 -0.5530
v -0.4550 -0.0622 -0.6370
v -0.4810 -0.0607 -0.6373
v -0.4410 -0.0612 -0.6230
v 1.0710 0.1970 -0.6748
v 1.0787 0.1958 -0.6796
v 1.0711 0.1691 -0.6649
v 1.0795 0.4495 -0.5948
v 1.0709 0.4499 -0.5847
v 0.7211 0.0564 -0.3851
v 1.1200 0.4350 0.5110
v -0.8858 -0.4610 -0.6510
v -0.8784 -0.4747 -0.6371
v -0.8890 -0.4470 -0.6370
v -0.5386 -0.0687 -0.6481
v -0.5338 -0.0638 -0.6397
v -0.5455 -0.0690 -0.6370
v -0.5530 -0.0576 -0.6230
v 1.0173 0.1748 -0.0700
v 1.0850 0.4910 -0.6032
v 1.0710 0.4910 -0.6047
v 1.0786 0.4766 -0.6060
v 0.4550 -0.0130 -0.6510
v 0.3010 -0.0130 -0.6010
v 0.2863 -0.0055 -0.6067
v 0.3031 -0.0074 -0.5930
v 1.0660 0.4490 -0.5810
v 1.0570 0.4630 -0.5772
v 1.0703 0.1733 -0.3898
v 1.0659 0.1547 -0.3927
v 1.0570 0.1690 -0.3898
v 0.1750 -0.6990 -0.0995
v 1.0430 0.1830 -0.3740
v 1.0430 0.1690 -0.3737
v 1.0295 0.1690 -0.3710
v 1.0710 0.4350 -0.5851
v 1.0643 0.4350 -0.5810
v 1.0570 0.4350 -0.5698
v 1.0849 0.4210 -0.5885
v 0.6648 0.0510 -0.4267
v 1.0430 0.4617 -0.5670
v 1.0431 0.4583 -0.5532
v 0.4830 0.0088 -0.6230
v 0.4831 0.0200 -0.6217
v 1.0707 -0.0278 -0.6405
v 1.0710 -0.0278 -0.6406
v 1.0761 -0.0278 -0.6372
v 1.0766 -0.0278 -0.6370
v 1.0623 -0.0278 -0.6354
v 1.0707 -0.0278 -0.6405
v 1.0710 -0.0278 -0.6406
v 1.0761 -0.0278 -0.6372
v 1.0766 -0.0278 -0.6370
v 1.0769 -0.0278 -0.6365
v 1.0557 -0.0278 -0.6315
v 1.0623 -0.0278 -0.6354
v 1.0769 -0.0278 -0.6365
v 1.0850 -0.0278 -0.6265
v 1.0441 -0.0278 -0.6276
v 1.0557 -0.0278 -0.6315
v 1.0850 -0.0278 -0.6265
v 1.0957 -0.0278 -0.6233
v 1.0377 -0.0278 -0.6294
v 1.0441 -0.0278 -0.6276
v 1.0957 -0.0278 -0.6233
v 1.0959 -0.0278 -0.6230
v 1.0290 -0.0278 -0.6315
v 1.0377 -0.0278 -0.6294
v 1.0959 -0.0278 -0.6230
v 1.0966 -0.0278 -0.6226
v 1.0966 -0.0278 -0.6226
v 1.0994 -0.0278 -0.6095
v 1.0994 -0.0278 -0.6095
v 1.0998 -0.0278 -0.6091
v 1.1204 1.2118 -0.4566
v 1.1204 1.2118 -0.4565
v 1.1204 1.2118 -0.4565
v 1.1203 1.2118 -0.4563
v 1.1204 1.2118 -0.4569
v 1.1204 1.2118 -0.4566
v 1.1178 1.2118 -0.3744
v 1.1178 1.2118 -0.3684
v 1.1203 1.2118 -0.4563
v 1.1188 1.2118 -0.4336
v 1.1214 1.2118 -0.5154
v 1.1204 1.2118 -0.4569
v 1.1178 1.2118 -0.3684
v 1.1176 1.2118 -0.3575
v 1.1185 1.2118 -0.3988
v 1.1178 1.2118 -0.3744
v 1.1187 1.2118 -0.4066
v 1.1185 1.2118 -0.3988
v 1.1231 1.2118 -0.5562
v 1.1214 1.2118 -0.5154
v 1.1188 1.2118 -0.4336
v 1.1187 1.2118 -0.4066
v 1.1176 1.2118 -0.3575
v 1.1168 1.2118 -0.3124
v 1.1271 1.2118 -0.6018
v 1.1258 1.2118 -0.5884
v 1.1237 1.2118 -0.5673
v 1.1231 1.2118 -0.5562
v 1.1151 1.2118 -0.6333
v 1.1260 1.2118 -0.6231
v 1.1270 1.2118 -0.6043
v 1.1271 1.2118 -0.6018
v 1.1168 1.2118 -0.3124
v 1.1168 1.2118 -0.2839
v 1.1258 1.2118 -0.5884
v 1.1237 1.2118 -0.5673
v 1.1128 1.2118 -0.6356
v 1.1151 1.2118 -0.6333
v 1.1260 1.2118 -0.6231
v 1.1270 1.2118 -0.6043
v 1.1162 1.2118 -0.2469
v 1.1158 1.2118 -0.2277
v 1.1168 1.2118 -0.2839
v 1.1168 1.2118 -0.2782
v 1.1158 1.2118 -0.2277
v 1.1154 1.2118 -0.2183
v 1.1168 1.2118 -0.2782
v 1.1162 1.2118 -0.2469
v 1.1148 1.2118 -0.2047
v 1.1149 1.2118 -0.1871
v 1.1154 1.2118 -0.2183
v 1.1148 1.2118 -0.2047
v 1.1147 1.2118 -0.1785
v 1.1140 1.2118 -0.1367
v 1.1149 1.2118 -0.1871
v 1.1148 1.2118 -0.1867
v 1.1140 1.2118 -0.1367
v 1.1138 1.2118 -0.1245
v 1.1148 1.2118 -0.1858
v 1.1147 1.2118 -0.1785
v 1.1148 1.2118 -0.1867
v 1.1148 1.2118 -0.1858
v 1.1138 1.2118 -0.1245
v 1.1137 1.2118 -0.1049
v 1.1137 1.2118 -0.1049
v 1.1133 1.2118 -0.0731
v 1.1133 1.2118 -0.0731
v 1.1130 1.2118 -0.0639
v 1.1130 1.2118 -0.0639
v 1.1124 1.2118 -0.0206
v 1.1124 1.2118 -0.0206
v 1.1124 1.2118 -0.0189
v 1.1124 1.2118 -0.0189
v 1.1123 1.2118 -0.0159
v 1.1123 1.2118 -0.0159
v 1.1118 1.2118 0.0227
v 1.1118 1.2118 0.0227
v 1.1116 1.2118 0.0448
v 1.1116 1.2118 0.0448
v 1.1118 1.2118 0.0575
v 1.1118 1.2118 0.0575
v 1.1120 1.2118 0.0743
v 1.1120 1.2118 0.0743
v 1.1121 1.2118 0.0856
v 1.1121 1.2118 0.0856
v 1.1109 1.2118 0.1108
v 1.1108 1.2118 0.2207
v 1.1105 1.2118 0.2549
v 1.1115 1.2118 0.1649
v 1.1110 1.2118 0.2041
v 1.1109 1.2118 0.1108
v 1.1109 1.2118 0.1140
v 1.1106 1.2118 0.2903
v 1.1106 1.2118 0.2968
v 1.1105 1.2118 0.2549
v 1.1102 1.2118 0.2690
v 1.1110 1.2118 0.2041
v 1.1108 1.2118 0.2207
v 1.1114 1.2118 0.1626
v 1.1115 1.2118 0.1649
v 1.1109 1.2118 0.1140
v 1.1115 1.2118 0.1610
v 1.1106 1.2118 0.2968
v 1.1107 1.2118 0.3213
v 1.1102 1.2118 0.2690
v 1.1106 1.2118 0.2903
v 1.1115 1.2118 0.1610
v 1.1114 1.2118 0.1626
v 1.1107 1.2118 0.3213
v 1.1106 1.2118 0.3282
v 1.1106 1.2118 0.3282
v 1.1091 1.2118 0.3690
v 1.1093 1.2118 0.3885
v 1.1102 1.2118 0.4027
v 1.1091 1.2118 0.3690
v 1.1092 1.2118 0.3750
v 1.1113 1.2118 0.4188
v 1.1119 1.2118 0.4270
v 1.1102 1.2118 0.4027
v 1.1113 1.2118 0.4188
v 1.1089 1.2118 0.3819
v 1.1093 1.2118 0.3885
v 1.1092 1.2118 0.3750
v 1.1089 1.2118 0.3819
v -0.4714 1.2118 -0.6268
v -0.4570 1.2118 -0.6263
v -0.4974 1.2118 -0.6270
v -0.4714 1.2118 -0.6268
v -0.4570 1.2118 -0.6263
v -0.4257 1.2118 -0.6252
v -0.3034 1.2118 -0.6224
v -0.2608 1.2118 -0.6212
v -0.3754 1.2118 -0.6246
v -0.3070 1.2118 -0.6225
v -0.4126 1.2118 -0.6249
v -0.3754 1.2118 -0.6246
v -0.5550 1.2118 -0.6286
v -0.5481 1.2118 -0.6283
v -0.5481 1.2118 -0.6283
v -0.4974 1.2118 -0.6270
v -0.4257 1.2118 -0.6252
v -0.4189 1.2118 -0.6251
v -0.3070 1.2118 -0.6225
v -0.3034 1.2118 -0.6224
v -0.4189 1.2118 -0.6251
v -0.4126 1.2118 -0.6249
v -0.5602 1.2118 -0.6287
v -0.5550 1.2118 -0.6286
v -0.5894 1.2118 -0.6292
v -0.5602 1.2118 -0.6287
v -0.6259 1.2118 -0.6299
v -0.5894 1.2118 -0.6292
v -0.6758 1.2118 -0.6313
v -0.6485 1.2118 -0.6305
v -0.6295 1.2118 -0.6300
v -0.6259 1.2118 -0.6299
v -0.6833 1.2118 -0.6315
v -0.6758 1.2118 -0.6313
v -0.6485 1.2118 -0.6305
v -0.6295 1.2118 -0.6300
v -0.6959 1.2118 -0.6317
v -0.6833 1.2118 -0.6315
v -0.7695 1.0962 -0.6304
v -0.7695 1.1141 -0.6305
v -0.7695 1.1141 -0.6305
v -0.7695 1.1332 -0.6308
v -0.7695 1.1606 -0.6317
v -0.7695 1.1771 -0.6328
v -0.7695 1.1771 -0.6328
v -0.7695 1.1819 -0.6328
v -0.7268 1.2118 -0.6325
v -0.6959 1.2118 -0.6317
v -0.7695 1.0197 -0.6304
v -0.7695 1.0338 -0.6303
v -0.7695 1.0608 -0.6301
v -0.7695 1.0962 -0.6304
v -0.7695 1.1332 -0.6308
v -0.7695 1.1481 -0.6309
v -0.7695 1.1481 -0.6309
v -0.7695 1.1606 -0.6317
v -0.7695 1.1819 -0.6328
v -0.7695 1.2204 -0.6331
v -0.7695 1.2204 -0.6331
v -0.7695 1.2240 -0.6331
v -0.7695 1.0338 -0.6303
v -0.7695 1.0608 -0.6301
v -0.0067 1.2118 -0.6473
v 0.0079 1.2118 -0.6477
v -0.0113 1.2118 -0.6443
v -0.0067 1.2118 -0.6473
v 0.0914 1.2118 -0.6511
v 0.0920 1.2118 -0.6512
v 0.0281 1.2118 -0.6488
v 0.0380 1.2118 -0.6491
v 0.0079 1.2118 -0.6477
v 0.0281 1.2118 -0.6488
v -0.0211 1.2118 -0.6365
v -0.0113 1.2118 -0.6443
v 0.0905 1.2118 -0.6511
v 0.0914 1.2118 -0.6511
v 0.0920 1.2118 -0.6512
v 0.1148 1.2118 -0.6527
v 0.0868 1.2118 -0.6510
v 0.0905 1.2118 -0.6511
v 0.0380 1.2118 -0.6491
v 0.0445 1.2118 -0.6493
v 0.1148 1.2118 -0.6527
v 0.1273 1.2118 -0.6528
v 0.0564 1.2118 -0.6501
v 0.0868 1.2118 -0.6510
v 0.0445 1.2118 -0.6493
v 0.0564 1.2118 -0.6501
v 0.1273 1.2118 -0.6528
v 0.1353 1.2118 -0.6533
v 0.1515 1.2118 -0.6532
v 0.1844 1.2118 -0.6541
v 0.1911 1.2118 -0.6538
v 0.2209 1.2118 -0.6541
v 0.1353 1.2118 -0.6533
v 0.1436 1.2118 -0.6533
v 0.1844 1.2118 -0.6541
v 0.1911 1.2118 -0.6538
v 0.1436 1.2118 -0.6533
v 0.1515 1.2118 -0.6532
v 0.2209 1.2118 -0.6541
v 0.2360 1.2118 -0.6529
v 0.2360 1.2118 -0.6529
v 0.2433 1.2118 -0.6528
v 0.2433 1.2118 -0.6528
v 0.2684 1.2118 -0.6535
v 0.2684 1.2118 -0.6535
v 0.2739 1.2118 -0.6531
v 0.2823 1.2118 -0.6532
v 0.3058 1.2118 -0.6523
v 0.3129 1.2118 -0.6519
v 0.3376 1.2118 -0.6519
v 0.2739 1.2118 -0.6531
v 0.2823 1.2118 -0.6532
v 0.3058 1.2118 -0.6523
v 0.3129 1.2118 -0.6519
v 0.3376 1.2118 -0.6519
v 0.3461 1.2118 -0.6522
v 0.3461 1.2118 -0.6522
v 0.3651 1.2118 -0.6525
v 0.3651 1.2118 -0.6525
v 0.3731 1.2118 -0.6521
v 0.4332 1.2118 -0.6512
v 0.4432 1.2118 -0.6511
v 0.4038 1.2118 -0.6509
v 0.4135 1.2118 -0.6510
v 0.3731 1.2118 -0.6521
v 0.4038 1.2118 -0.6509
v 0.4135 1.2118 -0.6510
v 0.4332 1.2118 -0.6512
v 0.4432 1.2118 -0.6511
v 0.4516 1.2118 -0.6511
v 0.4516 1.2118 -0.6511
v 0.4743 1.2118 -0.6517
v 0.4743 1.2118 -0.6517
v 0.4803 1.2118 -0.6515
v 0.4803 1.2118 -0.6515
v 0.4883 1.2118 -0.6519
v 0.4883 1.2118 -0.6519
v 0.4953 1.2118 -0.6516
v 0.5044 1.2118 -0.6499
v 0.5141 1.2118 -0.6475
v 0.4953 1.2118 -0.6516
v 0.5044 1.2118 -0.6499
v 0.5141 1.2118 -0.6475
v 0.5162 1.2118 -0.6473
v 0.5162 1.2118 -0.6473
v 0.5393 1.2118 -0.6445
v 0.5393 1.2118 -0.6445
v 0.5437 1.2118 -0.6442
v 0.5437 1.2118 -0.6442
v 0.5647 1.2118 -0.6426
v 0.5862 1.2118 -0.6422
v 0.5987 1.2118 -0.6420
v 0.5647 1.2118 -0.6426
v 0.5691 1.2118 -0.6425
v 0.5987 1.2118 -0.6420
v 0.6118 1.2118 -0.6412
v 0.5691 1.2118 -0.6425
v 0.5862 1.2118 -0.6422
v 0.6118 1.2118 -0.6412
v 0.6187 1.2118 -0.6408
v 0.6213 1.2118 -0.6408
v 0.6740 1.2118 -0.6402
v 0.6187 1.2118 -0.6408
v 0.6213 1.2118 -0.6408
v 0.6740 1.2118 -0.6402
v 0.6785 1.2118 -0.6403
v 0.6898 1.2118 -0.6401
v 0.7132 1.2118 -0.6398
v 0.6785 1.2118 -0.6403
v 0.6898 1.2118 -0.6401
v 0.7132 1.2118 -0.6398
v 0.7215 1.2118 -0.6398
v 0.7215 1.2118 -0.6398
v 0.7395 1.2118 -0.6378
v 0.7395 1.2118 -0.6378
v 0.7404 1.2118 -0.6377
v -0.7695 0.8209 -0.6297
v -0.7695 0.8598 -0.6296
v -0.7695 0.7786 -0.6297
v -0.7695 0.8209 -0.6297
v -0.7695 0.8775 -0.6298
v -0.7695 0.9150 -0.6302
v -0.7695 0.8598 -0.6296
v -0.7695 0.8775 -0.6298
v -0.7695 0.7765 -0.6297
v -0.7695 0.7786 -0.6297
v -0.7695 0.7139 -0.6294
v -0.7695 0.7765 -0.6297
v -0.7695 0.9150 -0.6302
v -0.7695 0.9226 -0.6302
v -0.7695 0.9226 -0.6302
v -0.7695 0.9649 -0.6302
v -0.7695 0.6896 -0.6294
v -0.7695 0.7139 -0.6294
v -0.7695 0.9649 -0.6302
v -0.7695 0.9934 -0.6303
v -0.7695 0.9934 -0.6303
v -0.7695 1.0197 -0.6304
v -0.7695 0.6677 -0.6293
v -0.7695 0.6896 -0.6294
v -0.7695 0.6233 -0.6292
v -0.7695 0.6677 -0.6293
v -0.7695 0.6058 -0.6290
v -0.7695 0.6233 -0.6292
v -0.7695 0.5894 -0.6288
v -0.7695 0.6058 -0.6290
v -0.7695 0.5747 -0.6287
v -0.7695 0.5894 -0.6288
v -0.7695 0.5501 -0.6288
v -0.7695 0.5747 -0.6287
v -0.7695 0.5337 -0.6286
v -0.7695 0.5501 -0.6288
v -0.7695 0.5001 -0.6286
v -0.7695 0.5337 -0.6286
v -0.7695 0.4963 -0.6286
v -0.7695 0.5001 -0.6286
v -0.7695 0.4899 -0.6287
v -0.7695 0.4963 -0.6286
v -0.7695 0.4863 -0.6288
v -0.7695 0.4899 -0.6287
v -0.7695 0.4840 -0.6289
v -0.7695 0.4863 -0.6288
v -0.7695 0.4411 -0.6312
v -0.7695 0.4840 -0.6289
v -0.1769 1.2118 -0.6260
v -0.1678 1.2118 -0.6275
v -0.1951 1.2118 -0.6239
v -0.1769 1.2118 -0.6260
v -0.2608 1.2118 -0.6212
v -0.2366 1.2118 -0.6214
v -0.2174 1.2118 -0.6211
v -0.1951 1.2118 -0.6239
v -0.2366 1.2118 -0.6214
v -0.2174 1.2118 -0.6211
v -0.7695 0.0788 -0.6642
v -0.7695 0.0855 -0.6575
v -0.7695 0.0613 -0.6712
v -0.7695 0.0656 -0.6711
v -0.7695 0.0656 -0.6711
v -0.7695 0.0788 -0.6642
v -0.7695 0.0855 -0.6575
v -0.7695 0.0936 -0.6577
v -0.7695 0.0588 -0.6729
v -0.7695 0.0613 -0.6712
v -0.7695 0.0936 -0.6577
v -0.7695 0.1015 -0.6538
v -0.7695 0.0422 -0.6777
v -0.7695 0.0588 -0.6729
v -0.7695 0.0407 -0.6779
v -0.7695 0.0422 -0.6777
v -0.7695 0.0274 -0.6776
v -0.7695 0.0407 -0.6779
v -0.7695 0.0252 -0.6769
v -0.7695 0.0274 -0.6776
v -0.7695 0.0217 -0.6760
v -0.7695 0.0252 -0.6769
v -0.7695 0.0037 -0.6744
v -0.7695 0.0217 -0.6760
v -0.7695 0.0000 -0.6744
v -0.7695 0.0037 -0.6744
v -0.7636 -0.0278 -0.6705
v -0.7566 -0.0278 -0.6687
v -0.7491 -0.0278 -0.6665
v -0.7414 -0.0278 -0.6598
v -0.7695 -0.0389 -0.6694
v -0.7695 0.0000 -0.6744
v -0.7566 -0.0278 -0.6687
v -0.7491 -0.0278 -0.6665
v -0.7414 -0.0278 -0.6598
v -0.7347 -0.0278 -0.6563
v -0.7347 -0.0278 -0.6563
v -0.7229 -0.0278 -0.6607
v -0.7229 -0.0278 -0.6607
v -0.7210 -0.0278 -0.6610
v -0.7210 -0.0278 -0.6610
v -0.7098 -0.0278 -0.6515
v -0.6790 -0.0278 -0.6464
v -0.6658 -0.0278 -0.6424
v -0.6658 -0.0278 -0.6424
v -0.6650 -0.0278 -0.6423
v -0.6650 -0.0278 -0.6423
v -0.6518 -0.0278 -0.6449
v -0.6310 -0.0278 -0.6492
v -0.6229 -0.0278 -0.6547
v -0.6518 -0.0278 -0.6449
v -0.6510 -0.0278 -0.6448
v -0.6510 -0.0278 -0.6448
v -0.6397 -0.0278 -0.6369
v -0.6310 -0.0278 -0.6492
v -0.6337 -0.0278 -0.6390
v -0.6229 -0.0278 -0.6547
v -0.6092 -0.0278 -0.6504
v -0.6337 -0.0278 -0.6390
v -0.6350 -0.0278 -0.6369
v -0.6092 -0.0278 -0.6504
v -0.6086 -0.0278 -0.6504
v -0.6086 -0.0278 -0.6504
v -0.5958 -0.0278 -0.6478
v -0.5950 -0.0278 -0.6474
v -0.5798 -0.0278 -0.6463
v -0.5958 -0.0278 -0.6478
v -0.5950 -0.0278 -0.6474
v -0.5798 -0.0278 -0.6463
v -0.5789 -0.0278 -0.6466
v -0.5789 -0.0278 -0.6466
v -0.5390 -0.0278 -0.6451
v -0.5390 -0.0278 -0.6451
v -0.5290 -0.0278 -0.6444
v -0.5290 -0.0278 -0.6444
v -0.5232 -0.0278 -0.6446
v -0.5232 -0.0278 -0.6446
v -0.4923 -0.0278 -0.6432
v -0.4923 -0.0278 -0.6432
v -0.4891 -0.0278 -0.6425
v -0.4891 -0.0278 -0.6425
v -0.4702 -0.0278 -0.6409
v -0.5938 -0.0278 -0.5975
v -0.5851 -0.0278 -0.5927
v -0.4702 -0.0278 -0.6409
v -0.4647 -0.0278 -0.6408
v -0.4647 -0.0278 -0.6408
v -0.4425 -0.0278 -0.6402
v -0.5851 -0.0278 -0.5927
v -0.5702 -0.0278 -0.5799
v -0.4425 -0.0278 -0.6402
v -0.4299 -0.0278 -0.6397
v -0.5702 -0.0278 -0.5799
v -0.5609 -0.0278 -0.5779
v -0.5609 -0.0278 -0.5779
v -0.5539 -0.0278 -0.5733
v -0.5286 -0.0278 -0.5781
v -0.5253 -0.0278 -0.5799
v -0.4299 -0.0278 -0.6397
v -0.3792 -0.0278 -0.6386
v -0.5539 -0.0278 -0.5733
v -0.5507 -0.0278 -0.5737
v -0.5507 -0.0278 -0.5737
v -0.5286 -0.0278 -0.5781
v -0.5253 -0.0278 -0.5799
v -0.5168 -0.0278 -0.5772
v -0.3792 -0.0278 -0.6386
v -0.3682 -0.0278 -0.6384
v -0.5168 -0.0278 -0.5772
v -0.5101 -0.0278 -0.5760
v -0.5101 -0.0278 -0.5760
v -0.4999 -0.0278 -0.5794
v -0.3682 -0.0278 -0.6384
v -0.3559 -0.0278 -0.6377
v -0.4938 -0.0278 -0.5801
v -0.4529 -0.0278 -0.5740
v -0.4999 -0.0278 -0.5794
v -0.4938 -0.0278 -0.5801
v -0.3559 -0.0278 -0.6377
v -0.3546 -0.0278 -0.6377
v -0.3251 -0.0278 -0.6373
v -0.3193 -0.0278 -0.6371
v -0.3546 -0.0278 -0.6377
v -0.3251 -0.0278 -0.6373
v -0.3193 -0.0278 -0.6371
v -0.3185 -0.0278 -0.6370
v -0.4510 -0.0278 -0.5740
v -0.4236 -0.0278 -0.5770
v -0.3185 -0.0278 -0.6370
v -0.2872 -0.0278 -0.6344
v -0.3719 -0.0278 -0.5726
v -0.3555 -0.0278 -0.5669
v -0.4236 -0.0278 -0.5770
v -0.4149 -0.0278 -0.5737
v -0.4149 -0.0278 -0.5737
v -0.4004 -0.0278 -0.5712
v -0.2872 -0.0278 -0.6344
v -0.2792 -0.0278 -0.6351
v -0.3555 -0.0278 -0.5669
v -0.3372 -0.0278 -0.5682
v -0.3894 -0.0278 -0.5700
v -0.3733 -0.0278 -0.5728
v -0.3733 -0.0278 -0.5728
v -0.3719 -0.0278 -0.5726
v -0.2792 -0.0278 -0.6351
v -0.2639 -0.0278 -0.6347
v -0.4004 -0.0278 -0.5712
v -0.3894 -0.0278 -0.5700
v -0.3372 -0.0278 -0.5682
v -0.3346 -0.0278 -0.5674
v -0.3314 -0.0278 -0.5680
v -0.3103 -0.0278 -0.5641
v -0.2639 -0.0278 -0.6347
v -0.2447 -0.0278 -0.6332
v -0.3346 -0.0278 -0.5674
v -0.3314 -0.0278 -0.5680
v -0.3103 -0.0278 -0.5641
v -0.2900 -0.0278 -0.5682
v -0.2447 -0.0278 -0.6332
v -0.2357 -0.0278 -0.6323
v -0.2900 -0.0278 -0.5682
v -0.2890 -0.0278 -0.5681
v -0.2357 -0.0278 -0.6323
v -0.2332 -0.0278 -0.6309
v -0.2890 -0.0278 -0.5681
v -0.2883 -0.0278 -0.5680
v -0.2869 -0.0278 -0.5680
v -0.2503 -0.0278 -0.5622
v -0.2332 -0.0278 -0.6309
v -0.2158 -0.0278 -0.6304
v -0.2883 -0.0278 -0.5680
v -0.2869 -0.0278 -0.5680
v -0.2503 -0.0278 -0.5622
v -0.2374 -0.0278 -0.5606
v -0.2158 -0.0278 -0.6304
v -0.2033 -0.0278 -0.6269
v -0.2374 -0.0278 -0.5606
v -0.2249 -0.0278 -0.5592
v -0.2033 -0.0278 -0.6269
v -0.1978 -0.0278 -0.6266
v -0.2249 -0.0278 -0.5592
v -0.1989 -0.0278 -0.5584
v -0.1978 -0.0278 -0.6266
v -0.1898 -0.0278 -0.6240
v -0.1989 -0.0278 -0.5584
v -0.1945 -0.0278 -0.5559
v -0.1898 -0.0278 -0.6240
v -0.1847 -0.0278 -0.6208
v -0.1945 -0.0278 -0.5559
v -0.1668 -0.0278 -0.5377
v -0.1847 -0.0278 -0.6208
v -0.1666 -0.0278 -0.6142
v -0.1668 -0.0278 -0.5377
v -0.1417 -0.0278 -0.5361
v -0.1666 -0.0278 -0.6142
v -0.1431 -0.0278 -0.6090
v -0.1417 -0.0278 -0.5361
v -0.1277 -0.0278 -0.5369
v -0.1277 -0.0278 -0.5369
v -0.1017 -0.0278 -0.5282
v -0.1429 -0.0278 -0.6087
v -0.1283 -0.0278 -0.5955
v -0.1017 -0.0278 -0.5282
v -0.0976 -0.0278 -0.5279
v -0.1283 -0.0278 -0.5955
v -0.1250 -0.0278 -0.5823
v -0.1170 -0.0278 -0.5717
v -0.0999 -0.0278 -0.5603
v -0.0976 -0.0278 -0.5279
v -0.0959 -0.0278 -0.5272
v -0.1250 -0.0278 -0.5823
v -0.1170 -0.0278 -0.5717
v -0.0999 -0.0278 -0.5603
v -0.0915 -0.0278 -0.5550
v -0.0959 -0.0278 -0.5272
v -0.0834 -0.0278 -0.5328
v -0.0915 -0.0278 -0.5550
v -0.0748 -0.0278 -0.5580
v -0.0834 -0.0278 -0.5328
v -0.0743 -0.0278 -0.5295
v -0.0748 -0.0278 -0.5580
v -0.0601 -0.0278 -0.5485
v -0.0743 -0.0278 -0.5295
v -0.0518 -0.0278 -0.5251
v -0.0601 -0.0278 -0.5485
v -0.0484 -0.0278 -0.5396
v -0.0518 -0.0278 -0.5251
v -0.0486 -0.0278 -0.5262
v -0.0484 -0.0278 -0.5396
v -0.0336 -0.0278 -0.5352
v -0.0486 -0.0278 -0.5262
v -0.0331 -0.0278 -0.5336
v -0.0276 -0.0278 -0.5453
v -0.0336 -0.0278 -0.5352
v -0.0331 -0.0278 -0.5336
v -0.0326 -0.0278 -0.5336
v -0.0276 -0.0278 -0.5453
v -0.0222 -0.0278 -0.5454
v -0.0213 -0.0278 -0.5297
v -0.0110 -0.0278 -0.5287
v -0.0326 -0.0278 -0.5336
v -0.0213 -0.0278 -0.5297
v -0.0222 -0.0278 -0.5454
v -0.0067 -0.0278 -0.5589
v -0.0110 -0.0278 -0.5287
v -0.0073 -0.0278 -0.5256
v -0.0748 -0.0278 0.2620
v -0.0665 -0.0278 0.2730
v -0.0665 -0.0278 0.2730
v -0.0670 -0.0278 0.2830
v -0.0760 -0.0278 0.2588
v -0.0748 -0.0278 0.2620
v 0.7404 1.2118 -0.6377
v 0.7409 1.2118 -0.6377
v 0.7803 1.2118 -0.6381
v 0.7818 1.2118 -0.6379
v 0.7409 1.2118 -0.6377
v 0.7803 1.2118 -0.6381
v 0.7818 1.2118 -0.6379
v 0.8049 1.2118 -0.6380
v 0.8049 1.2118 -0.6380
v 0.8167 1.2118 -0.6380
v 0.8196 1.2118 -0.6378
v 0.8309 1.2118 -0.6371
v 0.8309 1.2118 -0.6371
v 0.8371 1.2118 -0.6371
v 0.8167 1.2118 -0.6380
v 0.8196 1.2118 -0.6378
v 0.8371 1.2118 -0.6371
v 0.8453 1.2118 -0.6376
v 0.8453 1.2118 -0.6376
v 0.8582 1.2118 -0.6381
v 0.8582 1.2118 -0.6381
v 0.8752 1.2118 -0.6378
v 0.8752 1.2118 -0.6378
v 0.8909 1.2118 -0.6374
v 0.8909 1.2118 -0.6374
v 0.9074 1.2118 -0.6374
v 0.9074 1.2118 -0.6374
v 0.9472 1.2118 -0.6379
v 0.9472 1.2118 -0.6379
v 0.9725 1.2118 -0.6377
v 0.9725 1.2118 -0.6377
v 0.9845 1.2118 -0.6373
v 0.9845 1.2118 -0.6373
v 1.0020 1.2118 -0.6374
v 1.0020 1.2118 -0.6374
v 1.0462 1.2118 -0.6370
v 1.0462 1.2118 -0.6370
v 1.0675 1.2118 -0.6369
v 1.0675 1.2118 -0.6369
v 1.0922 1.2118 -0.6384
v 1.0922 1.2118 -0.6384
v 1.0943 1.2118 -0.6385
v 1.0943 1.2118 -0.6385
v 1.0993 1.2118 -0.6377
v 1.0993 1.2118 -0.6377
v 1.1089 1.2118 -0.6359
v 1.1089 1.2118 -0.6359
v 1.1128 1.2118 -0.6356
v 0.8601 -0.0278 0.2312
v 0.8612 -0.0278 0.2336
v 0.8617 -0.0278 0.2295
v 0.8601 -0.0278 0.2312
v 0.8634 -0.0278 0.2311
v 0.8612 -0.0278 0.2336
v 0.8884 -0.0278 0.2725
v 0.8889 -0.0278 0.2733
v 0.8617 -0.0278 0.2295
v 0.8745 -0.0278 0.2178
v 0.8745 -0.0278 0.2178
v 0.8634 -0.0278 0.2311
v 0.8894 -0.0278 0.2710
v 0.8884 -0.0278 0.2725
v 0.8889 -0.0278 0.2733
v 0.9029 -0.0278 0.2861
v 0.8894 -0.0278 0.2710
v 0.8897 -0.0278 0.2721
v 0.8897 -0.0278 0.2721
v 0.9030 -0.0278 0.2860
v 1.1181 1.2118 0.4409
v 1.1183 1.2118 0.4540
v 1.1119 1.2118 0.4270
v 1.1131 1.2118 0.4301
v 1.1200 1.2118 0.4701
v 1.1198 1.2118 0.4886
v 1.1183 1.2118 0.4540
v 1.1200 1.2118 0.4701
v 1.1131 1.2118 0.4301
v 1.1181 1.2118 0.4409
v 1.1198 1.2118 0.4886
v 1.1193 1.2118 0.5087
v 1.1194 1.2118 0.5171
v 1.1194 1.2118 0.5323
v 1.1193 1.2118 0.5087
v 1.1194 1.2118 0.5171
v 1.1194 1.2118 0.5323
v 1.1189 1.2118 0.5515
v -0.4529 -0.0278 -0.5740
v -0.4525 -0.0278 -0.5740
v -0.4521 -0.0278 -0.5738
v -0.4510 -0.0278 -0.5740
v -0.4525 -0.0278 -0.5740
v -0.4521 -0.0278 -0.5738
v -0.7695 0.2485 -0.6381
v -0.7695 0.2588 -0.6380
v -0.7695 0.3016 -0.6360
v -0.7695 0.3376 -0.6351
v -0.7695 0.3382 -0.6350
v -0.7695 0.3838 -0.6327
v -0.7695 0.3926 -0.6326
v -0.7695 0.4247 -0.6315
v -0.7695 0.2303 -0.6391
v -0.7695 0.2485 -0.6381
v -0.7695 0.2588 -0.6380
v -0.7695 0.2844 -0.6364
v -0.7695 0.3376 -0.6351
v -0.7695 0.3378 -0.6351
v -0.7695 0.2844 -0.6364
v -0.7695 0.3016 -0.6360
v -0.7695 0.3378 -0.6351
v -0.7695 0.3382 -0.6350
v -0.7695 0.3838 -0.6327
v -0.7695 0.3926 -0.6326
v -0.7695 0.4247 -0.6315
v -0.7695 0.4411 -0.6312
v -0.7695 0.2169 -0.6393
v -0.7695 0.2303 -0.6391
v -0.7695 0.1972 -0.6418
v -0.7695 0.2040 -0.6456
v -0.7695 0.2040 -0.6456
v -0.7695 0.2169 -0.6393
v -0.7695 0.1905 -0.6449
v -0.7695 0.1972 -0.6418
v -0.7695 0.1874 -0.6458
v -0.7695 0.1905 -0.6449
v -0.7695 0.1830 -0.6470
v -0.7695 0.1874 -0.6458
v -0.7695 0.1782 -0.6486
v -0.7695 0.1830 -0.6470
v -0.7695 0.1523 -0.6410
v -0.7695 0.1603 -0.6402
v -0.7695 0.1782 -0.6486
v -0.7695 0.1744 -0.6397
v -0.7695 0.1312 -0.6427
v -0.7695 0.1448 -0.6428
v -0.7695 0.1448 -0.6428
v -0.7695 0.1523 -0.6410
v -0.7695 0.1603 -0.6402
v -0.7695 0.1651 -0.6373
v -0.7695 0.1744 -0.6397
v -0.7695 0.1719 -0.6370
v -0.7695 0.1212 -0.6459
v -0.7695 0.1312 -0.6427
v -0.7695 0.1651 -0.6373
v -0.7695 0.1690 -0.6358
v -0.7695 0.1690 -0.6358
v -0.7695 0.1719 -0.6370
v -0.7695 0.1133 -0.6525
v -0.7695 0.1212 -0.6459
v -0.7695 0.1067 -0.6535
v -0.7695 0.1133 -0.6525
v -0.7695 0.1015 -0.6538
v -0.7695 0.1067 -0.6535
v -0.0481 1.2118 -0.6326
v -0.0414 1.2118 -0.6336
v -0.1255 1.2118 -0.6282
v -0.1237 1.2118 -0.6283
v -0.1237 1.2118 -0.6283
v -0.1210 1.2118 -0.6285
v -0.0564 1.2118 -0.6324
v -0.0481 1.2118 -0.6326
v -0.0414 1.2118 -0.6336
v -0.0211 1.2118 -0.6365
v -0.1678 1.2118 -0.6275
v -0.1255 1.2118 -0.6282
v -0.1210 1.2118 -0.6285
v -0.0932 1.2118 -0.6303
v -0.0932 1.2118 -0.6303
v -0.0564 1.2118 -0.6324
v 0.5144 -0.0278 0.1258
v 0.5250 -0.0278 0.1297
v 0.5250 -0.0278 0.1297
v 0.5250 -0.0278 0.1330
v 0.0093 -0.0278 -0.5351
v 0.0259 -0.0278 -0.5361
v -0.0067 -0.0278 -0.5589
v 0.0073 -0.0278 -0.5528
v -0.0073 -0.0278 -0.5256
v -0.0069 -0.0278 -0.5253
v 0.0259 -0.0278 -0.5361
v 0.0331 -0.0278 -0.5328
v -0.0069 -0.0278 -0.5253
v 0.0093 -0.0278 -0.5351
v 0.0470 -0.0278 -0.5389
v 0.0485 -0.0278 -0.5395
v 0.0073 -0.0278 -0.5528
v 0.0114 -0.0278 -0.5532
v 0.0114 -0.0278 -0.5532
v 0.0350 -0.0278 -0.5713
v 0.0490 -0.0278 -0.5401
v 0.0485 -0.0278 -0.5395
v 0.0350 -0.0278 -0.5713
v 0.0392 -0.0278 -0.5743
v 0.0392 -0.0278 -0.5743
v 0.0762 -0.0278 -0.5706
v 0.0762 -0.0278 -0.5706
v 0.0841 -0.0278 -0.5727
v 0.0841 -0.0278 -0.5727
v 0.0918 -0.0278 -0.5702
v 0.0888 -0.0278 -0.5652
v 0.0910 -0.0278 -0.5647
v 0.0918 -0.0278 -0.5702
v 0.0888 -0.0278 -0.5652
v 0.0993 -0.0278 -0.5670
v 0.1171 -0.0278 -0.5687
v 0.1171 -0.0278 -0.5687
v 0.1174 -0.0278 -0.5688
v 0.1174 -0.0278 -0.5688
v 0.1180 -0.0278 -0.5688
v 0.1180 -0.0278 -0.5688
v 0.1183 -0.0278 -0.5687
v -0.1377 -0.0278 0.2925
v -0.1370 -0.0278 0.2955
v -0.1386 -0.0278 0.2740
v -0.1377 -0.0278 0.2925
v -0.1325 -0.0278 0.2591
v -0.1363 -0.0278 0.2691
v -0.1363 -0.0278 0.2691
v -0.1386 -0.0278 0.2740
v -0.1325 -0.0278 0.2591
v -0.1310 -0.0278 0.2577
v -0.1225 -0.0278 0.2483
v -0.1310 -0.0278 0.2577
v -0.0684 -0.0278 0.2878
v -0.0708 -0.0278 0.3011
v -0.7695 1.2118 -0.6330
v -0.7520 1.2118 -0.6328
v -0.7725 1.2118 -0.6331
v -0.7695 1.2118 -0.6330
v -0.7751 1.2118 -0.6331
v -0.7725 1.2118 -0.6331
v -0.7520 1.2118 -0.6328
v -0.7268 1.2118 -0.6325
v -0.8009 -0.0278 -0.6723
v -0.7695 -0.0278 -0.6708
v -0.7695 -0.0278 -0.6708
v -0.7656 -0.0278 -0.6706
v -0.7656 -0.0278 -0.6706
v -0.7636 -0.0278 -0.6705
vt 0.9699 0.9191
vt 0.9728 0.9185
vt 0.9728 0.9201
vt 0.9686 0.9168
vt 0.9670 0.9180
vt 0.9670 0.9162
vt 0.9739 0.9226
vt 0.9697 0.9208
vt 0.9674 0.9199
vt 0.9654 0.9174
vt 0.9638 0.9185
vt 0.8442 0.7979
vt 0.8434 0.7961
vt 0.0000 1.0000
vt 0.9678 0.9221
vt 0.9650 0.9209
vt 0.8454 0.8004
vt 0.0000 1.0000
vt 0.0000 1.0000
vt 0.9640 0.9187
vt 0.9650 0.9207
vt 0.0000 1.0000
vt 0.9735 0.9275
vt 0.9723 0.9254
vt 0.9746 0.9265
vt 0.9666 0.9238
vt 0.0000 1.0000
vt 0.0000 1.0000
vt 0.0000 1.0000
vt 0.0000 1.0000
vt 0.9743 0.9280
vt 0.9758 0.9268
vt 0.9707 0.9256
vt 0.9707 0.9266
vt 0.9702 0.9250
vt 0.9715 0.9272
vt 0.2660 0.6610
vt 0.2674 0.6596
vt 0.2680 0.6619
vt 0.2683 0.6588
vt 0.2700 0.6586
vt 0.2703 0.6632
vt 0.2725 0.6609
vt 0.2633 0.6626
vt 0.2618 0.6597
vt 0.2639 0.6590
vt 0.2667 0.6586
vt 0.2560 0.6647
vt 0.2613 0.6634
vt 0.2571 0.6667
vt 0.2635 0.6657
vt 0.2665 0.6652
vt 0.2721 0.6662
vt 0.2530 0.6698
vt 0.2629 0.6682
vt 0.2661 0.6677
vt 0.2687 0.6668
vt 0.7946 0.7743
vt 0.7951 0.7718
vt 0.9814 0.8494
vt 0.9822 0.8468
vt 0.9830 0.8480
vt 0.9805 0.8491
vt 0.9813 0.8473
vt 0.9791 0.8489
vt 0.9805 0.8471
vt 0.9792 0.8485
vt 0.9780 0.8471
vt 0.9779 0.8482
vt 0.9768 0.8472
vt 0.9746 0.8450
vt 0.9755 0.8471
vt 0.9756 0.8481
vt 0.9742 0.8462
vt 0.9743 0.8478
vt 0.9809 0.8507
vt 0.9823 0.8504
vt 0.9790 0.8505
vt 0.9775 0.8503
vt 0.9750 0.8498
vt 0.9484 0.9413
vt 0.9498 0.9398
vt 0.9507 0.9424
vt 0.9477 0.9443
vt 0.9496 0.9453
vt 0.9473 0.9458
vt 0.9482 0.9480
vt 0.9464 0.9473
vt 0.9456 0.9496
vt 0.0000 1.0000
vt 0.0000 1.0000
vt 0.0000 1.0000
vt 0.0000 1.0000
vt 0.0000 1.0000
vt 0.0000 1.0000
vt 0.4241 0.8242
vt 0.4312 0.8257
vt 0.4263 0.8279
vt 0.4261 0.8343
vt 0.0000 1.0000
vt 0.9843 0.8716
vt 0.9461 0.9768
vt 0.9477 0.9810
vt 0.9490 0.9785
vt 0.9496 0.9812
vt 0.9504 0.9796
vt 0.9525 0.9801
vt 0.9815 0.8654
vt 0.9509 0.9836
vt 0.9532 0.9829
vt 0.9805 0.8686
vt 0.9828 0.8748
vt 0.9483 0.9840
vt 0.9497 0.9851
vt 0.9516 0.9863
vt 0.9814 0.8768
vt 0.9791 0.8739
vt 0.9790 0.8761
vt 0.9762 0.8735
vt 0.9794 0.8795
vt 0.9811 0.8811
vt 0.9512 0.9918
vt 0.9753 0.8762
vt 0.9747 0.8800
vt 0.9777 0.8811
vt 0.9718 0.8779
vt 0.9715 0.8758
vt 0.9734 0.8816
vt 0.9755 0.8848
vt 0.9703 0.8813
vt 0.9684 0.8782
vt 0.9714 0.8841
vt 0.9728 0.8861
vt 0.9658 0.8794
vt 0.9669 0.8772
vt 0.9671 0.8833
vt 0.9707 0.8871
vt 0.9676 0.8868
vt 0.9638 0.8756
vt 0.9635 0.8775
vt 0.9622 0.8772
vt 0.9621 0.8784
vt 0.9634 0.8790
vt 0.9626 0.8818
vt 0.9646 0.8838
vt 0.9691 0.8896
vt 0.9617 0.8794
vt 0.9612 0.8781
vt 0.9615 0.8806
vt 0.9628 0.8837
vt 0.9644 0.8880
vt 0.9668 0.8889
vt 0.9456 0.8942
vt 0.9449 0.8956
vt 0.9423 0.8947
vt 0.9427 0.8935
vt 0.9461 0.8978
vt 0.9428 0.8988
vt 0.9438 0.9017
vt 0.9453 0.9015
vt 0.9476 0.9003
vt 0.9411 0.8946
vt 0.9410 0.8963
vt 0.9415 0.8979
vt 0.9401 0.8958
vt 0.9402 0.8971
vt 0.9415 0.8998
vt 0.9425 0.9012
vt 0.9441 0.9026
vt 0.9394 0.8965
vt 0.9403 0.8975
vt 0.9399 0.8996
vt 0.9402 0.8989
vt 0.9421 0.9044
vt 0.9416 0.9015
vt 0.9405 0.9007
vt 0.9387 0.8972
vt 0.9409 0.9012
vt 0.9403 0.9042
vt 0.9371 0.8981
vt 0.9374 0.9011
vt 0.9376 0.9029
vt 0.9350 0.8977
vt 0.9347 0.8994
vt 0.9348 0.9023
vt 0.9383 0.9054
vt 0.9362 0.9037
vt 0.9338 0.8983
vt 0.9360 0.9053
vt 0.9328 0.9007
vt 0.9331 0.9021
vt 0.9367 0.9079
vt 0.9334 0.9052
vt 0.9320 0.8995
vt 0.9340 0.9065
vt 0.9346 0.9089
vt 0.9319 0.9013
vt 0.9316 0.9008
vt 0.9322 0.9022
vt 0.9314 0.9032
vt 0.9310 0.9019
vt 0.9318 0.9044
vt 0.9325 0.9057
vt 0.9308 0.9049
vt 0.9305 0.9037
vt 0.9312 0.9063
vt 0.9660 0.8895
vt 0.9674 0.8912
vt 0.9678 0.8904
vt 0.9667 0.8916
vt 0.9659 0.8919
vt 0.9648 0.8905
vt 0.9674 0.8925
vt 0.9661 0.8933
vt 0.9637 0.8912
vt 0.9640 0.8925
vt 0.9670 0.8948
vt 0.9654 0.8955
vt 0.9664 0.8970
vt 0.9619 0.8918
vt 0.9627 0.8934
vt 0.9657 0.8991
vt 0.9672 0.8984
vt 0.9642 0.8962
vt 0.9640 0.8980
vt 0.9609 0.8951
vt 0.9627 0.8969
vt 0.9642 0.8998
vt 0.9652 0.9013
vt 0.9664 0.9006
vt 0.9591 0.8933
vt 0.9591 0.8961
vt 0.9609 0.8978
vt 0.9625 0.9000
vt 0.9626 0.9024
vt 0.9577 0.8942
vt 0.9606 0.8997
vt 0.9604 0.9020
vt 0.9572 0.8961
vt 0.9585 0.8989
vt 0.9596 0.9004
vt 0.9598 0.9039
vt 0.9552 0.8955
vt 0.9561 0.8968
vt 0.9581 0.9008
vt 0.9586 0.9025
vt 0.9535 0.8963
vt 0.9548 0.8974
vt 0.9565 0.9009
vt 0.9576 0.9032
vt 0.9581 0.9047
vt 0.9521 0.8987
vt 0.9545 0.9000
vt 0.9551 0.9045
vt 0.9514 0.8974
vt 0.9517 0.9010
vt 0.9536 0.9033
vt 0.9505 0.8983
vt 0.9491 0.8987
vt 0.9498 0.9014
vt 0.9510 0.9029
vt 0.9517 0.9043
vt 0.9477 0.8996
vt 0.9489 0.9015
vt 0.9496 0.9036
vt 0.9503 0.9050
vt 0.9488 0.9026
vt 0.9495 0.9040
vt 0.9600 0.8788
vt 0.9606 0.8805
vt 0.9616 0.8823
vt 0.9631 0.8854
vt 0.9590 0.8796
vt 0.9594 0.8809
vt 0.9599 0.8823
vt 0.9639 0.8890
vt 0.9612 0.8845
vt 0.9620 0.8866
vt 0.9627 0.8876
vt 0.9578 0.8815
vt 0.9577 0.8804
vt 0.9611 0.8886
vt 0.9624 0.8897
vt 0.9568 0.8823
vt 0.9564 0.8811
vt 0.9572 0.8838
vt 0.9594 0.8876
vt 0.9588 0.8863
vt 0.9614 0.8907
vt 0.9558 0.8831
vt 0.9564 0.8844
vt 0.9567 0.8860
vt 0.9588 0.8887
vt 0.9543 0.8853
vt 0.9570 0.8912
vt 0.9587 0.8921
vt 0.9521 0.8853
vt 0.9549 0.8904
vt 0.9529 0.8883
vt 0.9554 0.8938
vt 0.9512 0.8866
vt 0.9534 0.8902
vt 0.9543 0.8925
vt 0.9499 0.8879
vt 0.9510 0.8893
vt 0.9515 0.8923
vt 0.9482 0.8873
vt 0.9495 0.8866
vt 0.9491 0.8886
vt 0.9515 0.8944
vt 0.9517 0.8959
vt 0.9473 0.8880
vt 0.9493 0.8903
vt 0.9498 0.8935
vt 0.9476 0.8894
vt 0.9478 0.8925
vt 0.9495 0.8953
vt 0.9498 0.8965
vt 0.9466 0.8900
vt 0.9471 0.8913
vt 0.9471 0.8965
vt 0.9490 0.8977
vt 0.9462 0.8919
vt 0.9452 0.8906
vt 0.9477 0.8981
vt 0.9448 0.8926
vt 0.9443 0.8913
vt 0.9421 0.8906
vt 0.9434 0.8900
vt 0.9430 0.8919
vt 0.9467 0.9042
vt 0.9486 0.9048
vt 0.9477 0.9053
vt 0.9446 0.9039
vt 0.9447 0.9034
vt 0.9438 0.9053
vt 0.9446 0.9072
vt 0.9454 0.9086
vt 0.9424 0.9068
vt 0.9437 0.9078
vt 0.9442 0.9092
vt 0.9425 0.9083
vt 0.9430 0.9098
vt 0.9400 0.9063
vt 0.9406 0.9076
vt 0.9396 0.9091
vt 0.9404 0.9111
vt 0.9378 0.9074
vt 0.9376 0.9093
vt 0.9382 0.9107
vt 0.9385 0.9121
vt 0.0000 1.0000
vt 0.6234 0.9354
vt 0.6259 0.9234
vt 0.6356 0.9344
vt 0.3395 0.6805
vt 0.3232 0.6783
vt 0.6030 0.9171
vt 0.6145 0.9281
vt 0.3460 0.6894
vt 0.3413 0.6838
vt 0.3379 0.6845
vt 0.3336 0.6830
vt 0.3261 0.6823
vt 0.3159 0.6815
vt 0.3130 0.8924
vt 0.3549 0.9043
vt 0.3408 0.6872
vt 0.3335 0.6866
vt 0.3292 0.6862
vt 0.3246 0.6851
vt 0.3169 0.6851
vt 0.6363 0.9427
vt 0.6279 0.9427
vt 0.3400 0.6926
vt 0.3375 0.6903
vt 0.3350 0.6902
vt 0.3317 0.6904
vt 0.3267 0.6887
vt 0.3260 0.6898
vt 0.3218 0.6900
vt 0.3183 0.6870
vt 0.3137 0.9045
vt 0.3660 0.9085
vt 0.3547 0.9083
vt 0.3447 0.9082
vt 0.3372 0.6941
vt 0.3307 0.6940
vt 0.3251 0.6938
vt 0.3208 0.6939
vt 0.3133 0.6914
vt 0.3676 0.9132
vt 0.3528 0.9123
vt 0.3445 0.9148
vt 0.3406 0.6996
vt 0.3367 0.7005
vt 0.3329 0.6972
vt 0.3259 0.6970
vt 0.3185 0.6978
vt 0.3140 0.6974
vt 0.3133 0.6941
vt 0.3114 0.6971
vt 0.3150 0.9116
vt 0.3534 0.9216
vt 0.3311 0.7014
vt 0.3244 0.7014
vt 0.3187 0.7015
vt 0.3093 0.7046
vt 0.3097 0.7016
vt 0.3135 0.9178
vt 0.3132 0.9148
vt 0.3413 0.9223
vt 0.3376 0.9199
vt 0.3317 0.7037
vt 0.3276 0.7031
vt 0.3247 0.7030
vt 0.3210 0.7052
vt 0.3140 0.7051
vt 0.3665 0.9274
vt 0.3538 0.9276
vt 0.3287 0.9238
vt 0.3230 0.7067
vt 0.3239 0.7057
vt 0.3198 0.7061
vt 0.3212 0.7061
vt 0.3183 0.7063
vt 0.3145 0.7080
vt 0.3185 0.7061
vt 0.8436 0.7747
vt 0.3114 0.7101
vt 0.3089 0.7092
vt 0.8410 0.7761
vt 0.8408 0.7746
vt 0.8395 0.7759
vt 0.3139 0.9233
vt 0.3762 0.9247
vt 0.3375 0.9252
vt 0.3320 0.9260
vt 0.3181 0.7097
vt 0.3144 0.7090
vt 0.3117 0.7097
vt 0.3168 0.9247
vt 0.8383 0.7755
vt 0.3600 0.9316
vt 0.3374 0.9299
vt 0.3326 0.9324
vt 0.3260 0.9328
vt 0.3230 0.9294
vt 0.3161 0.9293
vt 0.3723 0.9332
vt 0.3462 0.9354
vt 0.3287 0.9343
vt 0.3691 0.9397
vt 0.3538 0.9412
vt 0.3395 0.9419
vt 0.3313 0.9384
vt 0.3178 0.9354
vt 0.3217 0.9399
vt 0.3180 0.9444
vt 0.3268 0.9485
vt 0.3636 0.9496
vt 0.3516 0.9509
vt 0.4278 0.7630
vt 0.4289 0.7656
vt 0.4261 0.7661
vt 0.4281 0.7685
vt 0.4309 0.7683
vt 0.4288 0.7757
vt 0.4248 0.7757
vt 0.4235 0.7639
vt 0.4222 0.7684
vt 0.4270 0.7817
vt 0.4214 0.7619
vt 0.4231 0.7615
vt 0.4209 0.7652
vt 0.4209 0.7721
vt 0.4232 0.7809
vt 0.4180 0.7599
vt 0.4206 0.7595
vt 0.4182 0.7623
vt 0.4193 0.7647
vt 0.4169 0.7688
vt 0.4193 0.7753
vt 0.4211 0.7769
vt 0.4159 0.7507
vt 0.4176 0.7556
vt 0.4137 0.7538
vt 0.4143 0.7588
vt 0.4150 0.7624
vt 0.4164 0.7627
vt 0.4164 0.7651
vt 0.4191 0.7796
vt 0.4142 0.7463
vt 0.4114 0.7462
vt 0.4113 0.7442
vt 0.4128 0.7511
vt 0.4147 0.7486
vt 0.4170 0.7723
vt 0.4103 0.7403
vt 0.4081 0.7445
vt 0.4166 0.7750
vt 0.4164 0.7725
vt 0.4157 0.7787
vt 0.4108 0.7514
vt 0.4113 0.7489
vt 0.4114 0.7566
vt 0.4101 0.7602
vt 0.4115 0.7640
vt 0.4142 0.7667
vt 0.4149 0.7699
vt 0.4156 0.7714
vt 0.4065 0.7420
vt 0.4084 0.7493
vt 0.4086 0.7516
vt 0.4094 0.7541
vt 0.4128 0.7675
vt 0.4128 0.7699
vt 0.4051 0.7455
vt 0.4098 0.7677
vt 0.4088 0.7703
vt 0.4070 0.7699
vt 0.3977 0.7487
vt 0.3960 0.7519
vt 0.3933 0.7445
vt 0.3925 0.7518
vt 0.3934 0.7566
vt 0.3907 0.7374
vt 0.3937 0.7396
vt 0.3888 0.7438
vt 0.3876 0.7446
vt 0.3896 0.7573
vt 0.3941 0.7622
vt 0.3860 0.7482
vt 0.3868 0.7518
vt 0.3879 0.7635
vt 0.4147 0.7753
vt 0.4056 0.7491
vt 0.4057 0.7512
vt 0.4066 0.7592
vt 0.4084 0.7637
vt 0.4025 0.7525
vt 0.4063 0.7655
vt 0.4015 0.7433
vt 0.4016 0.7475
vt 0.4059 0.7676
vt 0.3970 0.7388
vt 0.4025 0.7575
vt 0.4030 0.7641
vt 0.4042 0.7699
vt 0.4054 0.7717
vt 0.4034 0.7708
vt 0.3977 0.7439
vt 0.4001 0.7606
vt 0.4007 0.7672
vt 0.4007 0.7700
vt 0.3971 0.7709
vt 0.3969 0.7545
vt 0.3973 0.7582
vt 0.3988 0.7632
vt 0.3992 0.7674
vt 0.3975 0.7699
vt 0.3944 0.7701
vt 0.3951 0.7672
vt 0.3923 0.7700
vt 0.3914 0.7681
vt 0.3847 0.7416
vt 0.3860 0.7672
vt 0.4118 0.7757
vt 0.4129 0.7779
vt 0.4149 0.7803
vt 0.9608 0.9183
vt 0.9597 0.9178
vt 0.9550 0.9193
vt 0.3909 0.7711
vt 0.3860 0.7699
vt 0.4110 0.7781
vt 0.4117 0.7805
vt 0.9584 0.9192
vt 0.9522 0.9194
vt 0.3850 0.7710
vt 0.4092 0.7760
vt 0.4095 0.7782
vt 0.4088 0.7811
vt 0.9559 0.9198
vt 0.9545 0.9194
vt 0.9482 0.9209
vt 0.4073 0.7763
vt 0.9570 0.9187
vt 0.9592 0.9192
vt 0.9582 0.9186
vt 0.9576 0.9193
vt 0.9533 0.9194
vt 0.9513 0.9191
vt 0.4064 0.7788
vt 0.4066 0.7811
vt 0.9606 0.9193
vt 0.9615 0.9198
vt 0.9594 0.9188
vt 0.9573 0.9198
vt 0.9607 0.9194
vt 0.9551 0.9203
vt 0.9479 0.9209
vt 0.9461 0.9211
vt 0.3818 0.7709
vt 0.9433 0.9219
vt 0.4055 0.7813
vt 0.4044 0.7790
vt 0.9606 0.9200
vt 0.9588 0.9197
vt 0.9542 0.9201
vt 0.9522 0.9201
vt 0.9436 0.9233
vt 0.4033 0.7792
vt 0.4031 0.7814
vt 0.9593 0.9195
vt 0.9577 0.9197
vt 0.9562 0.9197
vt 0.9560 0.9200
vt 0.9552 0.9212
vt 0.9509 0.9213
vt 0.9470 0.9232
vt 0.9608 0.9212
vt 0.9606 0.9208
vt 0.9596 0.9222
vt 0.9580 0.9222
vt 0.9560 0.9202
vt 0.9564 0.9224
vt 0.9547 0.9223
vt 0.9527 0.9220
vt 0.9496 0.9222
vt 0.9451 0.9241
vt 0.9424 0.9245
vt 0.9585 0.9220
vt 0.9228 0.8441
vt 0.9570 0.9223
vt 0.9551 0.9207
vt 0.9564 0.9231
vt 0.9560 0.9238
vt 0.3904 0.7810
vt 0.3923 0.7814
vt 0.3938 0.7817
vt 0.3909 0.7818
vt 0.9544 0.9215
vt 0.9547 0.9227
vt 0.9547 0.9244
vt 0.9526 0.9235
vt 0.3858 0.7813
vt 0.3892 0.7818
vt 0.9493 0.9241
vt 0.9468 0.9237
vt 0.9476 0.9260
vt 0.9466 0.9247
vt 0.9490 0.9255
vt 0.9476 0.9274
vt 0.9483 0.9272
vt 0.9449 0.9246
vt 0.9460 0.9276
vt 0.9464 0.9277
vt 0.9435 0.9242
vt 0.9447 0.9263
vt 0.9441 0.9261
vt 0.9424 0.9265
vt 0.2284 0.8393
vt 0.2304 0.8397
vt 0.2301 0.8396
vt 0.2290 0.8391
vt 0.2295 0.8404
vt 0.2275 0.8405
vt 0.4018 0.7906
vt 0.4013 0.7907
vt 0.3997 0.7885
vt 0.3980 0.7909
vt 0.3992 0.7954
vt 0.4018 0.7960
vt 0.3995 0.7978
vt 0.4014 0.8001
vt 0.4022 0.8049
vt 0.4015 0.8062
vt 0.4013 0.8027
vt 0.4025 0.8090
vt 0.3977 0.7879
vt 0.3977 0.7853
vt 0.3992 0.7863
vt 0.4021 0.8142
vt 0.4044 0.8133
vt 0.4020 0.8171
vt 0.4023 0.8197
vt 0.4041 0.8199
vt 0.3944 0.7842
vt 0.3957 0.7887
vt 0.3928 0.7842
vt 0.3942 0.7888
vt 0.3951 0.7910
vt 0.3946 0.7911
vt 0.3916 0.7889
vt 0.3928 0.7865
vt 0.3936 0.7911
vt 0.3953 0.7971
vt 0.9269 0.8634
vt 0.9248 0.8619
vt 0.9264 0.8653
vt 0.3898 0.7844
vt 0.3910 0.7889
vt 0.3925 0.7911
vt 0.9252 0.8633
vt 0.9242 0.8616
vt 0.9252 0.8652
vt 0.9263 0.8665
vt 0.3901 0.7887
vt 0.9251 0.8691
vt 0.9244 0.8667
vt 0.9248 0.8685
vt 0.9254 0.8709
vt 0.9240 0.8703
vt 0.9253 0.8721
vt 0.9246 0.8720
vt 0.9251 0.8741
vt 0.9235 0.8739
vt 0.9253 0.8755
vt 0.9251 0.8759
vt 0.9130 0.8512
vt 0.9111 0.8529
vt 0.9122 0.8517
vt 0.9131 0.8514
vt 0.9119 0.8525
vt 0.9107 0.8534
vt 0.9104 0.8529
vt 0.9109 0.8549
vt 0.9112 0.8544
vt 0.9112 0.8561
vt 0.9111 0.8565
vt 0.9124 0.8582
vt 0.9111 0.8582
vt 0.9117 0.8597
vt 0.9129 0.8615
vt 0.9126 0.8632
vt 0.9143 0.8653
vt 0.9135 0.8702
vt 0.9153 0.8687
vt 0.9155 0.8708
vt 0.9140 0.8737
vt 0.9157 0.8766
vt 0.9152 0.8771
vt 0.9171 0.8755
vt 0.9160 0.8786
vt 0.9171 0.8788
vt 0.3984 0.8000
vt 0.3990 0.8026
vt 0.3990 0.8087
vt 0.4001 0.8116
vt 0.3964 0.7979
vt 0.3959 0.7956
vt 0.3998 0.8144
vt 0.3987 0.8168
vt 0.4012 0.8193
vt 0.3958 0.8001
vt 0.9283 0.8655
vt 0.9272 0.8673
vt 0.9269 0.8689
vt 0.9262 0.8703
vt 0.9263 0.8725
vt 0.9258 0.8742
vt 0.9264 0.8760
vt 0.9100 0.8539
vt 0.9100 0.8555
vt 0.9107 0.8585
vt 0.9116 0.8615
vt 0.9115 0.8643
vt 0.9127 0.8666
vt 0.9128 0.8704
vt 0.9143 0.8791
vt 0.3988 0.8112
vt 0.3987 0.8141
vt 0.3961 0.8002
vt 0.3963 0.8033
vt 0.3979 0.8193
vt 0.3950 0.8050
vt 0.3943 0.8073
vt 0.3948 0.8116
vt 0.3966 0.8139
vt 0.3931 0.8079
vt 0.0000 1.0000
vt 0.9099 0.8544
vt 0.9091 0.8563
vt 0.9099 0.8583
vt 0.9107 0.8607
vt 0.9114 0.8707
vt 0.9123 0.8743
vt 0.9133 0.8775
vt 0.9109 0.8772
vt 0.9119 0.8796
vt 0.3969 0.8167
vt 0.2953 0.6562
vt 0.3953 0.8194
vt 0.3926 0.8099
vt 0.3921 0.8122
vt 0.2928 0.6547
vt 0.2932 0.6561
vt 0.2937 0.6583
vt 0.2911 0.6549
vt 0.2909 0.6530
vt 0.3763 0.7827
vt 0.9103 0.8528
vt 0.9079 0.8545
vt 0.9082 0.8547
vt 0.9090 0.8585
vt 0.9097 0.8632
vt 0.9108 0.8658
vt 0.9062 0.8552
vt 0.9066 0.8568
vt 0.9055 0.8602
vt 0.9076 0.8609
vt 0.9097 0.8697
vt 0.9056 0.8616
vt 0.9089 0.8712
vt 0.9101 0.8726
vt 0.3766 0.7835
vt 0.3769 0.7828
vt 0.3758 0.7829
vt 0.9085 0.8537
vt 0.9068 0.8540
vt 0.9052 0.8540
vt 0.9078 0.8643
vt 0.9081 0.8664
vt 0.9047 0.8554
vt 0.9069 0.8671
vt 0.8144 0.8065
vt 0.8152 0.8084
vt 0.8145 0.8099
vt 0.8167 0.8109
vt 0.8156 0.8146
vt 0.8171 0.8142
vt 0.8166 0.8165
vt 0.8175 0.8161
vt 0.8174 0.8185
vt 0.8188 0.8186
vt 0.8192 0.8206
vt 0.9171 0.8804
vt 0.9173 0.8822
vt 0.8138 0.8127
vt 0.8154 0.8146
vt 0.9163 0.8807
vt 0.9175 0.8824
vt 0.9157 0.8813
vt 0.9141 0.8814
vt 0.9125 0.8813
vt 0.9121 0.8831
vt 0.9159 0.8831
vt 0.9152 0.8825
vt 0.9143 0.8831
vt 0.9148 0.8832
vt 0.9141 0.8845
vt 0.9151 0.8832
vt 0.9138 0.8853
vt 0.9772 0.9393
vt 0.9797 0.9382
vt 0.9808 0.9405
vt 0.9717 0.9386
vt 0.9718 0.9353
vt 0.9752 0.9385
vt 0.9732 0.9394
vt 0.9753 0.9399
vt 0.9751 0.9404
vt 0.9754 0.9403
vt 0.9763 0.9411
vt 0.9787 0.9417
vt 0.0000 1.0000
vt 0.0000 1.0000
vt 0.0000 1.0000
vt 0.9764 0.9426
vt 0.9766 0.9426
vt 0.9739 0.9418
vt 0.9725 0.9433
vt 0.9721 0.9406
vt 0.9779 0.9434
vt 0.9799 0.9442
vt 0.0000 1.0000
vt 0.9702 0.9423
vt 0.9753 0.9442
vt 0.9773 0.9450
vt 0.9799 0.9456
vt 0.9803 0.9461
vt 0.0000 1.0000
vt 0.0000 1.0000
vt 0.9793 0.9466
vt 0.9752 0.9466
vt 0.9787 0.9475
vt 0.0000 1.0000
vt 0.0000 1.0000
vt 0.0000 1.0000
vt 0.0000 1.0000
vt 0.9684 0.9428
vt 0.9793 0.9513
vt 0.9807 0.9519
vt 0.9708 0.9473
vt 0.0000 1.0000
vt 0.9679 0.9462
vt 0.9727 0.9518
vt 0.9764 0.9555
vt 0.9806 0.9546
vt 0.9678 0.9521
vt 0.0000 1.0000
vt 0.0000 1.0000
vt 0.0000 1.0000
vt 0.0000 1.0000
vt 0.0000 1.0000
vt 0.0000 1.0000
vt 0.0000 1.0000
vt 0.9800 0.9602
vt 0.0000 1.0000
vt 0.9779 0.9598
vt 0.0000 1.0000
vt 0.0000 1.0000
vt 0.9700 0.9564
vt 0.0000 1.0000
vt 0.0000 1.0000
vt 0.9639 0.9529
vt 0.0000 1.0000
vt 0.0000 1.0000
vt 0.0000 1.0000
vt 0.9671 0.9598
vt 0.9744 0.9615
vt 0.9803 0.9638
vt 0.0000 1.0000
vt 0.0000 1.0000
vt 0.0000 1.0000
vt 0.9638 0.9569
vt 0.0000 1.0000
vt 0.0000 1.0000
vt 0.9784 0.9639
vt 0.0000 1.0000
vt 0.5478 0.6723
vt 0.5540 0.6737
vt 0.5478 0.6792
vt 0.5393 0.6709
vt 0.5430 0.6715
vt 0.5389 0.6741
vt 0.5450 0.6745
vt 0.5511 0.6798
vt 0.5351 0.6783
vt 0.5405 0.6781
vt 0.5435 0.6779
vt 0.5539 0.6838
vt 0.5510 0.6886
vt 0.5498 0.6828
vt 0.5444 0.6813
vt 0.7444 0.9096
vt 0.0000 1.0000
vt 0.0000 1.0000
vt 0.0000 1.0000
vt 0.0000 1.0000
vt 0.0000 1.0000
vt 0.7693 0.9080
vt 0.7634 0.9008
vt 0.7703 0.9018
vt 0.7685 0.9114
vt 0.7648 0.9116
vt 0.0000 1.0000
vt 0.7669 0.8986
vt 0.7627 0.9048
vt 0.0000 1.0000
vt 0.7636 0.8967
vt 0.7608 0.9072
vt 0.7617 0.9103
vt 0.0000 1.0000
vt 0.7577 0.9051
vt 0.7590 0.9108
vt 0.0000 1.0000
vt 0.0000 1.0000
vt 0.7562 0.9021
vt 0.7567 0.8988
vt 0.7554 0.9111
vt 0.0000 1.0000
vt 0.7497 0.9068
vt 0.0000 1.0000
vt 0.7502 0.8994
vt 0.0000 1.0000
vt 0.7467 0.9120
vt 0.7468 0.9020
vt 0.7457 0.9005
vt 0.7443 0.9045
vt 0.7445 0.9021
vt 0.0000 1.0000
vt 0.7428 0.9023
vt 0.0000 1.0000
vt 0.7417 0.8987
vt 0.0000 1.0000
vt 0.7989 0.9038
vt 0.7937 0.9007
vt 0.7990 0.8993
vt 0.8002 0.9097
vt 0.7955 0.9060
vt 0.7975 0.9103
vt 0.0000 1.0000
vt 0.7942 0.9102
vt 0.7968 0.8933
vt 0.0000 1.0000
vt 0.7919 0.8939
vt 0.7897 0.9030
vt 0.0000 1.0000
vt 0.7891 0.8978
vt 0.7854 0.9068
vt 0.0000 1.0000
vt 0.7851 0.8986
vt 0.7841 0.9096
vt 0.7858 0.8938
vt 0.7819 0.9042
vt 0.0000 1.0000
vt 0.7799 0.9063
vt 0.7802 0.9100
vt 0.0000 1.0000
vt 0.7813 0.8983
vt 0.7801 0.8946
vt 0.7764 0.9098
vt 0.7788 0.8964
vt 0.7771 0.9007
vt 0.7755 0.9056
vt 0.0000 1.0000
vt 0.0000 1.0000
vt 0.7716 0.9111
vt 0.7728 0.8987
vt 0.0000 1.0000
vt 0.8293 0.8959
vt 0.8263 0.8990
vt 0.8271 0.8926
vt 0.8291 0.9072
vt 0.8280 0.9120
vt 0.8252 0.9062
vt 0.8294 0.8911
vt 0.8232 0.8920
vt 0.8219 0.9079
vt 0.0000 1.0000
vt 0.0000 1.0000
vt 0.8205 0.8969
vt 0.8217 0.9020
vt 0.8198 0.9091
vt 0.8177 0.8926
vt 0.8173 0.8969
vt 0.8198 0.9048
vt 0.0000 1.0000
vt 0.8167 0.8984
vt 0.8176 0.9018
vt 0.8135 0.8930
vt 0.8140 0.8992
vt 0.8121 0.9040
vt 0.8155 0.9104
vt 0.0000 1.0000
vt 0.8108 0.9001
vt 0.8097 0.9076
vt 0.8098 0.8968
vt 0.0000 1.0000
vt 0.8051 0.8938
vt 0.8080 0.9038
vt 0.0000 1.0000
vt 0.8078 0.9104
vt 0.0000 1.0000
vt 0.8055 0.8974
vt 0.8049 0.9112
vt 0.8028 0.8997
vt 0.8023 0.9026
vt 0.8041 0.9087
vt 0.8023 0.9071
vt 0.0000 1.0000
vt 0.9602 0.9311
vt 0.9607 0.9295
vt 0.9618 0.9317
vt 0.9628 0.9301
vt 0.9638 0.9324
vt 0.9679 0.9339
vt 0.9669 0.9354
vt 0.9660 0.9332
vt 0.9692 0.9377
vt 0.9611 0.9333
vt 0.9596 0.9327
vt 0.9633 0.9340
vt 0.9650 0.9347
vt 0.9591 0.9326
vt 0.9629 0.9358
vt 0.9668 0.9371
vt 0.9607 0.9349
vt 0.9585 0.9342
vt 0.9631 0.9405
vt 0.9660 0.9410
vt 0.9580 0.9358
vt 0.9571 0.9335
vt 0.9565 0.9351
vt 0.9612 0.9381
vt 0.9566 0.9377
vt 0.9595 0.9385
vt 0.9535 0.9359
vt 0.9543 0.9343
vt 0.9608 0.9407
vt 0.9553 0.9388
vt 0.9531 0.9374
vt 0.9641 0.9440
vt 0.9595 0.9435
vt 0.9610 0.9443
vt 0.9517 0.9405
vt 0.9574 0.9428
vt 0.9516 0.9449
vt 0.9621 0.9494
vt 0.9656 0.9493
vt 0.9545 0.9451
vt 0.9584 0.9451
vt 0.9550 0.9486
vt 0.9573 0.9477
vt 0.9581 0.9504
vt 0.9527 0.9486
vt 0.9595 0.9531
vt 0.9506 0.9480
vt 0.9563 0.9527
vt 0.9607 0.9557
vt 0.9520 0.9512
vt 0.9545 0.9528
vt 0.9475 0.9509
vt 0.9496 0.9504
vt 0.8549 0.8865
vt 0.8576 0.8861
vt 0.8567 0.8882
vt 0.8528 0.8868
vt 0.8534 0.8885
vt 0.8515 0.8888
vt 0.8538 0.8905
vt 0.8551 0.8884
vt 0.8570 0.8901
vt 0.8569 0.8912
vt 0.8547 0.8913
vt 0.8516 0.8909
vt 0.8493 0.8858
vt 0.8498 0.8889
vt 0.8512 0.8909
vt 0.8498 0.8908
vt 0.8544 0.8928
vt 0.8529 0.8930
vt 0.8515 0.8923
vt 0.8496 0.8913
vt 0.8486 0.8897
vt 0.8499 0.8915
vt 0.8493 0.8915
vt 0.8482 0.8868
vt 0.8563 0.8924
vt 0.8534 0.8934
vt 0.8514 0.8933
vt 0.8511 0.8943
vt 0.8562 0.8935
vt 0.8483 0.8903
vt 0.8495 0.8920
vt 0.8560 0.8934
vt 0.8540 0.8944
vt 0.8509 0.8947
vt 0.8490 0.8924
vt 0.8489 0.8900
vt 0.8501 0.8940
vt 0.8505 0.8937
vt 0.8479 0.8887
vt 0.8536 0.8930
vt 0.8556 0.8930
vt 0.8506 0.8933
vt 0.1364 0.9994
vt 0.8552 0.8937
vt 0.8538 0.8933
vt 0.8555 0.8981
vt 0.8572 0.9015
vt 0.8536 0.8991
vt 0.8521 0.8937
vt 0.8504 0.8944
vt 0.1347 0.9966
vt 0.8469 0.8927
vt 0.8451 0.8881
vt 0.8536 0.8941
vt 0.8553 0.8957
vt 0.8544 0.9016
vt 0.8558 0.9057
vt 0.8519 0.8975
vt 0.8526 0.9016
vt 0.0000 1.0000
vt 0.0000 1.0000
vt 0.8542 0.9111
vt 0.8493 0.8979
vt 0.8559 0.9087
vt 0.8503 0.9093
vt 0.0000 1.0000
vt 0.8487 0.8946
vt 0.8465 0.9060
vt 0.8492 0.9112
vt 0.8470 0.8946
vt 0.8473 0.8965
vt 0.8459 0.9012
vt 0.8464 0.9100
vt 0.8442 0.8915
vt 0.8443 0.8970
vt 0.8458 0.9082
vt 0.8433 0.8950
vt 0.8389 0.8882
vt 0.8406 0.8972
vt 0.8421 0.9000
vt 0.8427 0.9061
vt 0.8386 0.8915
vt 0.8375 0.8959
vt 0.8392 0.8987
vt 0.8401 0.9089
vt 0.0000 1.0000
vt 0.8372 0.9036
vt 0.8368 0.9109
vt 0.0000 1.0000
vt 0.8346 0.8938
vt 0.8369 0.9086
vt 0.8307 0.8994
vt 0.8349 0.8906
vt 0.8314 0.9107
vt 0.0000 1.0000
vt 0.0000 1.0000
vt 0.8846 0.8871
vt 0.8799 0.8844
vt 0.8840 0.8842
vt 0.8793 0.8872
vt 0.8769 0.8855
vt 0.8759 0.8834
vt 0.8762 0.8878
vt 0.8745 0.8862
vt 0.8732 0.8841
vt 0.8828 0.8893
vt 0.8862 0.8888
vt 0.8782 0.8887
vt 0.8752 0.8903
vt 0.8723 0.8864
vt 0.8723 0.8884
vt 0.8680 0.8859
vt 0.8685 0.8888
vt 0.8658 0.8891
vt 0.8643 0.8856
vt 0.8625 0.8878
vt 0.8617 0.8857
vt 0.8588 0.8878
vt 0.8610 0.8896
vt 0.8827 0.8905
vt 0.8846 0.8906
vt 0.8796 0.8896
vt 0.8804 0.8902
vt 0.8777 0.8900
vt 0.8715 0.8900
vt 0.8674 0.8906
vt 0.8626 0.8902
vt 0.8605 0.8910
vt 0.8826 0.8914
vt 0.8844 0.8913
vt 0.8821 0.8915
vt 0.8806 0.8910
vt 0.8772 0.8903
vt 0.8719 0.8912
vt 0.8660 0.8913
vt 0.8644 0.8910
vt 0.8820 0.8917
vt 0.8821 0.8917
vt 0.8828 0.8916
vt 0.8803 0.8918
vt 0.8772 0.8909
vt 0.8735 0.8909
vt 0.8819 0.8917
vt 0.8811 0.8920
vt 0.8798 0.8916
vt 0.8761 0.8917
vt 0.8744 0.8914
vt 0.8730 0.8914
vt 0.8662 0.8923
vt 0.8626 0.8929
vt 0.8814 0.8920
vt 0.8816 0.8915
vt 0.8777 0.8915
vt 0.8711 0.8923
vt 0.8648 0.8924
vt 0.8579 0.8930
vt 0.8813 0.8914
vt 0.8789 0.8918
vt 0.8772 0.8909
vt 0.8740 0.8911
vt 0.8723 0.8918
vt 0.8708 0.8920
vt 0.8692 0.8924
vt 0.8676 0.8925
vt 0.8658 0.8920
vt 0.8642 0.8922
vt 0.8628 0.8925
vt 0.8626 0.8926
vt 0.8608 0.8921
vt 0.8578 0.8926
vt 0.8718 0.8904
vt 0.0000 1.0000
vt 0.0000 1.0000
vt 0.0000 1.0000
vt 0.8639 0.8926
vt 0.8624 0.8928
vt 0.8605 0.8934
vt 0.8590 0.8934
vt 0.8578 0.8932
vt 0.8779 0.8946
vt 0.8758 0.8968
vt 0.8757 0.8950
vt 0.8727 0.8952
vt 0.8742 0.8970
vt 0.8740 0.8915
vt 0.8716 0.8920
vt 0.8713 0.8938
vt 0.8727 0.8971
vt 0.8742 0.8982
vt 0.8728 0.8990
vt 0.8702 0.8956
vt 0.8709 0.8973
vt 0.8711 0.8994
vt 0.8731 0.9015
vt 0.8735 0.9047
vt 0.8712 0.9029
vt 0.8738 0.9085
vt 0.8723 0.9065
vt 0.8726 0.9087
vt 0.8701 0.9089
vt 0.8726 0.9104
vt 0.8676 0.8960
vt 0.8664 0.8979
vt 0.8672 0.9072
vt 0.8629 0.8965
vt 0.8668 0.8944
vt 0.8646 0.9000
vt 0.8650 0.9041
vt 0.8628 0.8948
vt 0.8653 0.9075
vt 0.8618 0.8916
vt 0.0000 1.0000
vt 0.8628 0.9014
vt 0.8605 0.9043
vt 0.8636 0.9060
vt 0.8598 0.8968
vt 0.8600 0.9063
vt 0.8586 0.8919
vt 0.8589 0.8932
vt 0.8573 0.8953
vt 0.8572 0.8934
vt 0.2633 0.6552
vt 0.2636 0.6570
vt 0.8781 0.8931
vt 0.8761 0.8932
vt 0.8779 0.8913
vt 0.8742 0.8917
vt 0.8660 0.8926
vt 0.8743 0.9103
vt 0.0000 1.0000
vt 0.8691 0.9110
vt 0.0000 1.0000
vt 0.8666 0.9114
vt 0.8635 0.8929
vt 0.0000 1.0000
vt 0.8634 0.8911
vt 0.8613 0.8933
vt 0.8636 0.9079
vt 0.8631 0.9103
vt 0.8604 0.8950
vt 0.8586 0.8935
vt 0.8610 0.9105
vt 0.0000 1.0000
vt 0.5275 0.6724
vt 0.5264 0.6693
vt 0.5300 0.6700
vt 0.5327 0.6746
vt 0.5294 0.6752
vt 0.5308 0.6819
vt 0.5293 0.6808
vt 0.5279 0.6793
vt 0.5263 0.6773
vt 0.5258 0.6741
vt 0.5248 0.6733
vt 0.5199 0.6746
vt 0.5219 0.6720
vt 0.5174 0.6703
vt 0.5164 0.6696
vt 0.5147 0.6726
vt 0.5078 0.6701
vt 0.5127 0.6684
vt 0.5103 0.6675
vt 0.5067 0.6664
vt 0.5042 0.6688
vt 0.5057 0.6656
vt 0.5033 0.6681
vt 0.5035 0.6681
vt 0.5018 0.6644
vt 0.9000 0.9832
vt 0.8907 0.9760
vt 0.9006 0.9760
vt 0.8896 0.9871
vt 0.8872 0.9827
vt 0.8792 0.9876
vt 0.8825 0.9739
vt 0.8753 0.9761
vt 0.8708 0.9791
vt 0.8589 0.9774
vt 0.8451 0.9891
vt 0.8470 0.9779
vt 0.8831 0.9916
vt 0.8599 0.9890
vt 0.8982 0.9874
vt 0.8921 0.9914
vt 0.5139 0.8622
vt 0.8938 0.9976
vt 0.8901 0.9993
vt 0.8746 0.9979
vt 0.5213 0.8634
vt 0.5169 0.8671
vt 0.5108 0.8685
vt 0.5387 0.8678
vt 0.5273 0.8680
vt 0.5219 0.8670
vt 0.5411 0.8737
vt 0.5491 0.8701
vt 0.5477 0.8732
vt 0.5282 0.8750
vt 0.5243 0.8712
vt 0.5102 0.8742
vt 0.5441 0.8763
vt 0.5349 0.8751
vt 0.5183 0.8766
vt 0.5186 0.8902
vt 0.5236 0.8782
vt 0.5344 0.8803
vt 0.5015 0.8954
vt 0.4940 0.8953
vt 0.4852 0.8929
vt 0.5108 0.8964
vt 0.5143 0.8978
vt 0.5176 0.8955
vt 0.5070 0.8962
vt 0.5135 0.8997
vt 0.5078 0.8982
vt 0.4945 0.8970
vt 0.4905 0.8967
vt 0.4855 0.8962
vt 0.0198 0.9723
vt 0.0159 0.9677
vt 0.0194 0.9635
vt 0.0173 0.9773
vt 0.0135 0.9779
vt 0.0148 0.9833
vt 0.0096 0.9646
vt 0.0081 0.9844
vt 0.0181 0.9911
vt 0.7664 0.8915
vt 0.0041 0.9698
vt 0.7638 0.8901
vt 0.7635 0.8941
vt 0.0047 0.9792
vt 0.0120 0.9543
vt 0.0019 0.9603
vt 0.7600 0.8792
vt 0.7588 0.8901
vt 0.7593 0.8965
vt 0.7590 0.8839
vt 0.7590 0.8737
vt 0.7559 0.8882
vt 0.7542 0.8876
vt 0.7496 0.8879
vt 0.7527 0.8900
vt 0.7479 0.8920
vt 0.7497 0.8946
vt 0.7713 0.8934
vt 0.7710 0.8955
vt 0.0182 0.9571
vt 0.7556 0.8934
vt 0.7520 0.8964
vt 0.7591 0.8683
vt 0.7569 0.8780
vt 0.7554 0.8813
vt 0.7537 0.8688
vt 0.7556 0.8762
vt 0.7513 0.8834
vt 0.7497 0.8732
vt 0.7517 0.8798
vt 0.7504 0.8768
vt 0.7476 0.8979
vt 0.7446 0.8843
vt 0.7446 0.8892
vt 0.7452 0.8952
vt 0.7470 0.8777
vt 0.7418 0.8798
vt 0.7437 0.8924
vt 0.7421 0.8966
vt 0.7451 0.8701
vt 0.0000 1.0000
vt 0.7418 0.8713
vt 0.0000 1.0000
vt 0.0000 1.0000
vt 0.0000 1.0000
vt 0.0000 1.0000
vt 0.0000 1.0000
vt 0.0645 0.9740
vt 0.0588 0.9808
vt 0.0558 0.9635
vt 0.0639 0.9844
vt 0.0581 0.9857
vt 0.0621 0.9638
vt 0.0491 0.9692
vt 0.0640 0.9571
vt 0.0516 0.9548
vt 0.0571 0.9946
vt 0.0492 0.9941
vt 0.0597 0.9911
vt 0.0482 0.9971
vt 0.0455 0.9905
vt 0.0403 0.9643
vt 0.0413 0.9740
vt 0.0411 0.9967
vt 0.0370 0.9868
vt 0.0418 0.9534
vt 0.0377 0.9915
vt 0.0372 0.9691
vt 0.0368 0.9761
vt 0.0322 0.9975
vt 0.0364 0.9560
vt 0.0294 0.9621
vt 0.0310 0.9926
vt 0.0260 0.9725
vt 0.0242 0.9810
vt 0.0275 0.9901
vt 0.0248 0.9554
vt 0.0234 0.9966
vt 0.8000 0.8911
vt 0.7774 0.8948
vt 0.7750 0.8950
vt 0.7644 0.7932
vt 0.7690 0.7999
vt 0.7664 0.8006
vt 0.7705 0.8048
vt 0.7680 0.8070
vt 0.7724 0.8110
vt 0.7693 0.8109
vt 0.7709 0.8147
vt 0.7747 0.8167
vt 0.7720 0.8170
vt 0.3858 0.7307
vt 0.3827 0.7322
vt 0.7659 0.8075
vt 0.7686 0.8146
vt 0.3797 0.7284
vt 0.3808 0.7348
vt 0.3833 0.7348
vt 0.3806 0.7377
vt 0.3813 0.7423
vt 0.7644 0.8021
vt 0.7664 0.8137
vt 0.3766 0.7279
vt 0.3774 0.7313
vt 0.3778 0.7344
vt 0.3783 0.7388
vt 0.7612 0.7978
vt 0.7617 0.8019
vt 0.7633 0.8047
vt 0.7646 0.8116
vt 0.7639 0.8151
vt 0.7659 0.8169
vt 0.3765 0.7398
vt 0.7579 0.8010
vt 0.7613 0.8065
vt 0.7626 0.8112
vt 0.7628 0.8159
vt 0.3747 0.7290
vt 0.3754 0.7312
vt 0.3754 0.7334
vt 0.3757 0.7368
vt 0.3749 0.7412
vt 0.7610 0.8102
vt 0.7612 0.8134
vt 0.7631 0.8185
vt 0.7628 0.8205
vt 0.3738 0.7341
vt 0.7595 0.8058
vt 0.3737 0.7362
vt 0.3726 0.7397
vt 0.7557 0.8026
vt 0.7566 0.8063
vt 0.7606 0.8156
vt 0.7613 0.8192
vt 0.7604 0.8173
vt 0.7580 0.8104
vt 0.7591 0.8141
vt 0.7597 0.8157
vt 0.7528 0.8048
vt 0.7569 0.8085
vt 0.3704 0.7375
vt 0.3708 0.7397
vt 0.3700 0.7417
vt 0.3704 0.7439
vt 0.7557 0.8102
vt 0.7543 0.8073
vt 0.7577 0.8141
vt 0.3684 0.7381
vt 0.3681 0.7401
vt 0.3678 0.7423
vt 0.3688 0.7446
vt 0.7541 0.8129
vt 0.7558 0.8140
vt 0.7528 0.8068
vt 0.3674 0.7388
vt 0.7550 0.8147
vt 0.7514 0.8058
vt 0.7538 0.8111
vt 0.3650 0.7393
vt 0.3653 0.7414
vt 0.3658 0.7436
vt 0.3658 0.7457
vt 0.9599 0.9231
vt 0.9215 0.8434
vt 0.9615 0.9229
vt 0.9242 0.8439
vt 0.9582 0.9236
vt 0.9559 0.9220
vt 0.9580 0.9248
vt 0.9564 0.9237
vt 0.9590 0.9232
vt 0.3922 0.7809
vt 0.3939 0.7814
vt 0.3905 0.7804
vt 0.9551 0.9239
vt 0.9564 0.9251
vt 0.3889 0.7805
vt 0.9538 0.9223
vt 0.9549 0.9252
vt 0.3874 0.7814
vt 0.9509 0.9257
vt 0.9466 0.9266
vt 0.9450 0.9269
vt 0.3910 0.7799
vt 0.3886 0.7799
vt 0.3860 0.7800
vt 0.9073 0.8529
vt 0.9084 0.8513
vt 0.9068 0.8514
vt 0.9056 0.8499
vt 0.9045 0.8532
vt 0.9045 0.8519
vt 0.9022 0.8503
vt 0.9801 0.8631
vt 0.9805 0.8651
vt 0.9782 0.8639
vt 0.9780 0.8664
vt 0.9769 0.8695
vt 0.9743 0.8661
vt 0.9742 0.8686
vt 0.9733 0.8724
vt 0.9734 0.8681
vt 0.9723 0.8671
vt 0.9723 0.8694
vt 0.9710 0.8691
vt 0.9710 0.8683
vt 0.9738 0.8747
vt 0.9698 0.8710
vt 0.9718 0.8740
vt 0.9692 0.8706
vt 0.9706 0.8724
vt 0.9703 0.8734
vt 0.9687 0.8720
vt 0.9680 0.8730
vt 0.9671 0.8725
vt 0.9688 0.8743
vt 0.9694 0.8758
vt 0.9666 0.8738
vt 0.9650 0.8750
vt 0.9661 0.8760
vt 0.8093 0.7922
vt 0.8091 0.7906
vt 0.9638 0.8754
vt 0.9639 0.8749
vt 0.9656 0.8781
vt 0.1536 0.9908
vt 0.1546 0.9972
vt 0.1490 0.9929
vt 0.1562 0.9773
vt 0.1481 0.9748
vt 0.1480 0.9661
vt 0.1547 0.9841
vt 0.8586 0.8839
vt 0.8549 0.8845
vt 0.8562 0.8826
vt 0.1526 0.9643
vt 0.1469 0.9590
vt 0.1484 0.9832
vt 0.1473 0.9989
vt 0.8515 0.8834
vt 0.1440 0.9612
vt 0.1438 0.9545
vt 0.1445 0.9663
vt 0.1446 0.9721
vt 0.1451 0.9796
vt 0.1456 0.9862
vt 0.1458 0.9937
vt 0.8494 0.8838
vt 0.1436 0.9689
vt 0.1419 0.9825
vt 0.1418 0.9900
vt 0.1419 0.9950
vt 0.1407 0.9547
vt 0.1406 0.9595
vt 0.1407 0.9643
vt 0.1410 0.9685
vt 0.1414 0.9736
vt 0.1384 0.9628
vt 0.1391 0.9721
vt 0.1392 0.9791
vt 0.1386 0.9972
vt 0.1375 0.9665
vt 0.1374 0.9736
vt 0.1382 0.9786
vt 0.1384 0.9863
vt 0.1384 0.9900
vt 0.1375 0.9588
vt 0.1369 0.9575
vt 0.1372 0.9625
vt 0.1371 0.9655
vt 0.1381 0.9801
vt 0.1371 0.9823
vt 0.1370 0.9852
vt 0.1380 0.9898
vt 0.1378 0.9967
vt 0.8484 0.8866
vt 0.1379 0.9644
vt 0.1380 0.9680
vt 0.1374 0.9708
vt 0.1377 0.9754
vt 0.1375 0.9848
vt 0.1374 0.9877
vt 0.1384 0.9932
vt 0.1383 0.9990
vt 0.1366 0.9625
vt 0.1370 0.9681
vt 0.1369 0.9726
vt 0.1370 0.9761
vt 0.1354 0.9577
vt 0.1357 0.9681
vt 0.1338 0.9665
vt 0.1355 0.9818
vt 0.1356 0.9901
vt 0.1364 0.9938
vt 0.1340 0.9608
vt 0.1336 0.9575
vt 0.1342 0.9723
vt 0.1345 0.9773
vt 0.1344 0.9850
vt 0.1345 0.9872
vt 0.1346 0.9904
vt 0.1281 0.9716
vt 0.1290 0.9807
vt 0.1297 0.9860
vt 0.1302 0.9936
vt 0.1273 0.9605
vt 0.1279 0.9685
vt 0.1247 0.9953
vt 0.1260 0.9870
vt 0.1216 0.9924
vt 0.1191 0.9622
vt 0.1217 0.9784
vt 0.1253 0.9520
vt 0.1167 0.9669
vt 0.1200 0.9889
vt 0.1164 0.9548
vt 0.1175 0.9702
vt 0.1138 0.9980
vt 0.1145 0.9610
vt 0.1153 0.9750
vt 0.1100 0.9932
vt 0.1080 0.9654
vt 0.1125 0.9805
vt 0.1116 0.9845
vt 0.1061 0.9761
vt 0.1055 0.9978
vt 0.1012 0.9590
vt 0.1029 0.9781
vt 0.1005 0.9844
vt 0.1008 0.9932
vt 0.8497 0.7962
vt 0.8530 0.7955
vt 0.8519 0.7964
vt 0.8484 0.7973
vt 0.8500 0.7963
vt 0.0000 1.0000
vt 0.0000 1.0000
vt 0.0000 1.0000
vt 0.0000 1.0000
vt 0.8503 0.7990
vt 0.0000 1.0000
vt 0.8529 0.7962
vt 0.8522 0.7978
vt 0.8525 0.7980
vt 0.8489 0.7983
vt 0.8527 0.7970
vt 0.8521 0.7958
vt 0.0000 1.0000
vt 0.8465 0.7975
vt 0.8475 0.7973
vt 0.8495 0.7962
vt 0.0000 1.0000
vt 0.0000 1.0000
vt 0.0000 1.0000
vt 0.0000 1.0000
vt 0.8450 0.7968
vt 0.0000 1.0000
vt 0.8469 0.7965
vt 0.0000 1.0000
vt 0.0000 1.0000
vt 0.0000 1.0000
vt 0.8442 0.7974
vt 0.8439 0.7968
vt 0.8445 0.7961
vt 0.8459 0.7981
vt 0.0000 1.0000
vt 0.0000 1.0000
vt 0.0000 1.0000
vt 0.0000 1.0000
vt 0.0000 1.0000
vt 0.8411 0.7969
vt 0.0000 1.0000
vt 0.0000 1.0000
vt 0.0000 1.0000
vt 0.0000 1.0000
vt 0.9758 0.9206
vt 0.9754 0.9218
vt 0.9748 0.9225
vt 0.0000 1.0000
vt 0.0000 1.0000
vt 0.3032 0.6533
vt 0.8515 0.8012
vt 0.0000 1.0000
vt 0.8504 0.8019
vt 0.8478 0.7995
vt 0.8495 0.8007
vt 0.8527 0.7998
vt 0.0000 1.0000
vt 0.2562 0.6567
vt 0.2563 0.6570
vt 0.2576 0.6562
vt 0.2569 0.6540
vt 0.8453 0.7993
vt 0.8449 0.7986
vt 0.8436 0.7987
vt 0.8412 0.7982
vt 0.8416 0.8000
vt 0.8401 0.7976
vt 0.8418 0.7955
vt 0.8401 0.7966
vt 0.8400 0.7975
vt 0.8406 0.7956
vt 0.0000 1.0000
vt 0.3043 0.6556
vt 0.3047 0.6566
vt 0.8513 0.8042
vt 0.8511 0.8033
vt 0.3044 0.6547
vt 0.8498 0.8034
vt 0.0000 1.0000
vt 0.8486 0.8018
vt 0.2565 0.6572
vt 0.8441 0.8001
vt 0.8406 0.8007
vt 0.8395 0.7998
vt 0.8393 0.7992
vt 0.8400 0.7985
vt 0.8381 0.7975
vt 0.8530 0.8065
vt 0.8510 0.8062
vt 0.8508 0.8051
vt 0.3052 0.6561
vt 0.8462 0.8041
vt 0.8483 0.8059
vt 0.8438 0.8021
vt 0.8421 0.8015
vt 0.8397 0.8014
vt 0.8398 0.8014
vt 0.8387 0.8005
vt 0.8394 0.7987
vt 0.9753 0.9276
vt 0.8514 0.8073
vt 0.8524 0.8073
vt 0.8520 0.8075
vt 0.8497 0.8077
vt 0.8420 0.8038
vt 0.8402 0.8029
vt 0.8388 0.8022
vt 0.9378 0.9679
vt 0.9410 0.9692
vt 0.9831 0.8602
vt 0.9837 0.8585
vt 0.9824 0.8598
vt 0.9825 0.8620
vt 0.9815 0.8609
vt 0.9805 0.8602
vt 0.0978 0.9713
vt 0.0951 0.9646
vt 0.0934 0.9889
vt 0.0983 0.9964
vt 0.0969 0.9989
vt 0.0917 0.9755
vt 0.0930 0.9840
vt 0.0887 0.9906
vt 0.0929 0.9582
vt 0.0894 0.9939
vt 0.0894 0.9834
vt 0.0892 0.9994
vt 0.0833 0.9621
vt 0.0857 0.9757
vt 0.0820 0.9844
vt 0.0848 0.9975
vt 0.0867 0.9964
vt 0.0892 0.9532
vt 0.0835 0.9712
vt 0.0837 0.9927
vt 0.0807 0.9731
vt 0.0771 0.9633
vt 0.0803 0.9598
vt 0.0771 0.9784
vt 0.0793 0.9916
vt 0.0789 0.9986
vt 0.0693 0.9941
vt 0.0713 0.9719
vt 0.0683 0.9782
vt 0.0714 0.9906
vt 0.4306 0.7818
vt 0.4338 0.7840
vt 0.4300 0.7885
vt 0.4366 0.8052
vt 0.4324 0.8025
vt 0.4357 0.7997
vt 0.4309 0.7987
vt 0.4336 0.8065
vt 0.4338 0.8115
vt 0.4389 0.8098
vt 0.4366 0.8123
vt 0.4353 0.7893
vt 0.4366 0.7926
vt 0.4335 0.7944
vt 0.4319 0.8082
vt 0.4262 0.7865
vt 0.4292 0.7911
vt 0.4231 0.7843
vt 0.4261 0.8033
vt 0.4272 0.8010
vt 0.4269 0.8087
vt 0.4311 0.8124
vt 0.4347 0.8182
vt 0.4245 0.7907
vt 0.4250 0.7946
vt 0.4259 0.7991
vt 0.4317 0.8179
vt 0.4260 0.8061
vt 0.4290 0.8147
vt 0.4240 0.8142
vt 0.4296 0.8176
vt 0.4194 0.7901
vt 0.4195 0.7964
vt 0.4185 0.7849
vt 0.4178 0.7883
vt 0.4225 0.8059
vt 0.4212 0.8019
vt 0.4227 0.8087
vt 0.4163 0.7827
vt 0.4160 0.7850
vt 0.4173 0.7946
vt 0.4193 0.7997
vt 0.4193 0.8032
vt 0.4196 0.8057
vt 0.4205 0.8090
vt 0.4210 0.8142
vt 0.4142 0.7852
vt 0.4156 0.7952
vt 0.4139 0.8000
vt 0.4172 0.8035
vt 0.4116 0.7842
vt 0.4105 0.7858
vt 0.4132 0.7903
vt 0.4147 0.8055
vt 0.4162 0.8083
vt 0.4166 0.8109
vt 0.4174 0.8136
vt 0.4094 0.7850
vt 0.4096 0.7892
vt 0.4133 0.8073
vt 0.4113 0.7980
vt 0.4082 0.7934
vt 0.4139 0.8029
vt 0.4151 0.8114
vt 0.4166 0.8162
vt 0.4115 0.8164
vt 0.4164 0.8199
vt 0.4112 0.8029
vt 0.8198 0.7984
vt 0.8172 0.7998
vt 0.4107 0.8148
vt 0.4124 0.8199
vt 0.4065 0.7882
vt 0.4078 0.7905
vt 0.4074 0.7971
vt 0.4090 0.8011
vt 0.4092 0.8088
vt 0.4059 0.7843
vt 0.4054 0.7939
vt 0.4068 0.7953
vt 0.4054 0.8063
vt 0.4062 0.8179
vt 0.4037 0.7837
vt 0.4036 0.7860
vt 0.4045 0.7890
vt 0.4044 0.7921
vt 0.4047 0.7988
vt 0.4042 0.8020
vt 0.9171 0.8647
vt 0.9180 0.8619
vt 0.9194 0.8662
vt 0.9180 0.8664
vt 0.9197 0.8692
vt 0.9186 0.8701
vt 0.9209 0.8717
vt 0.9195 0.8717
vt 0.9211 0.8735
vt 0.9201 0.8735
vt 0.9175 0.8684
vt 0.9173 0.8712
vt 0.9180 0.8737
vt 0.9207 0.8753
vt 0.9186 0.8757
vt 0.9212 0.8756
vt 0.9200 0.8771
vt 0.4031 0.7882
vt 0.4024 0.7861
vt 0.9185 0.8567
vt 0.3905 0.7911
vt 0.9212 0.8597
vt 0.9207 0.8634
vt 0.9240 0.8648
vt 0.9228 0.8647
vt 0.9220 0.8661
vt 0.3875 0.7818
vt 0.9159 0.8521
vt 0.9153 0.8504
vt 0.9168 0.8551
vt 0.9168 0.8573
vt 0.9201 0.8613
vt 0.9194 0.8628
vt 0.9202 0.8665
vt 0.9224 0.8682
vt 0.9210 0.8694
vt 0.9230 0.8719
vt 0.9218 0.8718
vt 0.9139 0.8510
vt 0.9140 0.8505
vt 0.9144 0.8520
vt 0.9161 0.8569
vt 0.9171 0.8598
vt 0.9218 0.8738
vt 0.9131 0.8538
vt 0.9133 0.8522
vt 0.9134 0.8554
vt 0.9140 0.8570
vt 0.9144 0.8589
vt 0.9153 0.8617
vt 0.9205 0.8796
vt 0.4015 0.7930
vt 0.3980 0.7840
vt 0.3956 0.7818
vt 0.3947 0.7935
vt 0.3933 0.7936
vt 0.3922 0.7961
vt 0.9244 0.8665
vt 0.9212 0.8622
vt 0.9227 0.8618
vt 0.9240 0.8693
vt 0.9247 0.8717
vt 0.3871 0.7842
vt 0.9178 0.8554
vt 0.9225 0.8701
vt 0.9236 0.8736
vt 0.9242 0.8754
vt 0.9220 0.8738
vt 0.9226 0.8755
vt 0.4344 0.9661
vt 0.4363 0.9647
vt 0.4383 0.9663
vt 0.4298 0.9675
vt 0.4298 0.9646
vt 0.4326 0.9672
vt 0.4274 0.9662
vt 0.4236 0.9668
vt 0.4245 0.9652
vt 0.4228 0.9663
vt 0.4214 0.9648
vt 0.4417 0.9686
vt 0.4371 0.9686
vt 0.4179 0.9670
vt 0.4295 0.9686
vt 0.4242 0.9688
vt 0.4217 0.9687
vt 0.4444 0.9714
vt 0.4372 0.9697
vt 0.4335 0.9719
vt 0.4316 0.9706
vt 0.4277 0.9710
vt 0.4192 0.9696
vt 0.4169 0.9693
vt 0.4379 0.9715
vt 0.4249 0.9713
vt 0.4214 0.9705
vt 0.2503 0.7210
vt 0.2366 0.7190
vt 0.4216 0.9720
vt 0.4197 0.9727
vt 0.4178 0.9714
vt 0.2415 0.7217
vt 0.2399 0.7217
vt 0.2345 0.7198
vt 0.2285 0.7201
vt 0.4172 0.9730
vt 0.2537 0.7247
vt 0.2472 0.7226
vt 0.2353 0.7214
vt 0.2225 0.7211
vt 0.4202 0.9736
vt 0.4176 0.9746
vt 0.2446 0.7239
vt 0.2367 0.7243
vt 0.2311 0.7265
vt 0.2277 0.7219
vt 0.2218 0.7230
vt 0.4182 0.9765
vt 0.2514 0.7286
vt 0.2455 0.7255
vt 0.2289 0.7271
vt 0.2448 0.7296
vt 0.2358 0.7277
vt 0.2234 0.7260
vt 0.2548 0.7304
vt 0.2584 0.7281
vt 0.2403 0.7309
vt 0.2333 0.7296
vt 0.2500 0.7311
vt 0.2565 0.7336
vt 0.2468 0.7329
vt 0.2352 0.7316
vt 0.2260 0.7305
vt 0.2212 0.7285
vt 0.2415 0.7333
vt 0.2328 0.7323
vt 0.2419 0.7362
vt 0.2378 0.7355
vt 0.2343 0.7338
vt 0.2280 0.7332
vt 0.2235 0.7324
vt 0.7487 0.8464
vt 0.7456 0.8460
vt 0.7474 0.8450
vt 0.7476 0.8516
vt 0.7450 0.8516
vt 0.7456 0.8545
vt 0.7483 0.8588
vt 0.0000 1.0000
vt 0.7456 0.8613
vt 0.7468 0.8643
vt 0.0000 1.0000
vt 0.7421 0.8530
vt 0.0000 1.0000
vt 0.0000 1.0000
vt 0.0000 1.0000
vt 0.0000 1.0000
vt 0.0000 1.0000
vt 0.7418 0.8473
vt 0.0000 1.0000
vt 0.0000 1.0000
vt 0.0000 1.0000
vt 0.0000 1.0000
vt 0.0000 1.0000
vt 0.0000 1.0000
vt 0.0000 1.0000
vt 0.0000 1.0000
vt 0.0000 1.0000
vt 0.0000 1.0000
vt 0.6677 0.7847
vt 0.6683 0.7776
vt 0.6710 0.7796
vt 0.6636 0.7815
vt 0.6583 0.7828
vt 0.6569 0.7804
vt 0.6613 0.7807
vt 0.6533 0.7820
vt 0.6494 0.7782
vt 0.6551 0.7764
vt 0.6482 0.7753
vt 0.6701 0.7851
vt 0.6637 0.7837
vt 0.6553 0.7841
vt 0.6706 0.7884
vt 0.6669 0.7886
vt 0.6633 0.7874
vt 0.6569 0.7868
vt 0.6535 0.7855
vt 0.6491 0.7836
vt 0.6428 0.7828
vt 0.6558 0.7890
vt 0.6494 0.7859
vt 0.6470 0.7856
vt 0.6700 0.7911
vt 0.6685 0.7899
vt 0.6641 0.7899
vt 0.6589 0.7905
vt 0.6504 0.7873
vt 0.6701 0.7935
vt 0.6675 0.7928
vt 0.6651 0.7935
vt 0.6510 0.7904
vt 0.6470 0.7900
vt 0.2935 0.6599
vt 0.2925 0.6630
vt 0.2900 0.6606
vt 0.2876 0.6630
vt 0.2881 0.6603
vt 0.2849 0.6629
vt 0.2853 0.6606
vt 0.2831 0.6604
vt 0.2795 0.6649
vt 0.6589 0.7933
vt 0.6498 0.7929
vt 0.2919 0.6656
vt 0.2860 0.6666
vt 0.6654 0.7970
vt 0.6630 0.7960
vt 0.6575 0.7959
vt 0.6540 0.7936
vt 0.6159 0.6566
vt 0.6090 0.6553
vt 0.6676 0.7997
vt 0.6620 0.8005
vt 0.6544 0.7971
vt 0.6474 0.7949
vt 0.6162 0.6622
vt 0.6128 0.6594
vt 0.6064 0.6603
vt 0.6518 0.7990
vt 0.6126 0.6626
vt 0.6596 0.8005
vt 0.6461 0.7988
vt 0.6182 0.6654
vt 0.6072 0.6647
vt 0.5978 0.6622
vt 0.5855 0.6607
vt 0.6472 0.8004
vt 0.6118 0.6707
vt 0.6187 0.6693
vt 0.5916 0.6676
vt 0.5789 0.6633
vt 0.6085 0.6713
vt 0.6043 0.6721
vt 0.5972 0.6689
vt 0.5821 0.6695
vt 0.6151 0.6748
vt 0.5997 0.6732
vt 0.6131 0.6802
vt 0.6112 0.6768
vt 0.6061 0.6762
vt 0.5949 0.6777
vt 0.7358 0.8759
vt 0.0239 0.9347
vt 0.0160 0.9373
vt 0.0182 0.9293
vt 0.0227 0.9512
vt 0.0269 0.9139
vt 0.0283 0.9207
vt 0.0202 0.9219
vt 0.0195 0.9424
vt 0.0166 0.9444
vt 0.0140 0.9520
vt 0.0230 0.9272
vt 0.0076 0.9480
vt 0.0140 0.9252
vt 0.0130 0.9309
vt 0.0069 0.9235
vt 0.0107 0.9115
vt 0.0125 0.9167
vt 0.0067 0.9170
vt 0.0291 0.9403
vt 0.0194 0.9122
vt 0.0085 0.9318
vt 0.0072 0.9420
vt 0.7543 0.8600
vt 0.7590 0.8546
vt 0.7599 0.8651
vt 0.7597 0.8522
vt 0.0009 0.9183
vt 0.7561 0.8507
vt 0.7546 0.8544
vt 0.7512 0.8656
vt 0.7576 0.8449
vt 0.7496 0.8549
vt 0.7537 0.8482
vt 0.7534 0.8456
vt 0.7485 0.8618
vt 0.7480 0.8684
vt 0.4085 0.9419
vt 0.0000 1.0000
vt 0.4055 0.9401
vt 0.4055 0.9445
vt 0.6993 0.8387
vt 0.6990 0.8339
vt 0.7026 0.8379
vt 0.7042 0.8409
vt 0.7013 0.8451
vt 0.6984 0.8404
vt 0.7087 0.7048
vt 0.7043 0.8481
vt 0.6982 0.8502
vt 0.7056 0.8510
vt 0.7076 0.8544
vt 0.7034 0.8556
vt 0.7091 0.8569
vt 0.7060 0.8584
vt 0.6944 0.8507
vt 0.6886 0.8430
vt 0.6994 0.7094
vt 0.7028 0.8625
vt 0.7067 0.8618
vt 0.6980 0.8565
vt 0.7002 0.8598
vt 0.6930 0.8546
vt 0.6879 0.8518
vt 0.6879 0.8480
vt 0.6842 0.8484
vt 0.6975 0.7021
vt 0.6934 0.7081
vt 0.6915 0.8582
vt 0.6879 0.8551
vt 0.6952 0.8642
vt 0.6808 0.8451
vt 0.6854 0.8560
vt 0.6884 0.8588
vt 0.6801 0.8476
vt 0.6829 0.8531
vt 0.6867 0.7068
vt 0.4099 0.9461
vt 0.4059 0.9461
vt 0.4074 0.9473
vt 0.0000 1.0000
vt 0.4119 0.9489
vt 0.4076 0.9488
vt 0.4058 0.9500
vt 0.4108 0.9524
vt 0.4063 0.9513
vt 0.0000 1.0000
vt 0.4084 0.9528
vt 0.0000 1.0000
vt 0.4050 0.9528
vt 0.4147 0.9540
vt 0.4091 0.9539
vt 0.4057 0.9539
vt 0.4103 0.9552
vt 0.4060 0.9547
vt 0.0000 1.0000
vt 0.0000 1.0000
vt 0.0000 1.0000
vt 0.4155 0.9577
vt 0.4099 0.9585
vt 0.4057 0.9577
vt 0.4147 0.9597
vt 0.0000 1.0000
vt 0.0000 1.0000
vt 0.4095 0.9612
vt 0.4057 0.9620
vt 0.4148 0.9614
vt 0.4099 0.9639
vt 0.4141 0.9625
vt 0.0000 1.0000
vt 0.4133 0.9660
vt 0.4158 0.9642
vt 0.4093 0.9648
vt 0.4053 0.9651
vt 0.2784 0.7089
vt 0.2793 0.7060
vt 0.2852 0.7072
vt 0.2729 0.7095
vt 0.2732 0.7066
vt 0.2649 0.7082
vt 0.2706 0.7035
vt 0.2633 0.7067
vt 0.2573 0.7073
vt 0.2595 0.7047
vt 0.2546 0.7068
vt 0.2595 0.7015
vt 0.2835 0.7107
vt 0.2777 0.7117
vt 0.2689 0.7092
vt 0.2593 0.7087
vt 0.2517 0.7084
vt 0.2516 0.7059
vt 0.2844 0.7121
vt 0.2802 0.7118
vt 0.2708 0.7115
vt 0.2674 0.7111
vt 0.2632 0.7108
vt 0.2313 0.6626
vt 0.2307 0.6620
vt 0.2305 0.6625
vt 0.2289 0.6589
vt 0.2282 0.6600
vt 0.2242 0.6583
vt 0.2520 0.7103
vt 0.2503 0.7097
vt 0.2792 0.7129
vt 0.2415 0.6659
vt 0.2427 0.6667
vt 0.2419 0.6651
vt 0.2381 0.6651
vt 0.2353 0.6635
vt 0.2347 0.6641
vt 0.2317 0.6629
vt 0.2288 0.6621
vt 0.2268 0.6604
vt 0.2248 0.6598
vt 0.2229 0.6599
vt 0.2201 0.6593
vt 0.2802 0.7143
vt 0.2765 0.7135
vt 0.2402 0.6661
vt 0.2314 0.6631
vt 0.2275 0.6618
vt 0.2247 0.6607
vt 0.2215 0.6598
vt 0.2142 0.6579
vt 0.2423 0.6686
vt 0.2405 0.6677
vt 0.2388 0.6663
vt 0.2350 0.6646
vt 0.2303 0.6633
vt 0.2277 0.6626
vt 0.2239 0.6612
vt 0.2221 0.6605
vt 0.7667 0.7936
vt 0.2382 0.6666
vt 0.2355 0.6658
vt 0.2331 0.6644
vt 0.2261 0.6617
vt 0.2136 0.6577
vt 0.2157 0.6584
vt 0.7597 0.7840
vt 0.3742 0.6898
vt 0.3768 0.6935
vt 0.7608 0.7859
vt 0.3791 0.6979
vt 0.7614 0.7902
vt 0.7658 0.7913
vt 0.2388 0.6674
vt 0.2418 0.6686
vt 0.2395 0.6686
vt 0.2402 0.6680
vt 0.7578 0.7862
vt 0.2354 0.6662
vt 0.2321 0.6651
vt 0.2304 0.6641
vt 0.2285 0.6632
vt 0.2289 0.6638
vt 0.2287 0.6635
vt 0.2266 0.6612
vt 0.2217 0.6605
vt 0.2215 0.6604
vt 0.2146 0.6583
vt 0.3712 0.6804
vt 0.3739 0.6819
vt 0.3729 0.6818
vt 0.2420 0.6705
vt 0.2381 0.6660
vt 0.7567 0.7900
vt 0.7580 0.7936
vt 0.2358 0.6661
vt 0.2324 0.6650
vt 0.2280 0.6622
vt 0.7567 0.7850
vt 0.7550 0.7875
vt 0.7544 0.7935
vt 0.7556 0.7978
vt 0.2334 0.6662
vt 0.7538 0.7903
vt 0.7531 0.7885
vt 0.2268 0.8570
vt 0.2251 0.8648
vt 0.2252 0.8584
vt 0.2244 0.8611
vt 0.2250 0.8677
vt 0.2239 0.8537
vt 0.2246 0.8529
vt 0.2258 0.8521
vt 0.2217 0.8597
vt 0.2216 0.8625
vt 0.2219 0.8551
vt 0.2220 0.8555
vt 0.2226 0.8572
vt 0.2210 0.8591
vt 0.2230 0.8577
vt 0.2209 0.8734
vt 0.2199 0.8712
vt 0.2198 0.8632
vt 0.2200 0.8669
vt 0.2168 0.8645
vt 0.2179 0.8670
vt 0.2193 0.8849
vt 0.7499 0.8127
vt 0.7503 0.8125
vt 0.2184 0.8859
vt 0.2169 0.8877
vt 0.2146 0.8856
vt 0.2150 0.8873
vt 0.2169 0.8898
vt 0.2147 0.8900
vt 0.2204 0.9017
vt 0.2186 0.9015
vt 0.2177 0.8996
vt 0.2190 0.9036
vt 0.2212 0.9037
vt 0.2206 0.9070
vt 0.2212 0.9061
vt 0.2686 0.6572
vt 0.2678 0.6558
vt 0.0000 1.0000
vt 0.0000 1.0000
vt 0.2246 0.8065
vt 0.2181 0.8018
vt 0.2246 0.7987
vt 0.2220 0.8198
vt 0.2183 0.8185
vt 0.2187 0.8129
vt 0.7498 0.8407
vt 0.2177 0.8224
vt 0.7487 0.8422
vt 0.2161 0.8072
vt 0.2151 0.8173
vt 0.2139 0.8118
vt 0.7425 0.8408
vt 0.2142 0.8037
vt 0.0000 1.0000
vt 0.2150 0.7962
vt 0.0000 1.0000
vt 0.0000 1.0000
vt 0.0000 1.0000
vt 0.0000 1.0000
vt 0.0000 1.0000
vt 0.0000 1.0000
vt 0.0000 1.0000
vt 0.0000 1.0000
vt 0.0000 1.0000
vt 0.0000 1.0000
vt 0.0000 1.0000
vt 0.0000 1.0000
vt 0.0000 1.0000
vt 0.0000 1.0000
vt 0.0000 1.0000
vt 0.0000 1.0000
vt 0.0000 1.0000
vt 0.0000 1.0000
vt 0.0000 1.0000
vt 0.0000 1.0000
vt 0.7499 0.8070
vt 0.7521 0.8104
vt 0.7510 0.8112
vt 0.3650 0.7415
vt 0.7520 0.8145
vt 0.7496 0.8076
vt 0.7508 0.8112
vt 0.7513 0.8135
vt 0.7507 0.8152
vt 0.7504 0.8106
vt 0.7509 0.8125
vt 0.7505 0.8142
vt 0.7497 0.8075
vt 0.2200 0.8818
vt 0.7502 0.8133
vt 0.2201 0.8821
vt 0.7502 0.8124
vt 0.2191 0.9165
vt 0.2212 0.9169
vt 0.2216 0.9184
vt 0.2202 0.9078
vt 0.2179 0.9070
vt 0.2205 0.9101
vt 0.2200 0.9117
vt 0.2224 0.9141
vt 0.2206 0.9139
vt 0.2165 0.9119
vt 0.2183 0.9138
vt 0.2157 0.9143
vt 0.2145 0.9172
vt 0.2196 0.9197
vt 0.2150 0.8998
vt 0.2160 0.9016
vt 0.2163 0.9038
vt 0.2142 0.9021
vt 0.2146 0.8996
vt 0.2147 0.9058
vt 0.2139 0.9090
vt 0.2135 0.9130
vt 0.2092 0.9126
vt 0.2099 0.9156
vt 0.2126 0.9218
vt 0.2055 0.9137
vt 0.2111 0.8862
vt 0.2120 0.8880
vt 0.2129 0.8896
vt 0.2129 0.8919
vt 0.2091 0.8897
vt 0.2092 0.8927
vt 0.2112 0.8961
vt 0.2116 0.9008
vt 0.2101 0.8997
vt 0.2128 0.8988
vt 0.2126 0.9062
vt 0.2084 0.8940
vt 0.2075 0.8971
vt 0.2106 0.8978
vt 0.2086 0.8987
vt 0.2079 0.9028
vt 0.2070 0.9093
vt 0.2046 0.9194
vt 0.2019 0.9131
vt 0.1980 0.9123
vt 0.1977 0.9173
vt 0.2078 0.8874
vt 0.2061 0.8889
vt 0.2060 0.8902
vt 0.2026 0.8878
vt 0.2043 0.8908
vt 0.2050 0.8947
vt 0.2050 0.9007
vt 0.2016 0.8928
vt 0.2021 0.8951
vt 0.2019 0.9069
vt 0.1999 0.9095
vt 0.1968 0.9060
vt 0.1962 0.9096
vt 0.1939 0.9130
vt 0.1936 0.9102
vt 0.1941 0.9198
vt 0.1890 0.9156
vt 0.1897 0.9191
vt 0.1951 0.8917
vt 0.1959 0.8999
vt 0.1929 0.8951
vt 0.1917 0.8996
vt 0.1921 0.8860
vt 0.1896 0.8882
vt 0.1927 0.9032
vt 0.1895 0.9058
vt 0.1859 0.9009
vt 0.1899 0.9118
vt 0.1868 0.9101
vt 0.1860 0.8881
vt 0.1849 0.8925
vt 0.1832 0.8875
vt 0.1839 0.9082
vt 0.1809 0.8886
vt 0.1822 0.8970
vt 0.1830 0.9020
vt 0.1849 0.9154
vt 0.1786 0.8961
vt 0.1812 0.9058
vt 0.1813 0.9095
vt 0.1817 0.9129
vt 0.1825 0.9232
vt 0.1775 0.9090
vt 0.1787 0.9178
vt 0.1793 0.9226
vt 0.1753 0.8942
vt 0.1746 0.8875
vt 0.1800 0.8835
vt 0.1753 0.8969
vt 0.1761 0.8995
vt 0.1770 0.9054
vt 0.1779 0.9132
vt 0.8268 0.8099
vt 0.8280 0.8066
vt 0.8294 0.8099
vt 0.8303 0.8134
vt 0.8282 0.8141
vt 0.8319 0.8174
vt 0.8306 0.8176
vt 0.8251 0.8090
vt 0.8258 0.8066
vt 0.8291 0.8170
vt 0.8296 0.8188
vt 0.8299 0.8199
vt 0.8310 0.8199
vt 0.8242 0.8028
vt 0.8286 0.8200
vt 0.8273 0.8156
vt 0.8222 0.8011
vt 0.8221 0.8036
vt 0.8245 0.8113
vt 0.8293 0.8223
vt 0.8209 0.8009
vt 0.8221 0.8007
vt 0.8232 0.8071
vt 0.8242 0.8129
vt 0.8260 0.8170
vt 0.8270 0.8224
vt 0.8191 0.8022
vt 0.8213 0.8052
vt 0.8207 0.8116
vt 0.8223 0.8103
vt 0.8230 0.8148
vt 0.8248 0.8201
vt 0.8199 0.8055
vt 0.8257 0.8224
vt 0.8171 0.8040
vt 0.8189 0.8064
vt 0.8194 0.8080
vt 0.8216 0.8169
vt 0.8237 0.8201
vt 0.9216 0.8800
vt 0.9216 0.8795
vt 0.9227 0.8801
vt 0.9210 0.8828
vt 0.9219 0.8845
vt 0.8196 0.8122
vt 0.8223 0.8204
vt 0.8146 0.8001
vt 0.8154 0.8021
vt 0.9212 0.8848
vt 0.8168 0.8061
vt 0.8173 0.8081
vt 0.8204 0.8171
vt 0.8217 0.8204
vt 0.8128 0.8025
vt 0.8138 0.8023
vt 0.9186 0.8816
vt 0.9195 0.8832
vt 0.9188 0.8835
vt 0.4045 0.8225
vt 0.0761 0.9158
vt 0.0760 0.9208
vt 0.0733 0.9179
vt 0.0734 0.9152
vt 0.0712 0.9201
vt 0.0753 0.9230
vt 0.0698 0.9155
vt 0.0659 0.9157
vt 0.0788 0.9167
vt 0.0788 0.9184
vt 0.0780 0.9237
vt 0.0756 0.9260
vt 0.0730 0.9261
vt 0.0678 0.9218
vt 0.0641 0.9243
vt 0.1080 0.9255
vt 0.1013 0.9315
vt 0.1024 0.9248
vt 0.1085 0.9493
vt 0.0996 0.9441
vt 0.1084 0.9422
vt 0.1031 0.9178
vt 0.0993 0.9373
vt 0.0963 0.9477
vt 0.0933 0.9228
vt 0.0946 0.9376
vt 0.0940 0.9162
vt 0.0913 0.9422
vt 0.0870 0.9275
vt 0.0829 0.9440
vt 0.0875 0.9164
vt 0.0866 0.9238
vt 0.0815 0.9316
vt 0.0830 0.9366
vt 0.0833 0.9517
vt 0.0810 0.9240
vt 0.0807 0.9291
vt 0.0767 0.9365
vt 0.0813 0.9202
vt 0.0817 0.9167
vt 0.0776 0.9423
vt 0.0734 0.9495
vt 0.0781 0.9262
vt 0.0781 0.9288
vt 0.0773 0.9315
vt 0.0755 0.9287
vt 0.0714 0.9312
vt 0.0744 0.9388
vt 0.0719 0.9295
vt 0.0670 0.9396
vt 0.0635 0.9431
vt 0.0646 0.9322
vt 0.3839 0.7492
vt 0.3844 0.7586
vt 0.3827 0.7452
vt 0.3836 0.7613
vt 0.3840 0.7647
vt 0.3807 0.7458
vt 0.3815 0.7506
vt 0.3825 0.7560
vt 0.3797 0.7527
vt 0.3809 0.7684
vt 0.3795 0.7658
vt 0.3763 0.7447
vt 0.3771 0.7483
vt 0.3778 0.7529
vt 0.3786 0.7615
vt 0.3791 0.7684
vt 0.3752 0.7446
vt 0.3754 0.7486
vt 0.3761 0.7534
vt 0.3773 0.7560
vt 0.3770 0.7611
vt 0.3769 0.7691
vt 0.3719 0.7504
vt 0.3761 0.7565
vt 0.3761 0.7589
vt 0.3770 0.7709
vt 0.3720 0.7467
vt 0.3718 0.7546
vt 0.3737 0.7547
vt 0.3744 0.7570
vt 0.3745 0.7639
vt 0.3738 0.7692
vt 0.3751 0.7590
vt 0.3737 0.7608
vt 0.3733 0.7586
vt 0.3753 0.7600
vt 0.3706 0.7461
vt 0.3717 0.7574
vt 0.3733 0.7621
vt 0.3735 0.7668
vt 0.3740 0.7711
vt 0.3684 0.7466
vt 0.3691 0.7465
vt 0.3695 0.7507
vt 0.3678 0.7473
vt 0.3708 0.7602
vt 0.3721 0.7626
vt 0.3697 0.7658
vt 0.3700 0.7699
vt 0.9402 0.9254
vt 0.3703 0.7721
vt 0.3678 0.7506
vt 0.3678 0.7534
vt 0.3688 0.7572
vt 0.3692 0.7606
vt 0.3695 0.7629
vt 0.3692 0.7696
vt 0.3706 0.7723
vt 0.3709 0.7721
vt 0.3687 0.7723
vt 0.3661 0.7478
vt 0.3671 0.7522
vt 0.3678 0.7587
vt 0.3672 0.7610
vt 0.3682 0.7633
vt 0.3673 0.7614
vt 0.3676 0.7655
vt 0.3687 0.7741
vt 0.3679 0.7679
vt 0.3680 0.7703
vt 0.4599 0.9454
vt 0.4633 0.9472
vt 0.4542 0.9454
vt 0.4550 0.9472
vt 0.4512 0.9458
vt 0.4458 0.9475
vt 0.4441 0.9445
vt 0.4393 0.9451
vt 0.4383 0.9464
vt 0.4336 0.9464
vt 0.4636 0.9504
vt 0.4590 0.9493
vt 0.4502 0.9480
vt 0.4417 0.9488
vt 0.4357 0.9477
vt 0.4487 0.9490
vt 0.4458 0.9489
vt 0.4351 0.9500
vt 0.4532 0.9524
vt 0.4468 0.9507
vt 0.4415 0.9514
vt 0.4395 0.9504
vt 0.4615 0.9522
vt 0.4519 0.9530
vt 0.4480 0.9534
vt 0.4362 0.9522
vt 0.4589 0.9546
vt 0.4407 0.9543
vt 0.4373 0.9539
vt 0.4544 0.9562
vt 0.4498 0.9559
vt 0.4652 0.9560
vt 0.4602 0.9583
vt 0.4523 0.9581
vt 0.4409 0.9575
vt 0.4367 0.9574
vt 0.1044 0.6633
vt 0.4570 0.9604
vt 0.4486 0.9588
vt 0.4449 0.9612
vt 0.4386 0.9603
vt 0.4500 0.9603
vt 0.4409 0.9604
vt 0.1068 0.6666
vt 0.4597 0.9607
vt 0.4539 0.9622
vt 0.4661 0.9623
vt 0.4621 0.9628
vt 0.4400 0.9624
vt 0.4562 0.9649
vt 0.4444 0.9650
vt 0.4513 0.9648
vt 0.4601 0.9663
vt 0.2310 0.7902
vt 0.2267 0.7886
vt 0.2285 0.7821
vt 0.2288 0.7914
vt 0.2307 0.8000
vt 0.2271 0.7954
vt 0.0025 0.8437
vt 0.2311 0.7760
vt 0.2287 0.7756
vt 0.2319 0.7788
vt 0.2268 0.7811
vt 0.2242 0.7839
vt 0.2231 0.7907
vt 0.2270 0.7935
vt 0.2215 0.7851
vt 0.2179 0.7955
vt 0.2190 0.7773
vt 0.2223 0.7820
vt 0.2177 0.7925
vt 0.2254 0.7723
vt 0.2189 0.7739
vt 0.2179 0.7818
vt 0.2175 0.7871
vt 0.2142 0.7890
vt 0.2145 0.7918
vt 0.0000 1.0000
vt 0.2142 0.7786
vt 0.2136 0.7851
vt 0.0000 1.0000
vt 0.0000 1.0000
vt 0.0000 1.0000
vt 0.0000 1.0000
vt 0.0000 1.0000
vt 0.0000 1.0000
vt 0.0000 1.0000
vt 0.0000 1.0000
vt 0.0000 1.0000
vt 0.0000 1.0000
vt 0.0000 1.0000
vt 0.0000 1.0000
vt 0.0000 1.0000
vt 0.0000 1.0000
vt 0.0000 1.0000
vt 0.0000 1.0000
vt 0.0000 1.0000
vt 0.0000 1.0000
vt 0.0000 1.0000
vt 0.0000 1.0000
vt 0.0000 1.0000
vt 0.0000 1.0000
vt 0.0000 1.0000
vt 0.0000 1.0000
vt 0.1417 0.9044
vt 0.1417 0.9068
vt 0.1368 0.9060
vt 0.1445 0.9140
vt 0.1412 0.9144
vt 0.1445 0.9182
vt 0.1375 0.9175
vt 0.1312 0.9035
vt 0.1349 0.8989
vt 0.1391 0.8960
vt 0.1336 0.9133
vt 0.1278 0.9092
vt 0.1296 0.9143
vt 0.1324 0.9226
vt 0.1260 0.9167
vt 0.1308 0.8976
vt 0.1259 0.9047
vt 0.1233 0.8981
vt 0.1187 0.9010
vt 0.1113 0.9062
vt 0.1208 0.9125
vt 0.1164 0.9208
vt 0.1113 0.8994
vt 0.1130 0.8966
vt 0.1109 0.9124
vt 0.1121 0.8897
vt 0.1194 0.8934
vt 0.1110 0.8932
vt 0.1094 0.9081
vt 0.1050 0.8959
vt 0.1091 0.9194
vt 0.1048 0.9024
vt 0.1054 0.9141
vt 0.1449 0.8920
vt 0.1438 0.8884
vt 0.1459 0.8998
vt 0.1346 0.8889
vt 0.1395 0.8824
vt 0.1339 0.8859
vt 0.1304 0.8937
vt 0.1278 0.8877
vt 0.1232 0.8904
vt 0.1205 0.8857
vt 0.1177 0.8869
vt 0.1122 0.8816
vt 0.1070 0.8862
vt 0.6160 0.6847
vt 0.6140 0.6861
vt 0.6166 0.6816
vt 0.6139 0.6813
vt 0.6198 0.6911
vt 0.6196 0.6939
vt 0.6145 0.6952
vt 0.6115 0.6947
vt 0.6170 0.6981
vt 0.6213 0.6971
vt 0.6234 0.7019
vt 0.6141 0.7015
vt 0.6118 0.6986
vt 0.0712 0.6931
vt 0.0701 0.6954
vt 0.0696 0.6950
vt 0.0699 0.6928
vt 0.0693 0.6925
vt 0.0684 0.6948
vt 0.6170 0.7022
vt 0.6120 0.7014
vt 0.0691 0.6974
vt 0.0661 0.6977
vt 0.6206 0.7058
vt 0.6195 0.7063
vt 0.6184 0.7052
vt 0.6166 0.7048
vt 0.6147 0.7027
vt 0.6151 0.7044
vt 0.6093 0.7049
vt 0.6098 0.7039
vt 0.6115 0.7076
vt 0.6126 0.7043
vt 0.0709 0.6974
vt 0.0714 0.6987
vt 0.6177 0.7086
vt 0.6154 0.7083
vt 0.0811 0.7009
vt 0.0851 0.7012
vt 0.0825 0.7030
vt 0.0856 0.7033
vt 0.0778 0.7025
vt 0.0748 0.7021
vt 0.0739 0.7004
vt 0.0768 0.7005
vt 0.0720 0.7022
vt 0.0691 0.7015
vt 0.6155 0.7109
vt 0.6104 0.7103
vt 0.0851 0.7054
vt 0.0828 0.7052
vt 0.0806 0.7051
vt 0.0793 0.7049
vt 0.0765 0.7038
vt 0.0724 0.7057
vt 0.0689 0.7045
vt 0.0641 0.7036
vt 0.0609 0.7030
vt 0.0552 0.7043
vt 0.0839 0.7070
vt 0.0821 0.7071
vt 0.0837 0.7093
vt 0.0818 0.7071
vt 0.0786 0.7070
vt 0.0764 0.7068
vt 0.0704 0.7067
vt 0.0687 0.7079
vt 0.0637 0.7064
vt 0.0615 0.7058
vt 0.0582 0.7056
vt 0.0825 0.7103
vt 0.0805 0.7090
vt 0.0789 0.7087
vt 0.0753 0.7084
vt 0.0735 0.7083
vt 0.0707 0.7082
vt 0.0550 0.7067
vt 0.0837 0.7115
vt 0.0811 0.7112
vt 0.0773 0.7108
vt 0.0733 0.7105
vt 0.0715 0.7103
vt 0.0695 0.7101
vt 0.0668 0.7100
vt 0.0649 0.7098
vt 0.0616 0.7092
vt 0.0587 0.7094
vt 0.0575 0.7112
vt 0.0862 0.7138
vt 0.0839 0.7137
vt 0.0863 0.7117
vt 0.0826 0.7135
vt 0.0804 0.7133
vt 0.0763 0.7129
vt 0.0730 0.7126
vt 0.0706 0.7123
vt 0.0672 0.7121
vt 0.0655 0.7120
vt 0.0624 0.7128
vt 0.0266 0.9044
vt 0.0353 0.9042
vt 0.0279 0.9104
vt 0.0188 0.9056
vt 0.0168 0.8934
vt 0.0220 0.8983
vt 0.0125 0.9039
vt 0.0025 0.9050
vt 0.0014 0.9097
vt 0.2314 0.8142
vt 0.0008 0.8995
vt 0.2261 0.8170
vt 0.7558 0.8375
vt 0.7533 0.8410
vt 0.0384 0.8811
vt 0.0365 0.8851
vt 0.0287 0.8759
vt 0.0260 0.8877
vt 0.0278 0.8853
vt 0.0301 0.8909
vt 0.0331 0.8951
vt 0.0247 0.8923
vt 0.0222 0.8902
vt 0.0170 0.8843
vt 0.0130 0.8890
vt 0.0138 0.8867
vt 0.0126 0.8839
vt 0.0091 0.8938
vt 0.0178 0.8762
vt 0.0146 0.8758
vt 0.0083 0.8758
vt 0.0007 0.8844
vt 0.2364 0.8106
vt 0.2333 0.8083
vt 0.7549 0.8419
vt 0.0019 0.8779
vt 0.2285 0.8117
vt 0.6422 0.7785
vt 0.6432 0.7767
vt 0.6410 0.7762
vt 0.6385 0.7779
vt 0.6397 0.7823
vt 0.6359 0.7818
vt 0.6362 0.7777
vt 0.6332 0.7811
vt 0.6318 0.7768
vt 0.6297 0.7797
vt 0.6291 0.7788
vt 0.6293 0.7767
vt 0.6243 0.7799
vt 0.6248 0.7780
vt 0.6222 0.7798
vt 0.6224 0.7774
vt 0.6196 0.7793
vt 0.6415 0.7850
vt 0.6395 0.7832
vt 0.6329 0.7819
vt 0.6292 0.7819
vt 0.6266 0.7821
vt 0.6171 0.7811
vt 0.6138 0.7784
vt 0.6116 0.7806
vt 0.6435 0.7867
vt 0.6320 0.7840
vt 0.6290 0.7839
vt 0.6270 0.7831
vt 0.6241 0.7837
vt 0.6217 0.7836
vt 0.6191 0.7832
vt 0.6120 0.7823
vt 0.6451 0.7884
vt 0.6374 0.7890
vt 0.6367 0.7871
vt 0.6340 0.7861
vt 0.6310 0.7855
vt 0.6256 0.7864
vt 0.6229 0.7860
vt 0.6208 0.7845
vt 0.6164 0.7834
vt 0.6083 0.7815
vt 0.6106 0.7824
vt 0.6454 0.7899
vt 0.6323 0.7905
vt 0.6287 0.7878
vt 0.6192 0.7860
vt 0.6141 0.7848
vt 0.6391 0.7918
vt 0.6252 0.7898
vt 0.6150 0.7880
vt 0.6117 0.7867
vt 0.6077 0.7835
vt 0.6441 0.7958
vt 0.6331 0.7937
vt 0.6182 0.7911
vt 0.6083 0.7900
vt 0.6281 0.7939
vt 0.6222 0.7928
vt 0.6108 0.7931
vt 0.6407 0.7978
vt 0.6325 0.7966
vt 0.6222 0.7950
vt 0.6353 0.7988
vt 0.6303 0.7995
vt 0.6172 0.7968
vt 0.5690 0.6615
vt 0.6246 0.7985
vt 0.6194 0.7993
vt 0.7337 0.8661
vt 0.7233 0.8659
vt 0.6079 0.7979
vt 0.7073 0.8662
vt 0.6954 0.8658
vt 0.7249 0.8811
vt 0.7083 0.8796
vt 0.0000 1.0000
vt 0.0000 1.0000
vt 0.4071 0.9993
vt 0.0000 1.0000
vt 0.0000 1.0000
vt 0.2452 0.7067
vt 0.2456 0.7034
vt 0.2377 0.7057
vt 0.2381 0.7035
vt 0.2339 0.7047
vt 0.2229 0.7068
vt 0.2222 0.7032
vt 0.2305 0.7034
vt 0.2186 0.7044
vt 0.2189 0.7011
vt 0.2169 0.6954
vt 0.2177 0.6952
vt 0.2160 0.6980
vt 0.2168 0.6998
vt 0.2167 0.6981
vt 0.2160 0.7008
vt 0.2177 0.7000
vt 0.2164 0.7007
vt 0.2163 0.7034
vt 0.2455 0.7090
vt 0.2409 0.7096
vt 0.2384 0.7075
vt 0.2342 0.7070
vt 0.2299 0.7069
vt 0.2203 0.7067
vt 0.2151 0.6978
vt 0.2155 0.6996
vt 0.2151 0.6997
vt 0.2481 0.7096
vt 0.2369 0.7092
vt 0.2330 0.7089
vt 0.2307 0.7090
vt 0.2269 0.7089
vt 0.2219 0.7084
vt 0.2145 0.7003
vt 0.2156 0.6994
vt 0.2455 0.7103
vt 0.2392 0.7097
vt 0.2150 0.7010
vt 0.2144 0.6572
vt 0.2177 0.8705
vt 0.2204 0.8746
vt 0.2174 0.8677
vt 0.2164 0.8659
vt 0.2179 0.8741
vt 0.2204 0.8760
vt 0.2154 0.8673
vt 0.2149 0.8663
vt 0.2164 0.8694
vt 0.2174 0.8716
vt 0.2177 0.8737
vt 0.2152 0.8690
vt 0.2164 0.8704
vt 0.2178 0.8712
vt 0.2165 0.8727
vt 0.7494 0.8064
vt 0.2153 0.8670
vt 0.2145 0.8652
vt 0.2191 0.8698
vt 0.2171 0.8722
vt 0.2165 0.8698
vt 0.2180 0.8734
vt 0.2180 0.8743
vt 0.7496 0.8074
vt 0.2156 0.8667
vt 0.2160 0.8678
vt 0.2173 0.8732
vt 0.7490 0.8061
vt 0.2090 0.8656
vt 0.2094 0.8657
vt 0.2083 0.8659
vt 0.2102 0.8671
vt 0.2088 0.8675
vt 0.2105 0.8705
vt 0.2078 0.8709
vt 0.2087 0.8734
vt 0.2114 0.8746
vt 0.2120 0.8774
vt 0.2086 0.8783
vt 0.2131 0.8799
vt 0.2082 0.8826
vt 0.2127 0.8835
vt 0.2076 0.8666
vt 0.2057 0.8671
vt 0.2051 0.8758
vt 0.2061 0.8798
vt 0.2026 0.8691
vt 0.2049 0.8731
vt 0.2013 0.8710
vt 0.2048 0.8665
vt 0.2023 0.8677
vt 0.2010 0.8765
vt 0.1993 0.8691
vt 0.1977 0.8779
vt 0.1970 0.8716
vt 0.1945 0.8816
vt 0.1970 0.8854
vt 0.1921 0.8712
vt 0.1891 0.8771
vt 0.1881 0.8806
vt 0.2030 0.8671
vt 0.2010 0.8670
vt 0.1963 0.8678
vt 0.1954 0.8680
vt 0.1931 0.8695
vt 0.1864 0.8713
vt 0.1827 0.8698
vt 0.1812 0.8733
vt 0.1832 0.8794
vt 0.2021 0.8673
vt 0.2009 0.8672
vt 0.1968 0.8672
vt 0.1906 0.8682
vt 0.1834 0.8687
vt 0.1811 0.8714
vt 0.1808 0.8766
vt 0.1783 0.8753
vt 0.1791 0.8792
vt 0.1763 0.8783
vt 0.1939 0.8663
vt 0.1925 0.8673
vt 0.1870 0.8670
vt 0.1813 0.8688
vt 0.1785 0.8706
vt 0.1776 0.8722
vt 0.1733 0.8731
vt 0.1753 0.8705
vt 0.1742 0.8827
vt 0.1740 0.8791
vt 0.2004 0.8668
vt 0.1950 0.8649
vt 0.1980 0.8633
vt 0.1998 0.8655
vt 0.1963 0.8665
vt 0.1902 0.8609
vt 0.1918 0.8655
vt 0.1869 0.8634
vt 0.1884 0.8659
vt 0.1854 0.8656
vt 0.1801 0.8646
vt 0.1817 0.8609
vt 0.1802 0.8669
vt 0.1770 0.8561
vt 0.1753 0.8625
vt 0.1779 0.8686
vt 0.1711 0.8624
vt 0.1727 0.8683
vt 0.1676 0.8622
vt 0.1420 0.7108
vt 0.1457 0.7006
vt 0.1480 0.7076
vt 0.1514 0.6979
vt 0.1491 0.7081
vt 0.1554 0.7061
vt 0.1479 0.7135
vt 0.1463 0.7203
vt 0.1557 0.7091
vt 0.1519 0.7159
vt 0.1548 0.7181
vt 0.1537 0.7254
vt 0.1603 0.7173
vt 0.1405 0.6987
vt 0.1410 0.7001
vt 0.0959 0.8039
vt 0.1369 0.7091
vt 0.1440 0.6995
vt 0.1429 0.7164
vt 0.1446 0.7176
vt 0.1488 0.7237
vt 0.1421 0.7275
vt 0.0921 0.8092
vt 0.1332 0.7104
vt 0.1360 0.7162
vt 0.1408 0.7234
vt 0.1290 0.7139
vt 0.1319 0.7180
vt 0.1385 0.7204
vt 0.1373 0.7251
vt 0.1451 0.7324
vt 0.1351 0.7221
vt 0.1376 0.7276
vt 0.1381 0.7311
vt 0.1299 0.7225
vt 0.1333 0.7242
vt 0.1415 0.7372
vt 0.0939 0.8175
vt 0.1279 0.7193
vt 0.1287 0.7212
vt 0.1355 0.7322
vt 0.1315 0.7254
vt 0.1333 0.7285
vt 0.0911 0.8160
vt 0.1260 0.7200
vt 0.1272 0.7214
vt 0.1336 0.7375
vt 0.1363 0.7390
vt 0.1250 0.7233
vt 0.1266 0.7232
vt 0.1285 0.7259
vt 0.1300 0.7284
vt 0.1298 0.7313
vt 0.1258 0.7263
vt 0.0926 0.8218
vt 0.1239 0.7204
vt 0.1243 0.7213
vt 0.1297 0.7340
vt 0.1279 0.7296
vt 0.1204 0.7185
vt 0.1289 0.7397
vt 0.1318 0.7438
vt 0.1220 0.7226
vt 0.1226 0.7236
vt 0.1222 0.7258
vt 0.1234 0.7320
vt 0.1250 0.7350
vt 0.0889 0.8224
vt 0.1197 0.7223
vt 0.1312 0.7412
vt 0.1197 0.7293
vt 0.1202 0.7328
vt 0.1175 0.7219
vt 0.1167 0.7261
vt 0.1170 0.7297
vt 0.1235 0.7405
vt 0.1225 0.7382
vt 0.1444 0.8563
vt 0.1416 0.8616
vt 0.1384 0.8527
vt 0.1430 0.8671
vt 0.1442 0.8764
vt 0.1363 0.8683
vt 0.1359 0.8786
vt 0.1335 0.8551
vt 0.1312 0.8628
vt 0.1382 0.8747
vt 0.1330 0.8726
vt 0.1334 0.8598
vt 0.1312 0.8820
vt 0.1268 0.8652
vt 0.1295 0.8766
vt 0.1233 0.8594
vt 0.1291 0.8571
vt 0.1227 0.8617
vt 0.1242 0.8730
vt 0.1218 0.8796
vt 0.1165 0.8659
vt 0.1164 0.8710
vt 0.1181 0.8811
vt 0.1173 0.8585
vt 0.1176 0.8790
vt 0.1105 0.8707
vt 0.1100 0.8740
vt 0.1103 0.8633
vt 0.1115 0.8777
vt 0.1083 0.8591
vt 0.1148 0.8545
vt 0.1079 0.8804
vt 0.0729 0.9116
vt 0.0711 0.9129
vt 0.0690 0.9125
vt 0.0682 0.9095
vt 0.1026 0.9079
vt 0.1003 0.9136
vt 0.0986 0.8994
vt 0.1015 0.9102
vt 0.0945 0.9051
vt 0.0927 0.9138
vt 0.0910 0.8989
vt 0.0865 0.9036
vt 0.0855 0.9079
vt 0.0840 0.8937
vt 0.0802 0.9090
vt 0.0812 0.8974
vt 0.0783 0.9039
vt 0.0778 0.9106
vt 0.0779 0.9129
vt 0.0743 0.9075
vt 0.0743 0.9103
vt 0.0684 0.9074
vt 0.1006 0.8909
vt 0.1029 0.8861
vt 0.0967 0.8932
vt 0.0973 0.8859
vt 0.0946 0.8824
vt 0.0945 0.8886
vt 0.0895 0.8921
vt 0.0893 0.8804
vt 0.0869 0.8824
vt 0.0814 0.8908
vt 0.0812 0.8865
vt 0.0743 0.8920
vt 0.0732 0.8819
vt 0.0692 0.8951
vt 0.0693 0.9037
vt 0.0790 0.6831
vt 0.0805 0.6771
vt 0.0810 0.6810
vt 0.0829 0.6842
vt 0.0865 0.6776
vt 0.0879 0.6811
vt 0.0795 0.6836
vt 0.0897 0.6840
vt 0.0828 0.6868
vt 0.0801 0.6859
vt 0.0775 0.6851
vt 0.0805 0.6885
vt 0.0777 0.6886
vt 0.0764 0.6883
vt 0.0890 0.6901
vt 0.0834 0.6925
vt 0.0797 0.6938
vt 0.0772 0.6930
vt 0.0743 0.6916
vt 0.0750 0.6942
vt 0.0733 0.6938
vt 0.0724 0.6934
vt 0.0733 0.6912
vt 0.0782 0.6986
vt 0.0750 0.6983
vt 0.0730 0.6975
vt 0.0849 0.6990
vt 0.4112 0.9664
vt 0.4054 0.9671
vt 0.4083 0.9685
vt 0.4057 0.9689
vt 0.4130 0.9683
vt 0.4133 0.9701
vt 0.4091 0.9694
vt 0.4070 0.9706
vt 0.4113 0.9716
vt 0.0000 1.0000
vt 0.4076 0.9740
vt 0.4054 0.9729
vt 0.4112 0.9740
vt 0.0000 1.0000
vt 0.4155 0.9751
vt 0.4079 0.9759
vt 0.4052 0.9759
vt 0.4152 0.9766
vt 0.4102 0.9756
vt 0.4131 0.9773
vt 0.4101 0.9768
vt 0.4161 0.9786
vt 0.4132 0.9786
vt 0.4084 0.9780
vt 0.0000 1.0000
vt 0.4099 0.9788
vt 0.4082 0.9789
vt 0.4051 0.9792
vt 0.2187 0.7306
vt 0.4138 0.9806
vt 0.4107 0.9798
vt 0.4086 0.9803
vt 0.4071 0.9801
vt 0.0000 1.0000
vt 0.4096 0.9814
vt 0.4075 0.9822
vt 0.4053 0.9832
vt 0.4141 0.9830
vt 0.4110 0.9826
vt 0.0386 0.8633
vt 0.0314 0.8589
vt 0.0387 0.8551
vt 0.0396 0.8697
vt 0.0297 0.8654
vt 0.0320 0.8748
vt 0.0263 0.8705
vt 0.0278 0.8551
vt 0.0252 0.8525
vt 0.0366 0.8504
vt 0.0261 0.8599
vt 0.0252 0.8458
vt 0.0221 0.8674
vt 0.0178 0.8715
vt 0.0243 0.8554
vt 0.0232 0.8590
vt 0.0228 0.8641
vt 0.0174 0.8519
vt 0.0209 0.8573
vt 0.0170 0.8651
vt 0.0141 0.8603
vt 0.0148 0.8711
vt 0.0130 0.8537
vt 0.0120 0.8556
vt 0.0142 0.8680
vt 0.0125 0.8654
vt 0.0095 0.8484
vt 0.0086 0.8651
vt 0.0067 0.8672
vt 0.0038 0.8690
vt 0.0191 0.8440
vt 0.0120 0.8458
vt 0.0043 0.8608
vt 0.0058 0.8630
vt 0.0039 0.8646
vt 0.2312 0.7814
vt 0.2305 0.7939
vt 0.4199 0.8256
vt 0.4170 0.8296
vt 0.4107 0.8254
vt 0.4143 0.8241
vt 0.4155 0.8270
vt 0.4205 0.8351
vt 0.4248 0.8404
vt 0.4143 0.8319
vt 0.4176 0.8366
vt 0.4216 0.8418
vt 0.4074 0.8271
vt 0.4089 0.8302
vt 0.4109 0.8333
vt 0.4154 0.8399
vt 0.4131 0.8369
vt 0.1917 0.8135
vt 0.4050 0.8287
vt 0.4074 0.8346
vt 0.4117 0.8418
vt 0.4097 0.8381
vt 0.1914 0.8177
vt 0.1906 0.8182
vt 0.1889 0.8151
vt 0.1936 0.8208
vt 0.4112 0.8426
vt 0.7075 0.7137
vt 0.7034 0.7149
vt 0.7017 0.7126
vt 0.2027 0.6612
vt 0.2040 0.6635
vt 0.1962 0.6631
vt 0.2061 0.6633
vt 0.2018 0.6637
vt 0.1973 0.6654
vt 0.2008 0.6676
vt 0.1955 0.6661
vt 0.1989 0.6681
vt 0.1952 0.6695
vt 0.6961 0.7180
vt 0.6916 0.7211
vt 0.2005 0.6626
vt 0.2049 0.6613
vt 0.1983 0.6626
vt 0.1950 0.6664
vt 0.1916 0.6676
vt 0.1919 0.6707
vt 0.1959 0.6629
vt 0.1940 0.6641
vt 0.1912 0.6670
vt 0.1866 0.6734
vt 0.1901 0.6667
vt 0.1905 0.6687
vt 0.1883 0.6682
vt 0.1881 0.6687
vt 0.1862 0.6708
vt 0.1864 0.6712
vt 0.1841 0.6717
vt 0.1823 0.6754
vt 0.1852 0.6770
vt 0.1823 0.6744
vt 0.1845 0.6726
vt 0.1797 0.6772
vt 0.1788 0.6803
vt 0.2019 0.8314
vt 0.2046 0.8315
vt 0.2003 0.8328
vt 0.2033 0.8322
vt 0.2012 0.8319
vt 0.2019 0.8329
vt 0.1995 0.8306
vt 0.1984 0.8324
vt 0.1975 0.8317
vt 0.1978 0.8311
vt 0.1947 0.8316
vt 0.1960 0.8309
vt 0.1931 0.8323
vt 0.2003 0.8346
vt 0.1989 0.8339
vt 0.1982 0.8331
vt 0.1958 0.8322
vt 0.1941 0.8319
vt 0.1920 0.8334
vt 0.1979 0.8363
vt 0.1962 0.8346
vt 0.1924 0.8340
vt 0.1900 0.8366
vt 0.1990 0.8386
vt 0.1961 0.8360
vt 0.1950 0.8385
vt 0.1940 0.8344
vt 0.1937 0.8365
vt 0.1903 0.8388
vt 0.1922 0.8344
vt 0.1977 0.8417
vt 0.1940 0.8410
vt 0.1982 0.8447
vt 0.1918 0.8427
vt 0.1929 0.8465
vt 0.1917 0.8413
vt 0.1896 0.8366
vt 0.1875 0.8391
vt 0.1863 0.8409
vt 0.1883 0.8431
vt 0.1841 0.8404
vt 0.1845 0.8382
vt 0.1776 0.8398
vt 0.1772 0.8402
vt 0.1777 0.8389
vt 0.1755 0.8406
vt 0.1760 0.8386
vt 0.1989 0.8521
vt 0.1982 0.8576
vt 0.1954 0.8530
vt 0.1922 0.8551
vt 0.1910 0.8488
vt 0.1932 0.8602
vt 0.1871 0.8447
vt 0.1881 0.8506
vt 0.1881 0.8587
vt 0.1857 0.8458
vt 0.1872 0.8554
vt 0.1847 0.8430
vt 0.1839 0.8486
vt 0.1871 0.8617
vt 0.1838 0.8445
vt 0.1834 0.8572
vt 0.1793 0.8390
vt 0.1819 0.8409
vt 0.1821 0.8425
vt 0.1810 0.8450
vt 0.1800 0.8465
vt 0.1817 0.8502
vt 0.1787 0.8408
vt 0.1775 0.8423
vt 0.1784 0.8535
vt 0.1781 0.8450
vt 0.1761 0.8410
vt 0.1770 0.8447
vt 0.1752 0.8415
vt 0.1746 0.8431
vt 0.1749 0.8455
vt 0.1752 0.8549
vt 0.1756 0.8529
vt 0.1731 0.8418
vt 0.1713 0.8461
vt 0.1739 0.8584
vt 0.1728 0.8410
vt 0.1715 0.8433
vt 0.1688 0.8405
vt 0.1695 0.8448
vt 0.1709 0.8583
vt 0.1987 0.8321
vt 0.1998 0.8308
vt 0.1969 0.8314
vt 0.9428 0.9153
vt 0.1981 0.8324
vt 0.9431 0.9151
vt 0.0000 1.0000
vt 0.1969 0.8330
vt 0.1957 0.8324
vt 0.1958 0.8343
vt 0.1929 0.8340
vt 0.1951 0.8328
vt 0.0000 1.0000
vt 0.0000 1.0000
vt 0.0000 1.0000
vt 0.0000 1.0000
vt 0.0000 1.0000
vt 0.0000 1.0000
vt 0.0000 1.0000
vt 0.0000 1.0000
vt 0.0000 1.0000
vt 0.0000 1.0000
vt 0.0000 1.0000
vt 0.0000 1.0000
vt 0.0000 1.0000
vt 0.0000 1.0000
vt 0.0000 1.0000
vt 0.0000 1.0000
vt 0.0000 1.0000
vt 0.0000 1.0000
vt 0.0000 1.0000
vt 0.0000 1.0000
vt 0.0000 1.0000
vt 0.0000 1.0000
vt 0.0000 1.0000
vt 0.0000 1.0000
vt 0.0000 1.0000
vt 0.0000 1.0000
vt 0.0000 1.0000
vt 0.0000 1.0000
vt 0.0000 1.0000
vt 0.0000 1.0000
vt 0.0000 1.0000
vt 0.0000 1.0000
vt 0.0000 1.0000
vt 0.0000 1.0000
vt 0.0000 1.0000
vt 0.0000 1.0000
vt 0.0000 1.0000
vt 0.0000 1.0000
vt 0.0000 1.0000
vt 0.0000 1.0000
vt 0.0000 1.0000
vt 0.0000 1.0000
vt 0.0000 1.0000
vt 0.0000 1.0000
vt 0.0000 1.0000
vt 0.0000 1.0000
vt 0.0000 1.0000
vt 0.0000 1.0000
vt 0.0000 1.0000
vt 0.0000 1.0000
vt 0.0000 1.0000
vt 0.0000 1.0000
vt 0.0000 1.0000
vt 0.0000 1.0000
vt 0.0000 1.0000
vt 0.0000 1.0000
vt 0.0000 1.0000
vt 0.0000 1.0000
vt 0.0000 1.0000
vt 0.0000 1.0000
vt 0.0000 1.0000
vt 0.0000 1.0000
vt 0.0000 1.0000
vt 0.0000 1.0000
vt 0.0000 1.0000
vt 0.0000 1.0000
vt 0.0000 1.0000
vt 0.0000 1.0000
vt 0.0000 1.0000
vt 0.0000 1.0000
vt 0.0000 1.0000
vt 0.0000 1.0000
vt 0.0000 1.0000
vt 0.0000 1.0000
vt 0.0000 1.0000
vt 0.0000 1.0000
vt 0.0000 1.0000
vt 0.0000 1.0000
vt 0.0000 1.0000
vt 0.0000 1.0000
vt 0.0000 1.0000
vt 0.0000 1.0000
vt 0.0000 1.0000
vt 0.0000 1.0000
vt 0.0000 1.0000
vt 0.0000 1.0000
vt 0.0000 1.0000
vt 0.0000 1.0000
vt 0.0000 1.0000
vt 0.0000 1.0000
vt 0.0000 1.0000
vt 0.0000 1.0000
vt 0.0000 1.0000
vt 0.0000 1.0000
vt 0.0000 1.0000
vt 0.0000 1.0000
vt 0.0000 1.0000
vt 0.0000 1.0000
vt 0.0000 1.0000
vt 0.0000 1.0000
vt 0.0000 1.0000
vt 0.0000 1.0000
vt 0.0000 1.0000
vt 0.0000 1.0000
vt 0.0000 1.0000
vt 0.0000 1.0000
vt 0.0000 1.0000
vt 0.0000 1.0000
vt 0.0000 1.0000
vt 0.0000 1.0000
vt 0.0000 1.0000
vt 0.0000 1.0000
vt 0.0000 1.0000
vt 0.0000 1.0000
vt 0.0000 1.0000
vt 0.0000 1.0000
vt 0.0000 1.0000
vt 0.0000 1.0000
vt 0.0000 1.0000
vt 0.0000 1.0000
vt 0.0000 1.0000
vt 0.0000 1.0000
vt 0.0000 1.0000
vt 0.0000 1.0000
vt 0.0000 1.0000
vt 0.0000 1.0000
vt 0.0000 1.0000
vt 0.0000 1.0000
vt 0.0000 1.0000
vt 0.0000 1.0000
vt 0.0000 1.0000
vt 0.0000 1.0000
vt 0.0000 1.0000
vt 0.0000 1.0000
vt 0.0000 1.0000
vt 0.0000 1.0000
vt 0.0000 1.0000
vt 0.0000 1.0000
vt 0.0000 1.0000
vt 0.0000 1.0000
vt 0.0000 1.0000
vt 0.0000 1.0000
vt 0.0000 1.0000
vt 0.0000 1.0000
vt 0.0000 1.0000
vt 0.0000 1.0000
vt 0.0000 1.0000
vt 0.0000 1.0000
vt 0.0000 1.0000
vt 0.0000 1.0000
vt 0.0000 1.0000
vt 0.0000 1.0000
vt 0.0000 1.0000
vt 0.0000 1.0000
vt 0.0000 1.0000
vt 0.0000 1.0000
vt 0.0000 1.0000
vt 0.0000 1.0000
vt 0.0000 1.0000
vt 0.0000 1.0000
vt 0.0000 1.0000
vt 0.0000 1.0000
vt 0.0000 1.0000
vt 0.0000 1.0000
vt 0.0000 1.0000
vt 0.0000 1.0000
vt 0.0000 1.0000
vt 0.0000 1.0000
vt 0.0000 1.0000
vt 0.0000 1.0000
vt 0.0000 1.0000
vt 0.0000 1.0000
vt 0.0000 1.0000
vt 0.0000 1.0000
vt 0.0000 1.0000
vt 0.0000 1.0000
vt 0.0000 1.0000
vt 0.0000 1.0000
vt 0.0000 1.0000
vt 0.0000 1.0000
vt 0.0000 1.0000
vt 0.0000 1.0000
vt 0.0000 1.0000
vt 0.0000 1.0000
vt 0.0000 1.0000
vt 0.0000 1.0000
vt 0.0000 1.0000
vt 0.0000 1.0000
vt 0.0000 1.0000
vt 0.0000 1.0000
vt 0.0000 1.0000
vt 0.0000 1.0000
vt 0.0000 1.0000
vt 0.0000 1.0000
vt 0.0000 1.0000
vt 0.0000 1.0000
vt 0.0000 1.0000
vt 0.0000 1.0000
vt 0.0000 1.0000
vt 0.0000 1.0000
vt 0.0000 1.0000
vt 0.0000 1.0000
vt 0.0000 1.0000
vt 0.0000 1.0000
vt 0.0000 1.0000
vt 0.0000 1.0000
vt 0.0000 1.0000
vt 0.0000 1.0000
vt 0.0000 1.0000
vt 0.0000 1.0000
vt 0.0000 1.0000
vt 0.0000 1.0000
vt 0.0000 1.0000
vt 0.0000 1.0000
vt 0.0000 1.0000
vt 0.0000 1.0000
vt 0.0000 1.0000
vt 0.0000 1.0000
vt 0.0000 1.0000
vt 0.0000 1.0000
vt 0.0000 1.0000
vt 0.0000 1.0000
vt 0.0000 1.0000
vt 0.0000 1.0000
vt 0.0000 1.0000
vt 0.0000 1.0000
vt 0.0000 1.0000
vt 0.0000 1.0000
vt 0.0000 1.0000
vt 0.0000 1.0000
vt 0.0000 1.0000
vt 0.0000 1.0000
vt 0.0000 1.0000
vt 0.0000 1.0000
vt 0.0000 1.0000
vt 0.0000 1.0000
vt 0.0000 1.0000
vt 0.0000 1.0000
vt 0.0000 1.0000
vt 0.0000 1.0000
vt 0.0000 1.0000
vt 0.9852 0.8447
vt 0.9873 0.8449
vt 0.9868 0.8456
vt 0.9856 0.8429
vt 0.9837 0.8437
vt 0.9851 0.8418
vt 0.9832 0.8424
vt 0.9825 0.8434
vt 0.9841 0.8415
vt 0.9818 0.8430
vt 0.9823 0.8413
vt 0.9802 0.8459
vt 0.9793 0.8439
vt 0.9784 0.8426
vt 0.9788 0.8448
vt 0.9791 0.8444
vt 0.9772 0.8440
vt 0.9775 0.8423
vt 0.9864 0.8467
vt 0.9844 0.8482
vt 0.9775 0.8459
vt 0.9757 0.8459
vt 0.9774 0.8448
vt 0.9746 0.8455
vt 0.9759 0.8445
vt 0.2217 0.7359
vt 0.4086 0.9829
vt 0.4068 0.9834
vt 0.2276 0.7372
vt 0.4093 0.9841
vt 0.4072 0.9845
vt 0.0000 1.0000
vt 0.4153 0.9849
vt 0.4111 0.9851
vt 0.4071 0.9852
vt 0.0000 1.0000
vt 0.2235 0.7401
vt 0.4130 0.9859
vt 0.4086 0.9865
vt 0.4065 0.9876
vt 0.2296 0.7412
vt 0.2202 0.7413
vt 0.0000 1.0000
vt 0.0000 1.0000
vt 0.4115 0.9900
vt 0.4102 0.9882
vt 0.4076 0.9881
vt 0.2243 0.7426
vt 0.4065 0.9892
vt 0.2308 0.7452
vt 0.2201 0.7443
vt 0.4078 0.9895
vt 0.4054 0.9902
vt 0.4051 0.9896
vt 0.0000 1.0000
vt 0.2282 0.7465
vt 0.2184 0.7470
vt 0.4081 0.9908
vt 0.4064 0.9917
vt 0.0000 1.0000
vt 0.4049 0.9920
vt 0.0000 1.0000
vt 0.0000 1.0000
vt 0.4090 0.9936
vt 0.4074 0.9926
vt 0.4056 0.9935
vt 0.0000 1.0000
vt 0.2350 0.7504
vt 0.2279 0.7506
vt 0.2213 0.7489
vt 0.0000 1.0000
vt 0.0000 1.0000
vt 0.0000 1.0000
vt 0.4064 0.9942
vt 0.4049 0.9952
vt 0.0000 1.0000
vt 0.0000 1.0000
vt 0.2251 0.7521
vt 0.4126 0.9950
vt 0.4068 0.9951
vt 0.0000 1.0000
vt 0.0000 1.0000
vt 0.0000 1.0000
vt 0.0000 1.0000
vt 0.2411 0.7531
vt 0.2334 0.7527
vt 0.2360 0.7516
vt 0.4108 0.9961
vt 0.4056 0.9965
vt 0.0000 1.0000
vt 0.0000 1.0000
vt 0.0000 1.0000
vt 0.0000 1.0000
vt 0.2378 0.7547
vt 0.2393 0.7563
vt 0.2357 0.7561
vt 0.2369 0.7589
vt 0.2345 0.7567
vt 0.2351 0.7600
vt 0.2381 0.7648
vt 0.2326 0.7631
vt 0.0106 0.8401
vt 0.2313 0.7683
vt 0.2333 0.7543
vt 0.2319 0.7585
vt 0.2299 0.7716
vt 0.2308 0.7557
vt 0.2299 0.7573
vt 0.2297 0.7599
vt 0.2290 0.7647
vt 0.2251 0.7663
vt 0.2298 0.7542
vt 0.2233 0.7695
vt 0.2239 0.7569
vt 0.2259 0.7555
vt 0.2234 0.7616
vt 0.4126 0.9974
vt 0.2170 0.7658
vt 0.2187 0.7553
vt 0.2179 0.7684
vt 0.2177 0.7711
vt 0.2179 0.7597
vt 0.2161 0.7616
vt 0.0000 1.0000
vt 0.0000 1.0000
vt 0.0000 1.0000
vt 0.0000 1.0000
vt 0.4054 0.9979
vt 0.0000 1.0000
vt 0.0000 1.0000
vt 0.0000 1.0000
vt 0.0000 1.0000
vt 0.0000 1.0000
vt 0.0000 1.0000
vt 0.0000 1.0000
vt 0.0000 1.0000
vt 0.0000 1.0000
vt 0.0000 1.0000
vt 0.9904 0.8371
vt 0.9899 0.8372
vt 0.9905 0.8372
vt 0.9894 0.8400
vt 0.9888 0.8395
vt 0.9912 0.8398
vt 0.9906 0.8392
vt 0.9900 0.8367
vt 0.9908 0.8388
vt 0.9929 0.8357
vt 0.9925 0.8385
vt 0.9940 0.8381
vt 0.9942 0.8380
vt 0.9957 0.8355
vt 0.9911 0.8357
vt 0.9982 0.8409
vt 0.9985 0.8390
vt 0.9987 0.8390
vt 0.9954 0.8409
vt 0.9963 0.8386
vt 0.9992 0.8408
vt 0.9916 0.8410
vt 0.9928 0.8411
vt 0.9943 0.8412
vt 0.9927 0.8390
vt 0.9900 0.8407
vt 0.2537 0.6650
vt 0.2770 0.6530
vt 0.2740 0.6550
vt 0.2520 0.6664
vt 0.2529 0.6653
vt 0.2515 0.6677
vt 0.9958 0.8432
vt 0.9940 0.8433
vt 0.2781 0.6581
vt 0.2802 0.6552
vt 0.2807 0.6580
vt 0.2766 0.6575
vt 0.2757 0.6584
vt 0.3020 0.6601
vt 0.3026 0.6629
vt 0.2496 0.6704
vt 0.4163 0.9220
vt 0.4178 0.9173
vt 0.4196 0.9242
vt 0.4087 0.9243
vt 0.4081 0.9189
vt 0.4254 0.9255
vt 0.4244 0.9201
vt 0.4327 0.9239
vt 0.4175 0.9263
vt 0.4064 0.9223
vt 0.4348 0.9278
vt 0.4061 0.9268
vt 0.4050 0.9234
vt 0.4275 0.9284
vt 0.4236 0.9289
vt 0.4155 0.9292
vt 0.4092 0.9270
vt 0.4318 0.9305
vt 0.4053 0.9293
vt 0.0000 1.0000
vt 0.4267 0.9310
vt 0.4196 0.9315
vt 0.4091 0.9303
vt 0.4127 0.9328
vt 0.4058 0.9316
vt 0.4276 0.9348
vt 0.4348 0.9334
vt 0.4247 0.9349
vt 0.4186 0.9339
vt 0.4092 0.9341
vt 0.4206 0.9361
vt 0.4155 0.9349
vt 0.4053 0.9343
vt 0.4364 0.9367
vt 0.4264 0.9366
vt 0.4189 0.9390
vt 0.4116 0.9376
vt 0.4059 0.9360
vt 0.4332 0.9382
vt 0.4228 0.9385
vt 0.4073 0.9377
vt 0.0000 1.0000
vt 0.4300 0.9413
vt 0.4335 0.9410
vt 0.4132 0.9389
vt 0.4107 0.9405
vt 0.4233 0.9407
vt 0.4141 0.9406
vt 0.4238 0.9427
vt 0.4172 0.9421
vt 0.4135 0.9426
vt 0.4333 0.9447
vt 0.4161 0.9438
vt 0.4228 0.9445
vt 0.4118 0.9441
vt 0.4261 0.9449
vt 0.9434 0.8399
vt 0.9409 0.8403
vt 0.9426 0.8387
vt 0.9421 0.8413
vt 0.9398 0.8399
vt 0.9404 0.8411
vt 0.0947 0.6889
vt 0.0945 0.6853
vt 0.9358 0.8480
vt 0.0906 0.6944
vt 0.9354 0.8534
vt 0.9332 0.8523
vt 0.9366 0.8489
vt 0.0904 0.6990
vt 0.9331 0.8550
vt 0.0925 0.7019
vt 0.0888 0.7016
vt 0.0000 1.0000
vt 0.0000 1.0000
vt 0.0000 1.0000
vt 0.0000 1.0000
vt 0.0000 1.0000
vt 0.0000 1.0000
vt 0.0000 1.0000
vt 0.0000 1.0000
vt 0.0000 1.0000
vt 0.0000 1.0000
vt 0.0000 1.0000
vt 0.0000 1.0000
vt 0.0000 1.0000
vt 0.0000 1.0000
vt 0.0000 1.0000
vt 0.0000 1.0000
vt 0.0000 1.0000
vt 0.0000 1.0000
vt 0.0000 1.0000
vt 0.0000 1.0000
vt 0.0000 1.0000
vt 0.0000 1.0000
vt 0.0000 1.0000
vt 0.0000 1.0000
vt 0.0000 1.0000
vt 0.0000 1.0000
vt 0.0000 1.0000
vt 0.0000 1.0000
vt 0.0000 1.0000
vt 0.0000 1.0000
vt 0.0000 1.0000
vt 0.0000 1.0000
vt 0.0000 1.0000
vt 0.0000 1.0000
vt 0.0000 1.0000
vt 0.0000 1.0000
vt 0.0000 1.0000
vt 0.0000 1.0000
vt 0.0000 1.0000
vt 0.0000 1.0000
vt 0.0000 1.0000
vt 0.0000 1.0000
vt 0.0000 1.0000
vt 0.0000 1.0000
vt 0.0000 1.0000
vt 0.0000 1.0000
vt 0.0000 1.0000
vt 0.0000 1.0000
vt 0.0000 1.0000
vt 0.0000 1.0000
vt 0.0000 1.0000
vt 0.0000 1.0000
vt 0.0000 1.0000
vt 0.0000 1.0000
vt 0.0000 1.0000
vt 0.0000 1.0000
vt 0.0000 1.0000
vt 0.0000 1.0000
vt 0.0000 1.0000
vt 0.0000 1.0000
vt 0.0000 1.0000
vt 0.0000 1.0000
vt 0.0000 1.0000
vt 0.0000 1.0000
vt 0.0000 1.0000
vt 0.0000 1.0000
vt 0.0000 1.0000
vt 0.0000 1.0000
vt 0.0000 1.0000
vt 0.0000 1.0000
vt 0.0000 1.0000
vt 0.0000 1.0000
vt 0.0000 1.0000
vt 0.0000 1.0000
vt 0.0000 1.0000
vt 0.0000 1.0000
vt 0.0000 1.0000
vt 0.0000 1.0000
vt 0.0000 1.0000
vt 0.0000 1.0000
vt 0.0000 1.0000
vt 0.0000 1.0000
vt 0.0000 1.0000
vt 0.0000 1.0000
vt 0.0000 1.0000
vt 0.0000 1.0000
vt 0.0000 1.0000
vt 0.0000 1.0000
vt 0.0000 1.0000
vt 0.0000 1.0000
vt 0.0000 1.0000
vt 0.0000 1.0000
vt 0.0000 1.0000
vt 0.0000 1.0000
vt 0.0000 1.0000
vt 0.0000 1.0000
vt 0.0000 1.0000
vt 0.0000 1.0000
vt 0.0000 1.0000
vt 0.0000 1.0000
vt 0.0000 1.0000
vt 0.0000 1.0000
vt 0.0000 1.0000
vt 0.0000 1.0000
vt 0.0000 1.0000
vt 0.0000 1.0000
vt 0.0000 1.0000
vt 0.0000 1.0000
vt 0.0000 1.0000
vt 0.0000 1.0000
vt 0.0000 1.0000
vt 0.0000 1.0000
vt 0.0000 1.0000
vt 0.0000 1.0000
vt 0.0000 1.0000
vt 0.0000 1.0000
vt 0.0000 1.0000
vt 0.0000 1.0000
vt 0.0000 1.0000
vt 0.0000 1.0000
vt 0.0000 1.0000
vt 0.0000 1.0000
vt 0.0000 1.0000
vt 0.0000 1.0000
vt 0.0000 1.0000
vt 0.0000 1.0000
vt 0.0000 1.0000
vt 0.0000 1.0000
vt 0.0000 1.0000
vt 0.0000 1.0000
vt 0.0000 1.0000
vt 0.0000 1.0000
vt 0.0000 1.0000
vt 0.0000 1.0000
vt 0.0000 1.0000
vt 0.0000 1.0000
vt 0.0000 1.0000
vt 0.0000 1.0000
vt 0.0000 1.0000
vt 0.0000 1.0000
vt 0.0000 1.0000
vt 0.0000 1.0000
vt 0.0000 1.0000
vt 0.0000 1.0000
vt 0.0000 1.0000
vt 0.0000 1.0000
vt 0.0000 1.0000
vt 0.0000 1.0000
vt 0.0000 1.0000
vt 0.0000 1.0000
vt 0.0000 1.0000
vt 0.0000 1.0000
vt 0.0000 1.0000
vt 0.0000 1.0000
vt 0.0000 1.0000
vt 0.0000 1.0000
vt 0.9404 0.9272
vt 0.9389 0.9258
vt 0.9378 0.9255
vt 0.9388 0.9274
vt 0.9403 0.9278
vt 0.9387 0.9280
vt 0.3646 0.7493
vt 0.3649 0.7525
vt 0.3647 0.7484
vt 0.3652 0.7548
vt 0.3660 0.7570
vt 0.3661 0.7614
vt 0.3668 0.7660
vt 0.3675 0.7683
vt 0.3676 0.7706
vt 0.3647 0.7511
vt 0.3650 0.7532
vt 0.3660 0.7697
vt 0.3632 0.7516
vt 0.3635 0.7537
vt 0.2294 0.9418
vt 0.2309 0.9444
vt 0.2303 0.9445
vt 0.3635 0.7540
vt 0.3632 0.7519
vt 0.2309 0.9415
vt 0.2290 0.9446
vt 0.2260 0.9421
vt 0.2279 0.9392
vt 0.2261 0.9386
vt 0.2254 0.9440
vt 0.2256 0.9446
vt 0.2300 0.9609
vt 0.2291 0.9556
vt 0.2282 0.9581
vt 0.2218 0.9321
vt 0.2233 0.9298
vt 0.2246 0.9321
vt 0.2222 0.9372
vt 0.2236 0.9418
vt 0.2243 0.9489
vt 0.2256 0.9450
vt 0.2263 0.9470
vt 0.2162 0.9326
vt 0.2216 0.9388
vt 0.2213 0.9422
vt 0.2214 0.9449
vt 0.2202 0.9436
vt 0.2223 0.9474
vt 0.2180 0.9396
vt 0.2215 0.9475
vt 0.2186 0.9556
vt 0.2235 0.9582
vt 0.2207 0.9581
vt 0.2127 0.9555
vt 0.2169 0.9583
vt 0.9027 0.8488
vt 0.9001 0.8492
vt 0.9006 0.8505
vt 0.9007 0.8522
vt 0.2219 0.9213
vt 0.2202 0.9227
vt 0.2234 0.9254
vt 0.2209 0.9255
vt 0.2215 0.9277
vt 0.2256 0.9476
vt 0.2255 0.9528
vt 0.2259 0.9556
vt 0.2187 0.9276
vt 0.2190 0.9296
vt 0.2229 0.9503
vt 0.2213 0.9536
vt 0.2193 0.9450
vt 0.2204 0.9476
vt 0.2203 0.9476
vt 0.2130 0.9345
vt 0.2155 0.9375
vt 0.2169 0.9450
vt 0.2131 0.9402
vt 0.2143 0.9424
vt 0.2105 0.9369
vt 0.2071 0.9543
vt 0.2078 0.9579
vt 0.2049 0.9551
vt 0.2046 0.9579
vt 0.2028 0.9552
vt 0.2013 0.9578
vt 0.1995 0.9551
vt 0.1949 0.9579
vt 0.1931 0.9550
vt 0.2161 0.9234
vt 0.2141 0.9257
vt 0.2185 0.9529
vt 0.2123 0.9283
vt 0.2165 0.9477
vt 0.2178 0.9502
vt 0.2110 0.9307
vt 0.2134 0.9452
vt 0.2137 0.9477
vt 0.2152 0.9502
vt 0.2110 0.9527
vt 0.2066 0.9334
vt 0.2059 0.9423
vt 0.2082 0.9452
vt 0.2114 0.9498
vt 0.2079 0.9382
vt 0.2082 0.9479
vt 0.2098 0.9502
vt 0.2045 0.9372
vt 0.2010 0.9397
vt 0.2068 0.9498
vt 0.2046 0.9501
vt 0.2046 0.9528
vt 0.1974 0.9497
vt 0.1997 0.9501
vt 0.1953 0.9499
vt 0.1952 0.9527
vt 0.1950 0.9494
vt 0.2085 0.9248
vt 0.2035 0.9234
vt 0.2077 0.9285
vt 0.2039 0.9260
vt 0.2024 0.9324
vt 0.2046 0.9452
vt 0.2049 0.9478
vt 0.2027 0.9430
vt 0.2026 0.9480
vt 0.1961 0.9352
vt 0.1981 0.9377
vt 0.1986 0.9428
vt 0.1994 0.9452
vt 0.2017 0.9501
vt 0.2003 0.9488
vt 0.2023 0.9527
vt 0.1958 0.9490
vt 0.1913 0.9500
vt 0.1877 0.9509
vt 0.1902 0.9525
vt 0.2015 0.9284
vt 0.1980 0.9237
vt 0.1987 0.9259
vt 0.1990 0.9288
vt 0.2019 0.9452
vt 0.2002 0.9477
vt 0.1963 0.9284
vt 0.1944 0.9305
vt 0.1970 0.9452
vt 0.1974 0.9475
vt 0.1921 0.9307
vt 0.1924 0.9330
vt 0.1943 0.9426
vt 0.1935 0.9454
vt 0.1912 0.9481
vt 0.1899 0.9367
vt 0.1889 0.9490
vt 0.1867 0.9504
vt 0.1945 0.9248
vt 0.1908 0.9267
vt 0.1910 0.9288
vt 0.1887 0.9309
vt 0.1891 0.9326
vt 0.1904 0.9427
vt 0.1881 0.9378
vt 0.1889 0.9405
vt 0.1879 0.9450
vt 0.1893 0.9477
vt 0.1860 0.9243
vt 0.1879 0.9291
vt 0.1867 0.9306
vt 0.1868 0.9344
vt 0.1859 0.9392
vt 0.1868 0.9434
vt 0.1884 0.9481
vt 0.1846 0.9497
vt 0.1826 0.9276
vt 0.1858 0.9312
vt 0.1854 0.9340
vt 0.1862 0.9364
vt 0.1875 0.9458
vt 0.1853 0.9480
vt 0.1821 0.9257
vt 0.1828 0.9328
vt 0.1833 0.9365
vt 0.1836 0.9391
vt 0.1842 0.9436
vt 0.1845 0.9459
vt 0.1810 0.9412
vt 0.1801 0.9456
vt 0.1838 0.9436
vt 0.1795 0.9279
vt 0.1801 0.9328
vt 0.1797 0.9361
vt 0.0000 1.0000
vt 0.0000 1.0000
vt 0.0000 1.0000
vt 0.0650 0.8307
vt 0.0719 0.8296
vt 0.0727 0.8317
vt 0.0000 1.0000
vt 0.0000 1.0000
vt 0.0000 1.0000
vt 0.0000 1.0000
vt 0.0000 1.0000
vt 0.0000 1.0000
vt 0.0000 1.0000
vt 0.0000 1.0000
vt 0.0000 1.0000
vt 0.0000 1.0000
vt 0.0000 1.0000
vt 0.0000 1.0000
vt 0.0000 1.0000
vt 0.0000 1.0000
vt 0.0000 1.0000
vt 0.0000 1.0000
vt 0.0000 1.0000
vt 0.0000 1.0000
vt 0.0000 1.0000
vt 0.0000 1.0000
vt 0.0000 1.0000
vt 0.0000 1.0000
vt 0.0000 1.0000
vt 0.0000 1.0000
vt 0.0000 1.0000
vt 0.0000 1.0000
vt 0.0000 1.0000
vt 0.0000 1.0000
vt 0.0000 1.0000
vt 0.0000 1.0000
vt 0.0000 1.0000
vt 0.0000 1.0000
vt 0.0000 1.0000
vt 0.0000 1.0000
vt 0.0000 1.0000
vt 0.0000 1.0000
vt 0.0000 1.0000
vt 0.0000 1.0000
vt 0.0000 1.0000
vt 0.0000 1.0000
vt 0.0000 1.0000
vt 0.0000 1.0000
vt 0.0000 1.0000
vt 0.0000 1.0000
vt 0.0000 1.0000
vt 0.0000 1.0000
vt 0.0000 1.0000
vt 0.0000 1.0000
vt 0.0000 1.0000
vt 0.0000 1.0000
vt 0.0000 1.0000
vt 0.0000 1.0000
vt 0.0000 1.0000
vt 0.0000 1.0000
vt 0.0000 1.0000
vt 0.0000 1.0000
vt 0.0000 1.0000
vt 0.0000 1.0000
vt 0.0000 1.0000
vt 0.0000 1.0000
vt 0.0000 1.0000
vt 0.0000 1.0000
vt 0.0000 1.0000
vt 0.0000 1.0000
vt 0.0000 1.0000
vt 0.0000 1.0000
vt 0.0000 1.0000
vt 0.0000 1.0000
vt 0.0000 1.0000
vt 0.0000 1.0000
vt 0.0000 1.0000
vt 0.0000 1.0000
vt 0.0000 1.0000
vt 0.0000 1.0000
vt 0.6223 0.8519
vt 0.6214 0.8448
vt 0.6283 0.8467
vt 0.6176 0.8510
vt 0.6174 0.8449
vt 0.6120 0.8488
vt 0.6045 0.8497
vt 0.6039 0.8450
vt 0.5191 0.9452
vt 0.5196 0.9483
vt 0.5188 0.9480
vt 0.5972 0.8476
vt 0.5161 0.9484
vt 0.5995 0.8370
vt 0.6002 0.8363
vt 0.5985 0.8374
vt 0.5977 0.8380
vt 0.6000 0.8364
vt 0.5963 0.8371
vt 0.5951 0.8390
vt 0.5932 0.8410
vt 0.5141 0.9493
vt 0.5099 0.9467
vt 0.5145 0.9470
vt 0.6049 0.8552
vt 0.5187 0.9492
vt 0.5990 0.8527
vt 0.5960 0.8517
vt 0.5156 0.9505
vt 0.0000 1.0000
vt 0.0000 1.0000
vt 0.5942 0.8507
vt 0.5948 0.8466
vt 0.5942 0.8427
vt 0.5927 0.8494
vt 0.6174 0.8567
vt 0.2476 0.6729
vt 0.5172 0.9507
vt 0.5187 0.9502
vt 0.1718 0.6602
vt 0.5948 0.8405
vt 0.1694 0.6604
vt 0.5936 0.8429
vt 0.1663 0.6601
vt 0.5923 0.8452
vt 0.6246 0.8543
vt 0.5961 0.8551
vt 0.5937 0.8545
vt 0.2703 0.6720
vt 0.2555 0.6793
vt 0.2349 0.6748
vt 0.1744 0.6623
vt 0.1731 0.6613
vt 0.1714 0.6625
vt 0.5936 0.8569
vt 0.5956 0.8587
vt 0.5926 0.8462
vt 0.5916 0.8492
vt 0.2442 0.6785
vt 0.2378 0.6773
vt 0.1723 0.6626
vt 0.1715 0.6638
vt 0.1712 0.6650
vt 0.1692 0.6640
vt 0.0000 1.0000
vt 0.5916 0.8536
vt 0.0000 1.0000
vt 0.0000 1.0000
vt 0.1724 0.6636
vt 0.2247 0.6777
vt 0.0000 1.0000
vt 0.5914 0.8507
vt 0.2219 0.6773
vt 0.2235 0.6755
vt 0.2469 0.6832
vt 0.1702 0.6706
vt 0.1687 0.6674
vt 0.1644 0.6667
vt 0.0000 1.0000
vt 0.5913 0.8537
vt 0.2213 0.6797
vt 0.2230 0.6796
vt 0.2202 0.6730
vt 0.2205 0.6812
vt 0.2201 0.6813
vt 0.0000 1.0000
vt 0.2218 0.6829
vt 0.1679 0.6717
vt 0.1655 0.6694
vt 0.2193 0.6777
vt 0.2192 0.6791
vt 0.2198 0.6844
vt 0.2206 0.6873
vt 0.1695 0.6739
vt 0.2196 0.6875
vt 0.0000 1.0000
vt 0.1692 0.6758
vt 0.0000 1.0000
vt 0.1674 0.6746
vt 0.1654 0.6752
vt 0.0000 1.0000
vt 0.2184 0.6824
vt 0.2183 0.6875
vt 0.1690 0.6770
vt 0.0000 1.0000
vt 0.3570 0.7170
vt 0.2197 0.6841
vt 0.2179 0.6857
vt 0.0000 1.0000
vt 0.0000 1.0000
vt 0.0000 1.0000
vt 0.2182 0.6865
vt 0.2174 0.6876
vt 0.3608 0.7205
vt 0.2183 0.6894
vt 0.2165 0.6941
vt 0.0000 1.0000
vt 0.0000 1.0000
vt 0.0000 1.0000
vt 0.5704 0.9680
vt 0.5713 0.9688
vt 0.8612 0.7746
vt 0.8624 0.7733
vt 0.8615 0.7753
vt 0.8618 0.7760
vt 0.6262 0.7019
vt 0.6259 0.7024
vt 0.8615 0.7779
vt 0.8616 0.7768
vt 0.8606 0.7784
vt 0.8620 0.7782
vt 0.8628 0.7793
vt 0.8610 0.7802
vt 0.8622 0.7817
vt 0.8638 0.7839
vt 0.8626 0.7847
vt 0.8596 0.7784
vt 0.9391 0.9147
vt 0.9378 0.9153
vt 0.9380 0.9135
vt 0.0000 1.0000
vt 0.0000 1.0000
vt 0.0000 1.0000
vt 0.0000 1.0000
vt 0.0000 1.0000
vt 0.5700 0.9707
vt 0.8607 0.7753
vt 0.8618 0.7790
vt 0.8611 0.7793
vt 0.8597 0.7786
vt 0.8611 0.7824
vt 0.8603 0.7814
vt 0.8619 0.7838
vt 0.8592 0.7789
vt 0.8600 0.7810
vt 0.8595 0.7800
vt 0.0000 1.0000
vt 0.8601 0.7773
vt 0.8611 0.7787
vt 0.8608 0.7798
vt 0.8605 0.7809
vt 0.8593 0.7815
vt 0.8605 0.7833
vt 0.8613 0.7847
vt 0.8612 0.7844
vt 0.8585 0.7797
vt 0.8586 0.7810
vt 0.5694 0.9733
vt 0.5703 0.9742
vt 0.8599 0.7783
vt 0.8594 0.7792
vt 0.8598 0.7806
vt 0.8593 0.7808
vt 0.8596 0.7809
vt 0.8611 0.7849
vt 0.8591 0.7816
vt 0.8591 0.7828
vt 0.8575 0.7867
vt 0.8576 0.7870
vt 0.8565 0.7865
vt 0.8572 0.7873
vt 0.2199 0.8798
vt 0.2173 0.8810
vt 0.2174 0.8777
vt 0.2200 0.8819
vt 0.2207 0.8848
vt 0.2151 0.8667
vt 0.2155 0.8684
vt 0.2120 0.8681
vt 0.2151 0.8697
vt 0.2160 0.8723
vt 0.2133 0.8728
vt 0.2144 0.8779
vt 0.2153 0.8800
vt 0.2162 0.8834
vt 0.2165 0.8708
vt 0.2147 0.8712
vt 0.2123 0.8650
vt 0.2123 0.8692
vt 0.2109 0.8658
vt 0.2092 0.8648
vt 0.2074 0.8658
vt 0.2102 0.8654
vt 0.2077 0.8652
vt 0.2112 0.8643
vt 0.2088 0.8657
vt 0.2065 0.8668
vt 0.2050 0.8666
vt 0.2037 0.8669
vt 0.2029 0.8669
vt 0.2022 0.8663
vt 0.2046 0.8671
vt 0.6652 0.7499
vt 0.6682 0.7531
vt 0.6650 0.7531
vt 0.6683 0.7565
vt 0.6699 0.7580
vt 0.6683 0.7588
vt 0.6698 0.7600
vt 0.6713 0.7601
vt 0.6647 0.7426
vt 0.6623 0.7453
vt 0.6658 0.7584
vt 0.6678 0.7618
vt 0.6596 0.7455
vt 0.6616 0.7510
vt 0.6614 0.7539
vt 0.6624 0.7554
vt 0.6652 0.7634
vt 0.6641 0.7603
vt 0.6586 0.7502
vt 0.6612 0.7584
vt 0.6630 0.7657
vt 0.6660 0.7660
vt 0.6609 0.7616
vt 0.4468 0.7314
vt 0.4522 0.7372
vt 0.4526 0.7433
vt 0.1846 0.6788
vt 0.1840 0.6781
vt 0.6644 0.7682
vt 0.6640 0.7678
vt 0.6614 0.7661
vt 0.6627 0.7675
vt 0.6612 0.7682
vt 0.4461 0.7338
vt 0.4462 0.7392
vt 0.4490 0.7485
vt 0.4508 0.7522
vt 0.4520 0.7550
vt 0.4397 0.7308
vt 0.4411 0.7266
vt 0.4465 0.7555
vt 0.4455 0.7493
vt 0.4468 0.7527
vt 0.4404 0.7337
vt 0.4407 0.7372
vt 0.4437 0.7422
vt 0.4507 0.7649
vt 0.9917 0.8448
vt 0.9908 0.8485
vt 0.9930 0.8491
vt 0.9927 0.8535
vt 0.9958 0.8570
vt 0.4464 0.7590
vt 0.4366 0.7315
vt 0.4387 0.7347
vt 0.4388 0.7374
vt 0.4388 0.7433
vt 0.4441 0.7538
vt 0.4403 0.7464
vt 0.4483 0.7686
vt 0.4500 0.7767
vt 0.4425 0.7599
vt 0.4356 0.7331
vt 0.4356 0.7363
vt 0.4397 0.7539
vt 0.4365 0.7405
vt 0.4374 0.7457
vt 0.4386 0.7515
vt 0.4441 0.7689
vt 0.4473 0.7748
vt 0.4370 0.7603
vt 0.4333 0.7377
vt 0.4345 0.7307
vt 0.4341 0.7413
vt 0.4336 0.7438
vt 0.4356 0.7527
vt 0.4317 0.7458
vt 0.4329 0.7488
vt 0.4338 0.7515
vt 0.4369 0.7669
vt 0.4310 0.7362
vt 0.4353 0.7550
vt 0.4357 0.7577
vt 0.4311 0.7411
vt 0.4303 0.7423
vt 0.4329 0.7533
vt 0.4289 0.7432
vt 0.4311 0.7436
vt 0.4318 0.7521
vt 0.4275 0.7443
vt 0.4298 0.7461
vt 0.4297 0.7493
vt 0.4362 0.7698
vt 0.4392 0.7763
vt 0.4414 0.7813
vt 0.4284 0.7356
vt 0.4293 0.7381
vt 0.4287 0.7398
vt 0.4325 0.7562
vt 0.4350 0.7610
vt 0.4283 0.7403
vt 0.4279 0.7426
vt 0.4306 0.7549
vt 0.4271 0.7370
vt 0.4271 0.7366
vt 0.4264 0.7388
vt 0.4262 0.7400
vt 0.4333 0.7647
vt 0.4335 0.7676
vt 0.4330 0.7753
vt 0.4345 0.7802
vt 0.4248 0.7379
vt 0.4253 0.7374
vt 0.4236 0.7394
vt 0.0629 0.9197
vt 0.0614 0.9168
vt 0.0638 0.9287
vt 0.0583 0.9385
vt 0.0592 0.9506
vt 0.0595 0.9201
vt 0.0600 0.9237
vt 0.0570 0.9269
vt 0.0591 0.9160
vt 0.0548 0.9308
vt 0.0505 0.9490
vt 0.0546 0.9189
vt 0.0542 0.9207
vt 0.0467 0.9379
vt 0.0492 0.9190
vt 0.0464 0.9249
vt 0.0458 0.9299
vt 0.0417 0.9434
vt 0.0431 0.9344
vt 0.0412 0.9179
vt 0.0405 0.9236
vt 0.0383 0.9283
vt 0.0375 0.9473
vt 0.0358 0.9350
vt 0.0373 0.9227
vt 0.0285 0.9445
vt 0.0393 0.9106
vt 0.0337 0.9132
vt 0.0306 0.9294
vt 0.2257 0.6841
vt 0.2574 0.6861
vt 0.2541 0.6841
vt 0.2665 0.6788
vt 0.2408 0.6829
vt 0.2337 0.6845
vt 0.2234 0.6826
vt 0.2424 0.6888
vt 0.2310 0.6875
vt 0.2217 0.6859
vt 0.2587 0.6930
vt 0.2519 0.6926
vt 0.2320 0.6923
vt 0.2239 0.6920
vt 0.2210 0.6915
vt 0.2483 0.6961
vt 0.2406 0.6948
vt 0.2204 0.6894
vt 0.2577 0.6956
vt 0.2339 0.6978
vt 0.2230 0.6982
vt 0.2202 0.6968
vt 0.2186 0.6911
vt 0.2198 0.6930
vt 0.2502 0.6993
vt 0.2425 0.7007
vt 0.2271 0.7000
vt 0.2186 0.6931
vt 0.2173 0.6947
vt 0.2179 0.6941
vt 0.2178 0.6953
vt 0.2181 0.6965
vt 0.4089 0.6792
vt 0.4120 0.6800
vt 0.4081 0.6843
vt 0.4097 0.6932
vt 0.4065 0.6907
vt 0.4139 0.6946
vt 0.4127 0.7043
vt 0.4073 0.7058
vt 0.5834 0.8779
vt 0.5835 0.8789
vt 0.5830 0.8792
vt 0.5829 0.8780
vt 0.5817 0.8775
vt 0.5817 0.8790
vt 0.5815 0.8790
vt 0.5804 0.8786
vt 0.5775 0.8798
vt 0.5767 0.8787
vt 0.5790 0.8782
vt 0.4049 0.6828
vt 0.4083 0.6978
vt 0.4094 0.7107
vt 0.5823 0.8795
vt 0.5827 0.8794
vt 0.5835 0.8780
vt 0.5806 0.8807
vt 0.5794 0.8807
vt 0.5781 0.8810
vt 0.5745 0.8814
vt 0.2894 0.7081
vt 0.8614 0.7859
vt 0.8615 0.7879
vt 0.4020 0.6902
vt 0.4057 0.7129
vt 0.5840 0.8776
vt 0.5830 0.8797
vt 0.0000 1.0000
vt 0.5758 0.8816
vt 0.8594 0.7853
vt 0.8602 0.7867
vt 0.8606 0.7880
vt 0.4031 0.6971
vt 0.4037 0.7034
vt 0.9645 0.9141
vt 0.9657 0.9137
vt 0.9651 0.9141
vt 0.9638 0.9148
vt 0.5777 0.8819
vt 0.2834 0.7129
vt 0.8590 0.7854
vt 0.8587 0.7872
vt 0.8592 0.7888
vt 0.8587 0.7883
vt 0.8602 0.7902
vt 0.4047 0.7078
vt 0.5772 0.8833
vt 0.5778 0.8829
vt 0.5760 0.8828
vt 0.5734 0.8831
vt 0.2818 0.7134
vt 0.4015 0.7001
vt 0.4026 0.7054
vt 0.8581 0.7879
vt 0.8585 0.7888
vt 0.8577 0.7868
vt 0.8588 0.7917
vt 0.3995 0.6913
vt 0.4002 0.6957
vt 0.4035 0.7102
vt 0.7530 0.7734
vt 0.8588 0.7944
vt 0.3970 0.6939
vt 0.3970 0.6954
vt 0.3966 0.6967
vt 0.3997 0.7025
vt 0.4014 0.7107
vt 0.7503 0.7736
vt 0.7512 0.7720
vt 0.3948 0.7054
vt 0.3920 0.6972
vt 0.3902 0.6994
vt 0.3938 0.7078
vt 0.3892 0.6972
vt 0.3876 0.7019
vt 0.3939 0.7114
vt 0.3877 0.7068
vt 0.3841 0.6947
vt 0.3848 0.6982
vt 0.3831 0.7008
vt 0.7744 0.7983
vt 0.7709 0.7999
vt 0.7516 0.7766
vt 0.7511 0.7762
vt 0.7522 0.7775
vt 0.8569 0.7938
vt 0.8574 0.7948
vt 0.7494 0.7722
vt 0.7490 0.7751
vt 0.8556 0.7934
vt 0.8560 0.7946
vt 0.8551 0.7937
vt 0.8554 0.7937
vt 0.8544 0.7930
vt 0.3939 0.6929
vt 0.3941 0.6923
vt 0.3928 0.6946
vt 0.3926 0.6925
vt 0.3927 0.6921
vt 0.3910 0.6909
vt 0.3886 0.6919
vt 0.3895 0.6901
vt 0.3879 0.6930
vt 0.3876 0.6893
vt 0.3879 0.6891
vt 0.3861 0.6887
vt 0.3839 0.6905
vt 0.3835 0.6897
vt 0.3838 0.6919
vt 0.3814 0.6892
vt 0.3779 0.6891
vt 0.3798 0.6913
vt 0.3802 0.6938
vt 0.3767 0.6910
vt 0.7515 0.7793
vt 0.7496 0.7771
vt 0.7511 0.7788
vt 0.7505 0.7800
vt 0.7494 0.7785
vt 0.3776 0.6874
vt 0.3765 0.6874
vt 0.3753 0.6886
vt 0.3757 0.6868
vt 0.3753 0.6875
vt 0.3734 0.6882
vt 0.7167 0.7109
vt 0.7184 0.7144
vt 0.7082 0.7164
vt 0.7125 0.7247
vt 0.7046 0.7181
vt 0.7006 0.7160
vt 0.7046 0.7225
vt 0.7002 0.7213
vt 0.7124 0.7280
vt 0.7186 0.7265
vt 0.7086 0.7290
vt 0.6944 0.7225
vt 0.7091 0.7311
vt 0.7141 0.7316
vt 0.7010 0.7337
vt 0.6947 0.7306
vt 0.7135 0.7345
vt 0.7092 0.7373
vt 0.7054 0.7352
vt 0.6866 0.7242
vt 0.6877 0.7270
vt 0.6895 0.7301
vt 0.7160 0.7391
vt 0.7102 0.7425
vt 0.6935 0.7357
vt 0.7149 0.7437
vt 0.7110 0.7473
vt 0.7025 0.7451
vt 0.6975 0.7408
vt 0.6834 0.7305
vt 0.7128 0.7473
vt 0.7150 0.7474
vt 0.7113 0.7511
vt 0.7144 0.7505
vt 0.7074 0.7513
vt 0.7101 0.7514
vt 0.6935 0.7433
vt 0.6892 0.7405
vt 0.6852 0.7364
vt 0.6831 0.7338
vt 0.7107 0.7548
vt 0.6988 0.7477
vt 0.7031 0.7527
vt 0.7055 0.7577
vt 0.7109 0.7590
vt 0.7091 0.7595
vt 0.6930 0.7477
vt 0.6961 0.6617
vt 0.6942 0.6557
vt 0.1273 0.7494
vt 0.1140 0.7256
vt 0.1190 0.7307
vt 0.1248 0.7455
vt 0.1141 0.7286
vt 0.1239 0.7547
vt 0.1138 0.7333
vt 0.1189 0.7455
vt 0.1143 0.7371
vt 0.1170 0.7443
vt 0.1119 0.7279
vt 0.1126 0.7295
vt 0.1207 0.7494
vt 0.1199 0.7550
vt 0.1111 0.7327
vt 0.1187 0.7516
vt 0.1097 0.7320
vt 0.1113 0.7358
vt 0.1111 0.7392
vt 0.1119 0.7433
vt 0.1155 0.7490
vt 0.1143 0.7467
vt 0.1081 0.7332
vt 0.1097 0.7359
vt 0.1173 0.7561
vt 0.1086 0.7376
vt 0.1088 0.7388
vt 0.1095 0.7452
vt 0.1112 0.7477
vt 0.1118 0.7508
vt 0.1136 0.7533
vt 0.1151 0.7549
vt 0.1054 0.7466
vt 0.1154 0.7586
vt 0.1051 0.7429
vt 0.1068 0.7491
vt 0.1094 0.7513
vt 0.1119 0.7578
vt 0.1119 0.7619
vt 0.1033 0.7423
vt 0.1045 0.7416
vt 0.1029 0.7456
vt 0.1028 0.7477
vt 0.1067 0.7554
vt 0.1085 0.7581
vt 0.1096 0.7613
vt 0.1002 0.7430
vt 0.1019 0.7408
vt 0.1015 0.7430
vt 0.1041 0.7514
vt 0.1008 0.7448
vt 0.1012 0.7476
vt 0.1020 0.7499
vt 0.1026 0.7581
vt 0.1044 0.7624
vt 0.1075 0.7635
vt 0.0985 0.7429
vt 0.0995 0.7416
vt 0.0988 0.7441
vt 0.0991 0.7467
vt 0.0996 0.7505
vt 0.6782 0.6874
vt 0.6652 0.6645
vt 0.6667 0.6653
vt 0.6710 0.6760
vt 0.6762 0.6945
vt 0.1748 0.9073
vt 0.1755 0.9143
vt 0.1764 0.9179
vt 0.1766 0.9251
vt 0.1719 0.9016
vt 0.1695 0.9050
vt 0.1735 0.9173
vt 0.1641 0.9178
vt 0.1675 0.9127
vt 0.1650 0.9067
vt 0.1608 0.9097
vt 0.1555 0.9153
vt 0.1639 0.9211
vt 0.1599 0.9029
vt 0.1534 0.9094
vt 0.1596 0.9218
vt 0.1500 0.9050
vt 0.1462 0.9095
vt 0.1499 0.8990
vt 0.1494 0.9202
vt 0.1704 0.8956
vt 0.1675 0.8852
vt 0.1668 0.8900
vt 0.1643 0.8939
vt 0.1652 0.9002
vt 0.1594 0.8879
vt 0.1557 0.8933
vt 0.1533 0.8981
vt 0.1489 0.8844
vt 0.1480 0.8931
vt 0.2136 0.7010
vt 0.2609 0.7363
vt 0.2533 0.7376
vt 0.2466 0.7376
vt 0.2318 0.7372
vt 0.2306 0.7365
vt 0.2578 0.7391
vt 0.2339 0.7387
vt 0.2451 0.7390
vt 0.2390 0.7399
vt 0.2578 0.7417
vt 0.2612 0.7395
vt 0.2496 0.7411
vt 0.2422 0.7428
vt 0.2542 0.7429
vt 0.2378 0.7436
vt 0.2615 0.7437
vt 0.2549 0.7443
vt 0.2491 0.7434
vt 0.2346 0.7445
vt 0.2393 0.7464
vt 0.2584 0.7458
vt 0.2621 0.7457
vt 0.2501 0.7455
vt 0.2438 0.7470
vt 0.2610 0.7504
vt 0.2549 0.7498
vt 0.2493 0.7491
vt 0.2655 0.7473
vt 0.2569 0.7520
vt 0.2412 0.7518
vt 0.2673 0.7527
vt 0.2582 0.7537
vt 0.2512 0.7524
vt 0.2459 0.7520
vt 0.0467 0.8239
vt 0.2499 0.7537
vt 0.0437 0.8264
vt 0.0408 0.8289
vt 0.0375 0.8274
vt 0.0385 0.8307
vt 0.0445 0.8384
vt 0.0353 0.8348
vt 0.0366 0.8394
vt 0.0463 0.8426
vt 0.0396 0.8453
vt 0.0308 0.8248
vt 0.0324 0.8428
vt 0.0349 0.8293
vt 0.0331 0.8392
vt 0.0304 0.8270
vt 0.0274 0.8296
vt 0.0273 0.8317
vt 0.0257 0.8401
vt 0.0203 0.8354
vt 0.0213 0.8256
vt 0.0209 0.8300
vt 0.2457 0.7551
vt 0.2435 0.7601
vt 0.2432 0.7552
vt 0.2410 0.7617
vt 0.1178 0.8048
vt 0.1192 0.8032
vt 0.1220 0.8102
vt 0.1226 0.8038
vt 0.1145 0.8015
vt 0.1174 0.7962
vt 0.1189 0.8122
vt 0.1211 0.8140
vt 0.1132 0.8025
vt 0.1140 0.8077
vt 0.1138 0.8109
vt 0.1145 0.8155
vt 0.1164 0.8170
vt 0.1106 0.8046
vt 0.1127 0.8088
vt 0.1083 0.7992
vt 0.1078 0.8034
vt 0.1097 0.8096
vt 0.1099 0.8137
vt 0.1117 0.8142
vt 0.1078 0.8067
vt 0.1094 0.8166
vt 0.1109 0.8205
vt 0.6754 0.7329
vt 0.6745 0.7379
vt 0.6773 0.7398
vt 0.1080 0.8122
vt 0.1093 0.8189
vt 0.6776 0.7432
vt 0.1062 0.8150
vt 0.1085 0.8224
vt 0.1062 0.8198
vt 0.6703 0.7392
vt 0.6742 0.7441
vt 0.6771 0.7494
vt 0.6748 0.7499
vt 0.6756 0.7544
vt 0.6696 0.7455
vt 0.6708 0.7504
vt 0.6739 0.7529
vt 0.6741 0.7553
vt 0.6744 0.7579
vt 0.6714 0.7519
vt 0.6719 0.7567
vt 0.6730 0.7568
vt 0.6675 0.7491
vt 0.6700 0.7532
vt 0.6732 0.7587
vt 0.9732 0.8908
vt 0.9756 0.8917
vt 0.9740 0.8925
vt 0.9731 0.8910
vt 0.9714 0.8911
vt 0.9714 0.8917
vt 0.9691 0.8913
vt 0.9700 0.8908
vt 0.4785 0.9248
vt 0.4724 0.9238
vt 0.4723 0.9209
vt 0.4599 0.9251
vt 0.4566 0.9217
vt 0.4615 0.9212
vt 0.4865 0.9278
vt 0.4813 0.9279
vt 0.4859 0.9237
vt 0.4844 0.9228
vt 0.4662 0.9270
vt 0.4669 0.9222
vt 0.4785 0.9308
vt 0.4737 0.9295
vt 0.4700 0.9286
vt 0.4574 0.9270
vt 0.4807 0.9295
vt 0.4642 0.9302
vt 0.4796 0.9323
vt 0.4727 0.9320
vt 0.4850 0.9338
vt 0.4880 0.9339
vt 0.4664 0.9325
vt 0.4620 0.9317
vt 0.4820 0.9346
vt 0.4725 0.9335
vt 0.4678 0.9345
vt 0.4862 0.9365
vt 0.4749 0.9349
vt 0.4655 0.9354
vt 0.4616 0.9357
vt 0.4751 0.9369
vt 0.4703 0.9368
vt 0.4874 0.9381
vt 0.4824 0.9380
vt 0.4786 0.9388
vt 0.4842 0.9422
vt 0.4785 0.9411
vt 0.4736 0.9398
vt 0.4642 0.9391
vt 0.4870 0.9415
vt 0.4884 0.9395
vt 0.4689 0.9411
vt 0.4668 0.9428
vt 0.4609 0.9422
vt 0.4886 0.9444
vt 0.4848 0.9433
vt 0.4787 0.9431
vt 0.4727 0.9431
vt 0.4821 0.9455
vt 0.4785 0.9446
vt 0.4727 0.9451
vt 0.4675 0.9450
vt 0.4779 0.9470
vt 0.4701 0.9462
vt 0.1558 0.9546
vt 0.1511 0.9519
vt 0.1433 0.9516
vt 0.1501 0.9506
vt 0.1425 0.9508
vt 0.1410 0.9518
vt 0.1389 0.9542
vt 0.1438 0.9501
vt 0.1394 0.9513
vt 0.1403 0.9495
vt 0.1505 0.9475
vt 0.1540 0.9499
vt 0.1449 0.9478
vt 0.1425 0.9478
vt 0.1374 0.9551
vt 0.1465 0.9458
vt 0.1441 0.9474
vt 0.1418 0.9488
vt 0.1396 0.9484
vt 0.1365 0.9525
vt 0.1377 0.9549
vt 0.1430 0.9475
vt 0.1462 0.9458
vt 0.1409 0.9478
vt 0.1384 0.9477
vt 0.1365 0.9551
vt 0.1450 0.9266
vt 0.1513 0.9326
vt 0.1446 0.9348
vt 0.1425 0.9458
vt 0.1438 0.9420
vt 0.1382 0.9286
vt 0.1424 0.9388
vt 0.1355 0.9387
vt 0.1381 0.9447
vt 0.1338 0.9303
vt 0.1349 0.9447
vt 0.1339 0.9504
vt 0.1260 0.9336
vt 0.1271 0.9272
vt 0.1268 0.9443
vt 0.1196 0.9403
vt 0.1140 0.9290
vt 0.1163 0.9501
vt 0.1121 0.9375
vt 0.3186 0.7424
vt 0.3155 0.7391
vt 0.3192 0.7396
vt 0.2954 0.7407
vt 0.2947 0.7368
vt 0.2973 0.7378
vt 0.2917 0.7394
vt 0.2908 0.7374
vt 0.2887 0.7377
vt 0.3131 0.7432
vt 0.3017 0.7426
vt 0.3033 0.7391
vt 0.3068 0.7392
vt 0.2869 0.7405
vt 0.3100 0.7389
vt 0.3072 0.7434
vt 0.2903 0.7437
vt 0.3126 0.7478
vt 0.3083 0.7458
vt 0.3005 0.7455
vt 0.2943 0.7446
vt 0.3189 0.7476
vt 0.3048 0.7484
vt 0.2956 0.7485
vt 0.2911 0.7456
vt 0.3128 0.7517
vt 0.3192 0.7496
vt 0.3071 0.7523
vt 0.2983 0.7515
vt 0.3156 0.7537
vt 0.2911 0.7520
vt 0.3235 0.7506
vt 0.3106 0.7536
vt 0.1108 0.8289
vt 0.0914 0.8271
vt 0.1039 0.8291
vt 0.3082 0.7555
vt 0.0809 0.8261
vt 0.1109 0.8318
vt 0.1004 0.8303
vt 0.0961 0.8297
vt 0.0863 0.8286
vt 0.0807 0.8279
vt 0.0763 0.8274
vt 0.1097 0.8395
vt 0.1117 0.8418
vt 0.1056 0.8401
vt 0.1104 0.8447
vt 0.1117 0.8470
vt 0.1078 0.8492
vt 0.1029 0.8345
vt 0.1106 0.8352
vt 0.1032 0.8415
vt 0.1014 0.8322
vt 0.1080 0.8329
vt 0.0988 0.8343
vt 0.0983 0.8372
vt 0.1049 0.8520
vt 0.0976 0.8455
vt 0.0999 0.8540
vt 0.0983 0.8507
vt 0.0976 0.8402
vt 0.0960 0.8319
vt 0.0950 0.8337
vt 0.0937 0.8445
vt 0.0938 0.8524
vt 0.0915 0.8355
vt 0.0901 0.8332
vt 0.0898 0.8418
vt 0.0872 0.8479
vt 0.0902 0.8312
vt 0.0867 0.8365
vt 0.0825 0.8305
vt 0.0844 0.8327
vt 0.0821 0.8386
vt 0.0834 0.8453
vt 0.0816 0.8510
vt 0.0799 0.8319
vt 0.0793 0.8304
vt 0.0774 0.8337
vt 0.0780 0.8379
vt 0.0772 0.8408
vt 0.0756 0.8426
vt 0.0763 0.8302
vt 0.0746 0.8370
vt 0.4242 0.9465
vt 0.4155 0.9463
vt 0.4259 0.9477
vt 0.4173 0.9475
vt 0.4127 0.9475
vt 0.4309 0.9492
vt 0.4248 0.9492
vt 0.4181 0.9492
vt 0.4332 0.9504
vt 0.4268 0.9504
vt 0.4214 0.9502
vt 0.4138 0.9504
vt 0.4293 0.9518
vt 0.4247 0.9518
vt 0.4217 0.9528
vt 0.4183 0.9533
vt 0.4321 0.9555
vt 0.4270 0.9545
vt 0.4214 0.9548
vt 0.4250 0.9582
vt 0.4166 0.9561
vt 0.4329 0.9592
vt 0.4301 0.9581
vt 0.4220 0.9583
vt 0.4362 0.9614
vt 0.4296 0.9619
vt 0.4266 0.9607
vt 0.4244 0.9607
vt 0.4221 0.9621
vt 0.4165 0.9616
vt 0.4342 0.9620
vt 0.4317 0.9637
vt 0.4352 0.9631
vt 0.3546 0.7438
vt 0.3567 0.7435
vt 0.3564 0.7440
vt 0.3549 0.7434
vt 0.3529 0.7444
vt 0.3551 0.7432
vt 0.3519 0.7428
vt 0.3498 0.7439
vt 0.3499 0.7415
vt 0.3472 0.7439
vt 0.3478 0.7415
vt 0.3559 0.7454
vt 0.3542 0.7450
vt 0.3525 0.7450
vt 0.3527 0.7447
vt 0.3507 0.7449
vt 0.3511 0.7443
vt 0.3493 0.7451
vt 0.3538 0.7463
vt 0.3521 0.7463
vt 0.1631 0.8336
vt 0.1609 0.8328
vt 0.1640 0.8323
vt 0.1619 0.8320
vt 0.1683 0.8349
vt 0.1674 0.8340
vt 0.1694 0.8338
vt 0.1602 0.8344
vt 0.1692 0.8349
vt 0.1666 0.8358
vt 0.1617 0.8349
vt 0.1598 0.8343
vt 0.1591 0.8345
vt 0.1577 0.8340
vt 0.1579 0.8340
vt 0.2873 0.6547
vt 0.2850 0.6545
vt 0.2881 0.6545
vt 0.2842 0.6533
vt 0.1625 0.8358
vt 0.1664 0.8359
vt 0.1603 0.8351
vt 0.1588 0.8345
vt 0.1582 0.8345
vt 0.1565 0.8345
vt 0.1570 0.8343
vt 0.2866 0.6555
vt 0.1654 0.8372
vt 0.1637 0.8375
vt 0.1615 0.8373
vt 0.1600 0.8354
vt 0.1595 0.8352
vt 0.1574 0.8360
vt 0.2863 0.6572
vt 0.2883 0.6557
vt 0.2879 0.6577
vt 0.2859 0.6566
vt 0.2876 0.6582
vt 0.2841 0.6555
vt 0.1620 0.8376
vt 0.1600 0.8372
vt 0.1569 0.8360
vt 0.2871 0.6568
vt 0.2872 0.6573
vt 0.9695 0.9148
vt 0.9682 0.9137
vt 0.9700 0.9144
vt 0.2893 0.6567
vt 0.2886 0.6584
vt 0.9751 0.9136
vt 0.1676 0.8377
vt 0.2857 0.6568
vt 0.0000 1.0000
vt 0.2850 0.6566
vt 0.2839 0.6554
vt 0.1644 0.8378
vt 0.0000 1.0000
vt 0.0000 1.0000
vt 0.2893 0.6579
vt 0.2883 0.6582
vt 0.1704 0.8392
vt 0.1685 0.8393
vt 0.1712 0.8372
vt 0.1693 0.8371
vt 0.1665 0.8379
vt 0.1674 0.8377
vt 0.1693 0.8388
vt 0.1698 0.8386
vt 0.2631 0.6537
vt 0.2634 0.6528
vt 0.1678 0.8386
vt 0.2706 0.6542
vt 0.2701 0.6538
vt 0.1703 0.8400
vt 0.1684 0.8398
vt 0.1668 0.8383
vt 0.1673 0.8386
vt 0.9469 0.9145
vt 0.9461 0.9140
vt 0.1609 0.8372
vt 0.1616 0.8357
vt 0.1631 0.8365
vt 0.1590 0.8369
vt 0.1597 0.8352
vt 0.1684 0.8403
vt 0.1721 0.8401
vt 0.1702 0.8405
vt 0.1697 0.8400
vt 0.1674 0.8387
vt 0.1678 0.8399
vt 0.1638 0.8382
vt 0.1630 0.8398
vt 0.1619 0.8386
vt 0.1646 0.8376
vt 0.1601 0.8383
vt 0.1579 0.8389
vt 0.1571 0.8370
vt 0.1546 0.8386
vt 0.1552 0.8365
vt 0.1667 0.8387
vt 0.1661 0.8401
vt 0.1648 0.8404
vt 0.1656 0.8389
vt 0.1641 0.8384
vt 0.1613 0.8407
vt 0.1593 0.8401
vt 0.1572 0.8401
vt 0.1540 0.8405
vt 0.1529 0.8402
vt 0.1521 0.8394
vt 0.1527 0.8378
vt 0.1502 0.8390
vt 0.1508 0.8372
vt 0.1680 0.8568
vt 0.1662 0.8587
vt 0.1646 0.8421
vt 0.1658 0.8460
vt 0.1635 0.8486
vt 0.1681 0.8501
vt 0.1667 0.8527
vt 0.1596 0.8442
vt 0.1603 0.8540
vt 0.1637 0.8603
vt 0.1567 0.8567
vt 0.1568 0.8436
vt 0.1601 0.8625
vt 0.1543 0.8435
vt 0.1520 0.8403
vt 0.1524 0.8444
vt 0.1498 0.8402
vt 0.1493 0.8439
vt 0.1509 0.8582
vt 0.1479 0.8532
vt 0.1475 0.8385
vt 0.1490 0.8382
vt 0.1446 0.8409
vt 0.1454 0.8454
vt 0.1424 0.8381
vt 0.1416 0.8412
vt 0.1408 0.8453
vt 0.1395 0.8500
vt 0.1425 0.8312
vt 0.1424 0.8331
vt 0.1406 0.8326
vt 0.1425 0.8349
vt 0.1391 0.8346
vt 0.1373 0.8369
vt 0.0000 1.0000
vt 0.1808 0.6771
vt 0.1785 0.6790
vt 0.1771 0.6818
vt 0.1788 0.6782
vt 0.3431 0.7424
vt 0.3402 0.7419
vt 0.3426 0.7400
vt 0.3342 0.7416
vt 0.3246 0.7445
vt 0.3250 0.7397
vt 0.3304 0.7402
vt 0.3221 0.7414
vt 0.3452 0.7443
vt 0.3401 0.7446
vt 0.3376 0.7462
vt 0.3342 0.7448
vt 0.3296 0.7446
vt 0.3422 0.7462
vt 0.3447 0.7475
vt 0.3397 0.7469
vt 0.3335 0.7493
vt 0.3442 0.7485
vt 0.3426 0.7492
vt 0.3412 0.7478
vt 0.3261 0.7477
vt 0.3445 0.7488
vt 0.3399 0.7490
vt 0.3257 0.7506
vt 0.3403 0.7512
vt 0.3422 0.7514
vt 0.1263 0.8252
vt 0.1415 0.8253
vt 0.1322 0.8256
vt 0.1407 0.8262
vt 0.1421 0.8260
vt 0.1186 0.8259
vt 0.1414 0.8264
vt 0.1351 0.8277
vt 0.1211 0.8290
vt 0.1385 0.8290
vt 0.1409 0.8276
vt 0.1398 0.8286
vt 0.1289 0.8301
vt 0.1369 0.8309
vt 0.1339 0.8305
vt 0.1183 0.8306
vt 0.1411 0.8296
vt 0.1417 0.8295
vt 0.1393 0.8310
vt 0.1343 0.8323
vt 0.1298 0.8319
vt 0.1246 0.8317
vt 0.1370 0.8337
vt 0.1348 0.8349
vt 0.1308 0.8347
vt 0.1257 0.8342
vt 0.1227 0.8338
vt 0.1170 0.8332
vt 0.1367 0.8381
vt 0.1374 0.8454
vt 0.1351 0.8408
vt 0.1341 0.8454
vt 0.1326 0.8484
vt 0.1314 0.8374
vt 0.1282 0.8396
vt 0.1273 0.8441
vt 0.1268 0.8505
vt 0.1241 0.8367
vt 0.1217 0.8440
vt 0.1195 0.8524
vt 0.1210 0.8412
vt 0.1196 0.8486
vt 0.1176 0.8361
vt 0.1154 0.8419
vt 0.1158 0.8472
vt 0.1150 0.8336
vt 0.1124 0.8374
vt 0.1836 0.7526
vt 0.1892 0.7470
vt 0.1892 0.7596
vt 0.1969 0.7618
vt 0.1920 0.7652
vt 0.1950 0.7673
vt 0.2006 0.7640
vt 0.1789 0.7528
vt 0.1841 0.7489
vt 0.1829 0.7594
vt 0.1854 0.7694
vt 0.1884 0.7717
vt 0.1747 0.7659
vt 0.1786 0.7725
vt 0.1674 0.7596
vt 0.1722 0.7521
vt 0.1709 0.7667
vt 0.1831 0.7752
vt 0.1875 0.7729
vt 0.1846 0.7747
vt 0.1744 0.7765
vt 0.1770 0.7789
vt 0.1669 0.7779
vt 0.1635 0.7677
vt 0.1699 0.7831
vt 0.1616 0.7781
vt 0.1569 0.7703
vt 0.1542 0.7803
vt 0.1622 0.7837
vt 0.1660 0.7860
vt 0.1619 0.7883
vt 0.1509 0.7748
vt 0.1552 0.7851
vt 0.1575 0.7875
vt 0.1574 0.7914
vt 0.1451 0.7738
vt 0.1495 0.7806
vt 0.1538 0.7880
vt 0.1449 0.7855
vt 0.1468 0.7910
vt 0.1467 0.7981
vt 0.1425 0.7756
vt 0.1365 0.7796
vt 0.1377 0.7847
vt 0.1411 0.7900
vt 0.1443 0.7927
vt 0.1388 0.7922
vt 0.1399 0.7955
vt 0.1437 0.7963
vt 0.1327 0.7886
vt 0.1355 0.7903
vt 0.1373 0.7999
vt 0.1399 0.8023
vt 0.1333 0.7935
vt 0.1353 0.7984
vt 0.1313 0.7839
vt 0.1306 0.7888
vt 0.1355 0.8053
vt 0.1296 0.7969
vt 0.1308 0.8017
vt 0.1319 0.8069
vt 0.1260 0.7895
vt 0.1262 0.7933
vt 0.1255 0.7993
vt 0.1284 0.8057
vt 0.1297 0.8081
vt 0.1215 0.7957
vt 0.1321 0.8091
vt 0.1275 0.8100
vt 0.1305 0.8116
vt 0.1289 0.8123
vt 0.4216 0.8544
vt 0.4194 0.8489
vt 0.4273 0.8507
vt 0.4178 0.8563
vt 0.4128 0.8494
vt 0.4101 0.8531
vt 0.4071 0.8501
vt 0.0000 1.0000
vt 0.0000 1.0000
vt 0.0000 1.0000
vt 0.4263 0.8563
vt 0.4143 0.8562
vt 0.4054 0.8550
vt 0.4094 0.8617
vt 0.4083 0.8563
vt 0.4057 0.8563
vt 0.0000 1.0000
vt 0.0000 1.0000
vt 0.4191 0.8603
vt 0.4294 0.8598
vt 0.4221 0.8618
vt 0.4057 0.8616
vt 0.0000 1.0000
vt 0.4184 0.8731
vt 0.4148 0.8727
vt 0.4271 0.8683
vt 0.4098 0.8737
vt 0.4221 0.8708
vt 0.4054 0.8743
vt 0.4269 0.8779
vt 0.4194 0.8769
vt 0.4142 0.8781
vt 0.4209 0.8788
vt 0.4085 0.8795
vt 0.4050 0.8799
vt 0.4197 0.8848
vt 0.4154 0.8871
vt 0.4096 0.8865
vt 0.4053 0.8849
vt 0.4077 0.8824
vt 0.0000 1.0000
vt 0.0000 1.0000
vt 0.4214 0.8897
vt 0.4179 0.8892
vt 0.4108 0.8891
vt 0.4070 0.8882
vt 0.4083 0.8908
vt 0.4049 0.8884
vt 0.0000 1.0000
vt 0.4186 0.8916
vt 0.4141 0.8931
vt 0.4063 0.8925
vt 0.0000 1.0000
vt 0.0000 1.0000
vt 0.0000 1.0000
vt 0.0000 1.0000
vt 0.0000 1.0000
vt 0.0000 1.0000
vt 0.4525 0.7816
vt 0.0000 1.0000
vt 0.0000 1.0000
vt 0.0000 1.0000
vt 0.4471 0.7825
vt 0.4500 0.7858
vt 0.4487 0.7945
vt 0.4517 0.8094
vt 0.0000 1.0000
vt 0.0000 1.0000
vt 0.4444 0.7866
vt 0.4494 0.8058
vt 0.4443 0.7988
vt 0.4460 0.8052
vt 0.4454 0.8130
vt 0.0000 1.0000
vt 0.4390 0.7824
vt 0.4398 0.7901
vt 0.4408 0.7861
vt 0.4404 0.7940
vt 0.4475 0.8100
vt 0.4408 0.8046
vt 0.4415 0.8072
vt 0.4423 0.8127
vt 0.4466 0.6928
vt 0.6562 0.7205
vt 0.4439 0.7089
vt 0.6557 0.7292
vt 0.6586 0.7355
vt 0.6626 0.7335
vt 0.6603 0.7399
vt 0.6610 0.7427
vt 0.4492 0.6808
vt 0.6531 0.7167
vt 0.4508 0.7100
vt 0.4509 0.7175
vt 0.6579 0.7423
vt 0.4398 0.6916
vt 0.4524 0.7215
vt 0.4511 0.7244
vt 0.4374 0.6973
vt 0.4364 0.7109
vt 0.4464 0.7133
vt 0.4474 0.7161
vt 0.4475 0.7183
vt 0.4456 0.7230
vt 0.4405 0.7132
vt 0.4441 0.7171
vt 0.4420 0.7195
vt 0.4333 0.6938
vt 0.4415 0.7159
vt 0.4398 0.7183
vt 0.4325 0.7042
vt 0.4363 0.7157
vt 0.4377 0.7170
vt 0.4369 0.7261
vt 0.4275 0.7032
vt 0.4345 0.7124
vt 0.4354 0.7200
vt 0.4322 0.7287
vt 0.4257 0.6995
vt 0.4295 0.7130
vt 0.4308 0.7153
vt 0.4311 0.7176
vt 0.4324 0.7185
vt 0.4317 0.7209
vt 0.4333 0.7234
vt 0.4262 0.7103
vt 0.4300 0.7193
vt 0.4295 0.7216
vt 0.4286 0.7252
vt 0.4292 0.7299
vt 0.4236 0.7085
vt 0.4234 0.7159
vt 0.4284 0.7167
vt 0.4282 0.7187
vt 0.4272 0.7228
vt 0.4220 0.7137
vt 0.4262 0.7177
vt 0.4270 0.7199
vt 0.4265 0.7295
vt 0.4258 0.7338
vt 0.4193 0.7063
vt 0.4220 0.7196
vt 0.4245 0.7272
vt 0.4166 0.7149
vt 0.4196 0.7196
vt 0.4242 0.7250
vt 0.4207 0.7290
vt 0.4225 0.7260
vt 0.4229 0.7340
vt 0.4212 0.7313
vt 0.4237 0.7221
vt 0.4205 0.7227
vt 0.4173 0.7181
vt 0.4208 0.7269
vt 0.4210 0.7356
vt 0.4216 0.7379
vt 0.4173 0.7266
vt 0.4212 0.7249
vt 0.4196 0.7279
vt 0.4169 0.7042
vt 0.4126 0.7147
vt 0.4192 0.7300
vt 0.4187 0.7315
vt 0.3499 0.7226
vt 0.3480 0.7170
vt 0.3402 0.7198
vt 0.1576 0.6750
vt 0.3372 0.7164
vt 0.3237 0.7192
vt 0.1438 0.6754
vt 0.1370 0.6774
vt 0.3555 0.7228
vt 0.3458 0.7221
vt 0.3306 0.7216
vt 0.3328 0.7242
vt 0.3550 0.7246
vt 0.3212 0.7251
vt 0.3423 0.7290
vt 0.3527 0.7278
vt 0.3472 0.7309
vt 0.3353 0.7294
vt 0.3282 0.7281
vt 0.3505 0.7327
vt 0.3392 0.7323
vt 0.3296 0.7308
vt 0.3235 0.7323
vt 0.3416 0.7353
vt 0.3312 0.7339
vt 0.3175 0.7276
vt 0.3197 0.7344
vt 0.3493 0.7371
vt 0.3365 0.7377
vt 0.3337 0.7373
vt 0.3254 0.7352
vt 0.3301 0.7373
vt 0.3242 0.7386
vt 0.3491 0.7390
vt 0.3214 0.7375
vt 0.3178 0.7362
vt 0.8524 0.8092
vt 0.8517 0.8093
vt 0.8474 0.8081
vt 0.8453 0.8082
vt 0.8435 0.8079
vt 0.8431 0.8059
vt 0.8401 0.8046
vt 0.8390 0.8030
vt 0.8393 0.8037
vt 0.8377 0.8034
vt 0.8526 0.8111
vt 0.8510 0.8112
vt 0.8497 0.8109
vt 0.8429 0.8102
vt 0.8407 0.8081
vt 0.8393 0.8083
vt 0.8391 0.8079
vt 0.8388 0.8064
vt 0.8379 0.8055
vt 0.8509 0.8132
vt 0.8524 0.8128
vt 0.8498 0.8147
vt 0.8447 0.8128
vt 0.8370 0.8067
vt 0.8368 0.8085
vt 0.0882 0.6535
vt 0.8428 0.8123
vt 0.8394 0.8106
vt 0.8380 0.8097
vt 0.8384 0.8087
vt 0.0821 0.6525
vt 0.8435 0.8140
vt 0.8399 0.8131
vt 0.8389 0.8123
vt 0.8375 0.8117
vt 0.8364 0.8109
vt 0.0898 0.6543
vt 0.0892 0.6561
vt 0.0844 0.6565
vt 0.0802 0.6595
vt 0.8435 0.8171
vt 0.8399 0.8152
vt 0.8387 0.8142
vt 0.8374 0.8135
vt 0.8361 0.8106
vt 0.8371 0.8130
vt 0.8366 0.8126
vt 0.8359 0.8098
vt 0.8349 0.8139
vt 0.8334 0.8115
vt 0.8341 0.8093
vt 0.0896 0.6592
vt 0.0883 0.6587
vt 0.0913 0.6564
vt 0.0867 0.6583
vt 0.8411 0.8172
vt 0.8399 0.8164
vt 0.8401 0.8166
vt 0.8382 0.8161
vt 0.8396 0.8165
vt 0.8364 0.8146
vt 0.2948 0.6630
vt 0.0892 0.6601
vt 0.0878 0.6610
vt 0.0845 0.6617
vt 0.8438 0.8209
vt 0.8410 0.8189
vt 0.8399 0.8184
vt 0.8397 0.8184
vt 0.8396 0.8183
vt 0.2941 0.6658
vt 0.0907 0.6628
vt 0.0905 0.6618
vt 0.0913 0.6617
vt 0.0904 0.6642
vt 0.0891 0.6637
vt 0.0887 0.6618
vt 0.0864 0.6636
vt 0.0908 0.6661
vt 0.0882 0.6668
vt 0.0859 0.6670
vt 0.0803 0.6651
vt 0.0914 0.6680
vt 0.0917 0.6676
vt 0.0869 0.6693
vt 0.0903 0.6706
vt 0.0849 0.6709
vt 0.7475 0.8055
vt 0.7446 0.7993
vt 0.8621 0.8035
vt 0.7199 0.8039
vt 0.7295 0.7950
vt 0.7326 0.8021
vt 0.7151 0.7965
vt 0.7371 0.8075
vt 0.7091 0.8067
vt 0.7082 0.7996
vt 0.7329 0.8096
vt 0.7206 0.8086
vt 0.7001 0.8051
vt 0.8575 0.8155
vt 0.8595 0.8113
vt 0.5786 0.8882
vt 0.7380 0.8135
vt 0.7063 0.8106
vt 0.5654 0.8860
vt 0.7160 0.8113
vt 0.5691 0.8882
vt 0.5831 0.8900
vt 0.5751 0.8912
vt 0.5562 0.8917
vt 0.5489 0.8883
vt 0.5688 0.8956
vt 0.5628 0.8940
vt 0.5777 0.8963
vt 0.5502 0.8931
vt 0.5636 0.8968
vt 0.5724 0.8992
vt 0.5490 0.9008
vt 0.5778 0.9020
vt 0.5533 0.9019
vt 0.5725 0.9046
vt 0.5665 0.9040
vt 0.5587 0.9013
vt 0.5760 0.9079
vt 0.5598 0.9059
vt 0.5524 0.9057
vt 0.5508 0.9043
vt 0.5417 0.9062
vt 0.5726 0.9100
vt 0.5647 0.9086
vt 0.5478 0.9080
vt 0.1291 0.6777
vt 0.1285 0.6740
vt 0.1321 0.6762
vt 0.1196 0.6780
vt 0.4721 0.9687
vt 0.1211 0.6748
vt 0.1165 0.6714
vt 0.4702 0.9667
vt 0.4650 0.9675
vt 0.4669 0.9650
vt 0.1354 0.6734
vt 0.1226 0.6774
vt 0.3155 0.7225
vt 0.1308 0.6796
vt 0.4686 0.9696
vt 0.4670 0.9696
vt 0.4659 0.9692
vt 0.3071 0.7219
vt 0.1224 0.6799
vt 0.3000 0.7229
vt 0.4729 0.9712
vt 0.4712 0.9717
vt 0.4686 0.9720
vt 0.4672 0.9723
vt 0.4657 0.9707
vt 0.3127 0.7245
vt 0.3074 0.7254
vt 0.4700 0.9727
vt 0.4649 0.9728
vt 0.3026 0.7279
vt 0.2975 0.7257
vt 0.4716 0.9733
vt 0.4702 0.9738
vt 0.4687 0.9744
vt 0.4672 0.9743
vt 0.4657 0.9738
vt 0.3147 0.7312
vt 0.3080 0.7321
vt 0.2979 0.7289
vt 0.2956 0.7283
vt 0.2933 0.7287
vt 0.4688 0.9758
vt 0.4679 0.9759
vt 0.4659 0.9754
vt 0.4657 0.9764
vt 0.4672 0.9764
vt 0.4655 0.9776
vt 0.3038 0.7314
vt 0.4679 0.9774
vt 0.2931 0.7294
vt 0.2915 0.7315
vt 0.2917 0.7319
vt 0.3004 0.7343
vt 0.2972 0.7319
vt 0.2936 0.7313
vt 0.2919 0.7324
vt 0.3105 0.7349
vt 0.3043 0.7339
vt 0.2923 0.7319
vt 0.2884 0.7347
vt 0.2877 0.7353
vt 0.2875 0.7355
vt 0.3137 0.7366
vt 0.2974 0.7338
vt 0.2940 0.7341
vt 0.2925 0.7334
vt 0.3105 0.7361
vt 0.3050 0.7361
vt 0.3016 0.7365
vt 0.2927 0.7355
vt 0.2907 0.7351
vt 0.2903 0.7361
vt 0.2903 0.6811
vt 0.2780 0.6890
vt 0.2825 0.6776
vt 0.2754 0.6844
vt 0.2988 0.6841
vt 0.2988 0.6820
vt 0.2949 0.6939
vt 0.2898 0.6916
vt 0.2807 0.6920
vt 0.2704 0.6904
vt 0.2729 0.6809
vt 0.2645 0.6865
vt 0.2642 0.6933
vt 0.2842 0.6945
vt 0.2716 0.6957
vt 0.2928 0.6978
vt 0.2861 0.7002
vt 0.2841 0.6991
vt 0.2762 0.6971
vt 0.2690 0.6949
vt 0.2683 0.6986
vt 0.2669 0.6979
vt 0.2645 0.6983
vt 0.2773 0.7028
vt 0.6503 0.8538
vt 0.6557 0.8516
vt 0.6520 0.8558
vt 0.6488 0.8509
vt 0.6460 0.8529
vt 0.6456 0.8490
vt 0.6416 0.8506
vt 0.6412 0.8543
vt 0.6365 0.8550
vt 0.6342 0.8471
vt 0.6306 0.8531
vt 0.6442 0.8562
vt 0.6463 0.8590
vt 0.2998 0.6774
vt 0.6548 0.8571
vt 0.2794 0.6731
vt 0.2921 0.6758
vt 0.6441 0.6870
vt 0.6446 0.6931
vt 0.6421 0.6921
vt 0.4330 0.6603
vt 0.4433 0.6612
vt 0.4373 0.6636
vt 0.4391 0.6699
vt 0.4453 0.6771
vt 0.6525 0.7064
vt 0.6395 0.6948
vt 0.4484 0.6694
vt 0.4437 0.6745
vt 0.4416 0.6814
vt 0.4324 0.6712
vt 0.4351 0.6769
vt 0.4376 0.6855
vt 0.4271 0.6619
vt 0.4288 0.6656
vt 0.4265 0.6732
vt 0.4297 0.6830
vt 0.4320 0.6916
vt 0.5816 0.8613
vt 0.5812 0.8632
vt 0.6588 0.8635
vt 0.4231 0.6612
vt 0.4203 0.6669
vt 0.4257 0.6678
vt 0.4236 0.6823
vt 0.4202 0.6711
vt 0.4232 0.6716
vt 0.4223 0.6766
vt 0.4248 0.6857
vt 0.5822 0.8641
vt 0.5812 0.8656
vt 0.5796 0.8656
vt 0.3052 0.6812
vt 0.4244 0.6934
vt 0.5821 0.8673
vt 0.5828 0.8654
vt 0.5810 0.8681
vt 0.3017 0.6946
vt 0.4187 0.6754
vt 0.4180 0.6815
vt 0.5829 0.8665
vt 0.5793 0.8713
vt 0.4194 0.6644
vt 0.4170 0.6704
vt 0.4175 0.6751
vt 0.4181 0.6848
vt 0.4191 0.6931
vt 0.5827 0.8689
vt 0.5821 0.8716
vt 0.5807 0.8711
vt 0.4136 0.6717
vt 0.4146 0.6769
vt 0.4153 0.6810
vt 0.5831 0.8694
vt 0.2950 0.7004
vt 0.5835 0.8705
vt 0.5826 0.8695
vt 0.5829 0.8720
vt 0.5821 0.8728
vt 0.5824 0.8738
vt 0.5818 0.8739
vt 0.5807 0.8749
vt 0.8646 0.7802
vt 0.4117 0.6877
vt 0.5832 0.8725
vt 0.5830 0.8705
vt 0.5829 0.8716
vt 0.5832 0.8731
vt 0.5834 0.8758
vt 0.5834 0.8746
vt 0.5789 0.8757
vt 0.8049 0.7854
vt 0.5839 0.8735
vt 0.5842 0.8746
vt 0.5818 0.8770
vt 0.5805 0.8763
vt 0.5824 0.8767
vt 0.5822 0.8753
vt 0.0000 1.0000
vt 0.8048 0.7878
vt 0.5822 0.8772
vt 0.5824 0.8772
vt 0.3588 0.7201
vt 0.2165 0.6945
vt 0.0000 1.0000
vt 0.3601 0.7231
vt 0.0000 1.0000
vt 0.2162 0.6961
vt 0.2153 0.6977
vt 0.3589 0.7266
vt 0.2157 0.6976
vt 0.2150 0.6992
vt 0.3565 0.7263
vt 0.3586 0.7277
vt 0.2151 0.7000
vt 0.0000 1.0000
vt 0.2143 0.7007
vt 0.3607 0.7284
vt 0.3618 0.7316
vt 0.3600 0.7294
vt 0.0000 1.0000
vt 0.3576 0.7298
vt 0.3556 0.7284
vt 0.3577 0.7314
vt 0.0000 1.0000
vt 0.3589 0.7322
vt 0.3544 0.7327
vt 0.3603 0.7352
vt 0.3580 0.7347
vt 0.3565 0.7337
vt 0.3593 0.7373
vt 0.3552 0.7372
vt 0.3533 0.7359
vt 0.3589 0.7391
vt 0.3569 0.7379
vt 0.3543 0.7396
vt 0.3523 0.7390
vt 0.3563 0.7395
vt 0.3578 0.7402
vt 0.3558 0.7409
vt 0.3573 0.7417
vt 0.3522 0.7413
vt 0.3553 0.7423
vt 0.6415 0.6911
vt 0.6399 0.6876
vt 0.5725 0.9474
vt 0.5724 0.9455
vt 0.5738 0.9470
vt 0.5734 0.9481
vt 0.5730 0.9477
vt 0.5731 0.9490
vt 0.5731 0.9478
vt 0.5744 0.9486
vt 0.5737 0.9510
vt 0.5752 0.9482
vt 0.5743 0.9524
vt 0.5760 0.9501
vt 0.6360 0.6786
vt 0.6385 0.6794
vt 0.6397 0.6774
vt 0.6378 0.6806
vt 0.6399 0.6788
vt 0.6388 0.6812
vt 0.6390 0.6819
vt 0.6372 0.6834
vt 0.6409 0.6830
vt 0.6373 0.6868
vt 0.6424 0.6834
vt 0.0000 1.0000
vt 0.2085 0.6726
vt 0.2079 0.6716
vt 0.5833 0.8499
vt 0.2079 0.6713
vt 0.5838 0.8503
vt 0.5844 0.8515
vt 0.5841 0.8518
vt 0.5831 0.8539
vt 0.6666 0.8524
vt 0.6633 0.8565
vt 0.6656 0.8511
vt 0.6625 0.8507
vt 0.6599 0.8562
vt 0.6594 0.8499
vt 0.6399 0.6895
vt 0.6363 0.6812
vt 0.6359 0.6820
vt 0.5720 0.9508
vt 0.2109 0.6617
vt 0.2109 0.6614
vt 0.5711 0.9509
vt 0.5841 0.8511
vt 0.2080 0.6740
vt 0.5840 0.8520
vt 0.5844 0.8528
vt 0.5837 0.8541
vt 0.5720 0.9511
vt 0.5727 0.9500
vt 0.5725 0.9520
vt 0.5731 0.9527
vt 0.6336 0.6794
vt 0.6353 0.6809
vt 0.6358 0.6834
vt 0.6348 0.6855
vt 0.5709 0.9516
vt 0.5716 0.9511
vt 0.5718 0.9500
vt 0.0000 1.0000
vt 0.0000 1.0000
vt 0.0000 1.0000
vt 0.0000 1.0000
vt 0.0000 1.0000
vt 0.0000 1.0000
vt 0.0000 1.0000
vt 0.5835 0.8522
vt 0.0000 1.0000
vt 0.5837 0.8531
vt 0.5834 0.8540
vt 0.5826 0.8565
vt 0.5817 0.8581
vt 0.6601 0.8598
vt 0.6564 0.8597
vt 0.6377 0.6924
vt 0.6380 0.6953
vt 0.5716 0.9516
vt 0.5732 0.9538
vt 0.5719 0.9531
vt 0.5736 0.9546
vt 0.6334 0.6837
vt 0.6336 0.6852
vt 0.6372 0.6903
vt 0.6345 0.6885
vt 0.5716 0.9530
vt 0.5705 0.9528
vt 0.5833 0.8531
vt 0.5839 0.8551
vt 0.5834 0.8560
vt 0.5829 0.8573
vt 0.5815 0.8593
vt 0.3051 0.6776
vt 0.5714 0.9540
vt 0.5727 0.9549
vt 0.5735 0.9571
vt 0.5735 0.9583
vt 0.6329 0.6873
vt 0.6353 0.6902
vt 0.6352 0.6928
vt 0.6336 0.6887
vt 0.0000 1.0000
vt 0.5828 0.8553
vt 0.5824 0.8561
vt 0.5833 0.8581
vt 0.5824 0.8601
vt 0.6357 0.6953
vt 0.5713 0.9552
vt 0.2532 0.6549
vt 0.5713 0.9556
vt 0.5716 0.9559
vt 0.5729 0.9568
vt 0.5714 0.9560
vt 0.6327 0.6875
vt 0.6336 0.6915
vt 0.6319 0.6896
vt 0.0000 1.0000
vt 0.0000 1.0000
vt 0.0000 1.0000
vt 0.5831 0.8611
vt 0.2536 0.6571
vt 0.5720 0.9571
vt 0.5722 0.9589
vt 0.5730 0.9588
vt 0.5739 0.9595
vt 0.6303 0.6882
vt 0.6316 0.6900
vt 0.6331 0.6936
vt 0.6319 0.6913
vt 0.6341 0.6951
vt 0.0000 1.0000
vt 0.0000 1.0000
vt 0.0000 1.0000
vt 0.5824 0.8597
vt 0.5717 0.9577
vt 0.5724 0.9581
vt 0.5732 0.9614
vt 0.6310 0.6910
vt 0.2991 0.6546
vt 0.0000 1.0000
vt 0.0000 1.0000
vt 0.5825 0.8614
vt 0.5837 0.8623
vt 0.5833 0.8633
vt 0.5720 0.9591
vt 0.5711 0.9585
vt 0.6323 0.6965
vt 0.5719 0.9608
vt 0.5725 0.9617
vt 0.5735 0.9641
vt 0.2985 0.6554
vt 0.6309 0.6939
vt 0.6314 0.6952
vt 0.6326 0.6979
vt 0.0000 1.0000
vt 0.5830 0.8633
vt 0.5837 0.8643
vt 0.5711 0.9593
vt 0.0000 1.0000
vt 0.5713 0.9602
vt 0.5718 0.9617
vt 0.5729 0.9627
vt 0.5724 0.9636
vt 0.6301 0.6954
vt 0.6299 0.6963
vt 0.6311 0.6995
vt 0.4165 0.6662
vt 0.0000 1.0000
vt 0.0000 1.0000
vt 0.5831 0.8644
vt 0.5835 0.8653
vt 0.5705 0.9597
vt 0.5713 0.9614
vt 0.5705 0.9608
vt 0.5720 0.9638
vt 0.5715 0.9629
vt 0.6295 0.6976
vt 0.0000 1.0000
vt 0.0000 1.0000
vt 0.0000 1.0000
vt 0.5828 0.8663
vt 0.5703 0.9622
vt 0.6295 0.7018
vt 0.5705 0.9630
vt 0.5714 0.9657
vt 0.5725 0.9666
vt 0.6282 0.6974
vt 0.6277 0.6985
vt 0.6279 0.6984
vt 0.6294 0.7000
vt 0.0000 1.0000
vt 0.0000 1.0000
vt 0.5828 0.8675
vt 0.5721 0.9666
vt 0.6280 0.6974
vt 0.6275 0.6984
vt 0.6281 0.6991
vt 0.6290 0.6989
vt 0.6288 0.6999
vt 0.6285 0.7008
vt 0.5701 0.9640
vt 0.5707 0.9649
vt 0.6276 0.6988
vt 0.8650 0.7792
vt 0.0000 1.0000
vt 0.0000 1.0000
vt 0.5822 0.8686
vt 0.5710 0.9664
vt 0.5719 0.9679
vt 0.6275 0.6985
vt 0.6274 0.6997
vt 0.5698 0.9658
vt 0.6267 0.7027
vt 0.8647 0.7765
vt 0.0000 1.0000
vt 0.0000 1.0000
vt 0.0000 1.0000
vt 0.0000 1.0000
vt 0.0000 1.0000
vt 0.5819 0.8695
vt 0.5703 0.9672
vt 0.6271 0.7024
vt 0.8639 0.7787
vt 0.5698 0.9668
vt 0.0000 1.0000
vt 0.0000 1.0000
vt 0.0000 1.0000
vt 0.0000 1.0000
vt 0.6986 0.7987
vt 0.6997 0.7933
vt 0.6947 0.7945
vt 0.6884 0.7984
vt 0.9328 0.9923
vt 0.9359 0.9787
vt 0.9313 0.9877
vt 0.9317 0.9809
vt 0.9275 0.9869
vt 0.9270 0.9815
vt 0.9203 0.9816
vt 0.9227 0.9786
vt 0.9222 0.9867
vt 0.9145 0.9766
vt 0.9157 0.9830
vt 0.9113 0.9763
vt 0.9195 0.9865
vt 0.9108 0.9824
vt 0.9083 0.9783
vt 0.9078 0.9737
vt 0.6901 0.8040
vt 0.9274 0.9953
vt 0.9158 0.9866
vt 0.9230 0.9947
vt 0.9111 0.9889
vt 0.9078 0.9863
vt 0.6891 0.8128
vt 0.6809 0.8099
vt 0.5648 0.8608
vt 0.5639 0.8583
vt 0.5663 0.8623
vt 0.9082 0.9943
vt 0.6797 0.8144
vt 0.6755 0.8146
vt 0.5639 0.8644
vt 0.5675 0.8693
vt 0.5683 0.8686
vt 0.5605 0.8609
vt 0.5424 0.8900
vt 0.5400 0.8875
vt 0.5650 0.8678
vt 0.5604 0.8638
vt 0.5572 0.8656
vt 0.5353 0.8912
vt 0.5328 0.8902
vt 0.5628 0.8664
vt 0.5599 0.8679
vt 0.5482 0.8929
vt 0.5389 0.8932
vt 0.5636 0.8699
vt 0.5639 0.8737
vt 0.5295 0.8912
vt 0.5309 0.8917
vt 0.5620 0.8688
vt 0.5574 0.8687
vt 0.5347 0.8937
vt 0.5325 0.8925
vt 0.5636 0.8741
vt 0.5626 0.8711
vt 0.5597 0.8721
vt 0.5577 0.8727
vt 0.5471 0.8964
vt 0.5403 0.8971
vt 0.5347 0.8977
vt 0.5318 0.8968
vt 0.5298 0.8954
vt 0.5290 0.8967
vt 0.5227 0.8906
vt 0.5356 0.8996
vt 0.5274 0.8941
vt 0.5255 0.8948
vt 0.5280 0.8960
vt 0.5242 0.8928
vt 0.5418 0.9000
vt 0.5290 0.8987
vt 0.5276 0.8977
vt 0.5366 0.9025
vt 0.5311 0.9028
vt 0.5289 0.9030
vt 0.5273 0.8961
vt 0.5273 0.8965
vt 0.5276 0.8957
vt 0.5277 0.8991
vt 0.5235 0.8991
vt 0.5204 0.8974
vt 0.5271 0.8968
vt 0.5257 0.8976
vt 0.5264 0.9008
vt 0.5269 0.8989
vt 0.5272 0.9044
vt 0.5281 0.9034
vt 0.5311 0.9077
vt 0.5267 0.8996
vt 0.5265 0.9043
vt 0.5196 0.8999
vt 0.0671 0.9113
vt 0.0632 0.9107
vt 0.0651 0.9079
vt 0.0610 0.9039
vt 0.0619 0.9094
vt 0.0572 0.9114
vt 0.0559 0.9044
vt 0.0462 0.9115
vt 0.0487 0.9038
vt 0.0412 0.9051
vt 0.0658 0.8881
vt 0.0670 0.8791
vt 0.0611 0.8822
vt 0.0592 0.8940
vt 0.0622 0.8977
vt 0.0579 0.8888
vt 0.0530 0.8920
vt 0.0516 0.8827
vt 0.0500 0.8977
vt 0.0558 0.8784
vt 0.0500 0.8851
vt 0.0499 0.8791
vt 0.0476 0.8928
vt 0.0434 0.8873
vt 0.0405 0.8971
vt 0.0434 0.8805
vt 0.0412 0.8911
vt 0.0368 0.8923
vt 0.5088 0.9493
vt 0.5059 0.9465
vt 0.5055 0.9486
vt 0.5019 0.9464
vt 0.5001 0.9499
vt 0.4995 0.9472
vt 0.4960 0.9503
vt 0.4977 0.9458
vt 0.4949 0.9464
vt 0.4937 0.9497
vt 0.4923 0.9467
vt 0.4894 0.9501
vt 0.4886 0.9474
vt 0.4856 0.9502
vt 0.1620 0.6593
vt 0.1569 0.6595
vt 0.4958 0.9517
vt 0.4909 0.9524
vt 0.4880 0.9525
vt 0.1515 0.6602
vt 0.1495 0.6607
vt 0.1652 0.6635
vt 0.1609 0.6646
vt 0.1525 0.6641
vt 0.1500 0.6632
vt 0.1437 0.6619
vt 0.1380 0.6612
vt 0.1551 0.6656
vt 0.1438 0.6663
vt 0.1592 0.6678
vt 0.1376 0.6669
vt 0.1520 0.6675
vt 0.1579 0.6716
vt 0.1547 0.6719
vt 0.1450 0.6692
vt 0.1481 0.6724
vt 0.1409 0.6700
vt 0.1636 0.6735
vt 0.1395 0.6736
vt 0.1355 0.6692
vt 0.2030 0.9783
vt 0.1918 0.9773
vt 0.1931 0.9635
vt 0.1961 0.9814
vt 0.2031 0.9847
vt 0.1989 0.9871
vt 0.1993 0.9963
vt 0.8838 0.8813
vt 0.1957 0.9975
vt 0.1866 0.9674
vt 0.1949 0.9912
vt 0.8792 0.8816
vt 0.1870 0.9577
vt 0.1864 0.9789
vt 0.1892 0.9845
vt 0.1864 0.9932
vt 0.1796 0.9671
vt 0.1805 0.9870
vt 0.8731 0.8782
vt 0.8721 0.8826
vt 0.1758 0.9742
vt 0.1728 0.9704
vt 0.1782 0.9926
vt 0.8692 0.8797
vt 0.1713 0.9832
vt 0.1683 0.9877
vt 0.1680 0.9948
vt 0.8665 0.8830
vt 0.1673 0.9662
vt 0.1631 0.9759
vt 0.1639 0.9863
vt 0.8608 0.8816
vt 0.8622 0.8836
vt 0.1602 0.9902
vt 0.1796 0.9576
vt 0.1709 0.9580
vt 0.1674 0.9546
vt 0.1637 0.9574
vt 0.1579 0.9614
vt 0.4826 0.9472
vt 0.4676 0.9489
vt 0.4792 0.9498
vt 0.4750 0.9494
vt 0.4686 0.9498
vt 0.4834 0.9511
vt 0.4848 0.9527
vt 0.4781 0.9514
vt 0.4738 0.9518
vt 0.4808 0.9538
vt 0.4778 0.9532
vt 0.4678 0.9524
vt 0.4844 0.9549
vt 0.4733 0.9545
vt 0.4796 0.9559
vt 0.1096 0.6603
vt 0.1331 0.6636
vt 0.1217 0.6651
vt 0.1274 0.6648
vt 0.1148 0.6637
vt 0.1303 0.6686
vt 0.1109 0.6669
vt 0.1177 0.6669
vt 0.1245 0.6686
vt 0.1226 0.6722
vt 0.1132 0.6709
vt 0.1307 0.6720
vt 0.8443 0.8225
vt 0.0835 0.6686
vt 0.0825 0.6653
vt 0.0820 0.6677
vt 0.0801 0.6674
vt 0.0809 0.6730
vt 0.0822 0.6751
vt 0.0853 0.6750
vt 0.4620 0.9675
vt 0.4552 0.9666
vt 0.4502 0.9682
vt 0.4489 0.9663
vt 0.4588 0.9676
vt 0.4455 0.9696
vt 0.4547 0.9693
vt 0.4633 0.9710
vt 0.4605 0.9713
vt 0.4517 0.9701
vt 0.2734 0.7240
vt 0.2674 0.7226
vt 0.2612 0.7214
vt 0.4641 0.9754
vt 0.4632 0.9760
vt 0.4637 0.9773
vt 0.4615 0.9759
vt 0.4623 0.9772
vt 0.4608 0.9767
vt 0.2587 0.7238
vt 0.4651 0.9744
vt 0.4645 0.9754
vt 0.4633 0.9737
vt 0.4632 0.9751
vt 0.4628 0.9784
vt 0.4620 0.9747
vt 0.4620 0.9759
vt 0.4624 0.9785
vt 0.4606 0.9776
vt 0.2794 0.7272
vt 0.4608 0.9765
vt 0.2759 0.7258
vt 0.2613 0.7236
vt 0.4642 0.9788
vt 0.4655 0.9797
vt 0.4645 0.9755
vt 0.4635 0.9746
vt 0.4632 0.9761
vt 0.4629 0.9794
vt 0.4618 0.9784
vt 0.4626 0.9794
vt 0.4613 0.9765
vt 0.4610 0.9775
vt 0.2771 0.7268
vt 0.2679 0.7270
vt 0.4649 0.9763
vt 0.4649 0.9766
vt 0.4642 0.9801
vt 0.4658 0.9798
vt 0.4634 0.9761
vt 0.0000 1.0000
vt 0.4629 0.9797
vt 0.4619 0.9758
vt 0.4611 0.9785
vt 0.2796 0.7280
vt 0.4611 0.9766
vt 0.4611 0.9780
vt 0.2761 0.7291
vt 0.2701 0.7283
vt 0.2623 0.7297
vt 0.2576 0.7265
vt 0.2856 0.7352
vt 0.4659 0.9798
vt 0.4643 0.9805
vt 0.2835 0.7269
vt 0.2858 0.7289
vt 0.0000 1.0000
vt 0.2840 0.7273
vt 0.0000 1.0000
vt 0.0000 1.0000
vt 0.0000 1.0000
vt 0.4631 0.9797
vt 0.2819 0.7271
vt 0.2799 0.7278
vt 0.2800 0.7277
vt 0.4614 0.9775
vt 0.2780 0.7288
vt 0.2731 0.7301
vt 0.2858 0.7357
vt 0.2837 0.7356
vt 0.2783 0.7301
vt 0.2680 0.7321
vt 0.2760 0.7325
vt 0.2634 0.7332
vt 0.2794 0.7349
vt 0.2772 0.7340
vt 0.2718 0.7344
vt 0.2774 0.7370
vt 0.2691 0.7358
vt 0.2806 0.7340
vt 0.2817 0.7350
vt 0.2814 0.7361
vt 0.2739 0.7379
vt 0.1045 0.8666
vt 0.1025 0.8611
vt 0.1025 0.8744
vt 0.1017 0.8765
vt 0.1008 0.8644
vt 0.1020 0.8683
vt 0.0966 0.8705
vt 0.0969 0.8668
vt 0.0978 0.8805
vt 0.0954 0.8570
vt 0.0940 0.8588
vt 0.0963 0.8755
vt 0.0940 0.8639
vt 0.0908 0.8715
vt 0.0881 0.8735
vt 0.0866 0.8671
vt 0.0856 0.8616
vt 0.0847 0.8693
vt 0.0867 0.8760
vt 0.0844 0.8566
vt 0.0818 0.8797
vt 0.0820 0.8587
vt 0.0832 0.8633
vt 0.0792 0.8692
vt 0.0783 0.8729
vt 0.0787 0.8638
vt 0.0701 0.8730
vt 0.0740 0.8502
vt 0.0754 0.8570
vt 0.0724 0.8617
vt 0.0718 0.8573
vt 0.0718 0.8664
vt 0.4533 0.9254
vt 0.4512 0.9222
vt 0.4488 0.9242
vt 0.4429 0.9231
vt 0.4444 0.9213
vt 0.4444 0.9264
vt 0.4470 0.9283
vt 0.4528 0.9284
vt 0.4446 0.9301
vt 0.4391 0.9306
vt 0.4544 0.9309
vt 0.4504 0.9300
vt 0.4547 0.9327
vt 0.4486 0.9334
vt 0.4450 0.9339
vt 0.4416 0.9327
vt 0.4586 0.9350
vt 0.4416 0.9369
vt 0.4508 0.9354
vt 0.4590 0.9382
vt 0.4542 0.9381
vt 0.4494 0.9377
vt 0.4365 0.9391
vt 0.4561 0.9424
vt 0.4497 0.9412
vt 0.4442 0.9414
vt 0.4405 0.9423
vt 0.4511 0.9435
vt 0.4699 0.6839
vt 0.4700 0.6810
vt 0.4710 0.6838
vt 0.4713 0.6814
vt 0.4676 0.6847
vt 0.4681 0.6864
vt 0.4731 0.6842
vt 0.4751 0.6847
vt 0.4747 0.6869
vt 0.4677 0.6869
vt 0.4669 0.6854
vt 0.4718 0.6882
vt 0.4741 0.6876
vt 0.4743 0.6891
vt 0.4677 0.6892
vt 0.4740 0.6916
vt 0.4653 0.6903
vt 0.4689 0.6945
vt 0.4755 0.6918
vt 0.4755 0.6944
vt 0.4764 0.6921
vt 0.4777 0.6946
vt 0.4776 0.6926
vt 0.4816 0.6966
vt 0.4823 0.6941
vt 0.4833 0.6970
vt 0.4839 0.6947
vt 0.4795 0.6956
vt 0.4792 0.7000
vt 0.4825 0.6992
vt 0.4842 0.6998
vt 0.4846 0.6975
vt 0.4737 0.7020
vt 0.4761 0.7030
vt 0.4819 0.7020
vt 0.4839 0.7030
vt 0.4863 0.7035
vt 0.4858 0.7004
vt 0.4880 0.7012
vt 0.4647 0.6966
vt 0.4695 0.7018
vt 0.4778 0.7054
vt 0.4845 0.7067
vt 0.4660 0.7022
vt 0.4804 0.7060
vt 0.4635 0.7004
vt 0.4715 0.7087
vt 0.4749 0.7092
vt 0.4790 0.7086
vt 0.4828 0.7114
vt 0.4887 0.7098
vt 0.9698 0.8384
vt 0.9709 0.8392
vt 0.9703 0.8393
vt 0.9708 0.8369
vt 0.9717 0.8373
vt 0.9688 0.8387
vt 0.9652 0.8381
vt 0.9661 0.8365
vt 0.9672 0.8383
vt 0.9767 0.8419
vt 0.9778 0.8406
vt 0.9760 0.8400
vt 0.9756 0.8416
vt 0.9740 0.8414
vt 0.9743 0.8396
vt 0.9716 0.8410
vt 0.9691 0.8404
vt 0.9655 0.8397
vt 0.9634 0.8396
vt 0.9639 0.8378
vt 0.9609 0.8396
vt 0.9616 0.8389
vt 0.9623 0.8396
vt 0.9630 0.8384
vt 0.9642 0.8376
vt 0.9639 0.8372
vt 0.9576 0.8393
vt 0.9548 0.8369
vt 0.9584 0.8372
vt 0.9544 0.8401
vt 0.9720 0.8444
vt 0.9726 0.8428
vt 0.9723 0.8444
vt 0.9743 0.8435
vt 0.9739 0.8438
vt 0.9727 0.8429
vt 0.9703 0.8456
vt 0.9711 0.8429
vt 0.9700 0.8427
vt 0.9682 0.8426
vt 0.9644 0.8419
vt 0.9622 0.8413
vt 0.9590 0.8411
vt 0.9565 0.8419
vt 0.9558 0.8406
vt 0.9520 0.8403
vt 0.9707 0.8457
vt 0.9728 0.8460
vt 0.9734 0.8450
vt 0.9708 0.8453
vt 0.9706 0.8449
vt 0.9698 0.8445
vt 0.9665 0.8441
vt 0.9644 0.8439
vt 0.9615 0.8434
vt 0.9584 0.8429
vt 0.9567 0.8432
vt 0.9533 0.8415
vt 0.5667 0.9369
vt 0.5639 0.9346
vt 0.5691 0.9310
vt 0.5585 0.9378
vt 0.5620 0.9296
vt 0.5562 0.9338
vt 0.5508 0.9361
vt 0.5517 0.9331
vt 0.5448 0.9358
vt 0.5615 0.9415
vt 0.5537 0.9391
vt 0.5450 0.9390
vt 0.5656 0.9425
vt 0.5552 0.9424
vt 0.6551 0.8328
vt 0.5458 0.9418
vt 0.5530 0.9439
vt 0.5430 0.9421
vt 0.5392 0.9404
vt 0.5373 0.9426
vt 0.6601 0.8350
vt 0.5481 0.9448
vt 0.5415 0.9462
vt 0.5390 0.9456
vt 0.6561 0.8360
vt 0.6510 0.8351
vt 0.6590 0.8405
vt 0.6548 0.8392
vt 0.6633 0.8365
vt 0.6437 0.8403
vt 0.6385 0.8368
vt 0.6342 0.8363
vt 0.6404 0.8405
vt 0.6264 0.8365
vt 0.6538 0.8439
vt 0.6590 0.8436
vt 0.6454 0.8432
vt 0.6261 0.8400
vt 0.6553 0.8447
vt 0.6461 0.8457
vt 0.6416 0.8425
vt 0.6370 0.8418
vt 0.6317 0.8410
vt 0.6518 0.8466
vt 0.6584 0.8454
vt 0.6407 0.8450
vt 0.6365 0.8440
vt 0.6296 0.8432
vt 0.6274 0.8425
vt 0.6566 0.8491
vt 0.6501 0.8486
vt 0.9494 0.8379
vt 0.9502 0.8360
vt 0.9506 0.8394
vt 0.9445 0.8355
vt 0.9465 0.8356
vt 0.9443 0.8373
vt 0.9461 0.8375
vt 0.9426 0.8368
vt 0.9428 0.8352
vt 0.9414 0.8367
vt 0.9415 0.8349
vt 0.9476 0.8396
vt 0.9454 0.8393
vt 0.9504 0.8415
vt 0.9447 0.8413
vt 0.9729 0.8472
vt 0.9729 0.8477
vt 0.9705 0.8462
vt 0.9710 0.8470
vt 0.9693 0.8462
vt 0.9676 0.8460
vt 0.9652 0.8462
vt 0.9635 0.8457
vt 0.9615 0.8451
vt 0.9593 0.8450
vt 0.9530 0.8456
vt 0.9521 0.8437
vt 0.9716 0.8493
vt 0.9695 0.8490
vt 0.9685 0.8487
vt 0.9653 0.8481
vt 0.9598 0.8468
vt 0.9567 0.8465
vt 0.9556 0.8471
vt 0.9524 0.8453
vt 0.9693 0.8505
vt 0.9679 0.8503
vt 0.9650 0.8499
vt 0.9632 0.8492
vt 0.9607 0.8488
vt 0.9572 0.8492
vt 0.9540 0.8477
vt 0.9624 0.8510
vt 0.9616 0.8507
vt 0.9603 0.8504
vt 0.9569 0.8516
vt 0.9549 0.8500
vt 0.9517 0.8497
vt 0.9582 0.8519
vt 0.9603 0.8521
vt 0.9551 0.8515
vt 0.9538 0.8520
vt 0.9563 0.8535
vt 0.9548 0.8532
vt 0.9509 0.8529
vt 0.9541 0.8550
vt 0.9521 0.8548
vt 0.9511 0.8546
vt 0.9487 0.8540
vt 0.1905 0.9549
vt 0.1847 0.9549
vt 0.1769 0.9549
vt 0.1758 0.9530
vt 0.1707 0.9524
vt 0.1639 0.9537
vt 0.1637 0.9546
vt 0.1852 0.9524
vt 0.1831 0.9524
vt 0.1765 0.9517
vt 0.1591 0.9518
vt 0.1559 0.9518
vt 0.1860 0.9519
vt 0.1726 0.9515
vt 0.1662 0.9511
vt 0.1605 0.9509
vt 0.1834 0.9512
vt 0.1799 0.9509
vt 0.1694 0.9501
vt 0.1675 0.9508
vt 0.1626 0.9497
vt 0.1822 0.9504
vt 0.1647 0.9484
vt 0.1788 0.9504
vt 0.1729 0.9490
vt 0.1667 0.9484
vt 0.1597 0.9481
vt 0.1568 0.9481
vt 0.1794 0.9490
vt 0.1759 0.9479
vt 0.1743 0.9480
vt 0.1709 0.9457
vt 0.1694 0.9479
vt 0.1629 0.9477
vt 0.1583 0.9477
vt 0.1544 0.9476
vt 0.1512 0.9466
vt 0.1763 0.9433
vt 0.1718 0.9436
vt 0.1667 0.9455
vt 0.1650 0.9480
vt 0.1624 0.9431
vt 0.1620 0.9455
vt 0.1594 0.9460
vt 0.1600 0.9478
vt 0.1570 0.9458
vt 0.1542 0.9455
vt 0.1501 0.9456
vt 0.1739 0.9305
vt 0.1727 0.9245
vt 0.1763 0.9410
vt 0.1662 0.9409
vt 0.1680 0.9344
vt 0.1585 0.9300
vt 0.1597 0.9400
vt 0.1516 0.9251
vt 0.1559 0.9427
vt 0.1525 0.9395
vt 0.1537 0.9431
vt 0.1452 0.9415
vt 0.1995 0.8639
vt 0.2034 0.6878
vt 0.4899 0.7124
vt 0.4927 0.7165
vt 0.4923 0.7135
vt 0.4932 0.7114
vt 0.4970 0.7133
vt 0.5005 0.7182
vt 0.5062 0.7175
vt 0.5040 0.7268
vt 0.5083 0.7251
vt 0.5107 0.7195
vt 0.5133 0.7175
vt 0.5142 0.7313
vt 0.1916 0.6886
vt 0.2043 0.6971
vt 0.4960 0.7225
vt 0.4992 0.7251
vt 0.1991 0.6986
vt 0.5021 0.7340
vt 0.5105 0.7373
vt 0.2039 0.7042
vt 0.5045 0.7352
vt 0.1863 0.6974
vt 0.1929 0.7050
vt 0.1951 0.7109
vt 0.2043 0.7203
vt 0.5123 0.7437
vt 0.1962 0.7172
vt 0.1768 0.7020
vt 0.1794 0.7062
vt 0.1838 0.7168
vt 0.1927 0.7197
vt 0.1995 0.7254
vt 0.2043 0.7298
vt 0.2121 0.7338
vt 0.1872 0.7183
vt 0.1932 0.7303
vt 0.1997 0.7361
vt 0.1723 0.7119
vt 0.1842 0.7239
vt 0.1885 0.7241
vt 0.1666 0.7131
vt 0.1756 0.7199
vt 0.1820 0.7288
vt 0.1866 0.7378
vt 0.1679 0.7189
vt 0.1711 0.7290
vt 0.1755 0.7314
vt 0.1772 0.7426
vt 0.1825 0.7431
vt 0.1662 0.7243
vt 0.1678 0.7364
vt 0.1714 0.7429
vt 0.1577 0.7280
vt 0.1639 0.7284
vt 0.1601 0.7334
vt 0.1613 0.7372
vt 0.1615 0.7425
vt 0.1655 0.7538
vt 0.1523 0.7325
vt 0.1528 0.7442
vt 0.1583 0.7547
vt 0.1558 0.7479
vt 0.1494 0.7411
vt 0.1597 0.7598
vt 0.1477 0.7390
vt 0.1504 0.7512
vt 0.1521 0.7552
vt 0.1479 0.7477
vt 0.1436 0.7426
vt 0.1430 0.7476
vt 0.1434 0.7521
vt 0.1531 0.7620
vt 0.1401 0.7418
vt 0.1472 0.7552
vt 0.1462 0.7610
vt 0.1378 0.7542
vt 0.1347 0.7465
vt 0.1397 0.7635
vt 0.1460 0.7671
vt 0.1324 0.7522
vt 0.1440 0.7657
vt 0.1309 0.7472
vt 0.1696 0.8693
vt 0.1710 0.8765
vt 0.1712 0.8814
vt 0.1656 0.8658
vt 0.1673 0.8753
vt 0.1654 0.8778
vt 0.1640 0.8691
vt 0.1604 0.8694
vt 0.1593 0.8655
vt 0.1589 0.8728
vt 0.1585 0.8771
vt 0.1586 0.8823
vt 0.1551 0.8670
vt 0.1556 0.8781
vt 0.1499 0.8611
vt 0.1528 0.8731
vt 0.1528 0.8808
vt 0.1483 0.8659
vt 0.1504 0.8759
vt 0.1468 0.8709
vt 0.1384 0.7698
vt 0.1320 0.7599
vt 0.1350 0.7644
vt 0.1264 0.7586
vt 0.1292 0.7651
vt 0.1315 0.7719
vt 0.1348 0.7757
vt 0.1216 0.7607
vt 0.1319 0.7788
vt 0.1244 0.7647
vt 0.1267 0.7680
vt 0.1291 0.7731
vt 0.1196 0.7576
vt 0.1336 0.7818
vt 0.1270 0.7796
vt 0.1166 0.7608
vt 0.1182 0.7696
vt 0.1226 0.7744
vt 0.1223 0.7817
vt 0.1167 0.7746
vt 0.1146 0.7648
vt 0.1211 0.7788
vt 0.1210 0.7867
vt 0.1126 0.7631
vt 0.1147 0.7711
vt 0.1171 0.7808
vt 0.1075 0.7687
vt 0.1082 0.7713
vt 0.1095 0.7758
vt 0.1142 0.7797
vt 0.1166 0.7910
vt 0.1134 0.7883
vt 0.1111 0.7841
vt 0.1057 0.7762
vt 0.7976 0.7730
vt 0.0000 1.0000
vt 0.0000 1.0000
vt 0.7980 0.7736
vt 0.7980 0.7720
vt 0.7986 0.7730
vt 0.7981 0.7738
vt 0.7966 0.7718
vt 0.7978 0.7744
vt 0.7953 0.8065
vt 0.7941 0.8057
vt 0.7943 0.8058
vt 0.7945 0.8073
vt 0.7967 0.8078
vt 0.7950 0.8090
vt 0.7962 0.8103
vt 0.7971 0.8073
vt 0.7958 0.8121
vt 0.7979 0.8097
vt 0.7985 0.8107
vt 0.7974 0.8119
vt 0.7985 0.8146
vt 0.7990 0.8126
vt 0.8005 0.8130
vt 0.7997 0.8145
vt 0.7934 0.8064
vt 0.7934 0.8087
vt 0.6628 0.6660
vt 0.6647 0.6620
vt 0.7920 0.8079
vt 0.7938 0.8098
vt 0.7947 0.8090
vt 0.7948 0.8103
vt 0.7955 0.8115
vt 0.7970 0.8135
vt 0.7994 0.8160
vt 0.8015 0.8154
vt 0.8008 0.8169
vt 0.7930 0.8102
vt 0.7928 0.8102
vt 0.7926 0.8102
vt 0.5742 0.9378
vt 0.5728 0.9380
vt 0.5751 0.9351
vt 0.5732 0.9362
vt 0.5713 0.9379
vt 0.5701 0.9363
vt 0.5696 0.9376
vt 0.7936 0.8118
vt 0.7942 0.8134
vt 0.7972 0.8162
vt 0.7984 0.8179
vt 0.7991 0.8184
vt 0.7922 0.8117
vt 0.7953 0.8141
vt 0.7958 0.8149
vt 0.5720 0.9401
vt 0.5703 0.9396
vt 0.5691 0.9388
vt 0.7941 0.8140
vt 0.7935 0.8148
vt 0.7948 0.8164
vt 0.7958 0.8176
vt 0.7936 0.8154
vt 0.7927 0.8150
vt 0.7940 0.8152
vt 0.7940 0.8162
vt 0.7939 0.8166
vt 0.7936 0.8173
vt 0.7948 0.8191
vt 0.6567 0.6730
vt 0.6594 0.6699
vt 0.6583 0.6759
vt 0.6598 0.6712
vt 0.6730 0.8314
vt 0.5693 0.9414
vt 0.7930 0.8168
vt 0.7929 0.8187
vt 0.7932 0.8179
vt 0.6520 0.6645
vt 0.6533 0.6646
vt 0.7938 0.8205
vt 0.6539 0.6671
vt 0.6549 0.6664
vt 0.6541 0.6675
vt 0.6729 0.8324
vt 0.6705 0.8339
vt 0.6689 0.8334
vt 0.6657 0.8341
vt 0.7919 0.8181
vt 0.7930 0.8196
vt 0.7929 0.8200
vt 0.6512 0.6675
vt 0.6526 0.6678
vt 0.6538 0.6661
vt 0.6550 0.6737
vt 0.6554 0.6727
vt 0.6549 0.6743
vt 0.6497 0.6634
vt 0.6525 0.6688
vt 0.6525 0.6692
vt 0.6546 0.6691
vt 0.6529 0.6706
vt 0.6719 0.8342
vt 0.7917 0.8183
vt 0.7919 0.8203
vt 0.7916 0.8202
vt 0.7920 0.8207
vt 0.6516 0.6710
vt 0.6520 0.6701
vt 0.6530 0.6754
vt 0.7915 0.8211
vt 0.6469 0.6637
vt 0.6476 0.6668
vt 0.6522 0.6720
vt 0.6549 0.6752
vt 0.6532 0.6788
vt 0.6721 0.8350
vt 0.6707 0.8358
vt 0.6737 0.8341
vt 0.6686 0.8370
vt 0.6637 0.8381
vt 0.7917 0.8205
vt 0.6467 0.6639
vt 0.6465 0.6642
vt 0.7917 0.8225
vt 0.6473 0.6656
vt 0.6493 0.6683
vt 0.6502 0.6713
vt 0.6506 0.6726
vt 0.6526 0.6739
vt 0.6517 0.6770
vt 0.6513 0.6756
vt 0.6487 0.6752
vt 0.6740 0.8341
vt 0.6727 0.8350
vt 0.6737 0.8346
vt 0.6721 0.8353
vt 0.6708 0.8356
vt 0.6710 0.8372
vt 0.6696 0.8378
vt 0.6630 0.8400
vt 0.5784 0.9443
vt 0.6463 0.6686
vt 0.6480 0.6707
vt 0.6484 0.6729
vt 0.6509 0.6787
vt 0.6494 0.6771
vt 0.6743 0.8346
vt 0.6728 0.8363
vt 0.6725 0.8367
vt 0.6737 0.8352
vt 0.6714 0.8369
vt 0.6715 0.8383
vt 0.6696 0.8384
vt 0.6690 0.8400
vt 0.6686 0.8400
vt 0.6668 0.8397
vt 0.6626 0.8415
vt 0.6452 0.6694
vt 0.6452 0.6715
vt 0.6462 0.6747
vt 0.6475 0.6761
vt 0.6490 0.6789
vt 0.6491 0.6781
vt 0.6480 0.6863
vt 0.6491 0.6872
vt 0.6718 0.8348
vt 0.6721 0.8367
vt 0.6714 0.8380
vt 0.6697 0.8389
vt 0.6706 0.8409
vt 0.6692 0.8413
vt 0.6673 0.8411
vt 0.6643 0.8420
vt 0.5782 0.9465
vt 0.6463 0.6775
vt 0.5768 0.9447
vt 0.5773 0.9435
vt 0.6433 0.6718
vt 0.6442 0.6734
vt 0.6715 0.8397
vt 0.6697 0.8407
vt 0.6653 0.8430
vt 0.6454 0.6792
vt 0.6468 0.6789
vt 0.6466 0.6819
vt 0.6478 0.6803
vt 0.6475 0.6848
vt 0.5754 0.9451
vt 0.5765 0.9439
vt 0.5763 0.9459
vt 0.5768 0.9467
vt 0.6417 0.6747
vt 0.6413 0.6804
vt 0.6428 0.6788
vt 0.6698 0.8412
vt 0.6694 0.8425
vt 0.6682 0.8441
vt 0.6658 0.8447
vt 0.6635 0.8452
vt 0.5760 0.9445
vt 0.5748 0.9444
vt 0.5759 0.9436
vt 0.5752 0.9454
vt 0.6441 0.6806
vt 0.6455 0.6844
vt 0.6460 0.6876
vt 0.5752 0.9455
vt 0.5749 0.9462
vt 0.5767 0.9479
vt 0.6689 0.8428
vt 0.6677 0.8443
vt 0.6676 0.8461
vt 0.6661 0.8471
vt 0.8054 0.7896
vt 0.8054 0.7893
vt 0.8055 0.7901
vt 0.5744 0.9447
vt 0.5744 0.9467
vt 0.5739 0.9474
vt 0.0000 1.0000
vt 0.0000 1.0000
vt 0.5827 0.8469
vt 0.5827 0.8479
vt 0.0000 1.0000
vt 0.0000 1.0000
vt 0.0000 1.0000
vt 0.6676 0.8502
vt 0.8049 0.7901
vt 0.0000 1.0000
vt 0.0000 1.0000
vt 0.0000 1.0000
vt 0.0000 1.0000
vt 0.6081 0.7798
vt 0.6083 0.7779
vt 0.6058 0.7793
vt 0.6059 0.7802
vt 0.6033 0.7809
vt 0.6036 0.7790
vt 0.6011 0.7807
vt 0.6012 0.7789
vt 0.5987 0.7803
vt 0.5990 0.7785
vt 0.6037 0.7809
vt 0.6011 0.7813
vt 0.5990 0.7802
vt 0.5968 0.7787
vt 0.5965 0.7806
vt 0.5944 0.7794
vt 0.5945 0.7783
vt 0.6013 0.7825
vt 0.5967 0.7812
vt 0.5965 0.7815
vt 0.5900 0.7799
vt 0.5921 0.7788
vt 0.5897 0.7788
vt 0.5876 0.7778
vt 0.5871 0.7795
vt 0.6070 0.7862
vt 0.5978 0.7854
vt 0.5959 0.7838
vt 0.5898 0.7831
vt 0.5802 0.7795
vt 0.5813 0.7775
vt 0.5828 0.7786
vt 0.5705 0.7783
vt 0.5778 0.7783
vt 0.5732 0.7771
vt 0.6069 0.7890
vt 0.5981 0.7908
vt 0.5917 0.7890
vt 0.5852 0.7889
vt 0.5816 0.7855
vt 0.5799 0.7830
vt 0.5732 0.7825
vt 0.5753 0.7851
vt 0.6048 0.7927
vt 0.5750 0.7873
vt 0.5967 0.7942
vt 0.5918 0.7920
vt 0.5807 0.7902
vt 0.5718 0.7888
vt 0.6055 0.7958
vt 0.5876 0.7929
vt 0.3777 0.8269
vt 0.3656 0.8267
vt 0.6034 0.7974
vt 0.5962 0.7963
vt 0.3907 0.8307
vt 0.3765 0.8334
vt 0.6823 0.8657
vt 0.4035 0.8337
vt 0.3984 0.8349
vt 0.3842 0.8352
vt 0.6733 0.8810
vt 0.3733 0.8401
vt 0.3733 0.9520
vt 0.3343 0.9524
vt 0.3179 0.9584
vt 0.3159 0.9500
vt 0.3522 0.9574
vt 0.3437 0.9575
vt 0.3686 0.9560
vt 0.3586 0.9660
vt 0.3280 0.9622
vt 0.3677 0.9680
vt 0.3488 0.9705
vt 0.3381 0.9758
vt 0.3242 0.9740
vt 0.3563 0.9794
vt 0.3152 0.9847
vt 0.8448 0.9564
vt 0.3519 0.9836
vt 0.3269 0.9875
vt 0.8477 0.9602
vt 0.8436 0.9636
vt 0.3378 0.9876
vt 0.8439 0.9746
vt 0.8262 0.9732
vt 0.8338 0.9770
vt 0.8290 0.9781
vt 0.8203 0.9769
vt 0.8092 0.9772
vt 0.7979 0.9783
vt 0.8519 0.9693
vt 0.8399 0.9792
vt 0.5123 0.9286
vt 0.5089 0.9236
vt 0.5128 0.9210
vt 0.5049 0.9284
vt 0.5055 0.9212
vt 0.5017 0.9248
vt 0.4963 0.9254
vt 0.5003 0.9230
vt 0.4917 0.9263
vt 0.4937 0.9244
vt 0.5143 0.9234
vt 0.5010 0.9290
vt 0.4981 0.9272
vt 0.4901 0.9297
vt 0.4978 0.9305
vt 0.4941 0.9283
vt 0.5116 0.9334
vt 0.5147 0.9287
vt 0.5072 0.9315
vt 0.5030 0.9336
vt 0.4935 0.9315
vt 0.5006 0.9329
vt 0.5083 0.9346
vt 0.4960 0.9339
vt 0.4926 0.9354
vt 0.5115 0.9383
vt 0.5084 0.9375
vt 0.5011 0.9379
vt 0.4943 0.9391
vt 0.5088 0.9405
vt 0.5061 0.9408
vt 0.5013 0.9417
vt 0.4979 0.9409
vt 0.4925 0.9412
vt 0.5045 0.9420
vt 0.4969 0.9430
vt 0.5066 0.9427
vt 0.5117 0.9418
vt 0.5146 0.9438
vt 0.5076 0.9446
vt 0.5046 0.9440
vt 0.5018 0.9447
vt 0.5007 0.9443
vt 0.5102 0.9454
vt 0.5053 0.9452
vt 0.5398 0.9354
vt 0.5362 0.9353
vt 0.5422 0.9295
vt 0.5320 0.9356
vt 0.5362 0.9300
vt 0.5311 0.9339
vt 0.5317 0.9313
vt 0.5275 0.9337
vt 0.5275 0.9323
vt 0.5251 0.9334
vt 0.5253 0.9284
vt 0.2120 0.6800
vt 0.2079 0.6819
vt 0.5234 0.9277
vt 0.5229 0.9329
vt 0.5184 0.9267
vt 0.5215 0.9245
vt 0.5213 0.9265
vt 0.5219 0.9340
vt 0.5234 0.9297
vt 0.5228 0.9268
vt 0.5166 0.9244
vt 0.5267 0.9356
vt 0.5228 0.9284
vt 0.5209 0.9285
vt 0.5229 0.9267
vt 0.5230 0.9333
vt 0.5334 0.9396
vt 0.5244 0.9362
vt 0.5226 0.9295
vt 0.5225 0.9370
vt 0.5176 0.9306
vt 0.5276 0.9399
vt 0.5268 0.9379
vt 0.5224 0.9309
vt 0.5208 0.9307
vt 0.5225 0.9339
vt 0.5213 0.9347
vt 0.5346 0.9417
vt 0.5256 0.9406
vt 0.5240 0.9404
vt 0.9789 0.9260
vt 0.5213 0.9375
vt 0.5203 0.9349
vt 0.5182 0.9335
vt 0.5214 0.9383
vt 0.5149 0.9334
vt 0.5297 0.9414
vt 0.2112 0.6804
vt 0.2115 0.6786
vt 0.2117 0.6819
vt 0.5221 0.9414
vt 0.5319 0.9465
vt 0.5302 0.9430
vt 0.5258 0.9434
vt 0.5238 0.9420
vt 0.5209 0.9410
vt 0.5289 0.9455
vt 0.5235 0.9438
vt 0.0000 1.0000
vt 0.5217 0.9395
vt 0.5215 0.9448
vt 0.5201 0.9361
vt 0.5171 0.9373
vt 0.5340 0.9465
vt 0.5238 0.9478
vt 0.0000 1.0000
vt 0.5211 0.9411
vt 0.5203 0.9418
vt 0.5198 0.9392
vt 0.5214 0.9468
vt 0.5181 0.9402
vt 0.5134 0.9401
vt 0.6167 0.8364
vt 0.6131 0.8341
vt 0.5204 0.9455
vt 0.6126 0.8382
vt 0.6042 0.8292
vt 0.5200 0.9474
vt 0.6039 0.8357
vt 0.6034 0.8351
vt 0.6195 0.8392
vt 0.6066 0.8371
vt 0.5179 0.9455
vt 0.6021 0.8354
vt 0.6191 0.8411
vt 0.6148 0.8408
vt 0.6069 0.8412
vt 0.6081 0.8399
vt 0.0000 1.0000
vt 0.0000 1.0000
vt 0.6032 0.8313
vt 0.6039 0.8372
vt 0.6018 0.8393
vt 0.6008 0.8420
vt 0.6018 0.8353
vt 0.6015 0.8361
vt 0.6024 0.8362
vt 0.6035 0.8366
vt 0.5992 0.8376
vt 0.6015 0.8364
vt 0.6003 0.8386
vt 0.5996 0.8396
vt 0.5972 0.8382
vt 0.5975 0.8393
vt 0.6104 0.8440
vt 0.5993 0.8372
vt 0.5147 0.9454
vt 0.5965 0.8377
vt 0.5974 0.8421
vt 0.5948 0.8393
vt 0.5950 0.8402
vt 0.5953 0.8422
vt 0.5206 0.9459
vt 0.6018 0.8349
vt 0.6021 0.8347
vt 0.7116 0.7632
vt 0.7098 0.7638
vt 0.7109 0.7594
vt 0.6955 0.7551
vt 0.6961 0.6666
vt 0.6925 0.6601
vt 0.6908 0.6565
vt 0.7128 0.7671
vt 0.7082 0.7689
vt 0.6979 0.7600
vt 0.7002 0.7625
vt 0.7039 0.7660
vt 0.6963 0.6752
vt 0.6884 0.6608
vt 0.6912 0.6666
vt 0.6926 0.6747
vt 0.7026 0.8309
vt 0.7036 0.8326
vt 0.7063 0.6944
vt 0.7101 0.7001
vt 0.7023 0.6895
vt 0.6997 0.6836
vt 0.6962 0.6787
vt 0.6872 0.6743
vt 0.7016 0.6968
vt 0.7018 0.7017
vt 0.6995 0.6907
vt 0.6938 0.6912
vt 0.6918 0.6870
vt 0.6938 0.6984
vt 0.6956 0.7022
vt 0.6855 0.6950
vt 0.6885 0.6999
vt 0.6832 0.6921
vt 0.6837 0.7022
vt 0.6833 0.6951
vt 0.0000 1.0000
vt 0.0813 0.7771
vt 0.0000 1.0000
vt 0.0000 1.0000
vt 0.0821 0.7798
vt 0.0827 0.7804
vt 0.0000 1.0000
vt 0.0828 0.7806
vt 0.0803 0.7836
vt 0.0793 0.7820
vt 0.0819 0.7801
vt 0.0000 1.0000
vt 0.0000 1.0000
vt 0.0000 1.0000
vt 0.0000 1.0000
vt 0.0000 1.0000
vt 0.0000 1.0000
vt 0.0000 1.0000
vt 0.0000 1.0000
vt 0.0000 1.0000
vt 0.0000 1.0000
vt 0.0000 1.0000
vt 0.0000 1.0000
vt 0.0000 1.0000
vt 0.0000 1.0000
vt 0.0000 1.0000
vt 0.0000 1.0000
vt 0.0000 1.0000
vt 0.0000 1.0000
vt 0.0000 1.0000
vt 0.0000 1.0000
vt 0.0000 1.0000
vt 0.0000 1.0000
vt 0.0000 1.0000
vt 0.0000 1.0000
vt 0.0000 1.0000
vt 0.0000 1.0000
vt 0.0000 1.0000
vt 0.0000 1.0000
vt 0.0000 1.0000
vt 0.0000 1.0000
vt 0.0000 1.0000
vt 0.0000 1.0000
vt 0.0000 1.0000
vt 0.0000 1.0000
vt 0.0000 1.0000
vt 0.0000 1.0000
vt 0.0000 1.0000
vt 0.0000 1.0000
vt 0.0000 1.0000
vt 0.0000 1.0000
vt 0.0000 1.0000
vt 0.0000 1.0000
vt 0.5714 0.9459
vt 0.5714 0.9470
vt 0.0000 1.0000
vt 0.0000 1.0000
vt 0.0000 1.0000
vt 0.0000 1.0000
vt 0.0000 1.0000
vt 0.0000 1.0000
vt 0.0000 1.0000
vt 0.0000 1.0000
vt 0.0000 1.0000
vt 0.0000 1.0000
vt 0.0000 1.0000
vt 0.0000 1.0000
vt 0.0000 1.0000
vt 0.0000 1.0000
vt 0.0000 1.0000
vt 0.0000 1.0000
vt 0.0000 1.0000
vt 0.0000 1.0000
vt 0.0000 1.0000
vt 0.8082 0.7966
vt 0.8103 0.7961
vt 0.8097 0.7967
vt 0.8088 0.7958
vt 0.9932 0.9423
vt 0.9936 0.9429
vt 0.9940 0.9439
vt 0.9937 0.9446
vt 0.9943 0.9439
vt 0.9943 0.9455
vt 0.9934 0.9447
vt 0.9930 0.9454
vt 0.0000 1.0000
vt 0.9561 0.9814
vt 0.9546 0.9845
vt 0.9573 0.9876
vt 0.9584 0.9809
vt 0.9611 0.9804
vt 0.9611 0.9862
vt 0.9643 0.9885
vt 0.9630 0.9900
vt 0.9675 0.9924
vt 0.9691 0.9888
vt 0.9648 0.9929
vt 0.9673 0.9938
vt 0.9556 0.9870
vt 0.9589 0.9898
vt 0.9613 0.9920
vt 0.9641 0.9944
vt 0.9521 0.9908
vt 0.9538 0.9915
vt 0.9588 0.9958
vt 0.9610 0.9962
vt 0.9636 0.9959
vt 0.9621 0.9990
vt 0.9600 0.9977
vt 0.9550 0.9956
vt 0.9798 0.8845
vt 0.9572 0.9983
vt 0.9595 0.9993
vt 0.9825 0.8888
vt 0.9829 0.8925
vt 0.9796 0.8880
vt 0.9787 0.8865
vt 0.9803 0.8894
vt 0.9813 0.8910
vt 0.9762 0.8878
vt 0.9780 0.8887
vt 0.9785 0.8902
vt 0.9798 0.8917
vt 0.9786 0.8903
vt 0.9752 0.8902
vt 0.9770 0.8909
vt 0.9783 0.8925
vt 0.9712 0.8893
vt 0.9730 0.8896
vt 0.9716 0.8904
vt 0.0507 0.8291
vt 0.0000 1.0000
vt 0.0000 1.0000
vt 0.0000 1.0000
vt 0.0000 1.0000
vt 0.0000 1.0000
vt 0.0000 1.0000
vt 0.0000 1.0000
vt 0.0000 1.0000
vt 0.0000 1.0000
vt 0.0000 1.0000
vt 0.0000 1.0000
vt 0.0000 1.0000
vt 0.0000 1.0000
vt 0.0000 1.0000
vt 0.0000 1.0000
vt 0.0000 1.0000
vt 0.0000 1.0000
vt 0.0000 1.0000
vt 0.0000 1.0000
vt 0.0000 1.0000
vt 0.0000 1.0000
vt 0.0000 1.0000
vt 0.0000 1.0000
vt 0.0000 1.0000
vt 0.0000 1.0000
vt 0.0000 1.0000
vt 0.0000 1.0000
vt 0.0000 1.0000
vt 0.0000 1.0000
vt 0.9069 0.8722
vt 0.9080 0.8749
vt 0.9082 0.8784
vt 0.9108 0.8816
vt 0.9055 0.8699
vt 0.9051 0.8768
vt 0.9080 0.8798
vt 0.9040 0.8722
vt 0.9017 0.8744
vt 0.9059 0.8796
vt 0.9010 0.8764
vt 0.9031 0.8813
vt 0.8995 0.8820
vt 0.2342 0.9649
vt 0.9066 0.8685
vt 0.2297 0.9667
vt 0.9022 0.8621
vt 0.9038 0.8649
vt 0.9047 0.8679
vt 0.2296 0.9703
vt 0.2297 0.9751
vt 0.9012 0.8656
vt 0.9027 0.8675
vt 0.9037 0.8708
vt 0.9008 0.8676
vt 0.2257 0.9723
vt 0.2269 0.9679
vt 0.2258 0.9779
vt 0.9011 0.8701
vt 0.9007 0.8724
vt 0.2221 0.9695
vt 0.2236 0.9723
vt 0.2254 0.9828
vt 0.8982 0.8716
vt 0.8974 0.8737
vt 0.2186 0.9745
vt 0.2218 0.9780
vt 0.2193 0.9790
vt 0.8988 0.8762
vt 0.2175 0.9863
vt 0.8965 0.8772
vt 0.8934 0.8740
vt 0.8960 0.8799
vt 0.8938 0.8778
vt 0.8916 0.8784
vt 0.8944 0.8819
vt 0.2111 0.9881
vt 0.8905 0.8762
vt 0.2072 0.9942
vt 0.8914 0.8820
vt 0.8890 0.8805
vt 0.8902 0.8835
vt 0.2245 0.9610
vt 0.2204 0.9606
vt 0.2220 0.9644
vt 0.2145 0.9650
vt 0.2146 0.9694
vt 0.2140 0.9751
vt 0.2141 0.9844
vt 0.2085 0.9651
vt 0.2087 0.9718
vt 0.2092 0.9776
vt 0.2038 0.9701
vt 0.2089 0.9834
vt 0.1998 0.9638
vt 0.2032 0.9956
vt 0.8874 0.8819
vt 0.9090 0.8818
vt 0.9089 0.8839
vt 0.9073 0.8842
vt 0.9036 0.8843
vt 0.9102 0.8858
vt 0.9083 0.8860
vt 0.9036 0.8865
vt 0.9015 0.8868
vt 0.8987 0.8869
vt 0.8978 0.8851
vt 0.8973 0.8872
vt 0.8945 0.8854
vt 0.8920 0.8856
vt 0.9041 0.8884
vt 0.8993 0.8889
vt 0.8974 0.8892
vt 0.8999 0.8907
vt 0.8981 0.8909
vt 0.8947 0.8875
vt 0.8957 0.8894
vt 0.8964 0.8914
vt 0.8951 0.8902
vt 0.8928 0.8898
vt 0.8896 0.8910
vt 0.8905 0.8881
vt 0.8901 0.8862
vt 0.8882 0.8904
vt 0.8962 0.8907
vt 0.8971 0.8915
vt 0.8928 0.8907
vt 0.8878 0.8902
vt 0.8888 0.8909
vt 0.8967 0.8917
vt 0.8956 0.8908
vt 0.8881 0.8908
vt 0.8854 0.8904
vt 0.8917 0.8910
vt 0.8902 0.8911
vt 0.8863 0.8907
vt 0.8838 0.8915
vt 0.0000 1.0000
vt 0.0000 1.0000
vt 0.0000 1.0000
vt 0.0000 1.0000
vt 0.8893 0.8899
vt 0.8873 0.8903
vt 0.8852 0.8915
vt 0.8928 0.8899
vt 0.8893 0.8903
vt 0.8850 0.8907
vt 0.8842 0.8911
vt 0.8846 0.8916
vt 0.8931 0.8902
vt 0.8907 0.8914
vt 0.8879 0.8912
vt 0.8942 0.8906
vt 0.8926 0.8909
vt 0.8947 0.8902
vt 0.8915 0.8913
vt 0.8896 0.8915
vt 0.8817 0.8918
vt 0.2498 0.8456
vt 0.2530 0.8288
vt 0.2614 0.8327
vt 0.2452 0.8353
vt 0.4715 0.7877
vt 0.4729 0.7811
vt 0.4683 0.7824
vt 0.4701 0.7791
vt 0.4640 0.7824
vt 0.4591 0.7799
vt 0.4551 0.7804
vt 0.4559 0.7778
vt 0.4692 0.7853
vt 0.4559 0.7844
vt 0.2369 0.8535
vt 0.0000 1.0000
vt 0.2754 0.8419
vt 0.4578 0.7885
vt 0.2462 0.8547
vt 0.4634 0.7935
vt 0.4565 0.7893
vt 0.4570 0.7878
vt 0.4550 0.7864
vt 0.4541 0.7885
vt 0.2652 0.8529
vt 0.2591 0.8623
vt 0.4672 0.7962
vt 0.4549 0.7931
vt 0.4574 0.7939
vt 0.2518 0.8705
vt 0.2420 0.8655
vt 0.4608 0.7970
vt 0.4619 0.8003
vt 0.4575 0.8006
vt 0.2356 0.8747
vt 0.4548 0.8001
vt 0.2661 0.8736
vt 0.4610 0.8039
vt 0.4549 0.8070
vt 0.2588 0.8839
vt 0.2447 0.8805
vt 0.4574 0.8077
vt 0.2475 0.8889
vt 0.2387 0.8850
vt 0.4613 0.8125
vt 0.4548 0.8145
vt 0.2381 0.8993
vt 0.4575 0.8151
vt 0.6923 0.9353
vt 0.6815 0.9380
vt 0.6833 0.9272
vt 0.6670 0.9370
vt 0.6685 0.9245
vt 0.6636 0.9286
vt 0.6497 0.9357
vt 0.6511 0.9181
vt 0.6527 0.9430
vt 0.6795 0.9442
vt 0.6705 0.9422
vt 0.6731 0.9516
vt 0.6563 0.9505
vt 0.3794 0.9121
vt 0.6925 0.9448
vt 0.6681 0.9526
vt 0.6890 0.9610
vt 0.6786 0.9593
vt 0.3893 0.9224
vt 0.6737 0.9611
vt 0.6777 0.9690
vt 0.6753 0.9660
vt 0.6510 0.9689
vt 0.6841 0.9750
vt 0.6703 0.9696
vt 0.6603 0.9707
vt 0.8817 0.9173
vt 0.6537 0.9824
vt 0.6369 0.9777
vt 0.8872 0.9252
vt 0.8797 0.9277
vt 0.8755 0.9210
vt 0.6432 0.9830
vt 0.8720 0.9325
vt 0.9944 0.9362
vt 0.9955 0.9364
vt 0.9950 0.9392
vt 0.9951 0.9378
vt 0.9885 0.9325
vt 0.9891 0.9297
vt 0.9916 0.9370
vt 0.0758 0.8117
vt 0.9851 0.9316
vt 0.9852 0.9330
vt 0.9849 0.9319
vt 0.9865 0.9320
vt 0.9868 0.9357
vt 0.9957 0.9400
vt 0.9965 0.9385
vt 0.9969 0.9425
vt 0.9973 0.9386
vt 0.9978 0.9404
vt 0.1159 0.7221
vt 0.5834 0.9108
vt 0.5839 0.9091
vt 0.5852 0.9054
vt 0.5828 0.9108
vt 0.5820 0.9110
vt 0.5804 0.9092
vt 0.5828 0.9093
vt 0.5759 0.9108
vt 0.5790 0.9081
vt 0.9929 0.9386
vt 0.9942 0.9390
vt 0.9909 0.9382
vt 0.9952 0.9404
vt 0.9953 0.9413
vt 0.9846 0.9346
vt 0.5833 0.9112
vt 0.5789 0.9135
vt 0.5772 0.9135
vt 0.9938 0.9407
vt 0.9945 0.9415
vt 0.9881 0.9389
vt 0.9945 0.9416
vt 0.9947 0.9425
vt 0.9861 0.9368
vt 0.9849 0.9382
vt 0.9978 0.8474
vt 0.9972 0.8483
vt 0.5809 0.9153
vt 0.5816 0.9153
vt 0.5734 0.9169
vt 0.9937 0.9439
vt 0.9923 0.9443
vt 0.9952 0.9438
vt 0.9857 0.9384
vt 0.5804 0.9181
vt 0.5767 0.9161
vt 0.9888 0.9429
vt 0.9901 0.9423
vt 0.9846 0.9393
vt 0.9842 0.9387
vt 0.9856 0.9415
vt 0.5776 0.9181
vt 0.9935 0.9447
vt 0.9921 0.9451
vt 0.9944 0.9444
vt 0.9903 0.9465
vt 0.8088 0.7962
vt 0.8094 0.7960
vt 0.8089 0.7965
vt 0.9841 0.9411
vt 0.5808 0.9197
vt 0.5805 0.9183
vt 0.5814 0.9181
vt 0.5799 0.9200
vt 0.5797 0.9202
vt 0.5789 0.9199
vt 0.5754 0.9198
vt 0.8060 0.7982
vt 0.8071 0.7960
vt 0.8077 0.7976
vt 0.8071 0.7982
vt 0.9857 0.9431
vt 0.9842 0.9429
vt 0.9869 0.9451
vt 0.5783 0.9231
vt 0.5763 0.9225
vt 0.8074 0.7983
vt 0.9893 0.9459
vt 0.8070 0.7994
vt 0.8062 0.8000
vt 0.9844 0.9439
vt 0.9837 0.9437
vt 0.9852 0.9447
vt 0.5739 0.9239
vt 0.5707 0.9252
vt 0.8070 0.7997
vt 0.9862 0.9467
vt 0.9890 0.9492
vt 0.8037 0.8018
vt 0.8063 0.8003
vt 0.8044 0.8009
vt 0.7990 0.7954
vt 0.5796 0.9230
vt 0.5775 0.9245
vt 0.5789 0.9247
vt 0.5748 0.9262
vt 0.7991 0.7979
vt 0.8048 0.8034
vt 0.7975 0.7970
vt 0.5771 0.9271
vt 0.7987 0.7994
vt 0.8018 0.8040
vt 0.8026 0.8030
vt 0.8034 0.8046
vt 0.8052 0.8051
vt 0.7971 0.7991
vt 0.5781 0.9279
vt 0.5727 0.9285
vt 0.8039 0.8061
vt 0.7985 0.8026
vt 0.7975 0.8027
vt 0.5779 0.9281
vt 0.5780 0.9272
vt 0.5787 0.9268
vt 0.5773 0.9287
vt 0.5774 0.9296
vt 0.5756 0.9298
vt 0.5742 0.9299
vt 0.7974 0.8045
vt 0.8001 0.8065
vt 0.8010 0.8071
vt 0.8022 0.8077
vt 0.8031 0.8077
vt 0.2081 0.6641
vt 0.2085 0.6629
vt 0.2087 0.6629
vt 0.2078 0.6643
vt 0.2080 0.6651
vt 0.5781 0.9279
vt 0.5780 0.9299
vt 0.5782 0.9302
vt 0.5773 0.9310
vt 0.5778 0.9318
vt 0.5774 0.9318
vt 0.5756 0.9311
vt 0.7956 0.8027
vt 0.7969 0.8044
vt 0.7957 0.8021
vt 0.7989 0.8058
vt 0.2605 0.6543
vt 0.2110 0.6631
vt 0.2604 0.6553
vt 0.2089 0.6636
vt 0.2591 0.6571
vt 0.2083 0.6657
vt 0.2076 0.6664
vt 0.5776 0.9317
vt 0.5764 0.9323
vt 0.5767 0.9319
vt 0.5777 0.9319
vt 0.5754 0.9324
vt 0.5747 0.9335
vt 0.5733 0.9334
vt 0.5713 0.9320
vt 0.7958 0.8043
vt 0.7959 0.8050
vt 0.7969 0.8066
vt 0.7990 0.8083
vt 0.8004 0.8106
vt 0.2113 0.6645
vt 0.2103 0.6659
vt 0.0000 1.0000
vt 0.2089 0.6679
vt 0.2076 0.6686
vt 0.5758 0.9337
vt 0.5753 0.9339
vt 0.8011 0.8114
vt 0.2115 0.6672
vt 0.0000 1.0000
vt 0.2112 0.6677
vt 0.2105 0.6686
vt 0.0534 0.7109
vt 0.0553 0.7133
vt 0.0511 0.7130
vt 0.0491 0.7128
vt 0.0495 0.7106
vt 0.5963 0.7257
vt 0.5942 0.7225
vt 0.5966 0.7229
vt 0.5889 0.7224
vt 0.5831 0.7270
vt 0.5810 0.7222
vt 0.5770 0.7280
vt 0.5718 0.7220
vt 0.0537 0.7157
vt 0.0503 0.7152
vt 0.6006 0.7290
vt 0.5953 0.7307
vt 0.5939 0.7272
vt 0.5877 0.7288
vt 0.0530 0.7195
vt 0.0502 0.7173
vt 0.5980 0.7317
vt 0.5920 0.7326
vt 0.5828 0.7348
vt 0.5695 0.7313
vt 0.0499 0.7231
vt 0.5984 0.7347
vt 0.5963 0.7342
vt 0.5951 0.7342
vt 0.5890 0.7352
vt 0.5705 0.7358
vt 0.5939 0.7371
vt 0.5901 0.7391
vt 0.0537 0.7232
vt 0.5763 0.7434
vt 0.0455 0.7330
vt 0.5951 0.7435
vt 0.5925 0.7446
vt 0.5844 0.7452
vt 0.0513 0.7316
vt 0.5762 0.7518
vt 0.5660 0.7478
vt 0.5925 0.7517
vt 0.5839 0.7535
vt 0.5709 0.7509
vt 0.0541 0.7347
vt 0.7350 0.9668
vt 0.0478 0.7383
vt 0.0424 0.7397
vt 0.5696 0.7599
vt 0.0528 0.7399
vt 0.0485 0.7425
vt 0.0364 0.7444
vt 0.0303 0.7439
vt 0.0446 0.7456
vt 0.0506 0.7477
vt 0.7403 0.9852
vt 0.7356 0.9804
vt 0.0461 0.7488
vt 0.4681 0.7052
vt 0.4631 0.7030
vt 0.4648 0.7077
vt 0.4669 0.7095
vt 0.4770 0.7113
vt 0.4622 0.7054
vt 0.4701 0.7127
vt 0.1814 0.6837
vt 0.1868 0.6890
vt 0.4592 0.7098
vt 0.4640 0.7101
vt 0.4616 0.7121
vt 0.1689 0.6849
vt 0.1825 0.6915
vt 0.4649 0.7150
vt 0.1734 0.6888
vt 0.1639 0.6833
vt 0.1766 0.6920
vt 0.1773 0.6973
vt 0.1657 0.6877
vt 0.1688 0.6899
vt 0.1535 0.6870
vt 0.1575 0.6884
vt 0.1581 0.6916
vt 0.1682 0.6952
vt 0.1705 0.6991
vt 0.1599 0.7029
vt 0.1697 0.7054
vt 0.1598 0.6963
vt 0.1646 0.7034
vt 0.1489 0.6901
vt 0.0947 0.7736
vt 0.1545 0.7020
vt 0.1615 0.7104
vt 0.5029 0.7733
vt 0.4920 0.7708
vt 0.0000 1.0000
vt 0.0000 1.0000
vt 0.0000 1.0000
vt 0.0000 1.0000
vt 0.0000 1.0000
vt 0.0000 1.0000
vt 0.0000 1.0000
vt 0.0000 1.0000
vt 0.4892 0.7749
vt 0.4817 0.7753
vt 0.4774 0.7717
vt 0.4748 0.7760
vt 0.4731 0.7724
vt 0.0000 1.0000
vt 0.4634 0.7729
vt 0.0000 1.0000
vt 0.0000 1.0000
vt 0.0000 1.0000
vt 0.4996 0.7789
vt 0.2551 0.8249
vt 0.4719 0.7756
vt 0.4553 0.7734
vt 0.0000 1.0000
vt 0.0000 1.0000
vt 0.2384 0.8269
vt 0.4576 0.7758
vt 0.0000 1.0000
vt 0.0715 0.8509
vt 0.0724 0.8549
vt 0.0659 0.8546
vt 0.0660 0.8601
vt 0.0615 0.8629
vt 0.0638 0.8509
vt 0.0623 0.8571
vt 0.0625 0.8747
vt 0.0571 0.8680
vt 0.0593 0.8531
vt 0.0529 0.8720
vt 0.0553 0.8480
vt 0.0520 0.8549
vt 0.0523 0.8588
vt 0.0504 0.8485
vt 0.0466 0.8658
vt 0.0442 0.8550
vt 0.0441 0.8512
vt 0.0431 0.8581
vt 0.3675 0.8413
vt 0.3637 0.8335
vt 0.3471 0.8422
vt 0.3509 0.8336
vt 0.3530 0.8416
vt 0.3352 0.8446
vt 0.3392 0.8307
vt 0.3268 0.8422
vt 0.3301 0.8313
vt 0.3211 0.8415
vt 0.3094 0.8407
vt 0.3157 0.8335
vt 0.3482 0.8523
vt 0.3289 0.8484
vt 0.3155 0.8462
vt 0.6295 0.8898
vt 0.3103 0.8613
vt 0.6046 0.9041
vt 0.3317 0.8627
vt 0.6261 0.9085
vt 0.6447 0.8862
vt 0.6166 0.9028
vt 0.3185 0.8724
vt 0.3324 0.8723
vt 0.6128 0.9133
vt 0.3197 0.8778
vt 0.6408 0.9069
vt 0.6057 0.9205
vt 0.3273 0.6697
vt 0.5686 0.7748
vt 0.5688 0.7738
vt 0.5709 0.7758
vt 0.5712 0.7743
vt 0.5732 0.7761
vt 0.5682 0.7762
vt 0.5619 0.7766
vt 0.5638 0.7755
vt 0.5608 0.7746
vt 0.5633 0.7746
vt 0.5562 0.7761
vt 0.5539 0.7768
vt 0.5543 0.7737
vt 0.5445 0.7752
vt 0.5421 0.7743
vt 0.5447 0.7716
vt 0.5424 0.7712
vt 0.5627 0.7811
vt 0.5583 0.7803
vt 0.5535 0.7788
vt 0.5481 0.7789
vt 0.5483 0.7758
vt 0.5389 0.7813
vt 0.5416 0.7770
vt 0.5526 0.7823
vt 0.5357 0.7784
vt 0.5376 0.7759
vt 0.5349 0.7754
vt 0.5591 0.7847
vt 0.5447 0.7825
vt 0.5339 0.7821
vt 0.5564 0.7863
vt 0.5478 0.7849
vt 0.5402 0.7836
vt 0.3191 0.8295
vt 0.4162 0.7295
vt 0.4127 0.7216
vt 0.4148 0.7241
vt 0.4159 0.7317
vt 0.4140 0.7305
vt 0.4083 0.7222
vt 0.4075 0.7187
vt 0.4094 0.7260
vt 0.4123 0.7279
vt 0.4114 0.7321
vt 0.4103 0.7290
vt 0.4051 0.7185
vt 0.4065 0.7232
vt 0.4073 0.7264
vt 0.4082 0.7320
vt 0.4034 0.7153
vt 0.4047 0.7240
vt 0.4067 0.7317
vt 0.4081 0.7354
vt 0.4096 0.7341
vt 0.4098 0.7359
vt 0.4103 0.7349
vt 0.4051 0.7348
vt 0.4059 0.7384
vt 0.3945 0.7347
vt 0.3934 0.7318
vt 0.4022 0.7158
vt 0.4028 0.7211
vt 0.4018 0.7248
vt 0.3969 0.7164
vt 0.4019 0.7291
vt 0.4030 0.7360
vt 0.4037 0.7391
vt 0.3974 0.7211
vt 0.3966 0.7250
vt 0.3990 0.7311
vt 0.4020 0.7385
vt 0.4019 0.7407
vt 0.4001 0.7355
vt 0.7869 0.8099
vt 0.3959 0.7321
vt 0.3992 0.7383
vt 0.7826 0.8054
vt 0.7810 0.7991
vt 0.7861 0.8154
vt 0.7790 0.8007
vt 0.7803 0.8066
vt 0.7839 0.8180
vt 0.7796 0.8132
vt 0.7727 0.8020
vt 0.7817 0.8181
vt 0.2160 0.8320
vt 0.2130 0.8318
vt 0.2164 0.8304
vt 0.2135 0.8299
vt 0.2096 0.8310
vt 0.2109 0.8294
vt 0.2087 0.8300
vt 0.2078 0.8311
vt 0.2091 0.8294
vt 0.2072 0.8310
vt 0.2294 0.8353
vt 0.2283 0.8342
vt 0.2309 0.8336
vt 0.2253 0.8381
vt 0.2260 0.8332
vt 0.2254 0.8347
vt 0.2243 0.8348
vt 0.2240 0.8346
vt 0.2253 0.8331
vt 0.2194 0.8324
vt 0.2185 0.8324
vt 0.2168 0.8320
vt 0.2171 0.8330
vt 0.2155 0.8336
vt 0.2135 0.8325
vt 0.2119 0.8332
vt 0.2099 0.8320
vt 0.2073 0.8320
vt 0.2072 0.8310
vt 0.2069 0.8302
vt 0.2318 0.8385
vt 0.2284 0.8375
vt 0.2332 0.8367
vt 0.2226 0.8355
vt 0.2174 0.8337
vt 0.2189 0.8333
vt 0.2191 0.8343
vt 0.2206 0.8335
vt 0.2157 0.8345
vt 0.2140 0.8343
vt 0.2122 0.8341
vt 0.2086 0.8325
vt 0.2106 0.8327
vt 0.2107 0.8330
vt 0.2067 0.8323
vt 0.2057 0.8324
vt 0.2051 0.8328
vt 0.2053 0.8320
vt 0.2054 0.8308
vt 0.2273 0.8387
vt 0.2194 0.8370
vt 0.2161 0.8360
vt 0.2144 0.8357
vt 0.2115 0.8349
vt 0.2079 0.8353
vt 0.2087 0.8345
vt 0.2055 0.8336
vt 0.2039 0.8342
vt 0.2267 0.8390
vt 0.2251 0.8393
vt 0.2231 0.8390
vt 0.2186 0.8381
vt 0.2165 0.8376
vt 0.2149 0.8359
vt 0.2132 0.8358
vt 0.2060 0.8352
vt 0.2036 0.8360
vt 0.2023 0.8336
vt 0.2032 0.8345
vt 0.2263 0.8399
vt 0.2273 0.8419
vt 0.2256 0.8419
vt 0.2231 0.8446
vt 0.2251 0.8411
vt 0.2224 0.8419
vt 0.2210 0.8435
vt 0.2204 0.8392
vt 0.2152 0.8387
vt 0.2132 0.8381
vt 0.2113 0.8372
vt 0.2093 0.8363
vt 0.2079 0.8383
vt 0.2067 0.8369
vt 0.2063 0.8356
vt 0.2050 0.8368
vt 0.2246 0.8433
vt 0.2272 0.8426
vt 0.2262 0.8445
vt 0.2246 0.8451
vt 0.2233 0.8460
vt 0.2173 0.8427
vt 0.2144 0.8407
vt 0.2124 0.8407
vt 0.2093 0.8403
vt 0.2072 0.8401
vt 0.2015 0.8389
vt 0.2256 0.8459
vt 0.2220 0.8478
vt 0.2246 0.8469
vt 0.2218 0.8466
vt 0.2216 0.8493
vt 0.2245 0.8488
vt 0.2249 0.8503
vt 0.2230 0.8511
vt 0.2202 0.8457
vt 0.2202 0.8467
vt 0.2190 0.8452
vt 0.2181 0.8470
vt 0.2183 0.8489
vt 0.2203 0.8550
vt 0.2210 0.8562
vt 0.2189 0.8565
vt 0.2201 0.8551
vt 0.2161 0.8438
vt 0.2138 0.8466
vt 0.2168 0.8508
vt 0.2164 0.8551
vt 0.2174 0.8561
vt 0.2132 0.8431
vt 0.2125 0.8450
vt 0.2162 0.8574
vt 0.2177 0.8577
vt 0.2137 0.8579
vt 0.2162 0.8593
vt 0.2141 0.8595
vt 0.2099 0.8450
vt 0.2083 0.8429
vt 0.2082 0.8453
vt 0.2060 0.8424
vt 0.2062 0.8443
vt 0.2013 0.8420
vt 0.2038 0.8467
vt 0.2003 0.8462
vt 0.2194 0.8508
vt 0.2216 0.8523
vt 0.2191 0.8542
vt 0.2179 0.8554
vt 0.2162 0.8516
vt 0.2147 0.8525
vt 0.2138 0.8503
vt 0.2136 0.8512
vt 0.2133 0.8539
vt 0.2115 0.8484
vt 0.2118 0.8509
vt 0.2087 0.8509
vt 0.2109 0.8537
vt 0.2120 0.8596
vt 0.2146 0.8609
vt 0.2121 0.8613
vt 0.2082 0.8485
vt 0.2080 0.8531
vt 0.2097 0.8567
vt 0.2088 0.8610
vt 0.2130 0.8625
vt 0.2110 0.8625
vt 0.2063 0.8503
vt 0.2070 0.8563
vt 0.2057 0.8576
vt 0.2086 0.8630
vt 0.2049 0.8529
vt 0.2060 0.8605
vt 0.2071 0.8626
vt 0.2086 0.8634
vt 0.2069 0.8647
vt 0.2033 0.8541
vt 0.2030 0.8561
vt 0.2054 0.8624
vt 0.2017 0.8485
vt 0.2018 0.8596
vt 0.2030 0.8639
vt 0.2051 0.8645
vt 0.1786 0.8494
vt 0.1776 0.8507
vt 0.1767 0.8489
vt 0.1766 0.8521
vt 0.1733 0.8500
vt 0.1713 0.8522
vt 0.5005 0.6712
vt 0.4987 0.6668
vt 0.4977 0.6702
vt 0.4944 0.6691
vt 0.4954 0.6689
vt 0.4980 0.6661
vt 0.5013 0.6824
vt 0.5011 0.6817
vt 0.5092 0.6839
vt 0.4949 0.6853
vt 0.4920 0.6863
vt 0.4912 0.6827
vt 0.4937 0.6834
vt 0.4981 0.6850
vt 0.4967 0.6841
vt 0.4894 0.6863
vt 0.4887 0.6855
vt 0.5202 0.7174
vt 0.5228 0.7261
vt 0.5272 0.7313
vt 0.5349 0.7309
vt 0.5344 0.7399
vt 0.5369 0.7349
vt 0.5234 0.7368
vt 0.5190 0.7417
vt 0.5294 0.7444
vt 0.5332 0.7470
vt 0.5258 0.7495
vt 0.5283 0.7502
vt 0.5325 0.7513
vt 0.5300 0.7533
vt 0.5176 0.7502
vt 0.5258 0.7551
vt 0.5265 0.7574
vt 0.5231 0.7582
vt 0.2087 0.7448
vt 0.2082 0.7589
vt 0.2080 0.7541
vt 0.2023 0.7415
vt 0.1992 0.7537
vt 0.7129 0.9352
vt 0.7241 0.9248
vt 0.7247 0.9301
vt 0.7097 0.9293
vt 0.7023 0.9254
vt 0.7337 0.9434
vt 0.5678 0.7197
vt 0.7332 0.9313
vt 0.7225 0.9392
vt 0.7118 0.9404
vt 0.6998 0.9391
vt 0.7166 0.9433
vt 0.6968 0.9499
vt 0.7239 0.9505
vt 0.7007 0.9573
vt 0.7315 0.9570
vt 0.7238 0.9590
vt 0.7164 0.9592
vt 0.7302 0.9634
vt 0.7104 0.9676
vt 0.7155 0.9686
vt 0.6993 0.9729
vt 0.6914 0.9750
vt 0.7297 0.9739
vt 0.7239 0.9733
vt 0.7089 0.9801
vt 0.7285 0.9835
vt 0.6888 0.9860
vt 0.7230 0.9900
vt 0.7016 0.9836
vt 0.6861 0.8771
vt 0.6604 0.8860
vt 0.6806 0.8969
vt 0.6989 0.8895
vt 0.6709 0.9054
vt 0.6528 0.9022
vt 0.6806 0.9067
vt 0.6962 0.8999
vt 0.6646 0.9166
vt 0.6818 0.9168
vt 0.6682 0.7747
vt 0.6701 0.7762
vt 0.6716 0.7739
vt 0.6714 0.7760
vt 0.6639 0.7758
vt 0.6641 0.7737
vt 0.6549 0.7743
vt 0.1123 0.7968
vt 0.6735 0.7043
vt 0.1062 0.7842
vt 0.1073 0.7922
vt 0.1100 0.7949
vt 0.6735 0.6945
vt 0.6718 0.7009
vt 0.6752 0.7103
vt 0.6691 0.6993
vt 0.6735 0.7075
vt 0.6769 0.7193
vt 0.6702 0.7086
vt 0.6710 0.7158
vt 0.6780 0.7297
vt 0.6679 0.7068
vt 0.6690 0.7114
vt 0.6720 0.7233
vt 0.6748 0.7269
vt 0.6654 0.7020
vt 0.6631 0.7065
vt 0.6643 0.7111
vt 0.6664 0.7154
vt 0.6680 0.7161
vt 0.6709 0.7287
vt 0.6666 0.7230
vt 0.6713 0.7343
vt 0.6569 0.7122
vt 0.6606 0.7159
vt 0.6680 0.7293
vt 0.6634 0.7246
vt 0.6654 0.7263
vt 0.6668 0.7340
vt 0.6597 0.7229
vt 0.6658 0.7387
vt 0.6611 0.7288
vt 0.3103 0.9449
vt 0.2951 0.9613
vt 0.2963 0.9341
vt 0.3004 0.9530
vt 0.2907 0.9556
vt 0.2892 0.9477
vt 0.2705 0.9550
vt 0.2781 0.9432
vt 0.2851 0.9507
vt 0.3069 0.9575
vt 0.2561 0.9497
vt 0.2717 0.9713
vt 0.2571 0.9560
vt 0.2851 0.9607
vt 0.3067 0.9769
vt 0.3018 0.9714
vt 0.2612 0.9704
vt 0.2842 0.9788
vt 0.2905 0.9790
vt 0.2991 0.9853
vt 0.2762 0.9887
vt 0.2623 0.9852
vt 0.2907 0.9909
vt 0.7880 0.9709
vt 0.7765 0.9711
vt 0.2650 0.9993
vt 0.7660 0.9789
vt 0.7810 0.9784
vt 0.7521 0.9789
vt 0.7757 0.9789
vt 0.2587 0.9938
vt 0.2713 0.8327
vt 0.2898 0.8357
vt 0.2885 0.8456
vt 0.3097 0.8482
vt 0.3006 0.8447
vt 0.3000 0.8322
vt 0.3007 0.8487
vt 0.2761 0.8586
vt 0.2869 0.8581
vt 0.2999 0.8668
vt 0.2931 0.8620
vt 0.2817 0.8635
vt 0.2869 0.8743
vt 0.2756 0.8780
vt 0.3017 0.8783
vt 0.2921 0.8791
vt 0.3036 0.8883
vt 0.2829 0.8870
vt 0.2651 0.8873
vt 0.2911 0.8915
vt 0.2751 0.8988
vt 0.7009 0.8757
vt 0.7139 0.8870
vt 0.7399 0.8956
vt 0.5748 0.6811
vt 0.7328 0.8915
vt 0.7238 0.9009
vt 0.7137 0.8984
vt 0.7092 0.8972
vt 0.7053 0.8988
vt 0.7260 0.9024
vt 0.5768 0.6960
vt 0.5690 0.7020
vt 0.6963 0.9044
vt 0.7160 0.9093
vt 0.6999 0.9126
vt 0.7332 0.9116
vt 0.7239 0.9135
vt 0.7180 0.9156
vt 0.7129 0.9183
vt 0.5701 0.7131
vt 0.7330 0.9232
vt 0.9490 0.8432
vt 0.9464 0.8425
vt 0.9452 0.8422
vt 0.9441 0.8419
vt 0.9395 0.8411
vt 0.9391 0.8407
vt 0.0958 0.6826
vt 0.0945 0.6804
vt 0.0961 0.6805
vt 0.0933 0.6780
vt 0.9486 0.8447
vt 0.9443 0.8448
vt 0.9416 0.8449
vt 0.9416 0.8436
vt 0.9383 0.8427
vt 0.9378 0.8408
vt 0.0969 0.6853
vt 0.9483 0.8491
vt 0.9459 0.8472
vt 0.9416 0.8477
vt 0.9368 0.8463
vt 0.9486 0.8516
vt 0.9447 0.8529
vt 0.9416 0.8515
vt 0.9458 0.8535
vt 0.9422 0.8548
vt 0.9379 0.8541
vt 0.9456 0.8553
vt 0.9443 0.8550
vt 0.9406 0.8545
vt 0.9384 0.8558
vt 0.9366 0.8556
vt 0.9348 0.8554
vt 0.9354 0.8570
vt 0.4240 0.8973
vt 0.4194 0.8945
vt 0.4159 0.8977
vt 0.4099 0.8954
vt 0.0000 1.0000
vt 0.0000 1.0000
vt 0.4220 0.9022
vt 0.4086 0.8999
vt 0.4199 0.9033
vt 0.4091 0.9045
vt 0.4063 0.8986
vt 0.4248 0.9006
vt 0.4263 0.9051
vt 0.4141 0.9042
vt 0.4067 0.9058
vt 0.0000 1.0000
vt 0.4224 0.9060
vt 0.4147 0.9093
vt 0.4210 0.9136
vt 0.4159 0.9131
vt 0.4275 0.9097
vt 0.4068 0.9116
vt 0.0000 1.0000
vt 0.4094 0.9158
vt 0.4064 0.9166
vt 0.0000 1.0000
vt 0.4132 0.9188
vt 0.0000 1.0000
vt 0.4313 0.9202
vt 0.8295 0.9849
vt 0.8206 0.9811
vt 0.8078 0.9855
vt 0.7995 0.9903
vt 0.7896 0.9883
vt 0.8273 0.9913
vt 0.8175 0.9906
vt 0.5032 0.8626
vt 0.4980 0.8627
vt 0.4858 0.8636
vt 0.4759 0.8633
vt 0.4669 0.8688
vt 0.4886 0.8679
vt 0.4996 0.8693
vt 0.4789 0.8680
vt 0.4891 0.8719
vt 0.4788 0.8752
vt 0.5031 0.8754
vt 0.4737 0.8752
vt 0.4650 0.8754
vt 0.4943 0.8767
vt 0.4881 0.8772
vt 0.4777 0.8798
vt 0.4697 0.8798
vt 0.4751 0.8920
vt 0.4881 0.8791
vt 0.4837 0.8792
vt 0.4822 0.8926
vt 0.4687 0.8927
vt 0.4610 0.8917
vt 0.4543 0.8906
vt 0.4726 0.8949
vt 0.4811 0.8961
vt 0.4671 0.8955
vt 0.4603 0.8944
vt 0.4537 0.8941
vt 0.0859 0.7159
vt 0.0863 0.7147
vt 0.0833 0.7158
vt 0.0814 0.7155
vt 0.0763 0.7161
vt 0.0724 0.7168
vt 0.0685 0.7146
vt 0.0663 0.7143
vt 0.0643 0.7142
vt 0.0593 0.7164
vt 0.0569 0.7136
vt 0.0836 0.7180
vt 0.0801 0.7172
vt 0.0771 0.7174
vt 0.0684 0.7168
vt 0.0628 0.7161
vt 0.0843 0.7200
vt 0.0856 0.7192
vt 0.0814 0.7200
vt 0.0741 0.7193
vt 0.0709 0.7191
vt 0.0626 0.7186
vt 0.0570 0.7201
vt 0.0818 0.7222
vt 0.0838 0.7222
vt 0.0781 0.7217
vt 0.0725 0.7220
vt 0.0659 0.7212
vt 0.0817 0.7242
vt 0.0843 0.7244
vt 0.0906 0.7248
vt 0.0890 0.7224
vt 0.0893 0.7224
vt 0.0882 0.7249
vt 0.0663 0.7258
vt 0.0584 0.7251
vt 0.0836 0.7266
vt 0.0815 0.7266
vt 0.0908 0.7290
vt 0.0936 0.7295
vt 0.0941 0.7250
vt 0.0758 0.7284
vt 0.0865 0.7246
vt 0.0882 0.7284
vt 0.0680 0.7297
vt 0.0656 0.7324
vt 0.0890 0.7313
vt 0.0888 0.7313
vt 0.0904 0.7314
vt 0.0933 0.7343
vt 0.0948 0.7322
vt 0.0950 0.7298
vt 0.0830 0.7346
vt 0.0803 0.7339
vt 0.0878 0.7335
vt 0.0752 0.7347
vt 0.0970 0.7324
vt 0.0953 0.7356
vt 0.0723 0.7343
vt 0.0704 0.7330
vt 0.0584 0.7323
vt 0.0873 0.7359
vt 0.0859 0.7352
vt 0.0889 0.7357
vt 0.0754 0.7375
vt 0.0904 0.7362
vt 0.0929 0.7378
vt 0.0963 0.7372
vt 0.0965 0.7348
vt 0.4662 0.6870
vt 0.0820 0.7389
vt 0.0863 0.7376
vt 0.0882 0.7381
vt 0.0795 0.7396
vt 0.0897 0.7388
vt 0.0919 0.7407
vt 0.4632 0.6875
vt 0.0970 0.7399
vt 0.4634 0.6898
vt 0.0673 0.7376
vt 0.0647 0.7370
vt 0.0581 0.7387
vt 0.0864 0.7396
vt 0.0873 0.7400
vt 0.0887 0.7433
vt 0.0944 0.7434
vt 0.4630 0.6916
vt 0.4632 0.6930
vt 0.0713 0.7442
vt 0.0825 0.7412
vt 0.0857 0.7419
vt 0.4606 0.6937
vt 0.0687 0.7440
vt 0.0661 0.7420
vt 0.0815 0.7458
vt 0.0794 0.7430
vt 0.0873 0.7472
vt 0.4570 0.6950
vt 0.0609 0.7459
vt 0.0865 0.7465
vt 0.4556 0.6947
vt 0.4591 0.6986
vt 0.4609 0.6983
vt 0.0539 0.7469
vt 0.4557 0.6967
vt 0.4559 0.6980
vt 0.4610 0.7024
vt 0.0789 0.7470
vt 0.0618 0.7508
vt 0.2037 0.8660
vt 0.2048 0.8667
vt 0.2014 0.8663
vt 0.0000 1.0000
vt 0.0000 1.0000
vt 0.9703 0.9629
vt 0.9754 0.9698
vt 0.9789 0.9679
vt 0.0000 1.0000
vt 0.0000 1.0000
vt 0.9626 0.9591
vt 0.9667 0.9644
vt 0.9726 0.9685
vt 0.0000 1.0000
vt 0.0000 1.0000
vt 0.0000 1.0000
vt 0.0000 1.0000
vt 0.0000 1.0000
vt 0.9640 0.9622
vt 0.0000 1.0000
vt 0.9609 0.9629
vt 0.9685 0.9678
vt 0.9772 0.9714
vt 0.9799 0.9726
vt 0.0000 1.0000
vt 0.0000 1.0000
vt 0.9768 0.9729
vt 0.9782 0.9753
vt 0.0000 1.0000
vt 0.9615 0.9672
vt 0.9655 0.9672
vt 0.9732 0.9752
vt 0.0000 1.0000
vt 0.0000 1.0000
vt 0.0000 1.0000
vt 0.0000 1.0000
vt 0.9637 0.9688
vt 0.9656 0.9705
vt 0.9696 0.9732
vt 0.9748 0.9770
vt 0.0000 1.0000
vt 0.0000 1.0000
vt 0.9596 0.9696
vt 0.9763 0.9787
vt 0.0000 1.0000
vt 0.9613 0.9717
vt 0.9794 0.9826
vt 0.9693 0.9780
vt 0.0000 1.0000
vt 0.9588 0.9711
vt 0.9599 0.9728
vt 0.9747 0.9835
vt 0.9780 0.9845
vt 0.0000 1.0000
vt 0.9724 0.9808
vt 0.9573 0.9736
vt 0.9608 0.9759
vt 0.9639 0.9783
vt 0.9675 0.9805
vt 0.9589 0.9754
vt 0.9693 0.9842
vt 0.9757 0.9856
vt 0.9780 0.9865
vt 0.9801 0.9877
vt 0.9560 0.9766
vt 0.9599 0.9778
vt 0.9630 0.9831
vt 0.9726 0.9867
vt 0.9771 0.9882
vt 0.9576 0.9785
vt 0.9595 0.9792
vt 0.9744 0.9885
vt 0.9765 0.9897
vt 0.9720 0.9887
vt 0.9737 0.9901
vt 0.9557 0.9790
vt 0.9711 0.9904
vt 0.2878 0.7359
vt 0.2860 0.7372
vt 0.2826 0.7356
vt 0.2828 0.7370
vt 0.2820 0.7375
vt 0.2785 0.7394
vt 0.2659 0.7383
vt 0.2840 0.7365
vt 0.2841 0.7392
vt 0.2803 0.7395
vt 0.2840 0.7416
vt 0.2857 0.7432
vt 0.2709 0.7429
vt 0.2659 0.7413
vt 0.2805 0.7419
vt 0.2744 0.7429
vt 0.2776 0.7451
vt 0.2654 0.7440
vt 0.2840 0.7465
vt 0.2717 0.7459
vt 0.2798 0.7508
vt 0.2860 0.7505
vt 0.2738 0.7513
vt 0.2687 0.7508
vt 0.2823 0.7531
vt 0.2758 0.7531
vt 0.0716 0.8241
vt 0.2710 0.7524
vt 0.0718 0.8266
vt 0.0593 0.8253
vt 0.0720 0.8480
vt 0.0724 0.8342
vt 0.0708 0.8378
vt 0.0699 0.8416
vt 0.0660 0.8443
vt 0.0643 0.8484
vt 0.0660 0.8353
vt 0.0635 0.8287
vt 0.0600 0.8437
vt 0.0590 0.8347
vt 0.0571 0.8308
vt 0.0534 0.8381
vt 0.0496 0.8337
vt 0.0532 0.8275
vt 0.0490 0.8457
vt 0.9492 0.9523
vt 0.9564 0.9567
vt 0.9524 0.9591
vt 0.9552 0.9575
vt 0.9450 0.9518
vt 0.9485 0.9545
vt 0.9571 0.9591
vt 0.9444 0.9532
vt 0.9463 0.9540
vt 0.9462 0.9553
vt 0.9496 0.9581
vt 0.9548 0.9597
vt 0.9566 0.9606
vt 0.9579 0.9615
vt 0.9440 0.9547
vt 0.9475 0.9577
vt 0.9510 0.9603
vt 0.9571 0.9633
vt 0.9451 0.9570
vt 0.9433 0.9562
vt 0.9555 0.9641
vt 0.9432 0.9575
vt 0.9429 0.9585
vt 0.9464 0.9614
vt 0.9492 0.9617
vt 0.9499 0.9610
vt 0.9528 0.9642
vt 0.9585 0.9669
vt 0.9511 0.9633
vt 0.9546 0.9681
vt 0.9449 0.9628
vt 0.9489 0.9639
vt 0.9522 0.9655
vt 0.9576 0.9686
vt 0.9417 0.9605
vt 0.9520 0.9671
vt 0.9497 0.9679
vt 0.9546 0.9702
vt 0.9468 0.9647
vt 0.9412 0.9620
vt 0.9428 0.9628
vt 0.9442 0.9649
vt 0.9406 0.9634
vt 0.9421 0.9643
vt 0.9510 0.9702
vt 0.9538 0.9725
vt 0.9554 0.9734
vt 0.9434 0.9666
vt 0.9468 0.9683
vt 0.9419 0.9658
vt 0.9431 0.9679
vt 0.9463 0.9698
vt 0.9486 0.9717
vt 0.9544 0.9763
vt 0.9448 0.9710
vt 0.9476 0.9721
vt 0.9497 0.9734
vt 0.9471 0.9739
vt 0.9492 0.9764
vt 0.6098 0.6798
vt 0.6016 0.6802
vt 0.5875 0.6813
vt 0.6109 0.6840
vt 0.6078 0.6818
vt 0.5964 0.6860
vt 0.6089 0.6914
vt 0.6059 0.6901
vt 0.6016 0.6879
vt 0.5780 0.6850
vt 0.6014 0.6946
vt 0.5988 0.6914
vt 0.5916 0.6905
vt 0.5839 0.6924
vt 0.6099 0.6952
vt 0.6075 0.6947
vt 0.6056 0.6945
vt 0.5956 0.6954
vt 0.6106 0.6975
vt 0.6108 0.6979
vt 0.6089 0.6949
vt 0.6074 0.6979
vt 0.6084 0.6956
vt 0.6065 0.7000
vt 0.5846 0.6992
vt 0.6104 0.7010
vt 0.6084 0.7042
vt 0.6076 0.7041
vt 0.6050 0.7050
vt 0.6002 0.7039
vt 0.5922 0.7089
vt 0.5839 0.7079
vt 0.6076 0.7069
vt 0.5807 0.7071
vt 0.5740 0.7043
vt 0.6082 0.7100
vt 0.6071 0.7097
vt 0.6045 0.7090
vt 0.6003 0.7116
vt 0.5962 0.7120
vt 0.6065 0.7121
vt 0.0532 0.7043
vt 0.6028 0.7148
vt 0.6009 0.7145
vt 0.5980 0.7143
vt 0.5934 0.7153
vt 0.5856 0.7148
vt 0.5787 0.7166
vt 0.0529 0.7066
vt 0.5954 0.7169
vt 0.5981 0.7171
vt 0.5951 0.7197
vt 0.5900 0.7193
vt 0.0802 0.7558
vt 0.0848 0.7501
vt 0.0847 0.7481
vt 0.0858 0.7506
vt 0.0868 0.7525
vt 0.4581 0.7013
vt 0.0698 0.7510
vt 0.0670 0.7502
vt 0.0839 0.7522
vt 0.0853 0.7545
vt 0.4566 0.7029
vt 0.0737 0.7531
vt 0.0508 0.7520
vt 0.0779 0.7560
vt 0.0874 0.7560
vt 0.4589 0.7058
vt 0.0668 0.7575
vt 0.0566 0.7544
vt 0.0873 0.7592
vt 0.0902 0.7595
vt 0.0843 0.7606
vt 0.0820 0.7586
vt 0.0846 0.7556
vt 0.0855 0.7594
vt 0.0896 0.7646
vt 0.0605 0.7605
vt 0.0552 0.7625
vt 0.0518 0.7610
vt 0.0780 0.7593
vt 0.0795 0.7621
vt 0.0718 0.7620
vt 0.0875 0.7641
vt 0.0945 0.7661
vt 0.0624 0.7660
vt 0.0478 0.7599
vt 0.0851 0.7652
vt 0.0896 0.7671
vt 0.0927 0.7679
vt 0.0657 0.7661
vt 0.0770 0.7647
vt 0.0835 0.7657
vt 0.0890 0.7692
vt 0.0707 0.7672
vt 0.0845 0.7693
vt 0.0859 0.7694
vt 0.0920 0.7725
vt 0.0556 0.7665
vt 0.0507 0.7645
vt 0.0796 0.7673
vt 0.0833 0.7704
vt 0.0824 0.7671
vt 0.0884 0.7743
vt 0.0927 0.7810
vt 0.0638 0.7703
vt 0.0577 0.7688
vt 0.0529 0.7669
vt 0.0512 0.7671
vt 0.0529 0.7683
vt 0.0568 0.7704
vt 0.0550 0.7698
vt 0.0778 0.7729
vt 0.0760 0.7697
vt 0.0842 0.7723
vt 0.0871 0.7753
vt 0.0901 0.7795
vt 0.0659 0.7697
vt 0.0603 0.7703
vt 0.0558 0.7687
vt 0.0553 0.7694
vt 0.0564 0.7707
vt 0.0547 0.7689
vt 0.0509 0.7679
vt 0.0580 0.7719
vt 0.0571 0.7721
vt 0.0817 0.7726
vt 0.0833 0.7759
vt 0.0702 0.7714
vt 0.0588 0.7705
vt 0.0569 0.7704
vt 0.0571 0.7700
vt 0.0584 0.7715
vt 0.0592 0.7727
vt 0.0636 0.7752
vt 0.0592 0.7723
vt 0.0622 0.7747
vt 0.0599 0.7744
vt 0.0634 0.7760
vt 0.0615 0.7760
vt 0.0589 0.7744
vt 0.0564 0.7759
vt 0.0844 0.7797
vt 0.0871 0.7814
vt 0.0645 0.7724
vt 0.0621 0.7725
vt 0.0584 0.7724
vt 0.0631 0.7751
vt 0.0645 0.7761
vt 0.0662 0.7769
vt 0.8677 0.7998
vt 0.0652 0.7772
vt 0.8684 0.8001
vt 0.8671 0.8003
vt 0.8652 0.7998
vt 0.8631 0.7997
vt 0.0569 0.7793
vt 0.0822 0.7775
vt 0.0837 0.7808
vt 0.0750 0.7764
vt 0.0712 0.7754
vt 0.0902 0.7856
vt 0.0933 0.7875
vt 0.0676 0.7747
vt 0.0654 0.7745
vt 0.0633 0.7743
vt 0.0621 0.7746
vt 0.0652 0.7779
vt 0.0655 0.7786
vt 0.0645 0.7763
vt 0.8686 0.8011
vt 0.8683 0.8026
vt 0.8668 0.8024
vt 0.8639 0.8033
vt 0.0776 0.7771
vt 0.0840 0.7848
vt 0.0669 0.7763
vt 0.8495 0.7731
vt 0.0689 0.7772
vt 0.8675 0.8044
vt 0.8671 0.8059
vt 0.8656 0.8061
vt 0.0783 0.7787
vt 0.0709 0.7808
vt 0.0848 0.7850
vt 0.8505 0.7753
vt 0.8487 0.7749
vt 0.8668 0.8049
vt 0.8671 0.8070
vt 0.8667 0.8077
vt 0.8637 0.8069
vt 0.4565 0.8977
vt 0.4520 0.8969
vt 0.4448 0.8939
vt 0.4389 0.8958
vt 0.4453 0.8917
vt 0.4341 0.8958
vt 0.4301 0.8974
vt 0.4270 0.8937
vt 0.4518 0.8988
vt 0.4439 0.8970
vt 0.4376 0.8983
vt 0.4586 0.9045
vt 0.4526 0.9018
vt 0.4462 0.8994
vt 0.4411 0.8997
vt 0.4505 0.9039
vt 0.4410 0.9038
vt 0.4376 0.9045
vt 0.4345 0.9033
vt 0.4284 0.9021
vt 0.4479 0.9061
vt 0.4577 0.9073
vt 0.4448 0.9069
vt 0.4359 0.9077
vt 0.4505 0.9101
vt 0.4571 0.9107
vt 0.4415 0.9103
vt 0.4297 0.9075
vt 0.4454 0.9130
vt 0.4338 0.9096
vt 0.4599 0.9143
vt 0.4552 0.9140
vt 0.4343 0.9131
vt 0.4421 0.9159
vt 0.4309 0.9170
vt 0.4579 0.9171
vt 0.4509 0.9158
vt 0.4341 0.9173
vt 0.4474 0.9193
vt 0.4496 0.9192
vt 0.4374 0.9195
vt 0.1570 0.8457
vt 0.1545 0.8508
vt 0.1504 0.8476
vt 0.0000 1.0000
vt 0.0000 1.0000
vt 0.0000 1.0000
vt 0.0000 1.0000
vt 0.0000 1.0000
vt 0.0000 1.0000
vt 0.0000 1.0000
vt 0.0000 1.0000
vt 0.0000 1.0000
vt 0.0000 1.0000
vt 0.0000 1.0000
vt 0.0000 1.0000
vt 0.0000 1.0000
vt 0.0000 1.0000
vt 0.0000 1.0000
vt 0.0000 1.0000
vt 0.0000 1.0000
vt 0.0000 1.0000
vt 0.0000 1.0000
vt 0.0000 1.0000
vt 0.0000 1.0000
vt 0.0000 1.0000
vt 0.0000 1.0000
vt 0.0000 1.0000
vt 0.0000 1.0000
vt 0.0000 1.0000
vt 0.0000 1.0000
vt 0.0000 1.0000
vt 0.0000 1.0000
vt 0.0000 1.0000
vt 0.0000 1.0000
vt 0.0000 1.0000
vt 0.0000 1.0000
vt 0.0000 1.0000
vt 0.0000 1.0000
vt 0.0000 1.0000
vt 0.0000 1.0000
vt 0.0000 1.0000
vt 0.0000 1.0000
vt 0.0000 1.0000
vt 0.0000 1.0000
vt 0.0000 1.0000
vt 0.0000 1.0000
vt 0.0000 1.0000
vt 0.0000 1.0000
vt 0.0000 1.0000
vt 0.0000 1.0000
vt 0.0000 1.0000
vt 0.0000 1.0000
vt 0.0000 1.0000
vt 0.0000 1.0000
vt 0.0000 1.0000
vt 0.0000 1.0000
vt 0.0000 1.0000
vt 0.0000 1.0000
vt 0.0000 1.0000
vt 0.0000 1.0000
vt 0.0000 1.0000
vt 0.0000 1.0000
vt 0.0000 1.0000
vt 0.0000 1.0000
vt 0.0000 1.0000
vt 0.0000 1.0000
vt 0.0000 1.0000
vt 0.0000 1.0000
vt 0.0000 1.0000
vt 0.0000 1.0000
vt 0.0000 1.0000
vt 0.0000 1.0000
vt 0.0000 1.0000
vt 0.0000 1.0000
vt 0.0000 1.0000
vt 0.0000 1.0000
vt 0.0000 1.0000
vt 0.0000 1.0000
vt 0.0000 1.0000
vt 0.0000 1.0000
vt 0.0000 1.0000
vt 0.0000 1.0000
vt 0.0000 1.0000
vt 0.0000 1.0000
vt 0.0000 1.0000
vt 0.0000 1.0000
vt 0.0000 1.0000
vt 0.0000 1.0000
vt 0.0000 1.0000
vt 0.0000 1.0000
vt 0.0000 1.0000
vt 0.0000 1.0000
vt 0.0000 1.0000
vt 0.0000 1.0000
vt 0.0000 1.0000
vt 0.0000 1.0000
vt 0.0000 1.0000
vt 0.0000 1.0000
vt 0.0000 1.0000
vt 0.0000 1.0000
vt 0.0000 1.0000
vt 0.0000 1.0000
vt 0.0000 1.0000
vt 0.0000 1.0000
vt 0.0000 1.0000
vt 0.0000 1.0000
vt 0.0000 1.0000
vt 0.0000 1.0000
vt 0.0000 1.0000
vt 0.0000 1.0000
vt 0.0000 1.0000
vt 0.0000 1.0000
vt 0.0000 1.0000
vt 0.0319 0.7507
vt 0.0250 0.7501
vt 0.0446 0.7556
vt 0.0386 0.7561
vt 0.0355 0.7544
vt 0.0320 0.7561
vt 0.0286 0.7563
vt 0.7373 0.9993
vt 0.0424 0.7636
vt 0.0350 0.7624
vt 0.0271 0.7613
vt 0.0226 0.7622
vt 0.9362 0.9516
vt 0.0469 0.7642
vt 0.0449 0.7665
vt 0.0261 0.7663
vt 0.0226 0.7664
vt 0.9359 0.9564
vt 0.0478 0.7671
vt 0.0509 0.7685
vt 0.0472 0.7685
vt 0.0522 0.7706
vt 0.0415 0.7666
vt 0.0456 0.7698
vt 0.0488 0.7691
vt 0.0502 0.7702
vt 0.0450 0.7697
vt 0.0364 0.7663
vt 0.0428 0.7707
vt 0.0300 0.7666
vt 0.0549 0.7738
vt 0.0449 0.7680
vt 0.0448 0.7690
vt 0.0518 0.7730
vt 0.0415 0.7688
vt 0.0389 0.7687
vt 0.0393 0.7690
vt 0.0394 0.7703
vt 0.0446 0.7724
vt 0.0465 0.7767
vt 0.0415 0.7710
vt 0.0353 0.7688
vt 0.0370 0.7705
vt 0.0331 0.7685
vt 0.0390 0.7711
vt 0.0404 0.7730
vt 0.0400 0.7767
vt 0.0290 0.7685
vt 0.0355 0.7714
vt 0.0362 0.7725
vt 0.0269 0.7705
vt 0.0310 0.7720
vt 0.0344 0.7733
vt 0.0364 0.7745
vt 0.0243 0.7683
vt 0.0209 0.7687
vt 0.0164 0.7684
vt 0.0540 0.7769
vt 0.0375 0.7693
vt 0.0366 0.7701
vt 0.0329 0.7696
vt 0.0321 0.7705
vt 0.0318 0.7716
vt 0.0308 0.7723
vt 0.0288 0.7707
vt 0.7214 0.7842
vt 0.0275 0.7711
vt 0.0273 0.7711
vt 0.0249 0.7700
vt 0.0261 0.7708
vt 0.0303 0.7736
vt 0.0320 0.7763
vt 0.0238 0.7710
vt 0.0263 0.7723
vt 0.0184 0.7706
vt 0.0194 0.7715
vt 0.0271 0.7736
vt 0.0203 0.7716
vt 0.0221 0.7762
vt 0.0212 0.7739
vt 0.0215 0.7728
vt 0.7397 0.7900
vt 0.0000 1.0000
vt 0.0000 1.0000
vt 0.0000 1.0000
vt 0.0364 0.7727
vt 0.0000 1.0000
vt 0.0000 1.0000
vt 0.7331 0.7893
vt 0.0000 1.0000
vt 0.0287 0.7726
vt 0.0300 0.7717
vt 0.7258 0.7886
vt 0.0000 1.0000
vt 0.0250 0.7726
vt 0.0000 1.0000
vt 0.0248 0.7717
vt 0.0189 0.7727
vt 0.0173 0.7724
vt 0.7057 0.7894
vt 0.0000 1.0000
vt 0.0000 1.0000
vt 0.0000 1.0000
vt 0.0000 1.0000
vt 0.0000 1.0000
vt 0.0000 1.0000
vt 0.0000 1.0000
vt 0.0000 1.0000
vt 0.7141 0.7910
vt 0.3053 0.6705
vt 0.0000 1.0000
vt 0.0000 1.0000
vt 0.8514 0.7848
vt 0.8524 0.7885
vt 0.8494 0.7852
vt 0.8456 0.7904
vt 0.8464 0.7861
vt 0.8421 0.7832
vt 0.8455 0.7823
vt 0.7344 0.8309
vt 0.8399 0.7838
vt 0.7337 0.8306
vt 0.8396 0.7799
vt 0.8391 0.7881
vt 0.8375 0.7847
vt 0.7315 0.8284
vt 0.7290 0.8285
vt 0.7310 0.8314
vt 0.7339 0.8349
vt 0.7320 0.8358
vt 0.7222 0.8321
vt 0.7257 0.8301
vt 0.7326 0.8382
vt 0.8336 0.7940
vt 0.7233 0.8279
vt 0.7215 0.8288
vt 0.7217 0.8258
vt 0.7171 0.8269
vt 0.7279 0.8379
vt 0.7195 0.8289
vt 0.7204 0.8333
vt 0.7297 0.8404
vt 0.7247 0.8400
vt 0.7278 0.8425
vt 0.7205 0.8379
vt 0.7268 0.8429
vt 0.7207 0.8427
vt 0.7242 0.8448
vt 0.7185 0.8427
vt 0.7239 0.8463
vt 0.7243 0.8463
vt 0.7246 0.8472
vt 0.7207 0.8457
vt 0.7268 0.8459
vt 0.7196 0.7283
vt 0.7210 0.8487
vt 0.7200 0.8492
vt 0.7267 0.8489
vt 0.7226 0.8515
vt 0.7179 0.7325
vt 0.7211 0.8533
vt 0.7166 0.8545
vt 0.7202 0.8552
vt 0.7189 0.8543
vt 0.7184 0.8569
vt 0.7157 0.8578
vt 0.7159 0.8611
vt 0.7161 0.8630
vt 0.7188 0.8613
vt 0.7189 0.8620
vt 0.7153 0.7447
vt 0.7157 0.7478
vt 0.7151 0.7494
vt 0.4575 0.8224
vt 0.2493 0.9073
vt 0.2670 0.9018
vt 0.4548 0.8221
vt 0.9832 0.9582
vt 0.9894 0.9645
vt 0.9830 0.9627
vt 0.2470 0.9230
vt 0.2561 0.9174
vt 0.9829 0.9693
vt 0.2516 0.9310
vt 0.2616 0.9243
vt 0.2404 0.9376
vt 0.9827 0.9814
vt 0.2668 0.9375
vt 0.2485 0.9485
vt 0.2906 0.9034
vt 0.2849 0.8992
vt 0.3025 0.9022
vt 0.3126 0.9013
vt 0.3096 0.9051
vt 0.2727 0.9121
vt 0.3142 0.9096
vt 0.3133 0.9113
vt 0.3101 0.9099
vt 0.3068 0.9122
vt 0.3018 0.9139
vt 0.2909 0.9161
vt 0.2833 0.9177
vt 0.3126 0.9150
vt 0.3113 0.9149
vt 0.3100 0.9148
vt 0.3117 0.9192
vt 0.3141 0.9183
vt 0.3124 0.9189
vt 0.3133 0.9183
vt 0.3065 0.9198
vt 0.2983 0.9181
vt 0.2870 0.9258
vt 0.3081 0.9243
vt 0.3137 0.9223
vt 0.2751 0.9253
vt 0.3021 0.9257
vt 0.2945 0.9289
vt 0.3102 0.9281
vt 0.3025 0.9361
vt 0.3098 0.9355
vt 0.2889 0.9404
vt 0.5348 0.9106
vt 0.5270 0.9011
vt 0.5244 0.9022
vt 0.5160 0.9010
vt 0.5428 0.9116
vt 0.5355 0.9146
vt 0.5260 0.9037
vt 0.5262 0.9030
vt 0.5281 0.9073
vt 0.5224 0.9033
vt 0.5180 0.9042
vt 0.5271 0.9050
vt 0.5240 0.9061
vt 0.5260 0.9063
vt 0.5250 0.9086
vt 0.5256 0.9088
vt 0.5260 0.9111
vt 0.5155 0.9041
vt 0.5299 0.9135
vt 0.5278 0.9117
vt 0.5253 0.9092
vt 0.5246 0.9113
vt 0.5224 0.9068
vt 0.5192 0.9062
vt 0.5159 0.9079
vt 0.5428 0.9157
vt 0.5495 0.9111
vt 0.5255 0.9099
vt 0.5266 0.9088
vt 0.5274 0.9146
vt 0.5200 0.9076
vt 0.5235 0.9108
vt 0.5245 0.9114
vt 0.5240 0.9141
vt 0.5252 0.9155
vt 0.5217 0.9115
vt 0.5198 0.9115
vt 0.5376 0.9202
vt 0.5299 0.9185
vt 0.5251 0.9114
vt 0.5249 0.9131
vt 0.5248 0.9115
vt 0.5242 0.9165
vt 0.5158 0.9117
vt 0.5131 0.9110
vt 0.5419 0.9212
vt 0.0000 1.0000
vt 0.5249 0.9133
vt 0.0000 1.0000
vt 0.5270 0.9192
vt 0.5233 0.9132
vt 0.5239 0.9161
vt 0.5249 0.9158
vt 0.5247 0.9194
vt 0.5208 0.9138
vt 0.5298 0.9223
vt 0.5246 0.9148
vt 0.5247 0.9156
vt 0.5242 0.9196
vt 0.5183 0.9140
vt 0.5134 0.9140
vt 0.5337 0.9259
vt 0.5242 0.9166
vt 0.5226 0.9158
vt 0.5242 0.9230
vt 0.5189 0.9172
vt 0.5134 0.9172
vt 0.5383 0.9251
vt 0.5270 0.9245
vt 0.5222 0.9203
vt 0.5241 0.9181
vt 0.5244 0.9171
vt 0.0000 1.0000
vt 0.5235 0.9189
vt 0.5239 0.9196
vt 0.5243 0.9204
vt 0.5233 0.9211
vt 0.5232 0.9220
vt 0.5407 0.9278
vt 0.5364 0.9281
vt 0.5433 0.9240
vt 0.5318 0.9269
vt 0.5278 0.9276
vt 0.5233 0.9242
vt 0.5239 0.9235
vt 0.5232 0.9244
vt 0.5232 0.9247
vt 0.5346 0.9279
vt 0.5237 0.9209
vt 0.5237 0.9274
vt 0.5196 0.9215
vt 0.5169 0.9204
vt 0.5234 0.9265
vt 0.5236 0.9258
vt 0.2076 0.6805
vt 0.2093 0.6765
vt 0.2079 0.8655
vt 0.0000 1.0000
vt 0.0860 0.7474
vt 0.0860 0.7473
vt 0.0000 1.0000
vt 0.0863 0.7498
vt 0.0856 0.7477
vt 0.0851 0.7464
vt 0.0000 1.0000
vt 0.0831 0.7513
vt 0.0834 0.7476
vt 0.0849 0.7516
vt 0.0849 0.7518
vt 0.0000 1.0000
vt 0.0000 1.0000
vt 0.0854 0.7538
vt 0.0855 0.7539
vt 0.0000 1.0000
vt 0.0000 1.0000
vt 0.0848 0.7576
vt 0.0849 0.7559
vt 0.0870 0.7564
vt 0.0866 0.7563
vt 0.0860 0.7543
vt 0.0000 1.0000
vt 0.0000 1.0000
vt 0.0000 1.0000
vt 0.0000 1.0000
vt 0.0000 1.0000
vt 0.0000 1.0000
vt 0.0810 0.7636
vt 0.0000 1.0000
vt 0.0000 1.0000
vt 0.0000 1.0000
vt 0.0000 1.0000
vt 0.0000 1.0000
vt 0.0000 1.0000
vt 0.0802 0.7717
vt 0.0819 0.7748
vt 0.0000 1.0000
vt 0.0829 0.7740
vt 0.0836 0.7744
vt 0.0836 0.7746
vt 0.0000 1.0000
vt 0.0000 1.0000
vt 0.0795 0.7755
vt 0.0811 0.7774
vt 0.0823 0.7755
vt 0.0819 0.7759
vt 0.0000 1.0000
vt 0.0000 1.0000
vt 0.0811 0.7766
vt 0.0810 0.7778
vt 0.0821 0.7786
vt 0.0000 1.0000
vt 0.0814 0.7786
vt 0.0818 0.7792
vt 0.0000 1.0000
vt 0.5245 0.6798
vt 0.5217 0.6789
vt 0.5157 0.6761
vt 0.5090 0.6741
vt 0.5059 0.6728
vt 0.5032 0.6721
vt 0.5261 0.6842
vt 0.5253 0.6837
vt 0.5221 0.6825
vt 0.5189 0.6812
vt 0.5148 0.6797
vt 0.5106 0.6783
vt 0.5080 0.6775
vt 0.5035 0.6760
vt 0.5010 0.6751
vt 0.5264 0.6875
vt 0.5286 0.6880
vt 0.5244 0.6842
vt 0.5271 0.6906
vt 0.5299 0.6913
vt 0.5105 0.6844
vt 0.5070 0.6871
vt 0.5076 0.6860
vt 0.5112 0.6847
vt 0.5101 0.6880
vt 0.5032 0.6862
vt 0.4991 0.6860
vt 0.5041 0.6934
vt 0.5101 0.6910
vt 0.4949 0.6883
vt 0.5003 0.6953
vt 0.5100 0.6983
vt 0.7979 0.7787
vt 0.4888 0.6875
vt 0.4897 0.6907
vt 0.7974 0.7775
vt 0.4910 0.6880
vt 0.4951 0.6912
vt 0.4870 0.6862
vt 0.4935 0.6924
vt 0.5049 0.6977
vt 0.7996 0.7811
vt 0.7923 0.7771
vt 0.7943 0.7772
vt 0.7939 0.7803
vt 0.7915 0.7773
vt 0.7927 0.7802
vt 0.4978 0.6979
vt 0.7944 0.7833
vt 0.7951 0.7826
vt 0.7956 0.7835
vt 0.7976 0.7811
vt 0.4900 0.6957
vt 0.7930 0.7812
vt 0.5064 0.7041
vt 0.5117 0.7013
vt 0.5183 0.7083
vt 0.7956 0.7864
vt 0.7967 0.7856
vt 0.7998 0.7868
vt 0.4892 0.7009
vt 0.4958 0.7014
vt 0.7987 0.7893
vt 0.7963 0.7881
vt 0.7978 0.7901
vt 0.0000 1.0000
vt 0.5011 0.7064
vt 0.5105 0.7091
vt 0.7963 0.7879
vt 0.7944 0.7873
vt 0.7987 0.7896
vt 0.7964 0.7870
vt 0.7943 0.7869
vt 0.7983 0.7883
vt 0.8006 0.7883
vt 0.8013 0.7899
vt 0.4932 0.7052
vt 0.5152 0.7149
vt 0.2510 0.6559
vt 0.2496 0.6541
vt 0.7987 0.7893
vt 0.4852 0.7018
vt 0.4860 0.7017
vt 0.4991 0.7093
vt 0.5070 0.7114
vt 0.4859 0.7007
vt 0.4868 0.7029
vt 0.4902 0.7020
vt 0.4909 0.7043
vt 0.4897 0.7019
vt 0.4882 0.7039
vt 0.4858 0.7014
vt 0.4881 0.7045
vt 0.0000 1.0000
vt 0.4879 0.7039
vt 0.4895 0.7079
vt 0.4903 0.7067
vt 0.5041 0.7122
vt 0.4869 0.7035
vt 0.4891 0.7043
vt 0.4927 0.7075
vt 0.4874 0.7065
vt 0.4906 0.7047
vt 0.4881 0.7066
vt 0.4890 0.7063
vt 0.4888 0.7046
vt 0.4895 0.7076
vt 0.5030 0.7132
vt 0.5088 0.7156
vt 0.5113 0.7166
vt 0.4915 0.7089
vt 0.4990 0.7114
vt 0.4974 0.7120
vt 0.4937 0.7083
vt 0.4898 0.7089
vt 0.4903 0.7100
vt 0.4922 0.7109
vt 0.4893 0.7074
vt 0.4902 0.7086
vt 0.4932 0.7108
vt 0.5028 0.7155
vt 0.4901 0.7095
vt 0.4751 0.8994
vt 0.4613 0.8987
vt 0.4845 0.8999
vt 0.4668 0.9002
vt 0.4784 0.9040
vt 0.4849 0.9055
vt 0.4690 0.9067
vt 0.4639 0.9062
vt 0.4752 0.9060
vt 0.4796 0.9081
vt 0.4747 0.9081
vt 0.4707 0.9082
vt 0.4850 0.9098
vt 0.4758 0.9123
vt 0.4686 0.9115
vt 0.4616 0.9114
vt 0.4771 0.9149
vt 0.4868 0.9131
vt 0.4705 0.9156
vt 0.4845 0.9169
vt 0.4792 0.9169
vt 0.4733 0.9170
vt 0.4619 0.9172
vt 0.4864 0.9196
vt 0.4828 0.9214
vt 0.4761 0.9201
vt 0.4664 0.9196
vt 0.6655 0.6689
vt 0.6664 0.6713
vt 0.6686 0.6763
vt 0.6678 0.6862
vt 0.6718 0.6889
vt 0.6726 0.6915
vt 0.6630 0.6695
vt 0.6646 0.6709
vt 0.6650 0.6724
vt 0.6648 0.6790
vt 0.6609 0.6754
vt 0.6631 0.6767
vt 0.6682 0.6973
vt 0.6608 0.6730
vt 0.6638 0.6887
vt 0.6668 0.6942
vt 0.6586 0.6822
vt 0.6604 0.6895
vt 0.6643 0.6948
vt 0.6571 0.6810
vt 0.6549 0.6797
vt 0.6574 0.6879
vt 0.6633 0.7003
vt 0.6538 0.6868
vt 0.6599 0.6983
vt 0.6526 0.6859
vt 0.6530 0.6960
vt 0.6554 0.6986
vt 0.6569 0.7038
vt 0.6496 0.6911
vt 0.6512 0.6944
vt 0.6476 0.6919
vt 0.6520 0.7007
vt 0.6495 0.6972
vt 0.6543 0.7096
vt 0.4482 0.6651
vt 0.8895 0.9334
vt 0.6483 0.9907
vt 0.8913 0.9393
vt 0.8816 0.9421
vt 0.8615 0.9411
vt 0.8547 0.9385
vt 0.8703 0.9426
vt 0.8715 0.9509
vt 0.8565 0.9489
vt 0.8856 0.9504
vt 0.8971 0.9485
vt 0.8638 0.9535
vt 0.8738 0.9549
vt 0.8537 0.9554
vt 0.8989 0.9570
vt 0.8830 0.9569
vt 0.8670 0.9624
vt 0.8871 0.9621
vt 0.8948 0.9663
vt 0.8804 0.9656
vt 0.8607 0.9606
vt 0.8534 0.9636
vt 0.8697 0.9657
vt 0.8632 0.9682
vt 0.7101 0.9912
vt 0.7337 0.9908
vt 0.6938 0.9955
vt 0.7050 0.9952
vt 0.7271 0.9991
vt 0.7193 0.9976
vt 0.9037 0.9426
vt 0.9158 0.9444
vt 0.9076 0.9492
vt 0.9231 0.9499
vt 0.9309 0.9508
vt 0.9163 0.9526
vt 0.9295 0.9566
vt 0.9216 0.9568
vt 0.9164 0.9577
vt 0.9364 0.9600
vt 0.9262 0.9602
vt 0.9172 0.9607
vt 0.9101 0.9617
vt 0.0177 0.7716
vt 0.0183 0.7723
vt 0.0127 0.7708
vt 0.0110 0.7711
vt 0.0179 0.7734
vt 0.9325 0.9621
vt 0.0087 0.7723
vt 0.0156 0.7760
vt 0.0095 0.7737
vt 0.9232 0.9627
vt 0.0076 0.7757
vt 0.0045 0.7725
vt 0.9215 0.9621
vt 0.9258 0.9643
vt 0.0025 0.7753
vt 0.9196 0.9638
vt 0.9222 0.9657
vt 0.9244 0.9664
vt 0.9144 0.9636
vt 0.9082 0.9653
vt 0.0168 0.7785
vt 0.9270 0.9715
vt 0.9199 0.9687
vt 0.9235 0.9697
vt 0.9115 0.9667
vt 0.9158 0.9706
vt 0.9207 0.9739
vt 0.9117 0.9699
vt 0.9168 0.9743
vt 0.9141 0.9734
vt 0.9112 0.9728
vt 0.5390 0.6856
vt 0.5484 0.6858
vt 0.5439 0.6851
vt 0.5348 0.6889
vt 0.5459 0.6883
vt 0.5486 0.6913
vt 0.5434 0.6912
vt 0.5479 0.6921
vt 0.5518 0.6923
vt 0.5511 0.6929
vt 0.5319 0.6915
vt 0.5368 0.6928
vt 0.5426 0.6944
vt 0.5481 0.6965
vt 0.5357 0.6958
vt 0.5374 0.6986
vt 0.5527 0.6967
vt 0.5501 0.7015
vt 0.5142 0.6854
vt 0.5115 0.6889
vt 0.5147 0.6852
vt 0.5154 0.6893
vt 0.5353 0.6990
vt 0.5424 0.7054
vt 0.5129 0.6923
vt 0.5187 0.6922
vt 0.5315 0.6979
vt 0.5338 0.7018
vt 0.5313 0.7011
vt 0.5383 0.7054
vt 0.5165 0.7006
vt 0.5187 0.6981
vt 0.5228 0.6950
vt 0.5232 0.6977
vt 0.5324 0.7035
vt 0.5358 0.7057
vt 0.5339 0.7091
vt 0.5313 0.7044
vt 0.5194 0.7027
vt 0.5242 0.7019
vt 0.5206 0.7033
vt 0.5224 0.7017
vt 0.5210 0.7001
vt 0.5233 0.6989
vt 0.5242 0.7006
vt 0.5383 0.7094
vt 0.5301 0.7074
vt 0.5446 0.7167
vt 0.5191 0.7037
vt 0.5394 0.7136
vt 0.5284 0.7069
vt 0.5323 0.7114
vt 0.5299 0.7107
vt 0.5262 0.7063
vt 0.5275 0.7076
vt 0.5282 0.7103
vt 0.5253 0.7088
vt 0.5244 0.7059
vt 0.5262 0.7099
vt 0.5216 0.7055
vt 0.5216 0.7111
vt 0.5250 0.7098
vt 0.5357 0.7167
vt 0.5410 0.7177
vt 0.5430 0.7216
vt 0.5294 0.7141
vt 0.5311 0.7172
vt 0.5265 0.7133
vt 0.5391 0.7233
vt 0.5343 0.7200
vt 0.5201 0.7140
vt 0.5271 0.7156
vt 0.5411 0.7276
vt 0.5264 0.7189
vt 0.5365 0.7264
vt 0.5324 0.7262
vt 0.5399 0.7309
vt 0.0855 0.7288
vt 0.0866 0.7288
vt 0.0868 0.7288
vt 0.0875 0.7268
vt 0.0872 0.7267
vt 0.0865 0.7288
vt 0.0877 0.7298
vt 0.0881 0.7310
vt 0.0883 0.7310
vt 0.0886 0.7289
vt 0.0880 0.7310
vt 0.0877 0.7311
vt 0.0000 1.0000
vt 0.0847 0.7313
vt 0.0866 0.7310
vt 0.0859 0.7329
vt 0.0874 0.7321
vt 0.0861 0.7337
vt 0.0000 1.0000
vt 0.0874 0.7371
vt 0.0855 0.7370
vt 0.0856 0.7372
vt 0.0839 0.7387
vt 0.0848 0.7411
vt 0.0848 0.7415
vt 0.0861 0.7390
vt 0.0843 0.7413
vt 0.2117 0.6727
vt 0.0000 1.0000
vt 0.0851 0.7443
vt 0.0863 0.7447
vt 0.0847 0.7452
vt 0.0869 0.7415
vt 0.0844 0.7453
vt 0.7750 0.9844
vt 0.7550 0.9902
vt 0.7473 0.9842
vt 0.7770 0.9927
vt 0.7725 0.9915
vt 0.4617 0.8643
vt 0.4354 0.8615
vt 0.4526 0.8667
vt 0.4434 0.8655
vt 0.4310 0.8670
vt 0.4595 0.8685
vt 0.4364 0.8681
vt 0.4478 0.8716
vt 0.4438 0.8709
vt 0.4594 0.8732
vt 0.4487 0.8771
vt 0.4395 0.8744
vt 0.4322 0.8724
vt 0.4564 0.8791
vt 0.4428 0.8793
vt 0.4334 0.8780
vt 0.4371 0.8781
vt 0.4469 0.8884
vt 0.4389 0.8894
vt 0.4222 0.8878
vt 0.4325 0.8890
vt 0.4278 0.8886
vt 0.4410 0.8911
vt 0.4321 0.8906
vt 0.4260 0.8902
vt 0.2035 0.8307
vt 0.2033 0.8312
vt 0.2029 0.8311
vt 0.9434 0.9139
vt 0.9433 0.9147
vt 0.5544 0.9109
vt 0.5692 0.9124
vt 0.5612 0.9129
vt 0.5574 0.9173
vt 0.5521 0.9155
vt 0.5666 0.9184
vt 0.5473 0.9172
vt 0.5520 0.9186
vt 0.5680 0.9226
vt 0.5632 0.9210
vt 0.5593 0.9234
vt 0.5555 0.9222
vt 0.5677 0.9256
vt 0.5486 0.9249
vt 0.5555 0.9295
vt 0.5677 0.9284
vt 0.5512 0.9286
vt 0.5498 0.9308
vt 0.5072 0.9000
vt 0.4983 0.9000
vt 0.4957 0.9011
vt 0.5129 0.9027
vt 0.5078 0.9020
vt 0.5117 0.9059
vt 0.5000 0.9069
vt 0.4983 0.9044
vt 0.4883 0.9038
vt 0.5085 0.9072
vt 0.4966 0.9063
vt 0.4901 0.9060
vt 0.5090 0.9116
vt 0.5016 0.9102
vt 0.5060 0.9120
vt 0.4908 0.9126
vt 0.5121 0.9128
vt 0.4972 0.9128
vt 0.5074 0.9162
vt 0.5014 0.9143
vt 0.4911 0.9172
vt 0.5086 0.9182
vt 0.4985 0.9165
vt 0.5013 0.9182
vt 0.4928 0.9199
vt 0.4968 0.9212
vt 0.5013 0.9211
vt 0.9826 0.9184
vt 0.0634 0.7898
vt 0.0658 0.7932
vt 0.9825 0.9201
vt 0.0925 0.6686
vt 0.0922 0.6681
vt 0.0930 0.6663
vt 0.0932 0.6704
vt 0.0939 0.6711
vt 0.0918 0.6738
vt 0.0944 0.6731
vt 0.9515 0.8363
vt 0.0933 0.6755
vt 0.0948 0.6780
vt 0.0948 0.6759
vt 0.2422 0.9520
vt 0.9825 0.9907
vt 0.2479 0.9618
vt 0.2365 0.9638
vt 0.9823 0.9982
vt 0.0000 1.0000
vt 0.2521 0.9679
vt 0.2402 0.9708
vt 0.0000 1.0000
vt 0.0000 1.0000
vt 0.0000 1.0000
vt 0.2363 0.9801
vt 0.2569 0.9812
vt 0.2416 0.9886
vt 0.2504 0.9892
vt 0.0000 1.0000
vt 0.2363 0.9899
vt 0.2434 0.9965
vt 0.0000 1.0000
vt 0.0000 1.0000
vt 0.0000 1.0000
vt 0.5329 0.7727
vt 0.5312 0.7720
vt 0.5321 0.7711
vt 0.5329 0.7738
vt 0.5301 0.7761
vt 0.5267 0.7718
vt 0.5204 0.7748
vt 0.5193 0.7705
vt 0.5160 0.7742
vt 0.5120 0.7713
vt 0.0000 1.0000
vt 0.5054 0.7704
vt 0.0000 1.0000
vt 0.0000 1.0000
vt 0.0000 1.0000
vt 0.5342 0.7735
vt 0.5310 0.7782
vt 0.5120 0.7741
vt 0.5297 0.7814
vt 0.5207 0.7817
vt 0.5157 0.7800
vt 0.5064 0.7793
vt 0.3106 0.8279
vt 0.5130 0.7813
vt 0.2930 0.8287
vt 0.2720 0.8280
vt 0.0771 0.7816
vt 0.0832 0.7865
vt 0.0889 0.7901
vt 0.0875 0.7893
vt 0.0923 0.7943
vt 0.0676 0.7801
vt 0.8672 0.8075
vt 0.8672 0.8046
vt 0.8662 0.8080
vt 0.8652 0.8082
vt 0.0754 0.7839
vt 0.0778 0.7861
vt 0.0815 0.7884
vt 0.0703 0.7843
vt 0.0862 0.7900
vt 0.0887 0.7942
vt 0.0668 0.7843
vt 0.0651 0.7817
vt 0.8476 0.7782
vt 0.8665 0.8099
vt 0.8645 0.8106
vt 0.8624 0.8112
vt 0.0742 0.7889
vt 0.0860 0.7921
vt 0.0874 0.7937
vt 0.0896 0.7975
vt 0.0914 0.7987
vt 0.0647 0.7850
vt 0.8653 0.8118
vt 0.8650 0.8141
vt 0.8652 0.8124
vt 0.0788 0.7905
vt 0.0818 0.7912
vt 0.0838 0.7929
vt 0.0881 0.7964
vt 0.0700 0.7879
vt 0.8651 0.8122
vt 0.8654 0.8127
vt 0.8637 0.8139
vt 0.8608 0.8171
vt 0.8602 0.8139
vt 0.0763 0.7910
vt 0.0798 0.7953
vt 0.0817 0.7943
vt 0.0841 0.7979
vt 0.0846 0.8004
vt 0.0868 0.7979
vt 0.0881 0.7986
vt 0.0666 0.7876
vt 0.8649 0.8158
vt 0.8647 0.8152
vt 0.8648 0.8149
vt 0.8644 0.8160
vt 0.8643 0.8155
vt 0.8627 0.8170
vt 0.0769 0.7955
vt 0.0706 0.7914
vt 0.0872 0.8025
vt 0.0895 0.8019
vt 0.8647 0.8177
vt 0.8635 0.8176
vt 0.0824 0.7999
vt 0.0749 0.7952
vt 0.0858 0.8029
vt 0.0884 0.8077
vt 0.0000 1.0000
vt 0.8645 0.8175
vt 0.0000 1.0000
vt 0.8639 0.8179
vt 0.5893 0.8911
vt 0.5876 0.8934
vt 0.0848 0.8038
vt 0.0711 0.7952
vt 0.0800 0.8010
vt 0.5879 0.8941
vt 0.5831 0.8954
vt 0.0833 0.8043
vt 0.0739 0.7979
vt 0.0759 0.7993
vt 0.0864 0.8084
vt 0.0685 0.7969
vt 0.9834 0.9206
vt 0.5893 0.8935
vt 0.5864 0.8981
vt 0.5830 0.8989
vt 0.0793 0.8044
vt 0.0737 0.8011
vt 0.0758 0.8012
vt 0.0769 0.8033
vt 0.0847 0.8076
vt 0.0893 0.8134
vt 0.0903 0.8120
vt 0.9863 0.9231
vt 0.9826 0.9218
vt 0.9782 0.9157
vt 0.9774 0.9167
vt 0.9772 0.9142
vt 0.5887 0.8944
vt 0.5887 0.8969
vt 0.5887 0.8949
vt 0.5878 0.8974
vt 0.0836 0.8107
vt 0.0846 0.8101
vt 0.0752 0.8040
vt 0.0850 0.8130
vt 0.0729 0.8046
vt 0.9843 0.9236
vt 0.9824 0.9233
vt 0.9823 0.9225
vt 0.9784 0.9175
vt 0.9785 0.9183
vt 0.9830 0.9303
vt 0.5884 0.8990
vt 0.5886 0.8994
vt 0.5882 0.8980
vt 0.5875 0.8999
vt 0.0793 0.8080
vt 0.0841 0.8123
vt 0.0875 0.8163
vt 0.0900 0.8199
vt 0.9837 0.9265
vt 0.9791 0.9199
vt 0.9791 0.9206
vt 0.9788 0.9209
vt 0.5867 0.9019
vt 0.5850 0.9017
vt 0.5828 0.9029
vt 0.5808 0.9021
vt 0.0824 0.8125
vt 0.0812 0.8131
vt 0.0834 0.8182
vt 0.0844 0.8165
vt 0.9872 0.9286
vt 0.9856 0.9277
vt 0.0864 0.8180
vt 0.0829 0.8171
vt 0.9846 0.9284
vt 0.9835 0.9282
vt 0.5872 0.9031
vt 0.5866 0.9049
vt 0.5859 0.9036
vt 0.5835 0.9052
vt 0.5844 0.9036
vt 0.5813 0.9069
vt 0.0808 0.8155
vt 0.5831 0.9072
vt 0.9846 0.9315
vt 0.6156 0.9419
vt 0.6271 0.9459
vt 0.6407 0.9495
vt 0.6078 0.8873
vt 0.5918 0.9090
vt 0.6459 0.8678
vt 0.6611 0.8673
vt 0.6280 0.8749
vt 0.5907 0.8988
vt 0.6507 0.9598
vt 0.6342 0.8734
vt 0.6666 0.8658
vt 0.6335 0.9705
vt 0.6303 0.9769
vt 0.6345 0.9888
vt 0.9130 0.9384
vt 0.9032 0.9386
vt 0.9257 0.9407
vt 0.8982 0.9295
vt 0.9324 0.9423
vt 0.8935 0.9192
vt 0.8877 0.9136
vt 0.8441 0.9466
vt 0.8668 0.9257
vt 0.8621 0.9335
vt 0.8812 0.9141
vt 0.8725 0.9149
vt 0.8290 0.9617
vt 0.8333 0.9576
vt 0.8450 0.9353
vt 0.8493 0.9315
vt 0.8153 0.9656
vt 0.8048 0.9657
vt 0.7933 0.9629
vt 0.7853 0.9553
vt 0.7774 0.9634
vt 0.7686 0.9692
vt 0.7541 0.9671
vt 0.7418 0.9779
vt 0.0205 0.7465
vt 0.0184 0.7563
vt 0.0137 0.7625
vt 0.0131 0.7660
vt 0.0116 0.7558
vt 0.0128 0.7686
vt 0.0093 0.7702
vt 0.0018 0.7706
vt 0.0025 0.7722
vt 0.0006 0.7739
vt 0.0014 0.7776
vt 0.0069 0.7827
vt 0.1361 0.7052
vt 0.1389 0.6971
vt 0.1299 0.7089
vt 0.1440 0.6913
vt 0.1477 0.6855
vt 0.1268 0.7152
vt 0.1253 0.7140
vt 0.1234 0.7183
vt 0.1202 0.7183
vt 0.2547 0.7187
vt 0.2452 0.7181
vt 0.2388 0.7182
vt 0.2559 0.7157
vt 0.2653 0.7174
vt 0.2355 0.7157
vt 0.2696 0.7164
vt 0.2299 0.7159
vt 0.2786 0.7208
vt 0.2258 0.7160
vt 0.2214 0.7168
vt 0.2813 0.7267
vt 0.2201 0.7194
vt 0.2801 0.7295
vt 0.2186 0.7239
vt 0.2166 0.7271
vt 0.2144 0.7299
vt 0.2160 0.7336
vt 0.2185 0.7366
vt 0.2158 0.7378
vt 0.2775 0.7548
vt 0.2675 0.7543
vt 0.2158 0.7435
vt 0.2872 0.7535
vt 0.2874 0.7552
vt 0.2550 0.7556
vt 0.2651 0.7563
vt 0.2194 0.7505
vt 0.2142 0.7481
vt 0.2476 0.7568
vt 0.2201 0.7537
vt 0.2946 0.7546
vt 0.2175 0.7518
vt 0.2473 0.7603
vt 0.3030 0.7550
vt 0.2469 0.7646
vt 0.2136 0.7557
vt 0.3068 0.7566
vt 0.2394 0.7688
vt 0.3131 0.7559
vt 0.3103 0.7569
vt 0.2332 0.7721
vt 0.3186 0.7555
vt 0.2971 0.7222
vt 0.2952 0.7257
vt 0.2912 0.7294
vt 0.3246 0.7532
vt 0.2932 0.7262
vt 0.2386 0.7755
vt 0.3307 0.7526
vt 0.2413 0.7796
vt 0.3354 0.7526
vt 0.2406 0.7811
vt 0.2346 0.7857
vt 0.3380 0.7539
vt 0.3423 0.7527
vt 0.2344 0.7887
vt 0.3428 0.7522
vt 0.2366 0.7906
vt 0.2344 0.7922
vt 0.2379 0.7975
vt 0.2330 0.7994
vt 0.2320 0.8046
vt 0.2416 0.8079
vt 0.2386 0.8119
vt 0.2322 0.8167
vt 0.2873 0.7353
vt 0.2831 0.7349
vt 0.9265 0.8612
vt 0.9277 0.8636
vt 0.9290 0.8661
vt 0.9279 0.8673
vt 0.9267 0.8695
vt 0.9224 0.8598
vt 0.9202 0.8564
vt 0.9202 0.8551
vt 0.9169 0.8521
vt 0.9168 0.8503
vt 0.9032 0.8578
vt 0.9007 0.8612
vt 0.9008 0.8638
vt 0.9010 0.8561
vt 0.8984 0.8655
vt 0.9103 0.8533
vt 0.9011 0.8536
vt 0.8983 0.8682
vt 0.8938 0.8708
vt 0.8899 0.8720
vt 0.8991 0.8523
vt 0.8877 0.8757
vt 0.8987 0.8493
vt 0.8853 0.8767
vt 0.8830 0.8773
vt 0.8809 0.8782
vt 0.8752 0.8763
vt 0.8702 0.8765
vt 0.8642 0.8783
vt 0.8593 0.8762
vt 0.8561 0.8804
vt 0.8526 0.8783
vt 0.8519 0.8820
vt 0.8489 0.8807
vt 0.8479 0.8840
vt 0.8479 0.8846
vt 0.8486 0.8866
vt 0.8477 0.8874
vt 0.8466 0.8860
vt 0.8437 0.8846
vt 0.8402 0.8861
vt 0.8334 0.8884
vt 0.8280 0.8887
vt 0.8225 0.8899
vt 0.8176 0.8906
vt 0.8147 0.8897
vt 0.8110 0.8907
vt 0.8047 0.8884
vt 0.7969 0.8894
vt 0.7913 0.8914
vt 0.7868 0.8916
vt 0.7812 0.8924
vt 0.7755 0.8925
vt 0.7720 0.8893
vt 0.7655 0.8859
vt 0.7632 0.8830
vt 0.7625 0.8775
vt 0.7608 0.8720
vt 0.7641 0.8644
vt 0.7637 0.8609
vt 0.7642 0.8547
vt 0.7630 0.8499
vt 0.7590 0.8471
vt 0.7591 0.8421
vt 0.7468 0.8409
vt 0.7597 0.8392
vt 0.7445 0.8373
vt 0.7585 0.8360
vt 0.7502 0.8387
vt 0.7535 0.8366
vt 0.6300 0.8032
vt 0.6193 0.8017
vt 0.6114 0.8002
vt 0.6026 0.7988
vt 0.5922 0.7972
vt 0.5835 0.7943
vt 0.5747 0.7908
vt 0.5661 0.7894
vt 0.5470 0.7891
vt 0.5405 0.7885
vt 0.5330 0.7864
vt 0.5274 0.7847
vt 0.5150 0.7834
vt 0.5006 0.7809
vt 0.4896 0.7777
vt 0.4778 0.7770
vt 0.4807 0.7824
vt 0.4710 0.7925
vt 0.4719 0.8004
vt 0.4652 0.8057
vt 0.4649 0.8127
vt 0.4609 0.8223
vt 0.5023 0.7391
vt 0.5131 0.7477
vt 0.5162 0.7573
vt 0.4952 0.7271
vt 0.5231 0.7689
vt 0.5203 0.7652
vt 0.4929 0.7216
vt 0.4889 0.7149
vt 0.4823 0.7171
vt 0.4796 0.7181
vt 0.4744 0.7151
vt 0.4714 0.7200
vt 0.4672 0.7179
vt 0.4661 0.7206
vt 0.4635 0.7175
vt 0.4599 0.6919
vt 0.4570 0.7100
vt 0.4582 0.7219
vt 0.4612 0.7224
vt 0.4619 0.6892
vt 0.4553 0.7047
vt 0.4619 0.6870
vt 0.4561 0.7160
vt 0.4565 0.6915
vt 0.4541 0.7019
vt 0.4563 0.7250
vt 0.4543 0.6990
vt 0.4540 0.7217
vt 0.4554 0.6948
vt 0.6006 0.6551
vt 0.5939 0.6572
vt 0.5911 0.6574
vt 0.5822 0.6553
vt 0.5766 0.6579
vt 0.5651 0.6737
vt 0.5676 0.6912
vt 0.5623 0.6557
vt 0.5638 0.6649
vt 0.5553 0.6634
vt 0.5616 0.7044
vt 0.5610 0.7145
vt 0.5608 0.7216
vt 0.5607 0.7321
vt 0.6057 0.7154
vt 0.6080 0.7154
vt 0.5584 0.7439
vt 0.5608 0.7526
vt 0.6148 0.7137
vt 0.6244 0.7036
vt 0.6211 0.7071
vt 0.6187 0.7146
vt 0.5764 0.7653
vt 0.5607 0.7646
vt 0.6006 0.7261
vt 0.5838 0.7659
vt 0.5643 0.7689
vt 0.6017 0.7291
vt 0.6012 0.7391
vt 0.5912 0.7599
vt 0.5953 0.7516
vt 0.6014 0.7317
vt 0.5082 0.8570
vt 0.5198 0.8569
vt 0.5314 0.8637
vt 0.4943 0.8584
vt 0.5437 0.8648
vt 0.4868 0.8579
vt 0.5076 0.8812
vt 0.4949 0.8814
vt 0.5187 0.8830
vt 0.5038 0.8812
vt 0.5284 0.8821
vt 0.4730 0.8575
vt 0.4868 0.8829
vt 0.5405 0.8824
vt 0.5501 0.8740
vt 0.5466 0.8636
vt 0.5354 0.8825
vt 0.4773 0.8827
vt 0.4654 0.8560
vt 0.4693 0.8822
vt 0.5554 0.8739
vt 0.5582 0.8613
vt 0.4605 0.8807
vt 0.4560 0.8592
vt 0.5575 0.8764
vt 0.5607 0.8572
vt 0.4505 0.8830
vt 0.4525 0.8583
vt 0.5595 0.8784
vt 0.5640 0.8555
vt 0.4427 0.8834
vt 0.4393 0.8572
vt 0.5620 0.8779
vt 0.5637 0.8813
vt 0.5620 0.8799
vt 0.5663 0.8556
vt 0.4372 0.8833
vt 0.4334 0.8528
vt 0.4307 0.8830
vt 0.5653 0.8756
vt 0.5681 0.8618
vt 0.5678 0.8773
vt 0.4287 0.8799
vt 0.5705 0.8758
vt 0.4290 0.8482
vt 0.4229 0.8828
vt 0.4241 0.8441
vt 0.4161 0.8829
vt 0.4122 0.8463
vt 0.4116 0.8817
vt 0.6577 0.7555
vt 0.6586 0.7600
vt 0.6560 0.7459
vt 0.6539 0.7515
vt 0.6568 0.7436
vt 0.6570 0.7643
vt 0.6558 0.7406
vt 0.6784 0.7468
vt 0.6589 0.7669
vt 0.6808 0.7378
vt 0.6809 0.7438
vt 0.6783 0.7519
vt 0.6548 0.7351
vt 0.6809 0.7341
vt 0.6815 0.7547
vt 0.6602 0.7689
vt 0.6802 0.7215
vt 0.6510 0.7345
vt 0.6816 0.7295
vt 0.6788 0.7122
vt 0.6508 0.7223
vt 0.6781 0.7026
vt 0.6510 0.7133
vt 0.6809 0.6930
vt 0.6485 0.7106
vt 0.6809 0.6863
vt 0.6495 0.7048
vt 0.6761 0.6856
vt 0.6489 0.7017
vt 0.6735 0.6805
vt 0.6460 0.6988
vt 0.6726 0.6700
vt 0.6689 0.6714
vt 0.6680 0.6665
vt 0.6404 0.6979
vt 0.6676 0.6632
vt 0.6672 0.6616
vt 0.6374 0.6991
vt 0.6351 0.6985
vt 0.6333 0.7009
vt 0.6318 0.7023
vt 0.6431 0.6707
vt 0.6443 0.6675
vt 0.6386 0.6752
vt 0.6354 0.6780
vt 0.6336 0.6809
vt 0.6322 0.6859
vt 0.6307 0.6899
vt 0.6322 0.6875
vt 0.6301 0.6935
vt 0.6335 0.6782
vt 0.6280 0.6963
vt 0.6274 0.6960
vt 0.6266 0.6976
vt 0.7335 0.7850
vt 0.7474 0.7886
vt 0.7235 0.8130
vt 0.7251 0.7846
vt 0.7431 0.7855
vt 0.7301 0.8160
vt 0.7202 0.7818
vt 0.7149 0.7838
vt 0.7115 0.8219
vt 0.6994 0.8174
vt 0.7447 0.8154
vt 0.7407 0.8200
vt 0.6899 0.8203
vt 0.7025 0.7832
vt 0.6960 0.7861
vt 0.6806 0.8027
vt 0.6857 0.8168
vt 0.6840 0.7912
vt 0.6759 0.8050
vt 0.6752 0.8209
vt 0.6793 0.8225
vt 0.6731 0.8126
vt 0.6731 0.8048
vt 0.9863 0.8693
vt 0.9853 0.8732
vt 0.9863 0.8611
vt 0.9841 0.8757
vt 0.9849 0.8770
vt 0.9842 0.8586
vt 0.9822 0.8825
vt 0.9837 0.8867
vt 0.9844 0.8894
vt 0.9858 0.8910
vt 0.6168 0.8626
vt 0.6270 0.8577
vt 0.6102 0.8581
vt 0.6338 0.8585
vt 0.6032 0.8611
vt 0.6322 0.8336
vt 0.6367 0.8616
vt 0.6008 0.8594
vt 0.6415 0.8325
vt 0.6290 0.8325
vt 0.6220 0.8331
vt 0.6192 0.8327
vt 0.6433 0.8604
vt 0.6483 0.8320
vt 0.6153 0.8308
vt 0.6079 0.8333
vt 0.5933 0.8613
vt 0.6518 0.8302
vt 0.6049 0.8314
vt 0.6491 0.8616
vt 0.5924 0.8596
vt 0.6606 0.8298
vt 0.6036 0.8290
vt 0.5917 0.8605
vt 0.6655 0.8317
vt 0.6529 0.8618
vt 0.6026 0.8316
vt 0.5908 0.8568
vt 0.6709 0.8306
vt 0.6536 0.8642
vt 0.6752 0.8293
vt 0.3435 0.6655
vt 0.3461 0.6693
vt 0.3320 0.6561
vt 0.3098 0.6753
vt 0.3176 0.6604
vt 0.3548 0.6776
vt 0.3093 0.6846
vt 0.3553 0.6913
vt 0.3102 0.6882
vt 0.3446 0.6944
vt 0.3440 0.7010
vt 0.3368 0.7056
vt 0.3099 0.6937
vt 0.3095 0.6961
vt 0.3267 0.7089
vt 0.3067 0.7026
vt 0.3207 0.7142
vt 0.3134 0.7136
vt 0.3073 0.7082
vt 0.3140 0.7091
vt 0.0988 0.6624
vt 0.1053 0.6599
vt 0.0984 0.6657
vt 0.1084 0.6550
vt 0.1021 0.6690
vt 0.1162 0.6588
vt 0.1074 0.6688
vt 0.1089 0.6725
vt 0.1251 0.6617
vt 0.1134 0.6752
vt 0.1160 0.6780
vt 0.1315 0.6609
vt 0.1174 0.6813
vt 0.1364 0.6579
vt 0.1199 0.6818
vt 0.1403 0.6582
vt 0.1259 0.6811
vt 0.1331 0.6817
vt 0.1397 0.6794
vt 0.1469 0.6579
vt 0.1506 0.6776
vt 0.1529 0.6559
vt 0.1603 0.6547
vt 0.1533 0.6801
vt 0.1647 0.6562
vt 0.1594 0.6781
vt 0.1717 0.6569
vt 0.1667 0.6783
vt 0.1736 0.6590
vt 0.1757 0.6594
vt 0.1683 0.6806
vt 0.1699 0.6809
vt 0.7709 0.7909
vt 0.7661 0.7888
vt 0.7769 0.7959
vt 0.7633 0.7848
vt 0.7510 0.7974
vt 0.7848 0.7994
vt 0.7901 0.8088
vt 0.7895 0.8130
vt 0.7892 0.8204
vt 0.7859 0.8206
vt 0.7767 0.8205
vt 0.7696 0.8189
vt 0.7512 0.7997
vt 0.7519 0.7914
vt 0.7603 0.7814
vt 0.7891 0.8040
vt 0.7665 0.8186
vt 0.7733 0.8224
vt 0.7647 0.8197
vt 0.7491 0.8039
vt 0.7491 0.8047
vt 0.7496 0.8056
vt 0.7505 0.8099
vt 0.7504 0.8123
vt 0.7138 0.6931
vt 0.7097 0.6894
vt 0.7063 0.6848
vt 0.7045 0.6818
vt 0.7033 0.6763
vt 0.7033 0.6685
vt 0.7016 0.6603
vt 0.6980 0.6548
vt 0.9341 0.8455
vt 0.9307 0.8500
vt 0.9304 0.8540
vt 0.9359 0.8425
vt 0.9319 0.8565
vt 0.9351 0.8401
vt 0.6939 0.8361
vt 0.6946 0.8318
vt 0.6972 0.8255
vt 0.6866 0.8415
vt 0.6817 0.8413
vt 0.6767 0.8426
vt 0.7107 0.8286
vt 0.7126 0.8322
vt 0.7142 0.8449
vt 0.7153 0.8466
vt 0.7143 0.8510
vt 0.7132 0.8581
vt 0.7132 0.8642
vt 0.9832 0.9513
vt 0.9866 0.9507
vt 0.9953 0.9567
vt 0.9933 0.9685
vt 0.9881 0.9796
vt 0.9894 0.9905
vt 0.9848 0.9994
vt 0.1936 0.6741
vt 0.1995 0.6716
vt 0.1851 0.6766
vt 0.1838 0.6789
vt 0.9951 0.9347
vt 0.9919 0.9324
vt 0.9962 0.9355
vt 0.9964 0.9363
vt 0.9900 0.9272
vt 0.9967 0.9346
vt 0.9870 0.9214
vt 0.9979 0.9354
vt 0.9981 0.9434
vt 0.9849 0.9187
vt 0.9992 0.9384
vt 0.9832 0.9161
vt 0.9836 0.9311
vt 0.9831 0.9285
vt 0.8028 0.7994
vt 0.7964 0.8218
vt 0.8006 0.7967
vt 0.8051 0.7966
vt 0.7955 0.8219
vt 0.7937 0.8214
vt 0.7917 0.8220
vt 0.7995 0.7937
vt 0.8077 0.7950
vt 0.7919 0.8222
vt 0.7917 0.8225
vt 0.8179 0.7960
vt 0.8155 0.7969
vt 0.8119 0.7969
vt 0.8117 0.8009
vt 0.2329 0.6610
vt 0.2296 0.6576
vt 0.2279 0.6552
vt 0.2221 0.6576
vt 0.2367 0.6625
vt 0.2481 0.6665
vt 0.2398 0.6638
vt 0.2442 0.6678
vt 0.2391 0.6672
vt 0.8461 0.8150
vt 0.8506 0.8166
vt 0.8451 0.8203
vt 0.4072 0.8316
vt 0.4090 0.8389
vt 0.5743 0.8789
vt 0.5755 0.8738
vt 0.5726 0.8819
vt 0.5725 0.8825
vt 0.5778 0.8699
vt 0.5720 0.8830
vt 0.5760 0.8624
vt 0.5799 0.8613
vt 0.5800 0.8584
vt 0.5816 0.8556
vt 0.5832 0.8524
vt 0.5834 0.8508
vt 0.5826 0.8479
vt 0.5824 0.8468
vt 0.5831 0.8457
vt 0.8574 0.8101
vt 0.8566 0.8061
vt 0.8603 0.7993
vt 0.8647 0.7973
vt 0.8544 0.8161
vt 0.8662 0.7976
vt 0.8586 0.8177
vt 0.8676 0.7989
vt 0.8590 0.8224
vt 0.8680 0.8011
vt 0.8633 0.8213
vt 0.8687 0.7992
vt 0.8677 0.7990
vt 0.8630 0.8206
vt 0.8644 0.8186
vt 0.8618 0.7704
vt 0.8625 0.7716
vt 0.8636 0.7710
vt 0.8604 0.7732
vt 0.8629 0.7748
vt 0.8596 0.7771
vt 0.8626 0.7753
vt 0.8632 0.7756
vt 0.8657 0.7751
vt 0.8642 0.7849
vt 0.8676 0.7758
vt 0.8663 0.7795
vt 0.8623 0.7873
vt 0.8611 0.7929
vt 0.8599 0.7936
vt 0.8581 0.7958
vt 0.8552 0.7954
vt 0.8553 0.7949
vt 0.9623 0.9173
vt 0.9602 0.9168
vt 0.9547 0.9177
vt 0.9503 0.9190
vt 0.9462 0.9201
vt 0.9444 0.9208
vt 0.9416 0.9220
vt 0.9398 0.9228
vt 0.9383 0.9247
vt 0.9588 0.9215
vt 0.9603 0.9223
vt 0.9617 0.9221
vt 0.8369 0.7820
vt 0.8362 0.7814
vt 0.8348 0.7858
vt 0.8334 0.7898
vt 0.2956 0.6602
vt 0.2978 0.6627
vt 0.2894 0.6680
vt 0.2871 0.6704
vt 0.2834 0.6678
vt 0.2785 0.6607
vt 0.2761 0.6685
vt 0.2739 0.6654
vt 0.8008 0.7765
vt 0.8023 0.7794
vt 0.8034 0.7846
vt 0.8033 0.7900
vt 0.8000 0.7906
vt 0.7996 0.7922
vt 0.9738 0.9276
vt 0.9900 0.8454
vt 0.9887 0.8485
vt 0.9902 0.8545
vt 0.8461 0.7761
vt 0.8439 0.7768
vt 0.8443 0.7748
vt 0.8403 0.7784
vt 0.8386 0.7728
vt 0.8335 0.7770
vt 0.8414 0.7756
vt 0.8379 0.7745
vt 0.8399 0.7736
vt 0.8371 0.7722
vt 0.7524 0.7713
vt 0.7548 0.7731
vt 0.7551 0.7769
vt 0.7523 0.7799
vt 0.7508 0.7795
vt 0.2755 0.6525
vt 0.2837 0.6533
vt 0.2829 0.6543
vt 0.2822 0.6547
vt 0.2993 0.6644
vt 0.3013 0.6645
vt 0.2968 0.6561
vt 0.2961 0.6539
vt 0.2956 0.6581
vt 0.2922 0.6530
vt 0.8514 0.7735
vt 0.8521 0.7719
vt 0.8504 0.7716
vt 0.8515 0.7770
vt 0.8493 0.7784
vt 0.3018 0.6565
vt 0.3013 0.6529
vt 0.2995 0.6526
vt 0.2988 0.6584
vt 0.2983 0.6566
vt 0.2992 0.6604
vt 0.3045 0.6627
vt 0.9796 0.9222
vt 0.9772 0.9280
vt 0.9785 0.9192
vt 0.2096 0.6778
vt 0.7916 0.7750
vt 0.2088 0.6737
vt 0.2098 0.6750
vt 0.2076 0.6700
vt 0.3040 0.6541
vt 0.3045 0.6583
vt 0.7992 0.7750
vt 0.9972 0.8559
vt 0.9983 0.8526
vt 0.9981 0.8498
vt 0.9979 0.8570
vt 0.2080 0.6672
vt 0.2085 0.6658
vt 0.2082 0.6637
vt 0.8029 0.7720
vt 0.8014 0.7730
vt 0.8007 0.7750
vt 0.2499 0.6544
vt 0.2509 0.6572
vt 0.2517 0.6570
vt 0.9989 0.8451
vt 0.2533 0.6535
vt 0.2535 0.6549
vt 0.2546 0.6572
vt 0.2538 0.6561
vt 0.9407 0.9153
vt 0.9391 0.9142
vt 0.9389 0.9147
vt 0.2560 0.6547
vt 0.2593 0.6559
vt 0.2602 0.6554
vt 0.2112 0.6731
vt 0.2114 0.6701
vt 0.2119 0.6750
vt 0.9423 0.9141
vt 0.9421 0.9143
vt 0.9447 0.9148
vt 0.9485 0.9149
vt 0.9487 0.9153
vt 0.9668 0.9138
vt 0.2620 0.6572
vt 0.9501 0.9144
vt 0.9521 0.9153
vt 0.9503 0.9137
vt 0.2650 0.6566
vt 0.2651 0.6572
vt 0.2660 0.6558
vt 0.2661 0.6549
vt 0.2676 0.6552
vt 0.2700 0.6572
vt 0.2705 0.6562
vt 0.2722 0.6568
vt 0.8049 0.7922
vt 0.8074 0.7916
vt 0.8076 0.7896
vt 0.8070 0.7922
vt 0.2723 0.6547
vt 0.2708 0.6543
vt 0.9715 0.9148
vt 0.9737 0.9143
vt 0.9727 0.9140
vt 0.8101 0.7918
vt 0.8334 0.7707
vt 0.8350 0.7708
vt 0.8359 0.7703
vt 0.2619 0.6531
vt 0.2620 0.6530
vt 0.2623 0.6534
vt 0.2628 0.6537
vt 0.8053 0.7867
vt 0.9752 0.9137
vt 0.9756 0.9147
vt 0.2114 0.6616
vt 0.2103 0.6616
vt 0.2268 0.8390
vt 0.2268 0.8391
vt 0.2264 0.8399
vt 0.2263 0.8400
vt 0.2278 0.8388
vt 0.2268 0.8390
vt 0.2268 0.8391
vt 0.2264 0.8399
vt 0.2263 0.8400
vt 0.2263 0.8401
vt 0.2286 0.8386
vt 0.2278 0.8388
vt 0.2263 0.8401
vt 0.2257 0.8419
vt 0.2299 0.8380
vt 0.2286 0.8386
vt 0.2257 0.8419
vt 0.2248 0.8432
vt 0.2306 0.8371
vt 0.2299 0.8380
vt 0.2248 0.8432
vt 0.2248 0.8432
vt 0.2314 0.8361
vt 0.2306 0.8371
vt 0.2248 0.8432
vt 0.2247 0.8434
vt 0.2247 0.8434
vt 0.2247 0.8450
vt 0.2247 0.8450
vt 0.2247 0.8451
vt 0.0553 0.8480
vt 0.0553 0.8480
vt 0.0553 0.8480
vt 0.0553 0.8480
vt 0.0553 0.8480
vt 0.0553 0.8480
vt 0.0537 0.8586
vt 0.0536 0.8594
vt 0.0553 0.8480
vt 0.0548 0.8508
vt 0.0564 0.8407
vt 0.0553 0.8480
vt 0.0536 0.8594
vt 0.0534 0.8609
vt 0.0542 0.8554
vt 0.0537 0.8586
vt 0.0543 0.8544
vt 0.0542 0.8554
vt 0.0571 0.8358
vt 0.0564 0.8407
vt 0.0548 0.8508
vt 0.0543 0.8544
vt 0.0534 0.8609
vt 0.0524 0.8670
vt 0.0580 0.8308
vt 0.0578 0.8322
vt 0.0574 0.8345
vt 0.0571 0.8358
vt 0.0582 0.8257
vt 0.0583 0.8281
vt 0.0581 0.8305
vt 0.0580 0.8308
vt 0.0524 0.8670
vt 0.0519 0.8710
vt 0.0578 0.8322
vt 0.0574 0.8345
vt 0.0582 0.8252
vt 0.0582 0.8257
vt 0.0583 0.8281
vt 0.0581 0.8305
vt 0.0511 0.8763
vt 0.0507 0.8790
vt 0.0519 0.8710
vt 0.0518 0.8718
vt 0.0507 0.8790
vt 0.0505 0.8804
vt 0.0518 0.8718
vt 0.0511 0.8763
vt 0.0502 0.8823
vt 0.0498 0.8850
vt 0.0505 0.8804
vt 0.0502 0.8823
vt 0.0496 0.8863
vt 0.0487 0.8926
vt 0.0498 0.8850
vt 0.0498 0.8850
vt 0.0487 0.8926
vt 0.0484 0.8945
vt 0.0498 0.8852
vt 0.0496 0.8863
vt 0.0498 0.8850
vt 0.0498 0.8852
vt 0.0484 0.8945
vt 0.0480 0.8975
vt 0.0480 0.8975
vt 0.0472 0.9026
vt 0.0472 0.9026
vt 0.0470 0.9041
vt 0.0470 0.9041
vt 0.0460 0.9111
vt 0.0460 0.9111
vt 0.0459 0.9114
vt 0.0459 0.9114
vt 0.0459 0.9119
vt 0.0459 0.9119
vt 0.0449 0.9184
vt 0.0449 0.9184
vt 0.0444 0.9222
vt 0.0444 0.9222
vt 0.0441 0.9244
vt 0.0441 0.9244
vt 0.0437 0.9274
vt 0.0437 0.9274
vt 0.0434 0.9294
vt 0.0434 0.9294
vt 0.0427 0.9338
vt 0.0398 0.9544
vt 0.0388 0.9612
vt 0.0413 0.9438
vt 0.0402 0.9512
vt 0.0427 0.9338
vt 0.0426 0.9344
vt 0.0378 0.9682
vt 0.0376 0.9696
vt 0.0388 0.9612
vt 0.0384 0.9639
vt 0.0402 0.9512
vt 0.0398 0.9544
vt 0.0414 0.9434
vt 0.0413 0.9438
vt 0.0426 0.9344
vt 0.0414 0.9431
vt 0.0376 0.9696
vt 0.0369 0.9746
vt 0.0384 0.9639
vt 0.0378 0.9682
vt 0.0414 0.9431
vt 0.0414 0.9434
vt 0.0369 0.9746
vt 0.0367 0.9761
vt 0.0367 0.9761
vt 0.0354 0.9848
vt 0.0348 0.9890
vt 0.0344 0.9920
vt 0.0354 0.9848
vt 0.0352 0.9860
vt 0.0340 0.9955
vt 0.0337 0.9973
vt 0.0344 0.9920
vt 0.0340 0.9955
vt 0.0349 0.9875
vt 0.0348 0.9890
vt 0.0352 0.9860
vt 0.0349 0.9875
vt 0.2839 0.9381
vt 0.2839 0.9417
vt 0.2839 0.9318
vt 0.2839 0.9381
vt 0.2839 0.9417
vt 0.2838 0.9494
vt 0.2837 0.9794
vt 0.2836 0.9898
vt 0.2838 0.9617
vt 0.2837 0.9785
vt 0.2838 0.9526
vt 0.2838 0.9617
vt 0.2840 0.9175
vt 0.2840 0.9192
vt 0.2840 0.9192
vt 0.2839 0.9318
vt 0.2838 0.9494
vt 0.2838 0.9511
vt 0.2837 0.9785
vt 0.2837 0.9794
vt 0.2838 0.9511
vt 0.2838 0.9526
vt 0.2840 0.9163
vt 0.2840 0.9175
vt 0.2841 0.9091
vt 0.2840 0.9163
vt 0.2841 0.9001
vt 0.2841 0.9091
vt 0.2842 0.8878
vt 0.2841 0.8945
vt 0.2841 0.8992
vt 0.2841 0.9001
vt 0.2842 0.8859
vt 0.2842 0.8878
vt 0.2841 0.8945
vt 0.2841 0.8992
vt 0.2842 0.8828
vt 0.2842 0.8859
vt 0.3129 0.8649
vt 0.3085 0.8648
vt 0.3085 0.8648
vt 0.3037 0.8648
vt 0.2970 0.8647
vt 0.2929 0.8647
vt 0.2929 0.8647
vt 0.2917 0.8647
vt 0.2843 0.8751
vt 0.2842 0.8828
vt 0.3319 0.8652
vt 0.3284 0.8652
vt 0.3217 0.8650
vt 0.3129 0.8649
vt 0.3037 0.8648
vt 0.3000 0.8647
vt 0.3000 0.8647
vt 0.2970 0.8647
vt 0.2917 0.8647
vt 0.2821 0.8645
vt 0.2821 0.8645
vt 0.2812 0.8645
vt 0.3284 0.8652
vt 0.3217 0.8650
vt 0.4346 0.8908
vt 0.4351 0.8929
vt 0.4344 0.8902
vt 0.4346 0.8908
vt 0.4378 0.9045
vt 0.4378 0.9045
vt 0.4358 0.8958
vt 0.4361 0.8972
vt 0.4351 0.8929
vt 0.4358 0.8958
vt 0.4338 0.8891
vt 0.4344 0.8902
vt 0.4378 0.9043
vt 0.4378 0.9045
vt 0.4378 0.9045
vt 0.4385 0.9075
vt 0.4376 0.9038
vt 0.4378 0.9043
vt 0.4361 0.8972
vt 0.4363 0.8981
vt 0.4385 0.9075
vt 0.4389 0.9091
vt 0.4367 0.8997
vt 0.4376 0.9038
vt 0.4363 0.8981
vt 0.4367 0.8997
vt 0.4389 0.9091
vt 0.4391 0.9101
vt 0.4396 0.9121
vt 0.4405 0.9162
vt 0.4406 0.9170
vt 0.4414 0.9205
vt 0.4391 0.9101
vt 0.4393 0.9111
vt 0.4405 0.9162
vt 0.4406 0.9170
vt 0.4393 0.9111
vt 0.4396 0.9121
vt 0.4414 0.9205
vt 0.4417 0.9223
vt 0.4417 0.9223
vt 0.4419 0.9232
vt 0.4419 0.9232
vt 0.4426 0.9260
vt 0.4426 0.9260
vt 0.4427 0.9266
vt 0.4429 0.9276
vt 0.4434 0.9302
vt 0.4436 0.9310
vt 0.4442 0.9336
vt 0.4427 0.9266
vt 0.4429 0.9276
vt 0.4434 0.9302
vt 0.4436 0.9310
vt 0.4442 0.9336
vt 0.4444 0.9345
vt 0.4444 0.9345
vt 0.4448 0.9364
vt 0.4448 0.9364
vt 0.4450 0.9372
vt 0.4463 0.9432
vt 0.4464 0.9442
vt 0.4456 0.9404
vt 0.4458 0.9413
vt 0.4450 0.9372
vt 0.4456 0.9404
vt 0.4458 0.9413
vt 0.4463 0.9432
vt 0.4464 0.9442
vt 0.4466 0.9450
vt 0.4466 0.9450
vt 0.4471 0.9471
vt 0.4471 0.9471
vt 0.4472 0.9476
vt 0.4472 0.9476
vt 0.4474 0.9483
vt 0.4474 0.9483
vt 0.4475 0.9490
vt 0.4477 0.9499
vt 0.4478 0.9510
vt 0.4475 0.9490
vt 0.4477 0.9499
vt 0.4478 0.9510
vt 0.4478 0.9512
vt 0.4478 0.9512
vt 0.4482 0.9534
vt 0.4482 0.9534
vt 0.4483 0.9538
vt 0.4483 0.9538
vt 0.4487 0.9557
vt 0.4491 0.9576
vt 0.4493 0.9586
vt 0.4487 0.9557
vt 0.4488 0.9561
vt 0.4493 0.9586
vt 0.4495 0.9598
vt 0.4488 0.9561
vt 0.4491 0.9576
vt 0.4495 0.9598
vt 0.4496 0.9604
vt 0.4497 0.9606
vt 0.4506 0.9648
vt 0.4496 0.9604
vt 0.4497 0.9606
vt 0.4506 0.9648
vt 0.4507 0.9652
vt 0.4509 0.9661
vt 0.4513 0.9679
vt 0.4507 0.9652
vt 0.4509 0.9661
vt 0.4513 0.9679
vt 0.4514 0.9685
vt 0.4514 0.9685
vt 0.4517 0.9700
vt 0.4517 0.9700
vt 0.4517 0.9701
vt 0.6418 0.9016
vt 0.6319 0.9015
vt 0.6525 0.9017
vt 0.6418 0.9016
vt 0.6274 0.9015
vt 0.6178 0.9015
vt 0.6319 0.9015
vt 0.6274 0.9015
vt 0.6530 0.9017
vt 0.6525 0.9017
vt 0.6689 0.9017
vt 0.6530 0.9017
vt 0.6178 0.9015
vt 0.6158 0.9015
vt 0.6158 0.9015
vt 0.6051 0.9015
vt 0.6751 0.9017
vt 0.6689 0.9017
vt 0.6051 0.9015
vt 0.5977 0.9015
vt 0.5977 0.9015
vt 0.5910 0.9014
vt 0.6806 0.9018
vt 0.6751 0.9017
vt 0.6918 0.9018
vt 0.6806 0.9018
vt 0.6962 0.9018
vt 0.6918 0.9018
vt 0.7004 0.9018
vt 0.6962 0.9018
vt 0.7041 0.9018
vt 0.7004 0.9018
vt 0.7103 0.9019
vt 0.7041 0.9018
vt 0.7144 0.9019
vt 0.7103 0.9019
vt 0.7229 0.9019
vt 0.7144 0.9019
vt 0.7238 0.9019
vt 0.7229 0.9019
vt 0.7254 0.9020
vt 0.7238 0.9019
vt 0.7263 0.9020
vt 0.7254 0.9020
vt 0.7268 0.9020
vt 0.7263 0.9020
vt 0.7372 0.9021
vt 0.7268 0.9020
vt 0.7608 0.9886
vt 0.7608 0.9907
vt 0.7609 0.9842
vt 0.7608 0.9886
vt 0.7614 0.9681
vt 0.7612 0.9741
vt 0.7608 0.9789
vt 0.7609 0.9842
vt 0.7612 0.9741
vt 0.7608 0.9789
vt 0.0696 0.6964
vt 0.0694 0.6962
vt 0.0712 0.6967
vt 0.0706 0.6967
vt 0.0706 0.6967
vt 0.0696 0.6964
vt 0.0694 0.6962
vt 0.0682 0.6960
vt 0.0714 0.6968
vt 0.0712 0.6967
vt 0.0682 0.6960
vt 0.0676 0.6958
vt 0.0731 0.6971
vt 0.0714 0.6968
vt 0.0732 0.6971
vt 0.0731 0.6971
vt 0.0750 0.6973
vt 0.0732 0.6971
vt 0.0754 0.6973
vt 0.0750 0.6973
vt 0.0760 0.6974
vt 0.0754 0.6973
vt 0.0785 0.6976
vt 0.0760 0.6974
vt 0.0790 0.6977
vt 0.0785 0.6976
vt 0.0830 0.6989
vt 0.0830 0.6999
vt 0.0831 0.7010
vt 0.0837 0.7021
vt 0.0847 0.6981
vt 0.0790 0.6977
vt 0.0830 0.6999
vt 0.0831 0.7010
vt 0.0837 0.7021
vt 0.0840 0.7031
vt 0.0840 0.7031
vt 0.0832 0.7050
vt 0.0832 0.7050
vt 0.0831 0.7053
vt 0.0831 0.7053
vt 0.0840 0.7069
vt 0.0839 0.7115
vt 0.0840 0.7135
vt 0.0840 0.7135
vt 0.0840 0.7137
vt 0.0840 0.7137
vt 0.0834 0.7157
vt 0.0825 0.7188
vt 0.0817 0.7200
vt 0.0834 0.7157
vt 0.0834 0.7158
vt 0.0834 0.7158
vt 0.0841 0.7175
vt 0.0825 0.7188
vt 0.0837 0.7184
vt 0.0817 0.7200
vt 0.0819 0.7221
vt 0.0837 0.7184
vt 0.0840 0.7182
vt 0.0819 0.7221
vt 0.0818 0.7222
vt 0.0818 0.7222
vt 0.0818 0.7241
vt 0.0819 0.7242
vt 0.0817 0.7265
vt 0.0818 0.7241
vt 0.0819 0.7242
vt 0.0817 0.7265
vt 0.0816 0.7266
vt 0.0816 0.7266
vt 0.0809 0.7325
vt 0.0809 0.7325
vt 0.0807 0.7340
vt 0.0807 0.7340
vt 0.0806 0.7349
vt 0.0806 0.7349
vt 0.0801 0.7395
vt 0.0801 0.7395
vt 0.0801 0.7399
vt 0.0801 0.7399
vt 0.0799 0.7428
vt 0.0878 0.7248
vt 0.0882 0.7262
vt 0.0799 0.7428
vt 0.0797 0.7436
vt 0.0797 0.7436
vt 0.0793 0.7468
vt 0.0882 0.7262
vt 0.0895 0.7287
vt 0.0793 0.7468
vt 0.0791 0.7486
vt 0.0895 0.7287
vt 0.0895 0.7302
vt 0.0895 0.7302
vt 0.0899 0.7314
vt 0.0887 0.7353
vt 0.0884 0.7358
vt 0.0791 0.7486
vt 0.0781 0.7560
vt 0.0899 0.7314
vt 0.0898 0.7319
vt 0.0898 0.7319
vt 0.0887 0.7353
vt 0.0884 0.7358
vt 0.0885 0.7371
vt 0.0781 0.7560
vt 0.0779 0.7576
vt 0.0885 0.7371
vt 0.0885 0.7382
vt 0.0885 0.7382
vt 0.0878 0.7397
vt 0.0779 0.7576
vt 0.0777 0.7594
vt 0.0876 0.7407
vt 0.0874 0.7471
vt 0.0878 0.7397
vt 0.0876 0.7407
vt 0.0777 0.7594
vt 0.0777 0.7596
vt 0.0771 0.7638
vt 0.0770 0.7646
vt 0.0777 0.7596
vt 0.0771 0.7638
vt 0.0770 0.7646
vt 0.0770 0.7647
vt 0.0873 0.7474
vt 0.0863 0.7516
vt 0.0770 0.7647
vt 0.0766 0.7693
vt 0.0856 0.7596
vt 0.0860 0.7624
vt 0.0863 0.7516
vt 0.0865 0.7530
vt 0.0865 0.7530
vt 0.0865 0.7553
vt 0.0766 0.7693
vt 0.0764 0.7704
vt 0.0860 0.7624
vt 0.0853 0.7651
vt 0.0864 0.7571
vt 0.0856 0.7594
vt 0.0856 0.7594
vt 0.0856 0.7596
vt 0.0764 0.7704
vt 0.0761 0.7725
vt 0.0865 0.7553
vt 0.0864 0.7571
vt 0.0853 0.7651
vt 0.0854 0.7655
vt 0.0852 0.7659
vt 0.0852 0.7693
vt 0.0761 0.7725
vt 0.0759 0.7753
vt 0.0854 0.7655
vt 0.0852 0.7659
vt 0.0852 0.7693
vt 0.0842 0.7721
vt 0.0759 0.7753
vt 0.0758 0.7766
vt 0.0842 0.7721
vt 0.0842 0.7723
vt 0.0758 0.7766
vt 0.0759 0.7771
vt 0.0842 0.7723
vt 0.0842 0.7724
vt 0.0842 0.7726
vt 0.0840 0.7784
vt 0.0759 0.7771
vt 0.0756 0.7795
vt 0.0842 0.7724
vt 0.0842 0.7726
vt 0.0840 0.7784
vt 0.0839 0.7804
vt 0.0756 0.7795
vt 0.0757 0.7814
vt 0.0839 0.7804
vt 0.0838 0.7824
vt 0.0757 0.7814
vt 0.0756 0.7822
vt 0.0838 0.7824
vt 0.0833 0.7863
vt 0.0756 0.7822
vt 0.0757 0.7835
vt 0.0833 0.7863
vt 0.0835 0.7871
vt 0.0757 0.7835
vt 0.0759 0.7844
vt 0.0835 0.7871
vt 0.0851 0.7925
vt 0.0759 0.7844
vt 0.0762 0.7873
vt 0.0851 0.7925
vt 0.0846 0.7963
vt 0.0762 0.7873
vt 0.0763 0.7910
vt 0.0846 0.7963
vt 0.0842 0.7984
vt 0.0842 0.7984
vt 0.0847 0.8029
vt 0.0763 0.7910
vt 0.0775 0.7940
vt 0.0847 0.8029
vt 0.0846 0.8035
vt 0.0775 0.7940
vt 0.0788 0.7954
vt 0.0799 0.7973
vt 0.0808 0.8006
vt 0.0846 0.8035
vt 0.0846 0.8038
vt 0.0788 0.7954
vt 0.0799 0.7973
vt 0.0808 0.8006
vt 0.0812 0.8022
vt 0.0846 0.8038
vt 0.0837 0.8052
vt 0.0812 0.8022
vt 0.0805 0.8044
vt 0.0837 0.8052
vt 0.0839 0.8069
vt 0.0805 0.8044
vt 0.0813 0.8073
vt 0.0839 0.8069
vt 0.0839 0.8105
vt 0.0813 0.8073
vt 0.0821 0.8098
vt 0.0839 0.8105
vt 0.0836 0.8109
vt 0.0821 0.8098
vt 0.0822 0.8123
vt 0.0836 0.8109
vt 0.0824 0.8125
vt 0.0809 0.8123
vt 0.0822 0.8123
vt 0.0824 0.8125
vt 0.0824 0.8126
vt 0.0809 0.8123
vt 0.0808 0.8130
vt 0.0826 0.8146
vt 0.0825 0.8162
vt 0.0824 0.8126
vt 0.0826 0.8146
vt 0.0808 0.8130
vt 0.0789 0.8140
vt 0.0825 0.8162
vt 0.0828 0.8170
vt 0.1915 0.8146
vt 0.1912 0.8179
vt 0.1912 0.8179
vt 0.1927 0.8201
vt 0.1913 0.8137
vt 0.1915 0.8146
vt 0.2652 0.7174
vt 0.2652 0.7175
vt 0.2668 0.7225
vt 0.2668 0.7227
vt 0.2652 0.7175
vt 0.2668 0.7225
vt 0.2668 0.7227
vt 0.2677 0.7254
vt 0.2677 0.7254
vt 0.2681 0.7268
vt 0.2682 0.7272
vt 0.2686 0.7286
vt 0.2686 0.7286
vt 0.2688 0.7292
vt 0.2681 0.7268
vt 0.2682 0.7272
vt 0.2688 0.7292
vt 0.2691 0.7301
vt 0.2691 0.7301
vt 0.2696 0.7315
vt 0.2696 0.7315
vt 0.2701 0.7333
vt 0.2701 0.7333
vt 0.2706 0.7350
vt 0.2706 0.7350
vt 0.2711 0.7367
vt 0.2711 0.7367
vt 0.2723 0.7405
vt 0.2723 0.7405
vt 0.2730 0.7429
vt 0.2730 0.7429
vt 0.2734 0.7440
vt 0.2734 0.7440
vt 0.2738 0.7456
vt 0.2738 0.7456
vt 0.2750 0.7493
vt 0.2750 0.7493
vt 0.2755 0.7511
vt 0.2755 0.7511
vt 0.2761 0.7529
vt 0.2761 0.7529
vt 0.2762 0.7531
vt 0.2762 0.7531
vt 0.2763 0.7535
vt 0.2763 0.7535
vt 0.2764 0.7544
vt 0.2764 0.7544
vt 0.2765 0.7548
vt 0.4056 0.7813
vt 0.4055 0.7817
vt 0.4054 0.7810
vt 0.4056 0.7813
vt 0.4052 0.7813
vt 0.4055 0.7817
vt 0.4032 0.7883
vt 0.4032 0.7884
vt 0.4054 0.7810
vt 0.4033 0.7792
vt 0.4033 0.7792
vt 0.4052 0.7813
vt 0.4030 0.7880
vt 0.4032 0.7883
vt 0.4032 0.7884
vt 0.4018 0.7906
vt 0.4030 0.7880
vt 0.4030 0.7882
vt 0.4030 0.7882
vt 0.4018 0.7906
vt 0.7822 0.8943
vt 0.7820 0.8961
vt 0.7821 0.8923
vt 0.7821 0.8927
vt 0.7818 0.8983
vt 0.7816 0.9009
vt 0.7820 0.8961
vt 0.7818 0.8983
vt 0.7821 0.8927
vt 0.7822 0.8943
vt 0.7816 0.9009
vt 0.7813 0.9037
vt 0.7811 0.9050
vt 0.7809 0.9072
vt 0.7813 0.9037
vt 0.7811 0.9050
vt 0.7809 0.9072
vt 0.7806 0.9100
vt 0.4554 0.6947
vt 0.4554 0.6948
vt 0.4554 0.6948
vt 0.4553 0.6950
vt 0.4554 0.6948
vt 0.4554 0.6948
vt 0.6005 0.7014
vt 0.5986 0.7011
vt 0.5912 0.7001
vt 0.5846 0.6992
vt 0.5845 0.6992
vt 0.5761 0.6980
vt 0.5745 0.6978
vt 0.5683 0.6970
vt 0.6036 0.7018
vt 0.6005 0.7014
vt 0.5986 0.7011
vt 0.5943 0.7005
vt 0.5846 0.6992
vt 0.5846 0.6992
vt 0.5943 0.7005
vt 0.5912 0.7001
vt 0.5846 0.6992
vt 0.5845 0.6992
vt 0.5761 0.6980
vt 0.5745 0.6978
vt 0.5683 0.6970
vt 0.5651 0.6966
vt 0.6059 0.7021
vt 0.6036 0.7018
vt 0.6090 0.7026
vt 0.6072 0.7025
vt 0.6072 0.7025
vt 0.6059 0.7021
vt 0.6097 0.7028
vt 0.6090 0.7026
vt 0.6101 0.7029
vt 0.6097 0.7028
vt 0.6106 0.7030
vt 0.6101 0.7029
vt 0.6112 0.7032
vt 0.6106 0.7030
vt 0.6168 0.7036
vt 0.6156 0.7034
vt 0.6112 0.7032
vt 0.6132 0.7031
vt 0.6201 0.7041
vt 0.6178 0.7038
vt 0.6178 0.7038
vt 0.6168 0.7036
vt 0.6156 0.7034
vt 0.6152 0.7033
vt 0.6132 0.7031
vt 0.6141 0.7031
vt 0.6212 0.7043
vt 0.6201 0.7041
vt 0.6152 0.7033
vt 0.6148 0.7031
vt 0.6148 0.7031
vt 0.6141 0.7031
vt 0.6215 0.7046
vt 0.6212 0.7043
vt 0.6224 0.7048
vt 0.6215 0.7046
vt 0.6232 0.7049
vt 0.6224 0.7048
vt 0.4440 0.8788
vt 0.4441 0.8799
vt 0.4438 0.8652
vt 0.4438 0.8655
vt 0.4438 0.8655
vt 0.4438 0.8660
vt 0.4440 0.8773
vt 0.4440 0.8788
vt 0.4441 0.8799
vt 0.4443 0.8833
vt 0.4437 0.8576
vt 0.4438 0.8652
vt 0.4438 0.8660
vt 0.4439 0.8709
vt 0.4439 0.8709
vt 0.4440 0.8773
vt 0.1850 0.6771
vt 0.1841 0.6783
vt 0.1841 0.6783
vt 0.1843 0.6788
vt 0.9953 0.9370
vt 0.9950 0.9389
vt 0.9939 0.9339
vt 0.9941 0.9358
vt 0.9962 0.9355
vt 0.9962 0.9356
vt 0.9950 0.9389
vt 0.9951 0.9400
vt 0.9962 0.9356
vt 0.9953 0.9370
vt 0.9945 0.9413
vt 0.9945 0.9414
vt 0.9941 0.9358
vt 0.9940 0.9363
vt 0.9940 0.9363
vt 0.9925 0.9381
vt 0.9944 0.9415
vt 0.9945 0.9414
vt 0.9925 0.9381
vt 0.9923 0.9385
vt 0.9923 0.9385
vt 0.9920 0.9430
vt 0.9920 0.9430
vt 0.9918 0.9438
vt 0.9918 0.9438
vt 0.9918 0.9448
vt 0.9922 0.9447
vt 0.9922 0.9450
vt 0.9918 0.9448
vt 0.9922 0.9447
vt 0.8072 0.7960
vt 0.8061 0.7981
vt 0.8061 0.7981
vt 0.8061 0.7981
vt 0.8061 0.7981
vt 0.8061 0.7982
vt 0.8061 0.7982
vt 0.8061 0.7982
vt 0.4262 0.8329
vt 0.4265 0.8337
vt 0.4234 0.8284
vt 0.4262 0.8329
vt 0.4196 0.8257
vt 0.4221 0.8276
vt 0.4221 0.8276
vt 0.4234 0.8284
vt 0.4196 0.8257
vt 0.4190 0.8256
vt 0.4156 0.8245
vt 0.4190 0.8256
vt 0.4092 0.8391
vt 0.4116 0.8420
vt 0.2843 0.8646
vt 0.2843 0.8689
vt 0.2843 0.8638
vt 0.2843 0.8646
vt 0.2843 0.8632
vt 0.2843 0.8638
vt 0.2843 0.8689
vt 0.2843 0.8751
vt 0.0836 0.6932
vt 0.0831 0.6980
vt 0.0831 0.6980
vt 0.0830 0.6986
vt 0.0830 0.6986
vt 0.0830 0.6989
f 9021/9021 9011/9011 9020/9020
f 9021/9021 9020/9020 9031/9031
f 9011/9011 9021/9021 8993/8993
f 9031/9031 9035/9035 9021/9021
f 9033/9033 9035/9035 9031/9031
f 8993/8993 9021/9021 8975/8975
f 9035/9035 9022/9022 9021/9021
f 9047/9047 9034/9034 9033/9033
f 9033/9033 9034/9034 9035/9035
f 8993/8993 8975/8975 8972/8972
f 9021/9021 9022/9022 8975/8975
f 9036/9036 9022/9022 9035/9035
f 9047/9047 9050/9050 9034/9034
f 9035/9035 9034/9034 9036/9036
f 8973/8973 8972/8972 8975/8975
f 9023/9023 8975/8975 9022/9022
f 9022/9022 9036/9036 9038/9038
f 9050/9050 9051/9051 9034/9034
f 9036/9036 9034/9034 9037/9037
f 8972/8972 8973/8973 8974/8974
f 8973/8973 8975/8975 8995/8995
f 9012/9012 8975/8975 9023/9023
f 9038/9038 9023/9023 9022/9022
f 9036/9036 9037/9037 9038/9038
f 9059/9059 9051/9051 9050/9050
f 9066/9066 9034/9034 9051/9051
f 9034/9034 9066/9066 9037/9037
f 9012/9012 8995/8995 8975/8975
f 8977/8977 8973/8973 8995/8995
f 9023/9023 9024/9024 9012/9012
f 9038/9038 9039/9039 9023/9023
f 9038/9038 9037/9037 9052/9052
f 9059/9059 9050/9050 9060/9060
f 9059/9059 9061/9061 9051/9051
f 9066/9066 9051/9051 9067/9067
f 9068/9068 9037/9037 9066/9066
f 9012/9012 8998/8998 8995/8995
f 8977/8977 8995/8995 8978/8978
f 9039/9039 9024/9024 9023/9023
f 9024/9024 9013/9013 9012/9012
f 9053/9053 9039/9039 9038/9038
f 9052/9052 9037/9037 9068/9068
f 9038/9038 9052/9052 9053/9053
f 9062/9062 9059/9059 9060/9060
f 9067/9067 9061/9061 9059/9059
f 9067/9067 9051/9051 9061/9061
f 9067/9067 9069/9069 9066/9066
f 9066/9066 9069/9069 9068/9068
f 9013/9013 8998/8998 9012/9012
f 8976/8976 8977/8977 8978/8978
f 8995/8995 8979/8979 8978/8978
f 9039/9039 9040/9040 9024/9024
f 9025/9025 9013/9013 9024/9024
f 9054/9054 9039/9039 9053/9053
f 9068/9068 9069/9069 9052/9052
f 9052/9052 9075/9075 9053/9053
f 9062/9062 9069/9069 9059/9059
f 9062/9062 9060/9060 9063/9063
f 9059/9059 9069/9069 9067/9067
f 8996/8996 8998/8998 9013/9013
f 8978/8978 8979/8979 8976/8976
f 9040/9040 9025/9025 9024/9024
f 9040/9040 9039/9039 9054/9054
f 9013/9013 9025/9025 9014/9014
f 9053/9053 9080/9080 9054/9054
f 9052/9052 9069/9069 9075/9075
f 9075/9075 9080/9080 9053/9053
f 9069/9069 9062/9062 9070/9070
f 9063/9063 9064/9064 9062/9062
f 8996/8996 8997/8997 8998/8998
f 8996/8996 9013/9013 9000/9000
f 8979/8979 8980/8980 8976/8976
f 9040/9040 9041/9041 9025/9025
f 9040/9040 9054/9054 9041/9041
f 9000/9000 9013/9013 9014/9014
f 9025/9025 9026/9026 9014/9014
f 9055/9055 9054/9054 9080/9080
f 9069/9069 9076/9076 9075/9075
f 9075/9075 9081/9081 9080/9080
f 9062/9062 9095/9095 9070/9070
f 9069/9069 9070/9070 9076/9076
f 9064/9064 9065/9065 9062/9062
f 8996/8996 9000/9000 8997/8997
f 8998/8998 8997/8997 8999/8999
f 9041/9041 9026/9026 9025/9025
f 9054/9054 9055/9055 9041/9041
f 9014/9014 9015/9015 9000/9000
f 9014/9014 9026/9026 9015/9015
f 9080/9080 9088/9088 9055/9055
f 9075/9075 9076/9076 9081/9081
f 9081/9081 9088/9088 9080/9080
f 9095/9095 9062/9062 9065/9065
f 9070/9070 9095/9095 9077/9077
f 9070/9070 9077/9077 9076/9076
f 8997/8997 9000/9000 8984/8984
f 9041/9041 9042/9042 9026/9026
f 9041/9041 9055/9055 9043/9043
f 9015/9015 9001/9001 9000/9000
f 9042/9042 9015/9015 9026/9026
f 9055/9055 9088/9088 9056/9056
f 9076/9076 9104/9104 9081/9081
f 9087/9087 9088/9088 9081/9081
f 9096/9096 9095/9095 9065/9065
f 9095/9095 9097/9097 9077/9077
f 9077/9077 9101/9101 9076/9076
f 8984/8984 9000/9000 9001/9001
f 9042/9042 9041/9041 9043/9043
f 9056/9056 9043/9043 9055/9055
f 9015/9015 9016/9016 9001/9001
f 9042/9042 9016/9016 9015/9015
f 9088/9088 9090/9090 9056/9056
f 9076/9076 9101/9101 9104/9104
f 9081/9081 9104/9104 9087/9087
f 9087/9087 9089/9089 9088/9088
f 9096/9096 9097/9097 9095/9095
f 9077/9077 9097/9097 9099/9099
f 9077/9077 9099/9099 9101/9101
f 8985/8985 8984/8984 9001/9001
f 9042/9042 9043/9043 9045/9045
f 9043/9043 9056/9056 9044/9044
f 9016/9016 9002/9002 9001/9001
f 9042/9042 9045/9045 9016/9016
f 9088/9088 9091/9091 9090/9090
f 9056/9056 9090/9090 9057/9057
f 9101/9101 9102/9102 9104/9104
f 9087/9087 9104/9104 9089/9089
f 9089/9089 9091/9091 9088/9088
f 9096/9096 9074/9074 9097/9097
f 9097/9097 9100/9100 9099/9099
f 9099/9099 9102/9102 9101/9101
f 8983/8983 8984/8984 8985/8985
f 9001/9001 8986/8986 8985/8985
f 9043/9043 9044/9044 9045/9045
f 9056/9056 9057/9057 9044/9044
f 9001/9001 9002/9002 8986/8986
f 9017/9017 9002/9002 9016/9016
f 9016/9016 9045/9045 9027/9027
f 9091/9091 9092/9092 9090/9090
f 9090/9090 9092/9092 9057/9057
f 9102/9102 9105/9105 9104/9104
f 9104/9104 9111/9111 9089/9089
f 9089/9089 9111/9111 9091/9091
f 9074/9074 9098/9098 9097/9097
f 9097/9097 9098/9098 9100/9100
f 9099/9099 9100/9100 9102/9102
f 8982/8982 8984/8984 8983/8983
f 8985/8985 8986/8986 8983/8983
f 9046/9046 9045/9045 9044/9044
f 9057/9057 9046/9046 9044/9044
f 9005/9005 8986/8986 9002/9002
f 9017/9017 9005/9005 9002/9002
f 9027/9027 9017/9017 9016/9016
f 9027/9027 9045/9045 9046/9046
f 9091/9091 9093/9093 9092/9092
f 9057/9057 9092/9092 3707/3707
f 9102/9102 9100/9100 9105/9105
f 9104/9104 9105/9105 9111/9111
f 9091/9091 9111/9111 9093/9093
f 9073/9073 9098/9098 9074/9074
f 9098/9098 9078/9078 9100/9100
f 8981/8981 8982/8982 8983/8983
f 8962/8962 8983/8983 8986/8986
f 9057/9057 9028/9028 9046/9046
f 9005/9005 8987/8987 8986/8986
f 9005/9005 9017/9017 9003/9003
f 9017/9017 9027/9027 9018/9018
f 9028/9028 9027/9027 9046/9046
f 9092/9092 9093/9093 9094/9094
f 3707/3707 9028/9028 9057/9057
f 9092/9092 3714/3714 3707/3707
f 9100/9100 9103/9103 9105/9105
f 9105/9105 9106/9106 9111/9111
f 9111/9111 9117/9117 9093/9093
f 9074/9074 9071/9071 9073/9073
f 9078/9078 9098/9098 9073/9073
f 9078/9078 9103/9103 9100/9100
f 8962/8962 8986/8986 8963/8963
f 8987/8987 8963/8963 8986/8986
f 9005/9005 9004/9004 8987/8987
f 9003/9003 9004/9004 9005/9005
f 9018/9018 9003/9003 9017/9017
f 9027/9027 9028/9028 9018/9018
f 9093/9093 9129/9129 9094/9094
f 9092/9092 9094/9094 3714/3714
f 9029/9029 9028/9028 3707/3707
f 3707/3707 3714/3714 3709/3709
f 9105/9105 9103/9103 9106/9106
f 9106/9106 9117/9117 9111/9111
f 9093/9093 9117/9117 9129/9129
f 9071/9071 9072/9072 9073/9073
f 9078/9078 9073/9073 9079/9079
f 9084/9084 9103/9103 9078/9078
f 8962/8962 8963/8963 8964/8964
f 8987/8987 8988/8988 8963/8963
f 9003/9003 8987/8987 9004/9004
f 9018/9018 9006/9006 9003/9003
f 9029/9029 9018/9018 9028/9028
f 9129/9129 3731/3731 9094/9094
f 9094/9094 3716/3716 3714/3714
f 3697/3697 9029/9029 3707/3707
f 3707/3707 3709/3709 3708/3708
f 3714/3714 3715/3715 3709/3709
f 9103/9103 9107/9107 9106/9106
f 9106/9106 9112/9112 9117/9117
f 9117/9117 9121/9121 9129/9129
f 9078/9078 9079/9079 9082/9082
f 9078/9078 9082/9082 9084/9084
f 9103/9103 9084/9084 9107/9107
f 8963/8963 8965/8965 8964/8964
f 8988/8988 8987/8987 9003/9003
f 8963/8963 8988/8988 8966/8966
f 8989/8989 9003/9003 9006/9006
f 9018/9018 9007/9007 9006/9006
f 9129/9129 9126/9126 3731/3731
f 9094/9094 3731/3731 3718/3718
f 3714/3714 3716/3716 3715/3715
f 9094/9094 3718/3718 3716/3716
f 3703/3703 3697/3697 3707/3707
f 9029/9029 3697/3697 3689/3689
f 3708/3708 3709/3709 3711/3711
f 3703/3703 3707/3707 3708/3708
f 3709/3709 3715/3715 3712/3712
f 9107/9107 9112/9112 9106/9106
f 9117/9117 9112/9112 9121/9121
f 9121/9121 9126/9126 9129/9129
f 9082/9082 9079/9079 9083/9083
f 9084/9084 9082/9082 9086/9086
f 9107/9107 9084/9084 9113/9113
f 8963/8963 8966/8966 8965/8965
f 8988/8988 9003/9003 8989/8989
f 8988/8988 8989/8989 8966/8966
f 9007/9007 9018/9018 9019/9019
f 9127/9127 3731/3731 9126/9126
f 3718/3718 3731/3731 3733/3733
f 3716/3716 3717/3717 3715/3715
f 3716/3716 3718/3718 3717/3717
f 3703/3703 3698/3698 3697/3697
f 3697/3697 3698/3698 3689/3689
f 9029/9029 3689/3689 9030/9030
f 3708/3708 3711/3711 3710/3710
f 3709/3709 3712/3712 3711/3711
f 3703/3703 3708/3708 3704/3704
f 3715/3715 3719/3719 3712/3712
f 9107/9107 9113/9113 9112/9112
f 9112/9112 9118/9118 9121/9121
f 9121/9121 9118/9118 9126/9126
f 9082/9082 9085/9085 9086/9086
f 9086/9086 9108/9108 9084/9084
f 9084/9084 9108/9108 9113/9113
f 8966/8966 8967/8967 8965/8965
f 8990/8990 8966/8966 8989/8989
f 9018/9018 9030/9030 9019/9019
f 9008/9008 9007/9007 9019/9019
f 9118/9118 9127/9127 9126/9126
f 9127/9127 3732/3732 3731/3731
f 3731/3731 3732/3732 3733/3733
f 3733/3733 3735/3735 3718/3718
f 3715/3715 3717/3717 3719/3719
f 3717/3717 3718/3718 3723/3723
f 3703/3703 3704/3704 3698/3698
f 3698/3698 3686/3686 3689/3689
f 3687/3687 9030/9030 3689/3689
f 3704/3704 3708/3708 3710/3710
f 3710/3710 3711/3711 3713/3713
f 3711/3711 3712/3712 3706/3706
f 3719/3719 3721/3721 3712/3712
f 9113/9113 9118/9118 9112/9112
f 9086/9086 9109/9109 9108/9108
f 9113/9113 9108/9108 9119/9119
f 8970/8970 8967/8967 8966/8966
f 8990/8990 8969/8969 8966/8966
f 9030/9030 3687/3687 9019/9019
f 9007/9007 9008/9008 9009/9009
f 9019/9019 3687/3687 9008/9008
f 9118/9118 9119/9119 9127/9127
f 3732/3732 9127/9127 9130/9130
f 3733/3733 3732/3732 3734/3734
f 3733/3733 3734/3734 3735/3735
f 3718/3718 3735/3735 3737/3737
f 3719/3719 3717/3717 3723/3723
f 3718/3718 3737/3737 3723/3723
f 3704/3704 3699/3699 3698/3698
f 3686/3686 3687/3687 3689/3689
f 3698/3698 3691/3691 3686/3686
f 3782/3782 3704/3704 3710/3710
f 3713/3713 3711/3711 3706/3706
f 3706/3706 3712/3712 3720/3720
f 3712/3712 3721/3721 3720/3720
f 3722/3722 3721/3721 3719/3719
f 9113/9113 9119/9119 9118/9118
f 9109/9109 9110/9110 9108/9108
f 9108/9108 9114/9114 9119/9119
f 8968/8968 8970/8970 8966/8966
f 8968/8968 8966/8966 8969/8969
f 8990/8990 8991/8991 8969/8969
f 9010/9010 9009/9009 9008/9008
f 3685/3685 9008/9008 3687/3687
f 9130/9130 9127/9127 9119/9119
f 9130/9130 3355/3355 3732/3732
f 3732/3732 3736/3736 3734/3734
f 3735/3735 3734/3734 3738/3738
f 3737/3737 3735/3735 3740/3740
f 3722/3722 3719/3719 3723/3723
f 3723/3723 3737/3737 3742/3742
f 3699/3699 3691/3691 3698/3698
f 3779/3779 3699/3699 3704/3704
f 3686/3686 3685/3685 3687/3687
f 3686/3686 3691/3691 3690/3690
f 3781/3781 3704/3704 3782/3782
f 3705/3705 3713/3713 3706/3706
f 3721/3721 3722/3722 3725/3725
f 9110/9110 9114/9114 9108/9108
f 9114/9114 9122/9122 9119/9119
f 8968/8968 8969/8969 8971/8971
f 9010/9010 9008/9008 3685/3685
f 9130/9130 9119/9119 9122/9122
f 9130/9130 7493/7493 3355/3355
f 3355/3355 3736/3736 3732/3732
f 3736/3736 3739/3739 3734/3734
f 3734/3734 3741/3741 3738/3738
f 3735/3735 3738/3738 3740/3740
f 3737/3737 3740/3740 3745/3745
f 3723/3723 3742/3742 3722/3722
f 3737/3737 3745/3745 3742/3742
f 3699/3699 3692/3692 3691/3691
f 3776/3776 3699/3699 3779/3779
f 3781/3781 3779/3779 3704/3704
f 3684/3684 3685/3685 3686/3686
f 3686/3686 3690/3690 3688/3688
f 3691/3691 3692/3692 3690/3690
f 3780/3780 3781/3781 3782/3782
f 3702/3702 3705/3705 3706/3706
f 3722/3722 3724/3724 3725/3725
f 9110/9110 9115/9115 9114/9114
f 9114/9114 9120/9120 9122/9122
f 9122/9122 9128/9128 9130/9130
f 3355/3355 7493/7493 3356/3356
f 7493/7493 9130/9130 9131/9131
f 3355/3355 3354/3354 3736/3736
f 3739/3739 3736/3736 3358/3358
f 3734/3734 3739/3739 3741/3741
f 3738/3738 3741/3741 3743/3743
f 3738/3738 3743/3743 3740/3740
f 3751/3751 3745/3745 3740/3740
f 3722/3722 3742/3742 3724/3724
f 3745/3745 3749/3749 3742/3742
f 3699/3699 3774/3774 3692/3692
f 3776/3776 3772/3772 3699/3699
f 3779/3779 3781/3781 3780/3780
f 3684/3684 3686/3686 3688/3688
f 3692/3692 3693/3693 3690/3690
f 3783/3783 3780/3780 3782/3782
f 9115/9115 9116/9116 9114/9114
f 9116/9116 9120/9120 9114/9114
f 9120/9120 9123/9123 9122/9122
f 9123/9123 9128/9128 9122/9122
f 9128/9128 9131/9131 9130/9130
f 3354/3354 3355/3355 3356/3356
f 9544/9544 3356/3356 7493/7493
f 9131/9131 9544/9544 7493/7493
f 3736/3736 3354/3354 3358/3358
f 3358/3358 3744/3744 3739/3739
f 3741/3741 3739/3739 3746/3746
f 3743/3743 3741/3741 3752/3752
f 3740/3740 3743/3743 3751/3751
f 3745/3745 3751/3751 3750/3750
f 3724/3724 3742/3742 3748/3748
f 3742/3742 3749/3749 3748/3748
f 3745/3745 3750/3750 3749/3749
f 3699/3699 3772/3772 3773/3773
f 3692/3692 3694/3694 3693/3693
f 9120/9120 9124/9124 9123/9123
f 9123/9123 9125/9125 9128/9128
f 9128/9128 9132/9132 9131/9131
f 3356/3356 3353/3353 3354/3354
f 4916/4916 3356/3356 9544/9544
f 9544/9544 9131/9131 9542/9542
f 3358/3358 3354/3354 3359/3359
f 3358/3358 3359/3359 3744/3744
f 3739/3739 3744/3744 3746/3746
f 3741/3741 3746/3746 3755/3755
f 3752/3752 3741/3741 3755/3755
f 3752/3752 3751/3751 3743/3743
f 3750/3750 3751/3751 3756/3756
f 3747/3747 3724/3724 3748/3748
f 3748/3748 3749/3749 3753/3753
f 3749/3749 3750/3750 3754/3754
f 3692/3692 3700/3700 3694/3694
f 3694/3694 3695/3695 3693/3693
f 9124/9124 9125/9125 9123/9123
f 9128/9128 9125/9125 9132/9132
f 9132/9132 9542/9542 9131/9131
f 3353/3353 3356/3356 4915/4915
f 3353/3353 3357/3357 3354/3354
f 3356/3356 4916/4916 4915/4915
f 3359/3359 3354/3354 3343/3343
f 3359/3359 3360/3360 3744/3744
f 3744/3744 3364/3364 3746/3746
f 3755/3755 3746/3746 3366/3366
f 3752/3752 3755/3755 9134/9134
f 3752/3752 9133/9133 3751/3751
f 3750/3750 3756/3756 3754/3754
f 9133/9133 3756/3756 3751/3751
f 3753/3753 3747/3747 3748/3748
f 3749/3749 3754/3754 3753/3753
f 3700/3700 3701/3701 3694/3694
f 3694/3694 3696/3696 3695/3695
f 9125/9125 9124/9124 10386/10386
f 9132/9132 9543/9543 9542/9542
f 4915/4915 3333/3333 3353/3353
f 3353/3353 3334/3334 3357/3357
f 3343/3343 3354/3354 3357/3357
f 4915/4915 4916/4916 4917/4917
f 3344/3344 3359/3359 3343/3343
f 3360/3360 3359/3359 3361/3361
f 3744/3744 3360/3360 3364/3364
f 3746/3746 3364/3364 3366/3366
f 3755/3755 3366/3366 3762/3762
f 9134/9134 9133/9133 3752/3752
f 3755/3755 9136/9136 9134/9134
f 3756/3756 3758/3758 3754/3754
f 3756/3756 9133/9133 3758/3758
f 3753/3753 3757/3757 3747/3747
f 3754/3754 3757/3757 3753/3753
f 3701/3701 3702/3702 3694/3694
f 3694/3694 3702/3702 3696/3696
f 3333/3333 3334/3334 3353/3353
f 4914/4914 3333/3333 4915/4915
f 3334/3334 3335/3335 3357/3357
f 3335/3335 3343/3343 3357/3357
f 3343/3343 3326/3326 3344/3344
f 3359/3359 3344/3344 3361/3361
f 3361/3361 3362/3362 3360/3360
f 3360/3360 3363/3363 3364/3364
f 3364/3364 3363/3363 3366/3366
f 3762/3762 3366/3366 3766/3766
f 3763/3763 3755/3755 3762/3762
f 9133/9133 9134/9134 9135/9135
f 3763/3763 9136/9136 3755/3755
f 9134/9134 9136/9136 9135/9135
f 3754/3754 3758/3758 3759/3759
f 3758/3758 9133/9133 3761/3761
f 3726/3726 3747/3747 3757/3757
f 3759/3759 3757/3757 3754/3754
f 3333/3333 3313/3313 3334/3334
f 4913/4913 3333/3333 4914/4914
f 3334/3334 3324/3324 3335/3335
f 3335/3335 3326/3326 3343/3343
f 3326/3326 3327/3327 3344/3344
f 3344/3344 3345/3345 3361/3361
f 3361/3361 3345/3345 3362/3362
f 3360/3360 3362/3362 3363/3363
f 3366/3366 3363/3363 3367/3367
f 3366/3366 3367/3367 3766/3766
f 3762/3762 3766/3766 9138/9138
f 3763/3763 3762/3762 9137/9137
f 9133/9133 9135/9135 3761/3761
f 9136/9136 3763/3763 9137/9137
f 9135/9135 9136/9136 9137/9137
f 3758/3758 3760/3760 3759/3759
f 3758/3758 3761/3761 3760/3760
f 3726/3726 3757/3757 3727/3727
f 3729/3729 3757/3757 3759/3759
f 4912/4912 3313/3313 3333/3333
f 3334/3334 3313/3313 3324/3324
f 4913/4913 4912/4912 3333/3333
f 4914/4914 4911/4911 4913/4913
f 3335/3335 3324/3324 3325/3325
f 3326/3326 3335/3335 3325/3325
f 3327/3327 3326/3326 3316/3316
f 3327/3327 3336/3336 3344/3344
f 3344/3344 3336/3336 3345/3345
f 3362/3362 3345/3345 3363/3363
f 3363/3363 3365/3365 3367/3367
f 3367/3367 3369/3369 3766/3766
f 3762/3762 9138/9138 9137/9137
f 3766/3766 3771/3771 9138/9138
f 3761/3761 9135/9135 3765/3765
f 9135/9135 9137/9137 3765/3765
f 3759/3759 3760/3760 3764/3764
f 3761/3761 3765/3765 3760/3760
f 3726/3726 3727/3727 3728/3728
f 3727/3727 3757/3757 3729/3729
f 3313/3313 3307/3307 3324/3324
f 4909/4909 4912/4912 4913/4913
f 3324/3324 3314/3314 3325/3325
f 3314/3314 3326/3326 3325/3325
f 3316/3316 3326/3326 3314/3314
f 3328/3328 3327/3327 3316/3316
f 3327/3327 3328/3328 3336/3336
f 3337/3337 3345/3345 3336/3336
f 3345/3345 3365/3365 3363/3363
f 3365/3365 3368/3368 3367/3367
f 3367/3367 3368/3368 3369/3369
f 3766/3766 3369/3369 3771/3771
f 9137/9137 9138/9138 5845/5845
f 3771/3771 5840/5840 9138/9138
f 3765/3765 9137/9137 5843/5843
f 3764/3764 3760/3760 3768/3768
f 3760/3760 3765/3765 3768/3768
f 3728/3728 3727/3727 3730/3730
f 3727/3727 3729/3729 3730/3730
f 3306/3306 3307/3307 3313/3313
f 3307/3307 3314/3314 3324/3324
f 4908/4908 4912/4912 4909/4909
f 3316/3316 3314/3314 3310/3310
f 3318/3318 3328/3328 3316/3316
f 3337/3337 3336/3336 3328/3328
f 3345/3345 3337/3337 3365/3365
f 3346/3346 3368/3368 3365/3365
f 3368/3368 3370/3370 3369/3369
f 3771/3771 3369/3369 5841/5841
f 5845/5845 9138/9138 5846/5846
f 9137/9137 5845/5845 5843/5843
f 5840/5840 3771/3771 5841/5841
f 5840/5840 5846/5846 9138/9138
f 3765/3765 5843/5843 3770/3770
f 3767/3767 3764/3764 3768/3768
f 3765/3765 3770/3770 3768/3768
f 3307/3307 3306/3306 3294/3294
f 3306/3306 3313/3313 4907/4907
f 3310/3310 3314/3314 3307/3307
f 4908/4908 4909/4909 4910/4910
f 4908/4908 4907/4907 4912/4912
f 3310/3310 3312/3312 3316/3316
f 3316/3316 3312/3312 3318/3318
f 3318/3318 3321/3321 3328/3328
f 3337/3337 3328/3328 3330/3330
f 3337/3337 3346/3346 3365/3365
f 3346/3346 3347/3347 3368/3368
f 3368/3368 3350/3350 3370/3370
f 3370/3370 3371/3371 3369/3369
f 5841/5841 3369/3369 3371/3371
f 5844/5844 5845/5845 5846/5846
f 5843/5843 5845/5845 5844/5844
f 5840/5840 5841/5841 5848/5848
f 5848/5848 5846/5846 5840/5840
f 3770/3770 5843/5843 5842/5842
f 3767/3767 3768/3768 3769/3769
f 3768/3768 3770/3770 3769/3769
f 3306/3306 3292/3292 3294/3294
f 3307/3307 3294/3294 3296/3296
f 4906/4906 3306/3306 4907/4907
f 3296/3296 3310/3310 3307/3307
f 3310/3310 3311/3311 3312/3312
f 3312/3312 3315/3315 3318/3318
f 3318/3318 3317/3317 3321/3321
f 3329/3329 3328/3328 3321/3321
f 3329/3329 3330/3330 3328/3328
f 3337/3337 3330/3330 3346/3346
f 3330/3330 3347/3347 3346/3346
f 3368/3368 3347/3347 3350/3350
f 3350/3350 3349/3349 3370/3370
f 3370/3370 7577/7577 3371/3371
f 3371/3371 5849/5849 5841/5841
f 5844/5844 5846/5846 5848/5848
f 5843/5843 5844/5844 5847/5847
f 5841/5841 5849/5849 5848/5848
f 3769/3769 3770/3770 5842/5842
f 5843/5843 5831/5831 5842/5842
f 3292/3292 3293/3293 3294/3294
f 3294/3294 3293/3293 3296/3296
f 4906/4906 4905/4905 3306/3306
f 3310/3310 3296/3296 3298/3298
f 3311/3311 3310/3310 3298/3298
f 3308/3308 3312/3312 3311/3311
f 3308/3308 3315/3315 3312/3312
f 3315/3315 3317/3317 3318/3318
f 3322/3322 3321/3321 3317/3317
f 3321/3321 3322/3322 3329/3329
f 3338/3338 3330/3330 3329/3329
f 3338/3338 3347/3347 3330/3330
f 3350/3350 3347/3347 3349/3349
f 3370/3370 3349/3349 7577/7577
f 3371/3371 7577/7577 7580/7580
f 3371/3371 7580/7580 5849/5849
f 5848/5848 9957/9957 5844/5844
f 5847/5847 5831/5831 5843/5843
f 5844/5844 9956/9956 5847/5847
f 5849/5849 5850/5850 5848/5848
f 5827/5827 3769/3769 5842/5842
f 5842/5842 5831/5831 5818/5818
f 3293/3293 3292/3292 4903/4903
f 3293/3293 3295/3295 3296/3296
f 3296/3296 3295/3295 3298/3298
f 3298/3298 3299/3299 3311/3311
f 3299/3299 3308/3308 3311/3311
f 3309/3309 3315/3315 3308/3308
f 3309/3309 3317/3317 3315/3315
f 3319/3319 3322/3322 3317/3317
f 3331/3331 3329/3329 3322/3322
f 3331/3331 3338/3338 3329/3329
f 3338/3338 3348/3348 3347/3347
f 3347/3347 3348/3348 3349/3349
f 3349/3349 7578/7578 7577/7577
f 7577/7577 7583/7583 7580/7580
f 7580/7580 5852/5852 5849/5849
f 9956/9956 5844/5844 9957/9957
f 5850/5850 9957/9957 5848/5848
f 5831/5831 5847/5847 5832/5832
f 5847/5847 9956/9956 5851/5851
f 5849/5849 5852/5852 5850/5850
f 5827/5827 5842/5842 5828/5828
f 5819/5819 5818/5818 5831/5831
f 5828/5828 5842/5842 5818/5818
f 4903/4903 4894/4894 3293/3293
f 4894/4894 3295/3295 3293/3293
f 3295/3295 3297/3297 3298/3298
f 3298/3298 3297/3297 3299/3299
f 3308/3308 3299/3299 3302/3302
f 3309/3309 3308/3308 3302/3302
f 3317/3317 3309/3309 3319/3319
f 3322/3322 3319/3319 3323/3323
f 3322/3322 3332/3332 3331/3331
f 3338/3338 3331/3331 3340/3340
f 3340/3340 3348/3348 3338/3338
f 3349/3349 3348/3348 3340/3340
f 3349/3349 3352/3352 7578/7578
f 7578/7578 7581/7581 7577/7577
f 7577/7577 7581/7581 7583/7583
f 7580/7580 7583/7583 5852/5852
f 9956/9956 9957/9957 9958/9958
f 9957/9957 5850/5850 5859/5859
f 5831/5831 5832/5832 5819/5819
f 5833/5833 5832/5832 5847/5847
f 5833/5833 5847/5847 5851/5851
f 5851/5851 9956/9956 5853/5853
f 5850/5850 5852/5852 5858/5858
f 5826/5826 5827/5827 5828/5828
f 5817/5817 5818/5818 5819/5819
f 5828/5828 5818/5818 5829/5829
f 4892/4892 4894/4894 4903/4903
f 4894/4894 4904/4904 3295/3295
f 4904/4904 3297/3297 3295/3295
f 3300/3300 3299/3299 3297/3297
f 3299/3299 3300/3300 3302/3302
f 3302/3302 3304/3304 3309/3309
f 3309/3309 3320/3320 3319/3319
f 3319/3319 2644/2644 3323/3323
f 3322/3322 3323/3323 3332/3332
f 3339/3339 3331/3331 3332/3332
f 3339/3339 3340/3340 3331/3331
f 3349/3349 3340/3340 3342/3342
f 3352/3352 3349/3349 3342/3342
f 3352/3352 7579/7579 7578/7578
f 7581/7581 7578/7578 7582/7582
f 7581/7581 7584/7584 7583/7583
f 5852/5852 7583/7583 7585/7585
f 9956/9956 9958/9958 5855/5855
f 9957/9957 5859/5859 9958/9958
f 5850/5850 5858/5858 5859/5859
f 5832/5832 5821/5821 5819/5819
f 5822/5822 5832/5832 5833/5833
f 5853/5853 5833/5833 5851/5851
f 9956/9956 5855/5855 5853/5853
f 5852/5852 7591/7591 5858/5858
f 5829/5829 5826/5826 5828/5828
f 5817/5817 5819/5819 5820/5820
f 5818/5818 5830/5830 5829/5829
f 4892/4892 4893/4893 4894/4894
f 4895/4895 4904/4904 4894/4894
f 4904/4904 4897/4897 3297/3297
f 4897/4897 3300/3300 3297/3297
f 3300/3300 3301/3301 3302/3302
f 3302/3302 3303/3303 3304/3304
f 3309/3309 3304/3304 2625/2625
f 3309/3309 2625/2625 3320/3320
f 3319/3319 3320/3320 2644/2644
f 2644/2644 2651/2651 3323/3323
f 3323/3323 2651/2651 3332/3332
f 3339/3339 3332/3332 3341/3341
f 3342/3342 3340/3340 3339/3339
f 3351/3351 3352/3352 3342/3342
f 3351/3351 7579/7579 3352/3352
f 7579/7579 7582/7582 7578/7578
f 7581/7581 7582/7582 7584/7584
f 7583/7583 7584/7584 7585/7585
f 5852/5852 7585/7585 7591/7591
f 5855/5855 9958/9958 5857/5857
f 9958/9958 5859/5859 5863/5863
f 5859/5859 5858/5858 3449/3449
f 5819/5819 5821/5821 5808/5808
f 5822/5822 5821/5821 5832/5832
f 5824/5824 5822/5822 5833/5833
f 5834/5834 5833/5833 5853/5853
f 5853/5853 5855/5855 5854/5854
f 5858/5858 7591/7591 3449/3449
f 5820/5820 5819/5819 5808/5808
f 4893/4893 4895/4895 4894/4894
f 4895/4895 4902/4902 4904/4904
f 4902/4902 4897/4897 4904/4904
f 4897/4897 4898/4898 3300/3300
f 4898/4898 3301/3301 3300/3300
f 3302/3302 3301/3301 3303/3303
f 3303/3303 3305/3305 3304/3304
f 2625/2625 3304/3304 2622/2622
f 2625/2625 2640/2640 3320/3320
f 2640/2640 2644/2644 3320/3320
f 2644/2644 2645/2645 2651/2651
f 2651/2651 2653/2653 3332/3332
f 2669/2669 3341/3341 3332/3332
f 3339/3339 3341/3341 3342/3342
f 3341/3341 3351/3351 3342/3342
f 3351/3351 2668/2668 7579/7579
f 7579/7579 5363/5363 7582/7582
f 7584/7584 7582/7582 7586/7586
f 7585/7585 7584/7584 7589/7589
f 7585/7585 7589/7589 7591/7591
f 5855/5855 5857/5857 5856/5856
f 9958/9958 5863/5863 5857/5857
f 5866/5866 5863/5863 5859/5859
f 5859/5859 3449/3449 5867/5867
f 5821/5821 5806/5806 5808/5808
f 5821/5821 5822/5822 5806/5806
f 5822/5822 5824/5824 5823/5823
f 5824/5824 5833/5833 5834/5834
f 5853/5853 5854/5854 5834/5834
f 5854/5854 5855/5855 5856/5856
f 7591/7591 3450/3450 3449/3449
f 4901/4901 4902/4902 4895/4895
f 4897/4897 4902/4902 4896/4896
f 4897/4897 4889/4889 4898/4898
f 4898/4898 3303/3303 3301/3301
f 4900/4900 3305/3305 3303/3303
f 3304/3304 3305/3305 2601/2601
f 2622/2622 2623/2623 2625/2625
f 2622/2622 3304/3304 2601/2601
f 2626/2626 2640/2640 2625/2625
f 2644/2644 2640/2640 2645/2645
f 2645/2645 2642/2642 2651/2651
f 2651/2651 2652/2652 2653/2653
f 3332/3332 2653/2653 2669/2669
f 2669/2669 3351/3351 3341/3341
f 2668/2668 3351/3351 2669/2669
f 7579/7579 2668/2668 5363/5363
f 7582/7582 5363/5363 7587/7587
f 7582/7582 7587/7587 7586/7586
f 7584/7584 7586/7586 7589/7589
f 7591/7591 7589/7589 7594/7594
f 5856/5856 5857/5857 5862/5862
f 5857/5857 5863/5863 5862/5862
f 5863/5863 5866/5866 5862/5862
f 5859/5859 5867/5867 5866/5866
f 3449/3449 3451/3451 5867/5867
f 5822/5822 5809/5809 5806/5806
f 5822/5822 5823/5823 5809/5809
f 5824/5824 5825/5825 5823/5823
f 5824/5824 5834/5834 5835/5835
f 5835/5835 5834/5834 5854/5854
f 5856/5856 5836/5836 5854/5854
f 3449/3449 3450/3450 3451/3451
f 7594/7594 3450/3450 7591/7591
f 4901/4901 4896/4896 4902/4902
f 4896/4896 4889/4889 4897/4897
f 4899/4899 4898/4898 4889/4889
f 4899/4899 3303/3303 4898/4898
f 4900/4900 3303/3303 4899/4899
f 4900/4900 2507/2507 3305/3305
f 2507/2507 2601/2601 3305/3305
f 2605/2605 2623/2623 2622/2622
f 2623/2623 2624/2624 2625/2625
f 2605/2605 2622/2622 2601/2601
f 2626/2626 2625/2625 2624/2624
f 2629/2629 2640/2640 2626/2626
f 2645/2645 2640/2640 2642/2642
f 2642/2642 2652/2652 2651/2651
f 2653/2653 2652/2652 2655/2655
f 2655/2655 2669/2669 2653/2653
f 2669/2669 2655/2655 2668/2668
f 2667/2667 5363/5363 2668/2668
f 5363/5363 7588/7588 7587/7587
f 7586/7586 7587/7587 7592/7592
f 7586/7586 7592/7592 7589/7589
f 7589/7589 7592/7592 7594/7594
f 5856/5856 5862/5862 5860/5860
f 5862/5862 5866/5866 5865/5865
f 5867/5867 5934/5934 5866/5866
f 5867/5867 3451/3451 5936/5936
f 5806/5806 5809/5809 5807/5807
f 5835/5835 5836/5836 5824/5824
f 5835/5835 5854/5854 5836/5836
f 5838/5838 5836/5836 5856/5856
f 3451/3451 3450/3450 3456/3456
f 3450/3450 7594/7594 3452/3452
f 4899/4899 4889/4889 4888/4888
f 4888/4888 4900/4900 4899/4899
f 2505/2505 2507/2507 4900/4900
f 2508/2508 2601/2601 2507/2507
f 2624/2624 2623/2623 2605/2605
f 2601/2601 2602/2602 2605/2605
f 2624/2624 2606/2606 2626/2626
f 2629/2629 2626/2626 2627/2627
f 2629/2629 2642/2642 2640/2640
f 2642/2642 2648/2648 2652/2652
f 2655/2655 2652/2652 2656/2656
f 2655/2655 2667/2667 2668/2668
f 2667/2667 5362/5362 5363/5363
f 5363/5363 5364/5364 7588/7588
f 7587/7587 7588/7588 7590/7590
f 7587/7587 7590/7590 7592/7592
f 7592/7592 7596/7596 7594/7594
f 5838/5838 5856/5856 5860/5860
f 5860/5860 5862/5862 5864/5864
f 5862/5862 5865/5865 5864/5864
f 5865/5865 5866/5866 5933/5933
f 5934/5934 5867/5867 5936/5936
f 5866/5866 5934/5934 5935/5935
f 3451/3451 5937/5937 5936/5936
f 5809/5809 5810/5810 5807/5807
f 5836/5836 5837/5837 5824/5824
f 5836/5836 5838/5838 5837/5837
f 3456/3456 3450/3450 3460/3460
f 3451/3451 3456/3456 5937/5937
f 3452/3452 3457/3457 3450/3450
f 7594/7594 7596/7596 3452/3452
f 4887/4887 4888/4888 4889/4889
f 4888/4888 2505/2505 4900/4900
f 2505/2505 2506/2506 2507/2507
f 2506/2506 2508/2508 2507/2507
f 2602/2602 2601/2601 2508/2508
f 2606/2606 2624/2624 2605/2605
f 2605/2605 2602/2602 2603/2603
f 2606/2606 2627/2627 2626/2626
f 2627/2627 2630/2630 2629/2629
f 2629/2629 2641/2641 2642/2642
f 2642/2642 2643/2643 2648/2648
f 2652/2652 2648/2648 2656/2656
f 2659/2659 2655/2655 2656/2656
f 2659/2659 2667/2667 2655/2655
f 2667/2667 2670/2670 5362/5362
f 5363/5363 5362/5362 5364/5364
f 5364/5364 5367/5367 7588/7588
f 7590/7590 7588/7588 7593/7593
f 7590/7590 7595/7595 7592/7592
f 7595/7595 7596/7596 7592/7592
f 5838/5838 5860/5860 5861/5861
f 5864/5864 5865/5865 5873/5873
f 5865/5865 5933/5933 5873/5873
f 5866/5866 5935/5935 5933/5933
f 5935/5935 5934/5934 5936/5936
f 5936/5936 5937/5937 5939/5939
f 5838/5838 5839/5839 5837/5837
f 3450/3450 3457/3457 3460/3460
f 3460/3460 3465/3465 3456/3456
f 5937/5937 3456/3456 5941/5941
f 3452/3452 3454/3454 3457/3457
f 7596/7596 3453/3453 3452/3452
f 4890/4890 4888/4888 4887/4887
f 4891/4891 2505/2505 4888/4888
f 2506/2506 2509/2509 2508/2508
f 2508/2508 2510/2510 2602/2602
f 2604/2604 2606/2606 2605/2605
f 2603/2603 2602/2602 2510/2510
f 2603/2603 2604/2604 2605/2605
f 2612/2612 2627/2627 2606/2606
f 2627/2627 2613/2613 2630/2630
f 2641/2641 2629/2629 2630/2630
f 2641/2641 2643/2643 2642/2642
f 2643/2643 2647/2647 2648/2648
f 2648/2648 2657/2657 2656/2656
f 2657/2657 2659/2659 2656/2656
f 2670/2670 2667/2667 2659/2659
f 2670/2670 2671/2671 5362/5362
f 5362/5362 5365/5365 5364/5364
f 5364/5364 5365/5365 5367/5367
f 7588/7588 5367/5367 7593/7593
f 7590/7590 7593/7593 7595/7595
f 7595/7595 3453/3453 7596/7596
f 5872/5872 5864/5864 5873/5873
f 5873/5873 5933/5933 5928/5928
f 5933/5933 5935/5935 5938/5938
f 5935/5935 5936/5936 5939/5939
f 5937/5937 5940/5940 5939/5939
f 3460/3460 3457/3457 3464/3464
f 3460/3460 3464/3464 3465/3465
f 3456/3456 3465/3465 5941/5941
f 5940/5940 5937/5937 5941/5941
f 3452/3452 3453/3453 3454/3454
f 3454/3454 3462/3462 3457/3457
f 4888/4888 4890/4890 4891/4891
f 2509/2509 2510/2510 2508/2508
f 2604/2604 2607/2607 2606/2606
f 2603/2603 2510/2510 2604/2604
f 2612/2612 2606/2606 2607/2607
f 2613/2613 2627/2627 2612/2612
f 2613/2613 2628/2628 2630/2630
f 2631/2631 2641/2641 2630/2630
f 2641/2641 2633/2633 2643/2643
f 2646/2646 2647/2647 2643/2643
f 2654/2654 2648/2648 2647/2647
f 2648/2648 2654/2654 2657/2657
f 2659/2659 2657/2657 2660/2660
f 2659/2659 2671/2671 2670/2670
f 5362/5362 2671/2671 5346/5346
f 5362/5362 5346/5346 5365/5365
f 5365/5365 5368/5368 5367/5367
f 7593/7593 5367/5367 5370/5370
f 7595/7595 7593/7593 3453/3453
f 5871/5871 5864/5864 5872/5872
f 5872/5872 5873/5873 5927/5927
f 5927/5927 5873/5873 5928/5928
f 5928/5928 5933/5933 5929/5929
f 5933/5933 5938/5938 5929/5929
f 5935/5935 5939/5939 5938/5938
f 5939/5939 5940/5940 5945/5945
f 3457/3457 3466/3466 3464/3464
f 3465/3465 3464/3464 5944/5944
f 3465/3465 5944/5944 5941/5941
f 5940/5940 5941/5941 5943/5943
f 3453/3453 3458/3458 3454/3454
f 3454/3454 3459/3459 3462/3462
f 3457/3457 3462/3462 3466/3466
f 2607/2607 2613/2613 2612/2612
f 2615/2615 2628/2628 2613/2613
f 2628/2628 2631/2631 2630/2630
f 2633/2633 2641/2641 2631/2631
f 2643/2643 2633/2633 2646/2646
f 2646/2646 2634/2634 2647/2647
f 2650/2650 2654/2654 2647/2647
f 2657/2657 2654/2654 2660/2660
f 2660/2660 2672/2672 2659/2659
f 2672/2672 2671/2671 2659/2659
f 5346/5346 2671/2671 5342/5342
f 5346/5346 5366/5366 5365/5365
f 5365/5365 5366/5366 5368/5368
f 5367/5367 5368/5368 5370/5370
f 7593/7593 5370/5370 3453/3453
f 5871/5871 5872/5872 5870/5870
f 5927/5927 5923/5923 5872/5872
f 5924/5924 5927/5927 5928/5928
f 5928/5928 5929/5929 5924/5924
f 5929/5929 5938/5938 5930/5930
f 5938/5938 5939/5939 5942/5942
f 5939/5939 5945/5945 5942/5942
f 5940/5940 5943/5943 5945/5945
f 3464/3464 3466/3466 3472/3472
f 3464/3464 3472/3472 5944/5944
f 5941/5941 5944/5944 5946/5946
f 5941/5941 5946/5946 5943/5943
f 3453/3453 3455/3455 3458/3458
f 3454/3454 3458/3458 3459/3459
f 3459/3459 3467/3467 3462/3462
f 3462/3462 3469/3469 3466/3466
f 2607/2607 2614/2614 2613/2613
f 2614/2614 2615/2615 2613/2613
f 2615/2615 2609/2609 2628/2628
f 2616/2616 2631/2631 2628/2628
f 2632/2632 2633/2633 2631/2631
f 2633/2633 2634/2634 2646/2646
f 2634/2634 2636/2636 2647/2647
f 2647/2647 2649/2649 2650/2650
f 2658/2658 2654/2654 2650/2650
f 2660/2660 2654/2654 2661/2661
f 2661/2661 2672/2672 2660/2660
f 2672/2672 5342/5342 2671/2671
f 5342/5342 5347/5347 5346/5346
f 5347/5347 5366/5366 5346/5346
f 5368/5368 5366/5366 5369/5369
f 5368/5368 5371/5371 5370/5370
f 3453/3453 5370/5370 2997/2997
f 5869/5869 5871/5871 5870/5870
f 5870/5870 5872/5872 5921/5921
f 5872/5872 5923/5923 5921/5921
f 5927/5927 5918/5918 5923/5923
f 5927/5927 5924/5924 5918/5918
f 5929/5929 5925/5925 5924/5924
f 5929/5929 5930/5930 5925/5925
f 5938/5938 5942/5942 5930/5930
f 5942/5942 5945/5945 5947/5947
f 5945/5945 5943/5943 5948/5948
f 3466/3466 3469/3469 3472/3472
f 5944/5944 3472/3472 3479/3479
f 5946/5946 5944/5944 5949/5949
f 5943/5943 5946/5946 5949/5949
f 2997/2997 3455/3455 3453/3453
f 3458/3458 3455/3455 3459/3459
f 3459/3459 3463/3463 3467/3467
f 3462/3462 3467/3467 3470/3470
f 3462/3462 3470/3470 3469/3469
f 2614/2614 2610/2610 2615/2615
f 2610/2610 2609/2609 2615/2615
f 2609/2609 2616/2616 2628/2628
f 2616/2616 2611/2611 2631/2631
f 2617/2617 2632/2632 2631/2631
f 2633/2633 2632/2632 2634/2634
f 2635/2635 2636/2636 2634/2634
f 2636/2636 2649/2649 2647/2647
f 2638/2638 2650/2650 2649/2649
f 2654/2654 2658/2658 2662/2662
f 2638/2638 2658/2658 2650/2650
f 2661/2661 2654/2654 2662/2662
f 2664/2664 2672/2672 2661/2661
f 5342/5342 2672/2672 2664/2664
f 5342/5342 5343/5343 5347/5347
f 5355/5355 5366/5366 5347/5347
f 5355/5355 5369/5369 5366/5366
f 5368/5368 5369/5369 5371/5371
f 5370/5370 5371/5371 2994/2994
f 5370/5370 2994/2994 2997/2997
f 5868/5868 5869/5869 5870/5870
f 5921/5921 5923/5923 5916/5916
f 5916/5916 5923/5923 5918/5918
f 5918/5918 5924/5924 5919/5919
f 5924/5924 5925/5925 5919/5919
f 5930/5930 5926/5926 5925/5925
f 5930/5930 5942/5942 5931/5931
f 5942/5942 5947/5947 5932/5932
f 5945/5945 5948/5948 5947/5947
f 5943/5943 5949/5949 5948/5948
f 3469/3469 3476/3476 3472/3472
f 3472/3472 3478/3478 3479/3479
f 5944/5944 3479/3479 5637/5637
f 5949/5949 5944/5944 5637/5637
f 2997/2997 2998/2998 3455/3455
f 3455/3455 3463/3463 3459/3459
f 3467/3467 3463/3463 3468/3468
f 3468/3468 3470/3470 3467/3467
f 3470/3470 3474/3474 3469/3469
f 2593/2593 2609/2609 2610/2610
f 2609/2609 2608/2608 2616/2616
f 2616/2616 2608/2608 2611/2611
f 2611/2611 2617/2617 2631/2631
f 2617/2617 2619/2619 2632/2632
f 2634/2634 2632/2632 2620/2620
f 2636/2636 2635/2635 2649/2649
f 2635/2635 2634/2634 2620/2620
f 2638/2638 2649/2649 2635/2635
f 2663/2663 2662/2662 2658/2658
f 2639/2639 2658/2658 2638/2638
f 2664/2664 2661/2661 2662/2662
f 2664/2664 2673/2673 5342/5342
f 2673/2673 5343/5343 5342/5342
f 5347/5347 5343/5343 5351/5351
f 5347/5347 5351/5351 5355/5355
f 5355/5355 5358/5358 5369/5369
f 5369/5369 5360/5360 5371/5371
f 2994/2994 5371/5371 2993/2993
f 2994/2994 2996/2996 2997/2997
f 5921/5921 5916/5916 5922/5922
f 5914/5914 5916/5916 5918/5918
f 5912/5912 5918/5918 5919/5919
f 5925/5925 5917/5917 5919/5919
f 5925/5925 5926/5926 5917/5917
f 5930/5930 5931/5931 5926/5926
f 5931/5931 5942/5942 5932/5932
f 5932/5932 5947/5947 5950/5950
f 5947/5947 5948/5948 5951/5951
f 5948/5948 5949/5949 5634/5634
f 3469/3469 3474/3474 3476/3476
f 3472/3472 3476/3476 3478/3478
f 3479/3479 3478/3478 5646/5646
f 3479/3479 5638/5638 5637/5637
f 5949/5949 5637/5637 5636/5636
f 2997/2997 2996/2996 2998/2998
f 2998/2998 3461/3461 3455/3455
f 3455/3455 3461/3461 3463/3463
f 3461/3461 3468/3468 3463/3463
f 3468/3468 3473/3473 3470/3470
f 3470/3470 3475/3475 3474/3474
f 2593/2593 2608/2608 2609/2609
f 2611/2611 2608/2608 2594/2594
f 2595/2595 2617/2617 2611/2611
f 2619/2619 2617/2617 2600/2600
f 2632/2632 2619/2619 2620/2620
f 2620/2620 2621/2621 2635/2635
f 2635/2635 2637/2637 2638/2638
f 2662/2662 2663/2663 2665/2665
f 2658/2658 4600/4600 2663/2663
f 2638/2638 2637/2637 2639/2639
f 4600/4600 2658/2658 2639/2639
f 2673/2673 2664/2664 2662/2662
f 2673/2673 2665/2665 5343/5343
f 5343/5343 5350/5350 5351/5351
f 5351/5351 5352/5352 5355/5355
f 5356/5356 5358/5358 5355/5355
f 5369/5369 5358/5358 5360/5360
f 5371/5371 5360/5360 2993/2993
f 2993/2993 2969/2969 2994/2994
f 2994/2994 2969/2969 2996/2996
f 5916/5916 5914/5914 5915/5915
f 5918/5918 5912/5912 5914/5914
f 5919/5919 5907/5907 5912/5912
f 5919/5919 5917/5917 5907/5907
f 5926/5926 5913/5913 5917/5917
f 5931/5931 5920/5920 5926/5926
f 5931/5931 5932/5932 5920/5920
f 5947/5947 5640/5640 5950/5950
f 5627/5627 5932/5932 5950/5950
f 5948/5948 5634/5634 5951/5951
f 5947/5947 5951/5951 5640/5640
f 5949/5949 5636/5636 5634/5634
f 3476/3476 3474/3474 7154/7154
f 3478/3478 3476/3476 7155/7155
f 3479/3479 5646/5646 5638/5638
f 3478/3478 7155/7155 5646/5646
f 5636/5636 5637/5637 5638/5638
f 2998/2998 2996/2996 3000/3000
f 2998/2998 3000/3000 3461/3461
f 3461/3461 3000/3000 3468/3468
f 3468/3468 3471/3471 3473/3473
f 3470/3470 3473/3473 3475/3475
f 3474/3474 3475/3475 7154/7154
f 2592/2592 2608/2608 2593/2593
f 2594/2594 2608/2608 2592/2592
f 2595/2595 2611/2611 2594/2594
f 2595/2595 2597/2597 2617/2617
f 2600/2600 2617/2617 2597/2597
f 2618/2618 2619/2619 2600/2600
f 2620/2620 2619/2619 2621/2621
f 2621/2621 2637/2637 2635/2635
f 2665/2665 2663/2663 2666/2666
f 2665/2665 2673/2673 2662/2662
f 4614/4614 2663/2663 4600/4600
f 4590/4590 2639/2639 2637/2637
f 4590/4590 4600/4600 2639/2639
f 2665/2665 5344/5344 5343/5343
f 5343/5343 5348/5348 5350/5350
f 5351/5351 5350/5350 5352/5352
f 5355/5355 5352/5352 5356/5356
f 5358/5358 5356/5356 5359/5359
f 2995/2995 5360/5360 5358/5358
f 5360/5360 2995/2995 2993/2993
f 2993/2993 2995/2995 2969/2969
f 2969/2969 2999/2999 2996/2996
f 5911/5911 5915/5915 5914/5914
f 5908/5908 5914/5914 5912/5912
f 5917/5917 5905/5905 5907/5907
f 5913/5913 5905/5905 5917/5917
f 5926/5926 5920/5920 5913/5913
f 5932/5932 5627/5627 5920/5920
f 5950/5950 5640/5640 5643/5643
f 5643/5643 5627/5627 5950/5950
f 5951/5951 5634/5634 5633/5633
f 5951/5951 5633/5633 5640/5640
f 5634/5634 5636/5636 5635/5635
f 3476/3476 7154/7154 7158/7158
f 3476/3476 7158/7158 7155/7155
f 5638/5638 5646/5646 5647/5647
f 5646/5646 7155/7155 5648/5648
f 5636/5636 5638/5638 5641/5641
f 2999/2999 3000/3000 2996/2996
f 3000/3000 3002/3002 3468/3468
f 3468/3468 3002/3002 3471/3471
f 3473/3473 3471/3471 3477/3477
f 3473/3473 3477/3477 3475/3475
f 3475/3475 3480/3480 7154/7154
f 2593/2593 2589/2589 2592/2592
f 2592/2592 2590/2590 2594/2594
f 2594/2594 2579/2579 2595/2595
f 2597/2597 2595/2595 2596/2596
f 2597/2597 2598/2598 2600/2600
f 2598/2598 2618/2618 2600/2600
f 2619/2619 2618/2618 2621/2621
f 2621/2621 4573/4573 2637/2637
f 4614/4614 2666/2666 2663/2663
f 2665/2665 2666/2666 5344/5344
f 4614/4614 4600/4600 4608/4608
f 4573/4573 4590/4590 2637/2637
f 4590/4590 4591/4591 4600/4600
f 5344/5344 5348/5348 5343/5343
f 5348/5348 5349/5349 5350/5350
f 5350/5350 5349/5349 5352/5352
f 5352/5352 5353/5353 5356/5356
f 5356/5356 5353/5353 5359/5359
f 2995/2995 5358/5358 5359/5359
f 2969/2969 2995/2995 2960/2960
f 2968/2968 2999/2999 2969/2969
f 5911/5911 5914/5914 5908/5908
f 5913/5913 5910/5910 5905/5905
f 5920/5920 5910/5910 5913/5913
f 5627/5627 5622/5622 5920/5920
f 5643/5643 5640/5640 5642/5642
f 5642/5642 5627/5627 5643/5643
f 5633/5633 5634/5634 5635/5635
f 5633/5633 5639/5639 5640/5640
f 5636/5636 5641/5641 5635/5635
f 7154/7154 7159/7159 7158/7158
f 7155/7155 7158/7158 7166/7166
f 5646/5646 5649/5649 5647/5647
f 5638/5638 5647/5647 5641/5641
f 5646/5646 5648/5648 5649/5649
f 7155/7155 7163/7163 5648/5648
f 3000/3000 2999/2999 3001/3001
f 3000/3000 3001/3001 3002/3002
f 3002/3002 3003/3003 3471/3471
f 3471/3471 3004/3004 3477/3477
f 3477/3477 3480/3480 3475/3475
f 3480/3480 7156/7156 7154/7154
f 2589/2589 2590/2590 2592/2592
f 2590/2590 2591/2591 2594/2594
f 2591/2591 2579/2579 2594/2594
f 2584/2584 2595/2595 2579/2579
f 2595/2595 2584/2584 2596/2596
f 2596/2596 2598/2598 2597/2597
f 2598/2598 2599/2599 2618/2618
f 2618/2618 4553/4553 2621/2621
f 2621/2621 4553/4553 4573/4573
f 4623/4623 2666/2666 4614/4614
f 2666/2666 5345/5345 5344/5344
f 4608/4608 4600/4600 4591/4591
f 4608/4608 4623/4623 4614/4614
f 4578/4578 4590/4590 4573/4573
f 4591/4591 4590/4590 4592/4592
f 5344/5344 5345/5345 5348/5348
f 5348/5348 7482/7482 5349/5349
f 5349/5349 5353/5353 5352/5352
f 5353/5353 5361/5361 5359/5359
f 2995/2995 5359/5359 2960/2960
f 2969/2969 2960/2960 2968/2968
f 2975/2975 2999/2999 2968/2968
f 5909/5909 5911/5911 5908/5908
f 5920/5920 5622/5622 5910/5910
f 5627/5627 5624/5624 5622/5622
f 5640/5640 5639/5639 5642/5642
f 5628/5628 5627/5627 5642/5642
f 5633/5633 5635/5635 5639/5639
f 5635/5635 5641/5641 5645/5645
f 7154/7154 7156/7156 7159/7159
f 7159/7159 7161/7161 7158/7158
f 7158/7158 7161/7161 7166/7166
f 7155/7155 7166/7166 7164/7164
f 5647/5647 5649/5649 5653/5653
f 5641/5641 5647/5647 5650/5650
f 5649/5649 5648/5648 5654/5654
f 7155/7155 7164/7164 7163/7163
f 5648/5648 7163/7163 5654/5654
f 2999/2999 2977/2977 3001/3001
f 3001/3001 3003/3003 3002/3002
f 3003/3003 3004/3004 3471/3471
f 3477/3477 3004/3004 3480/3480
f 3480/3480 7157/7157 7156/7156
f 2512/2512 2590/2590 2589/2589
f 2591/2591 2590/2590 2512/2512
f 2514/2514 2579/2579 2591/2591
f 2584/2584 2579/2579 2581/2581
f 2586/2586 2596/2596 2584/2584
f 2596/2596 2587/2587 2598/2598
f 2587/2587 2599/2599 2598/2598
f 2599/2599 4552/4552 2618/2618
f 2618/2618 4552/4552 4553/4553
f 4553/4553 4555/4555 4573/4573
f 2666/2666 4623/4623 5345/5345
f 4601/4601 4608/4608 4591/4591
f 4615/4615 4623/4623 4608/4608
f 4573/4573 4574/4574 4578/4578
f 4592/4592 4590/4590 4578/4578
f 4591/4591 4592/4592 4601/4601
f 5345/5345 7482/7482 5348/5348
f 7482/7482 5354/5354 5349/5349
f 5349/5349 5354/5354 5353/5353
f 5353/5353 7488/7488 5361/5361
f 5361/5361 2963/2963 5359/5359
f 5359/5359 2961/2961 2960/2960
f 2960/2960 2967/2967 2968/2968
f 2967/2967 2975/2975 2968/2968
f 2999/2999 2975/2975 2977/2977
f 5908/5908 5906/5906 5909/5909
f 5627/5627 5628/5628 5624/5624
f 5639/5639 5644/5644 5642/5642
f 5651/5651 5628/5628 5642/5642
f 5635/5635 5644/5644 5639/5639
f 5635/5635 5645/5645 5644/5644
f 5645/5645 5641/5641 5650/5650
f 7159/7159 7156/7156 7160/7160
f 7159/7159 7160/7160 7161/7161
f 7161/7161 7169/7169 7166/7166
f 7164/7164 7166/7166 7170/7170
f 5647/5647 5653/5653 5650/5650
f 5653/5653 5649/5649 5654/5654
f 7163/7163 7164/7164 7173/7173
f 7163/7163 7173/7173 5654/5654
f 2977/2977 2986/2986 3001/3001
f 2985/2985 3003/3003 3001/3001
f 3003/3003 2985/2985 3004/3004
f 3004/3004 3005/3005 3480/3480
f 3480/3480 3005/3005 7157/7157
f 7156/7156 7157/7157 7165/7165
f 2513/2513 2512/2512 2589/2589
f 2514/2514 2591/2591 2512/2512
f 2514/2514 2578/2578 2579/2579
f 2580/2580 2581/2581 2579/2579
f 2581/2581 2583/2583 2584/2584
f 2584/2584 2585/2585 2586/2586
f 2587/2587 2596/2596 2586/2586
f 2587/2587 4524/4524 2599/2599
f 4525/4525 4552/4552 2599/2599
f 4553/4553 4552/4552 4555/4555
f 4555/4555 4574/4574 4573/4573
f 4623/4623 7481/7481 5345/5345
f 4608/4608 4601/4601 4609/4609
f 4608/4608 4609/4609 4615/4615
f 4624/4624 4623/4623 4615/4615
f 4574/4574 4575/4575 4578/4578
f 4578/4578 4579/4579 4592/4592
f 4592/4592 4602/4602 4601/4601
f 5345/5345 7481/7481 7482/7482
f 7482/7482 7481/7481 5354/5354
f 5354/5354 5357/5357 5353/5353
f 5357/5357 7488/7488 5353/5353
f 7488/7488 5570/5570 5361/5361
f 5361/5361 2965/2965 2963/2963
f 5359/5359 2963/2963 2961/2961
f 2960/2960 2961/2961 2962/2962
f 2967/2967 2960/2960 2962/2962
f 2975/2975 2967/2967 2976/2976
f 2975/2975 2976/2976 2977/2977
f 5642/5642 5644/5644 5651/5651
f 5629/5629 5628/5628 5651/5651
f 5644/5644 5645/5645 5652/5652
f 5645/5645 5650/5650 5655/5655
f 7156/7156 7165/7165 7160/7160
f 7161/7161 7160/7160 7167/7167
f 7161/7161 7167/7167 7169/7169
f 7166/7166 7169/7169 7170/7170
f 7164/7164 7170/7170 7173/7173
f 5650/5650 5653/5653 5655/5655
f 5654/5654 5658/5658 5653/5653
f 5654/5654 7173/7173 5665/5665
f 2986/2986 2977/2977 2978/2978
f 3001/3001 2986/2986 2985/2985
f 3004/3004 2985/2985 3005/3005
f 3005/3005 3504/3504 7157/7157
f 7157/7157 7162/7162 7165/7165
f 2511/2511 2512/2512 2513/2513
f 2514/2514 2512/2512 2515/2515
f 2578/2578 2580/2580 2579/2579
f 2580/2580 2582/2582 2581/2581
f 2582/2582 2583/2583 2581/2581
f 2583/2583 2585/2585 2584/2584
f 2586/2586 2585/2585 2587/2587
f 2587/2587 2588/2588 4524/4524
f 4525/4525 2599/2599 4524/4524
f 4527/4527 4552/4552 4525/4525
f 4552/4552 4554/4554 4555/4555
f 4555/4555 4572/4572 4574/4574
f 4623/4623 4624/4624 7481/7481
f 4601/4601 4602/4602 4609/4609
f 4610/4610 4615/4615 4609/4609
f 4616/4616 4624/4624 4615/4615
f 4572/4572 4575/4575 4574/4574
f 4579/4579 4578/4578 4575/4575
f 4592/4592 4579/4579 4582/4582
f 4592/4592 4593/4593 4602/4602
f 7481/7481 7485/7485 5354/5354
f 5354/5354 7486/7486 5357/5357
f 5357/5357 7486/7486 7488/7488
f 5571/5571 5570/5570 7488/7488
f 5361/5361 5570/5570 2965/2965
f 2963/2963 2965/2965 2964/2964
f 2961/2961 2963/2963 2962/2962
f 2967/2967 2962/2962 2976/2976
f 2978/2978 2977/2977 2976/2976
f 5644/5644 5652/5652 5651/5651
f 5659/5659 5629/5629 5651/5651
f 5645/5645 5655/5655 5652/5652
f 7160/7160 7165/7165 7167/7167
f 7167/7167 7171/7171 7169/7169
f 7170/7170 7169/7169 7176/7176
f 7170/7170 7175/7175 7173/7173
f 5655/5655 5653/5653 5657/5657
f 5654/5654 5665/5665 5658/5658
f 5653/5653 5658/5658 5657/5657
f 7173/7173 7175/7175 5665/5665
f 2978/2978 2983/2983 2986/2986
f 2985/2985 2986/2986 2987/2987
f 2985/2985 2987/2987 3005/3005
f 3005/3005 3503/3503 3504/3504
f 7157/7157 3504/3504 7162/7162
f 7165/7165 7162/7162 7168/7168
f 2512/2512 2511/2511 2515/2515
f 2582/2582 2575/2575 2583/2583
f 2583/2583 2575/2575 2585/2585
f 2585/2585 2575/2575 2587/2587
f 2575/2575 2588/2588 2587/2587
f 2588/2588 4495/4495 4524/4524
f 4525/4525 4524/4524 4502/4502
f 4527/4527 4525/4525 4503/4503
f 4552/4552 4527/4527 4554/4554
f 4572/4572 4555/4555 4554/4554
f 4624/4624 4625/4625 7481/7481
f 4609/4609 4602/4602 4610/4610
f 4611/4611 4615/4615 4610/4610
f 4616/4616 4615/4615 4611/4611
f 4625/4625 4624/4624 4616/4616
f 4556/4556 4575/4575 4572/4572
f 4561/4561 4579/4579 4575/4575
f 4582/4582 4579/4579 4583/4583
f 4593/4593 4592/4592 4582/4582
f 4602/4602 4593/4593 4594/4594
f 7481/7481 7483/7483 7485/7485
f 5354/5354 7485/7485 7486/7486
f 7486/7486 5571/5571 7488/7488
f 5570/5570 5571/5571 5572/5572
f 2965/2965 5570/5570 2966/2966
f 2963/2963 2964/2964 2962/2962
f 2965/2965 2966/2966 2964/2964
f 2962/2962 2971/2971 2976/2976
f 2979/2979 2978/2978 2976/2976
f 5652/5652 5656/5656 5651/5651
f 5630/5630 5629/5629 5659/5659
f 5651/5651 5656/5656 5659/5659
f 5652/5652 5655/5655 5656/5656
f 7165/7165 7168/7168 7167/7167
f 7167/7167 7168/7168 7171/7171
f 7169/7169 7171/7171 7179/7179
f 7169/7169 7179/7179 7176/7176
f 7170/7170 7176/7176 7175/7175
f 5657/5657 5660/5660 5655/5655
f 5658/5658 5665/5665 5664/5664
f 5658/5658 5664/5664 5657/5657
f 5665/5665 7175/7175 7181/7181
f 2978/2978 2982/2982 2983/2983
f 2987/2987 2986/2986 2983/2983
f 2987/2987 3503/3503 3005/3005
f 3504/3504 3503/3503 3506/3506
f 3504/3504 3507/3507 7162/7162
f 7162/7162 3507/3507 7168/7168
f 2575/2575 2582/2582 2576/2576
f 2577/2577 2588/2588 2575/2575
f 2588/2588 4494/4494 4495/4495
f 4524/4524 4495/4495 4497/4497
f 4502/4502 4524/4524 4497/4497
f 4525/4525 4502/4502 4503/4503
f 4477/4477 4527/4527 4503/4503
f 4530/4530 4554/4554 4527/4527
f 4554/4554 4556/4556 4572/4572
f 4625/4625 7483/7483 7481/7481
f 4602/4602 4603/4603 4610/4610
f 4610/4610 4603/4603 4611/4611
f 4616/4616 4611/4611 4617/4617
f 4616/4616 4617/4617 4625/4625
f 4561/4561 4575/4575 4556/4556
f 4583/4583 4579/4579 4561/4561
f 4582/4582 4583/4583 4593/4593
f 4583/4583 4594/4594 4593/4593
f 4602/4602 4594/4594 4603/4603
f 7483/7483 7484/7484 7485/7485
f 7485/7485 7487/7487 7486/7486
f 7487/7487 5571/5571 7486/7486
f 5571/5571 7490/7490 5572/5572
f 5570/5570 5572/5572 5575/5575
f 5570/5570 5575/5575 2966/2966
f 2964/2964 2970/2970 2962/2962
f 2964/2964 2966/2966 2970/2970
f 2962/2962 2970/2970 2971/2971
f 2971/2971 2979/2979 2976/2976
f 2978/2978 2979/2979 2982/2982
f 5629/5629 5630/5630 5623/5623
f 5661/5661 5630/5630 5659/5659
f 5656/5656 5661/5661 5659/5659
f 5660/5660 5656/5656 5655/5655
f 7171/7171 7168/7168 7177/7177
f 7171/7171 7177/7177 7179/7179
f 7176/7176 7179/7179 7175/7175
f 5660/5660 5657/5657 5663/5663
f 5664/5664 5665/5665 5671/5671
f 5657/5657 5664/5664 5663/5663
f 7175/7175 7182/7182 7181/7181
f 5665/5665 7181/7181 9649/9649
f 2983/2983 2982/2982 2989/2989
f 2987/2987 2983/2983 2989/2989
f 2987/2987 2989/2989 3503/3503
f 3504/3504 3506/3506 3507/3507
f 3506/3506 3503/3503 3508/3508
f 7168/7168 3507/3507 3510/3510
f 2575/2575 2576/2576 2577/2577
f 4494/4494 2588/2588 2577/2577
f 4494/4494 4496/4496 4495/4495
f 4496/4496 4497/4497 4495/4495
f 4497/4497 4498/4498 4502/4502
f 4502/4502 4470/4470 4503/4503
f 4503/4503 4469/4469 4477/4477
f 4527/4527 4477/4477 4530/4530
f 4530/4530 4535/4535 4554/4554
f 4535/4535 4556/4556 4554/4554
f 4625/4625 4620/4620 7483/7483
f 4611/4611 4603/4603 4604/4604
f 4611/4611 4604/4604 4617/4617
f 4617/4617 4620/4620 4625/4625
f 4556/4556 4542/4542 4561/4561
f 4583/4583 4561/4561 4587/4587
f 4587/4587 4594/4594 4583/4583
f 4594/4594 4596/4596 4603/4603
f 7471/7471 7484/7484 7483/7483
f 7485/7485 7484/7484 7487/7487
f 7487/7487 7490/7490 5571/5571
f 7490/7490 5576/5576 5572/5572
f 5572/5572 5579/5579 5575/5575
f 5575/5575 2973/2973 2966/2966
f 2966/2966 2972/2972 2970/2970
f 2970/2970 2972/2972 2971/2971
f 2971/2971 2980/2980 2979/2979
f 2979/2979 2991/2991 2982/2982
f 5630/5630 5626/5626 5623/5623
f 5631/5631 5630/5630 5661/5661
f 5662/5662 5661/5661 5656/5656
f 5662/5662 5656/5656 5660/5660
f 7168/7168 7172/7172 7177/7177
f 7179/7179 7177/7177 7183/7183
f 7179/7179 7182/7182 7175/7175
f 5660/5660 5663/5663 5666/5666
f 5664/5664 5671/5671 5670/5670
f 5671/5671 5665/5665 9649/9649
f 5663/5663 5664/5664 5669/5669
f 7181/7181 7182/7182 8828/8828
f 7181/7181 8828/8828 9649/9649
f 2982/2982 3487/3487 2989/2989
f 2989/2989 3505/3505 3503/3503
f 3507/3507 3506/3506 3510/3510
f 3503/3503 3505/3505 3508/3508
f 3506/3506 3508/3508 3510/3510
f 7168/7168 3510/3510 7172/7172
f 4496/4496 4498/4498 4497/4497
f 4502/4502 4498/4498 4470/4470
f 4470/4470 4469/4469 4503/4503
f 4477/4477 4469/4469 4472/4472
f 4509/4509 4530/4530 4477/4477
f 4530/4530 4509/4509 4535/4535
f 4535/4535 4542/4542 4556/4556
f 7483/7483 4620/4620 4621/4621
f 4603/4603 4596/4596 4604/4604
f 4617/4617 4604/4604 4618/4618
f 4617/4617 4622/4622 4620/4620
f 4542/4542 4562/4562 4561/4561
f 4587/4587 4561/4561 4584/4584
f 4594/4594 4587/4587 4596/4596
f 7471/7471 7483/7483 7470/7470
f 7471/7471 7474/7474 7484/7484
f 7484/7484 7474/7474 7487/7487
f 7487/7487 7489/7489 7490/7490
f 5572/5572 5576/5576 5579/5579
f 7490/7490 7492/7492 5576/5576
f 5575/5575 5579/5579 2973/2973
f 2966/2966 2973/2973 2972/2972
f 2972/2972 2974/2974 2971/2971
f 2971/2971 2974/2974 2980/2980
f 2979/2979 2980/2980 2988/2988
f 2979/2979 2988/2988 2991/2991
f 3487/3487 2982/2982 2991/2991
f 5630/5630 5631/5631 5626/5626
f 5667/5667 5631/5631 5661/5661
f 5666/5666 5661/5661 5662/5662
f 5662/5662 5660/5660 5666/5666
f 7172/7172 7178/7178 7177/7177
f 7177/7177 7185/7185 7183/7183
f 7179/7179 7183/7183 7184/7184
f 7182/7182 7179/7179 7184/7184
f 5666/5666 5663/5663 5668/5668
f 5664/5664 5670/5670 5669/5669
f 5670/5670 5671/5671 9651/9651
f 5671/5671 9649/9649 9652/9652
f 5668/5668 5663/5663 5669/5669
f 7182/7182 8829/8829 8828/8828
f 8828/8828 9654/9654 9649/9649
f 2989/2989 3487/3487 3505/3505
f 3508/3508 3505/3505 3509/3509
f 3510/3510 3508/3508 3511/3511
f 3510/3510 3511/3511 7172/7172
f 4469/4469 4470/4470 4471/4471
f 4463/4463 4472/4472 4469/4469
f 4509/4509 4477/4477 4472/4472
f 4509/4509 4514/4514 4535/4535
f 4542/4542 4535/4535 4539/4539
f 4620/4620 4619/4619 4621/4621
f 7470/7470 7483/7483 4621/4621
f 4596/4596 4597/4597 4604/4604
f 4604/4604 4605/4605 4618/4618
f 4622/4622 4617/4617 4618/4618
f 4622/4622 4619/4619 4620/4620
f 4542/4542 4543/4543 4562/4562
f 4584/4584 4561/4561 4562/4562
f 4595/4595 4587/4587 4584/4584
f 4596/4596 4587/4587 4597/4597
f 7462/7462 7471/7471 7470/7470
f 7474/7474 7471/7471 7472/7472
f 7474/7474 7489/7489 7487/7487
f 7489/7489 7491/7491 7490/7490
f 5576/5576 5577/5577 5579/5579
f 7490/7490 7491/7491 7492/7492
f 7492/7492 5574/5574 5576/5576
f 2973/2973 5579/5579 5583/5583
f 2973/2973 2974/2974 2972/2972
f 2980/2980 2974/2974 2981/2981
f 2980/2980 2984/2984 2988/2988
f 2988/2988 3485/3485 2991/2991
f 3489/3489 3487/3487 2991/2991
f 5626/5626 5631/5631 5632/5632
f 5632/5632 5631/5631 5667/5667
f 5661/5661 5666/5666 5667/5667
f 7172/7172 7174/7174 7178/7178
f 7177/7177 7178/7178 7185/7185
f 7183/7183 7185/7185 8831/8831
f 7184/7184 7183/7183 8830/8830
f 7182/7182 7184/7184 8829/8829
f 5672/5672 5666/5666 5668/5668
f 5669/5669 5670/5670 5673/5673
f 5670/5670 9651/9651 5673/5673
f 5671/5671 9652/9652 9651/9651
f 9649/9649 9653/9653 9652/9652
f 5668/5668 5669/5669 9650/9650
f 8828/8828 8829/8829 8830/8830
f 8828/8828 8833/8833 9654/9654
f 9649/9649 9654/9654 9653/9653
f 3505/3505 3487/3487 3509/3509
f 3508/3508 3509/3509 3511/3511
f 3511/3511 7174/7174 7172/7172
f 4471/4471 4463/4463 4469/4469
f 4473/4473 4472/4472 4463/4463
f 4472/4472 4510/4510 4509/4509
f 4514/4514 4509/4509 4510/4510
f 4535/4535 4514/4514 4539/4539
f 4542/4542 4539/4539 4543/4543
f 4613/4613 4621/4621 4619/4619
f 4621/4621 7461/7461 7470/7470
f 4604/4604 4597/4597 4605/4605
f 4618/4618 4605/4605 4612/4612
f 4618/4618 4619/4619 4622/4622
f 4563/4563 4562/4562 4543/4543
f 4563/4563 4584/4584 4562/4562
f 4587/4587 4595/4595 4597/4597
f 4585/4585 4595/4595 4584/4584
f 7461/7461 7462/7462 7470/7470
f 7462/7462 7464/7464 7471/7471
f 7472/7472 7471/7471 7464/7464
f 7472/7472 7473/7473 7474/7474
f 7476/7476 7489/7489 7474/7474
f 7489/7489 7478/7478 7491/7491
f 5576/5576 5574/5574 5577/5577
f 5577/5577 5582/5582 5579/5579
f 7491/7491 7480/7480 7492/7492
f 7492/7492 5566/5566 5574/5574
f 5579/5579 5582/5582 5583/5583
f 2973/2973 5583/5583 2974/2974
f 2974/2974 5583/5583 2981/2981
f 2981/2981 2984/2984 2980/2980
f 2984/2984 2992/2992 2988/2988
f 2988/2988 2992/2992 3485/3485
f 2991/2991 3485/3485 3489/3489
f 3487/3487 3489/3489 3491/3491
f 5626/5626 5632/5632 9645/9645
f 5672/5672 5632/5632 5667/5667
f 5666/5666 5672/5672 5667/5667
f 7174/7174 7180/7180 7178/7178
f 7178/7178 7180/7180 7185/7185
f 7185/7185 8832/8832 8831/8831
f 7183/7183 8831/8831 8830/8830
f 8829/8829 7184/7184 8830/8830
f 9650/9650 5672/5672 5668/5668
f 5669/5669 5673/5673 9650/9650
f 5673/5673 9651/9651 9650/9650
f 9651/9651 9652/9652 9655/9655
f 9652/9652 9653/9653 9657/9657
f 8828/8828 8830/8830 8833/8833
f 9653/9653 9654/9654 9657/9657
f 3487/3487 3491/3491 3509/3509
f 3511/3511 3509/3509 3512/3512
f 3511/3511 3513/3513 7174/7174
f 4478/4478 4472/4472 4473/4473
f 4461/4461 4473/4473 4463/4463
f 4472/4472 4478/4478 4510/4510
f 4514/4514 4510/4510 4512/4512
f 4514/4514 4512/4512 4539/4539
f 4536/4536 4543/4543 4539/4539
f 4612/4612 4613/4613 4619/4619
f 4613/4613 7461/7461 4621/4621
f 4597/4597 4598/4598 4605/4605
f 4605/4605 4598/4598 4612/4612
f 4619/4619 4618/4618 4612/4612
f 4559/4559 4563/4563 4543/4543
f 4580/4580 4584/4584 4563/4563
f 4597/4597 4595/4595 4598/4598
f 4585/4585 4584/4584 4580/4580
f 4586/4586 4595/4595 4585/4585
f 7456/7456 7462/7462 7461/7461
f 7464/7464 7462/7462 7463/7463
f 7465/7465 7472/7472 7464/7464
f 7465/7465 7473/7473 7472/7472
f 7474/7474 7473/7473 7475/7475
f 7474/7474 7475/7475 7476/7476
f 7476/7476 7478/7478 7489/7489
f 7478/7478 7479/7479 7491/7491
f 5574/5574 5578/5578 5577/5577
f 5577/5577 5580/5580 5582/5582
f 7479/7479 7480/7480 7491/7491
f 7480/7480 5566/5566 7492/7492
f 5566/5566 5573/5573 5574/5574
f 5583/5583 5582/5582 5586/5586
f 5583/5583 5586/5586 2981/2981
f 2981/2981 2990/2990 2984/2984
f 2984/2984 2990/2990 2992/2992
f 3485/3485 2992/2992 3488/3488
f 3488/3488 3489/3489 3485/3485
f 3489/3489 3492/3492 3491/3491
f 9645/9645 5632/5632 9647/9647
f 4630/4630 5632/5632 5672/5672
f 7174/7174 3515/3515 7180/7180
f 7185/7185 7180/7180 8832/8832
f 8831/8831 8832/8832 8834/8834
f 8830/8830 8831/8831 8834/8834
f 4631/4631 5672/5672 9650/9650
f 9650/9650 9651/9651 9655/9655
f 9652/9652 9657/9657 9655/9655
f 8830/8830 8837/8837 8833/8833
f 3491/3491 3494/3494 3509/3509
f 3511/3511 3512/3512 3513/3513
f 3509/3509 3494/3494 3512/3512
f 7174/7174 3513/3513 3515/3515
f 4473/4473 4479/4479 4478/4478
f 4462/4462 4461/4461 4463/4463
f 4461/4461 4464/4464 4473/4473
f 4483/4483 4510/4510 4478/4478
f 4483/4483 4512/4512 4510/4510
f 4512/4512 4536/4536 4539/4539
f 4536/4536 4559/4559 4543/4543
f 4613/4613 4612/4612 4606/4606
f 4613/4613 4607/4607 7461/7461
f 4612/4612 4598/4598 4606/4606
f 4559/4559 4564/4564 4563/4563
f 4564/4564 4580/4580 4563/4563
f 4598/4598 4595/4595 4599/4599
f 4586/4586 4585/4585 4580/4580
f 4595/4595 4586/4586 4599/4599
f 7456/7456 7461/7461 7454/7454
f 7463/7463 7462/7462 7456/7456
f 7464/7464 7463/7463 7457/7457
f 7464/7464 7457/7457 7465/7465
f 7465/7465 7458/7458 7473/7473
f 7473/7473 7466/7466 7475/7475
f 7476/7476 7475/7475 7477/7477
f 7478/7478 7476/7476 7477/7477
f 7479/7479 7478/7478 7467/7467
f 5574/5574 5573/5573 5578/5578
f 5578/5578 5580/5580 5577/5577
f 5580/5580 5584/5584 5582/5582
f 7479/7479 7468/7468 7480/7480
f 7480/7480 7469/7469 5566/5566
f 5566/5566 5565/5565 5573/5573
f 5582/5582 5585/5585 5586/5586
f 2981/2981 5586/5586 2748/2748
f 2981/2981 2748/2748 2990/2990
f 2990/2990 2754/2754 2992/2992
f 2992/2992 3486/3486 3488/3488
f 3488/3488 3490/3490 3489/3489
f 3493/3493 3492/3492 3489/3489
f 3494/3494 3491/3491 3492/3492
f 9647/9647 5632/5632 4630/4630
f 4631/4631 4630/4630 5672/5672
f 3515/3515 6930/6930 7180/7180
f 7180/7180 8835/8835 8832/8832
f 8830/8830 8834/8834 8837/8837
f 4629/4629 4631/4631 9650/9650
f 9655/9655 4629/4629 9650/9650
f 9657/9657 9658/9658 9655/9655
f 3513/3513 3512/3512 3514/3514
f 3512/3512 3494/3494 3514/3514
f 3513/3513 3514/3514 3515/3515
f 4464/4464 4479/4479 4473/4473
f 4479/4479 4483/4483 4478/4478
f 4454/4454 4461/4461 4462/4462
f 4464/4464 4461/4461 4454/4454
f 4483/4483 4513/4513 4512/4512
f 4513/4513 4536/4536 4512/4512
f 4557/4557 4559/4559 4536/4536
f 4606/4606 4607/4607 4613/4613
f 7461/7461 4607/4607 7454/7454
f 4598/4598 4599/4599 4606/4606
f 4564/4564 4559/4559 4576/4576
f 4564/4564 4577/4577 4580/4580
f 4586/4586 4580/4580 4581/4581
f 4586/4586 4588/4588 4599/4599
f 7456/7456 7454/7454 7449/7449
f 7463/7463 7456/7456 7457/7457
f 7465/7465 7457/7457 7458/7458
f 7458/7458 7466/7466 7473/7473
f 7477/7477 7475/7475 7466/7466
f 7467/7467 7478/7478 7477/7477
f 7468/7468 7479/7479 7467/7467
f 5573/5573 5567/5567 5578/5578
f 5578/5578 5568/5568 5580/5580
f 5580/5580 5581/5581 5584/5584
f 5584/5584 5585/5585 5582/5582
f 7480/7480 7468/7468 7469/7469
f 5566/5566 7469/7469 5559/5559
f 5559/5559 5565/5565 5566/5566
f 5565/5565 5567/5567 5573/5573
f 5586/5586 5585/5585 5588/5588
f 5586/5586 5588/5588 2748/2748
f 2990/2990 2748/2748 2754/2754
f 2992/2992 2754/2754 3486/3486
f 3486/3486 3490/3490 3488/3488
f 3489/3489 3490/3490 3493/3493
f 3492/3492 3493/3493 3497/3497
f 3494/3494 3492/3492 3496/3496
f 9647/9647 4630/4630 9656/9656
f 4629/4629 4630/4630 4631/4631
f 3515/3515 6929/6929 6930/6930
f 7180/7180 6930/6930 8835/8835
f 8835/8835 8836/8836 8832/8832
f 9655/9655 9658/9658 4629/4629
f 3496/3496 3514/3514 3494/3494
f 3515/3515 3514/3514 6929/6929
f 4464/4464 4480/4480 4479/4479
f 4479/4479 4481/4481 4483/4483
f 4464/4464 4454/4454 4465/4465
f 4483/4483 4481/4481 4513/4513
f 4531/4531 4536/4536 4513/4513
f 4537/4537 4557/4557 4536/4536
f 4557/4557 4576/4576 4559/4559
f 4588/4588 4607/4607 4606/4606
f 4607/4607 4589/4589 7454/7454
f 4588/4588 4606/4606 4599/4599
f 4576/4576 4577/4577 4564/4564
f 4577/4577 4581/4581 4580/4580
f 4581/4581 4568/4568 4586/4586
f 4586/4586 4568/4568 4588/4588
f 7454/7454 4570/4570 7449/7449
f 7456/7456 7449/7449 7450/7450
f 7457/7457 7456/7456 7451/7451
f 7458/7458 7457/7457 7451/7451
f 7458/7458 7455/7455 7466/7466
f 7466/7466 7455/7455 7477/7477
f 7455/7455 7467/7467 7477/7477
f 7467/7467 7459/7459 7468/7468
f 5567/5567 5568/5568 5578/5578
f 5580/5580 5568/5568 5581/5581
f 5581/5581 1757/1757 5584/5584
f 5584/5584 1757/1757 5585/5585
f 7469/7469 7468/7468 5554/5554
f 7469/7469 5554/5554 5559/5559
f 5560/5560 5565/5565 5559/5559
f 5560/5560 5567/5567 5565/5565
f 5585/5585 5587/5587 5588/5588
f 5588/5588 2753/2753 2748/2748
f 2748/2748 2750/2750 2754/2754
f 3486/3486 2754/2754 2759/2759
f 3486/3486 2759/2759 3490/3490
f 3490/3490 2763/2763 3493/3493
f 3497/3497 3493/3493 3495/3495
f 3496/3496 3492/3492 3497/3497
f 9647/9647 9656/9656 9648/9648
f 4630/4630 4629/4629 9656/9656
f 6930/6930 6929/6929 6931/6931
f 6930/6930 6931/6931 8835/8835
f 8835/8835 8838/8838 8836/8836
f 3496/3496 3516/3516 3514/3514
f 3514/3514 3516/3516 6929/6929
f 4464/4464 4465/4465 4480/4480
f 4481/4481 4479/4479 4480/4480
f 4465/4465 4454/4454 4460/4460
f 4513/4513 4481/4481 4511/4511
f 4511/4511 4531/4531 4513/4513
f 4537/4537 4536/4536 4531/4531
f 4537/4537 4540/4540 4557/4557
f 4558/4558 4576/4576 4557/4557
f 4589/4589 4607/4607 4588/4588
f 4589/4589 4570/4570 7454/7454
f 4577/4577 4576/4576 4558/4558
f 4577/4577 4566/4566 4581/4581
f 4566/4566 4568/4568 4581/4581
f 4588/4588 4568/4568 4569/4569
f 7449/7449 4570/4570 7445/7445
f 7449/7449 7445/7445 7450/7450
f 7450/7450 7451/7451 7456/7456
f 7455/7455 7458/7458 7451/7451
f 7455/7455 7459/7459 7467/7467
f 7468/7468 7459/7459 7460/7460
f 5567/5567 5561/5561 5568/5568
f 5568/5568 5563/5563 5581/5581
f 5581/5581 1740/1740 1757/1757
f 1757/1757 5587/5587 5585/5585
f 7468/7468 7460/7460 5554/5554
f 5559/5559 5554/5554 5560/5560
f 5560/5560 5561/5561 5567/5567
f 5588/5588 5587/5587 2753/2753
f 2748/2748 2753/2753 2749/2749
f 2748/2748 2749/2749 2750/2750
f 2754/2754 2750/2750 2759/2759
f 3490/3490 2759/2759 2763/2763
f 3493/3493 2763/2763 3495/3495
f 3500/3500 3497/3497 3495/3495
f 3496/3496 3497/3497 3516/3516
f 6929/6929 6934/6934 6931/6931
f 6931/6931 6938/6938 8835/8835
f 8835/8835 6938/6938 8838/8838
f 3516/3516 6932/6932 6929/6929
f 4475/4475 4480/4480 4465/4465
f 4480/4480 4506/4506 4481/4481
f 4460/4460 4454/4454 4456/4456
f 4511/4511 4481/4481 4506/4506
f 4511/4511 4528/4528 4531/4531
f 4537/4537 4531/4531 4532/4532
f 4538/4538 4540/4540 4537/4537
f 4540/4540 4558/4558 4557/4557
f 4589/4589 4588/4588 4569/4569
f 4569/4569 4570/4570 4589/4589
f 4558/4558 4560/4560 4577/4577
f 4560/4560 4566/4566 4577/4577
f 4566/4566 4547/4547 4568/4568
f 4551/4551 4569/4569 4568/4568
f 7445/7445 4570/4570 4571/4571
f 7450/7450 7445/7445 7441/7441
f 7450/7450 7442/7442 7451/7451
f 7455/7455 7451/7451 7452/7452
f 7459/7459 7455/7455 7453/7453
f 7459/7459 7453/7453 7460/7460
f 5568/5568 5561/5561 5562/5562
f 5568/5568 5562/5562 5563/5563
f 5563/5563 5569/5569 5581/5581
f 5569/5569 1740/1740 5581/5581
f 1740/1740 1750/1750 1757/1757
f 1757/1757 1760/1760 5587/5587
f 7460/7460 5555/5555 5554/5554
f 5554/5554 5556/5556 5560/5560
f 5560/5560 5556/5556 5561/5561
f 5587/5587 2751/2751 2753/2753
f 2753/2753 2755/2755 2749/2749
f 2750/2750 2749/2749 2757/2757
f 2750/2750 2757/2757 2759/2759
f 2759/2759 2757/2757 2763/2763
f 2763/2763 2772/2772 3495/3495
f 3497/3497 3500/3500 3517/3517
f 3495/3495 3498/3498 3500/3500
f 3497/3497 3517/3517 3516/3516
f 6929/6929 6932/6932 6934/6934
f 6934/6934 6936/6936 6931/6931
f 6931/6931 6936/6936 6938/6938
f 3516/3516 6933/6933 6932/6932
f 4475/4475 4482/4482 4480/4480
f 4508/4508 4506/4506 4480/4480
f 4454/4454 4455/4455 4456/4456
f 4506/4506 4508/4508 4511/4511
f 4508/4508 4528/4528 4511/4511
f 4528/4528 4532/4532 4531/4531
f 4538/4538 4537/4537 4532/4532
f 4540/4540 4538/4538 4541/4541
f 4540/4540 4544/4544 4558/4558
f 4570/4570 4569/4569 4571/4571
f 4558/4558 4544/4544 4560/4560
f 4545/4545 4566/4566 4560/4560
f 4548/4548 4547/4547 4566/4566
f 4568/4568 4547/4547 4551/4551
f 4549/4549 4569/4569 4551/4551
f 7440/7440 7445/7445 4571/4571
f 7441/7441 7445/7445 7440/7440
f 7450/7450 7441/7441 7442/7442
f 7451/7451 7442/7442 7446/7446
f 7451/7451 7446/7446 7452/7452
f 7452/7452 7453/7453 7455/7455
f 7460/7460 7453/7453 5555/5555
f 5562/5562 5553/5553 5563/5563
f 5563/5563 5564/5564 5569/5569
f 1733/1733 1740/1740 5569/5569
f 1740/1740 1739/1739 1750/1750
f 1750/1750 1755/1755 1757/1757
f 1757/1757 1755/1755 1760/1760
f 5587/5587 1760/1760 2751/2751
f 5554/5554 5555/5555 5556/5556
f 2751/2751 2752/2752 2753/2753
f 2753/2753 2752/2752 2755/2755
f 2749/2749 2755/2755 2758/2758
f 2749/2749 2761/2761 2757/2757
f 2757/2757 2764/2764 2763/2763
f 2763/2763 2764/2764 2772/2772
f 3495/3495 2772/2772 3498/3498
f 3500/3500 3502/3502 3517/3517
f 3498/3498 3501/3501 3500/3500
f 3516/3516 3517/3517 6933/6933
f 6932/6932 6935/6935 6934/6934
f 6936/6936 6934/6934 6939/6939
f 6933/6933 6922/6922 6932/6932
f 4475/4475 4474/4474 4482/4482
f 4480/4480 4482/4482 4484/4484
f 4507/4507 4508/4508 4480/4480
f 4455/4455 4454/4454 4459/4459
f 4508/4508 4529/4529 4528/4528
f 4533/4533 4532/4532 4528/4528
f 4532/4532 4533/4533 4538/4538
f 4538/4538 4534/4534 4541/4541
f 4544/4544 4540/4540 4541/4541
f 4571/4571 4569/4569 4550/4550
f 4544/4544 4545/4545 4560/4560
f 4545/4545 4565/4565 4566/4566
f 4547/4547 4548/4548 4549/4549
f 4548/4548 4566/4566 4565/4565
f 4551/4551 4547/4547 4549/4549
f 4550/4550 4569/4569 4549/4549
f 4571/4571 4523/4523 7440/7440
f 7440/7440 7433/7433 7441/7441
f 7441/7441 7434/7434 7442/7442
f 7442/7442 7436/7436 7446/7446
f 7452/7452 7446/7446 7437/7437
f 7452/7452 7447/7447 7453/7453
f 7453/7453 7448/7448 5555/5555
f 5562/5562 5557/5557 5553/5553
f 5553/5553 5552/5552 5563/5563
f 5564/5564 5563/5563 5552/5552
f 1712/1712 5569/5569 5564/5564
f 1739/1739 1740/1740 1733/1733
f 1733/1733 5569/5569 1712/1712
f 1735/1735 1750/1750 1739/1739
f 1750/1750 1751/1751 1755/1755
f 1755/1755 1763/1763 1760/1760
f 1760/1760 1763/1763 2751/2751
f 5556/5556 5555/5555 5551/5551
f 2751/2751 2756/2756 2752/2752
f 2752/2752 2758/2758 2755/2755
f 2749/2749 2758/2758 2761/2761
f 2757/2757 2761/2761 2764/2764
f 2764/2764 2771/2771 2772/2772
f 2772/2772 3499/3499 3498/3498
f 3500/3500 3501/3501 3502/3502
f 3517/3517 3502/3502 6921/6921
f 3498/3498 3499/3499 3501/3501
f 3517/3517 6922/6922 6933/6933
f 6932/6932 6922/6922 6935/6935
f 6934/6934 6935/6935 6939/6939
f 4474/4474 4475/4475 4476/4476
f 4482/4482 4474/4474 4484/4484
f 4507/4507 4480/4480 4484/4484
f 4507/4507 4474/4474 4508/4508
f 4504/4504 4529/4529 4508/4508
f 4529/4529 4533/4533 4528/4528
f 4538/4538 4533/4533 4534/4534
f 4534/4534 4545/4545 4541/4541
f 4545/4545 4544/4544 4541/4541
f 4550/4550 4521/4521 4571/4571
f 4545/4545 4546/4546 4565/4565
f 4548/4548 4550/4550 4549/4549
f 4565/4565 4567/4567 4548/4548
f 4523/4523 7433/7433 7440/7440
f 4521/4521 4523/4523 4571/4571
f 7441/7441 7433/7433 7434/7434
f 7442/7442 7434/7434 7436/7436
f 7436/7436 7437/7437 7446/7446
f 7452/7452 7437/7437 7447/7447
f 7453/7453 7447/7447 7448/7448
f 7448/7448 5547/5547 5555/5555
f 5551/5551 5553/5553 5557/5557
f 5553/5553 5548/5548 5552/5552
f 5558/5558 5564/5564 5552/5552
f 5564/5564 5558/5558 1712/1712
f 1729/1729 1739/1739 1733/1733
f 1712/1712 1729/1729 1733/1733
f 1735/1735 1739/1739 1729/1729
f 1735/1735 1751/1751 1750/1750
f 1751/1751 1758/1758 1755/1755
f 1755/1755 1758/1758 1763/1763
f 1763/1763 1771/1771 2751/2751
f 5547/5547 5551/5551 5555/5555
f 5556/5556 5551/5551 5557/5557
f 2751/2751 1771/1771 2756/2756
f 2752/2752 2756/2756 2760/2760
f 2758/2758 2752/2752 2760/2760
f 2758/2758 2765/2765 2761/2761
f 2764/2764 2761/2761 2768/2768
f 2764/2764 2768/2768 2771/2771
f 2772/2772 2771/2771 2741/2741
f 2772/2772 2741/2741 3499/3499
f 3501/3501 3484/3484 3502/3502
f 3502/3502 3484/3484 6921/6921
f 3517/3517 6921/6921 6922/6922
f 3499/3499 3481/3481 3501/3501
f 6922/6922 6937/6937 6935/6935
f 4499/4499 4474/4474 4476/4476
f 4507/4507 4484/4484 4474/4474
f 4504/4504 4508/4508 4474/4474
f 4529/4529 4504/4504 4526/4526
f 4529/4529 4526/4526 4533/4533
f 4526/4526 4534/4534 4533/4533
f 4545/4545 4534/4534 4546/4546
f 4550/4550 4519/4519 4521/4521
f 4546/4546 4567/4567 4565/4565
f 4548/4548 4567/4567 4550/4550
f 4523/4523 6999/6999 7433/7433
f 4522/4522 4523/4523 4521/4521
f 7433/7433 6999/6999 7434/7434
f 7435/7435 7436/7436 7434/7434
f 7436/7436 7435/7435 7437/7437
f 7437/7437 7438/7438 7447/7447
f 7448/7448 7447/7447 7443/7443
f 7444/7444 5547/5547 7448/7448
f 5551/5551 5548/5548 5553/5553
f 5552/5552 5548/5548 5549/5549
f 5550/5550 5558/5558 5552/5552
f 1712/1712 5558/5558 1711/1711
f 1712/1712 1721/1721 1729/1729
f 1735/1735 1729/1729 1734/1734
f 1735/1735 1741/1741 1751/1751
f 1751/1751 1746/1746 1758/1758
f 1758/1758 1766/1766 1763/1763
f 1763/1763 1766/1766 1771/1771
f 5551/5551 5547/5547 5548/5548
f 2756/2756 1771/1771 1899/1899
f 2756/2756 1908/1908 2760/2760
f 2758/2758 2760/2760 2766/2766
f 2758/2758 2766/2766 2765/2765
f 2761/2761 2765/2765 2769/2769
f 2761/2761 2769/2769 2768/2768
f 2771/2771 2768/2768 2742/2742
f 2771/2771 2742/2742 2741/2741
f 2733/2733 3499/3499 2741/2741
f 3481/3481 3484/3484 3501/3501
f 6920/6920 6921/6921 3484/3484
f 6922/6922 6921/6921 6923/6923
f 3481/3481 3499/3499 2733/2733
f 6922/6922 6925/6925 6937/6937
f 4474/4474 4499/4499 4504/4504
f 4504/4504 4505/4505 4526/4526
f 4485/4485 4534/4534 4526/4526
f 4546/4546 4534/4534 4488/4488
f 4519/4519 4520/4520 4521/4521
f 4519/4519 4550/4550 4567/4567
f 4546/4546 4517/4517 4567/4567
f 4522/4522 6999/6999 4523/4523
f 4520/4520 4522/4522 4521/4521
f 6999/6999 7021/7021 7434/7434
f 7434/7434 7021/7021 7435/7435
f 7023/7023 7437/7437 7435/7435
f 7438/7438 7437/7437 7023/7023
f 7447/7447 7438/7438 7443/7443
f 7443/7443 7444/7444 7448/7448
f 5545/5545 5547/5547 7444/7444
f 5548/5548 5546/5546 5549/5549
f 5549/5549 5550/5550 5552/5552
f 5558/5558 5550/5550 1711/1711
f 1712/1712 1711/1711 1713/1713
f 1712/1712 1713/1713 1721/1721
f 1722/1722 1729/1729 1721/1721
f 1729/1729 1730/1730 1734/1734
f 1741/1741 1735/1735 1734/1734
f 1741/1741 1746/1746 1751/1751
f 1746/1746 1761/1761 1758/1758
f 1758/1758 1761/1761 1766/1766
f 1766/1766 1892/1892 1771/1771
f 5547/5547 5545/5545 5548/5548
f 1771/1771 1892/1892 1899/1899
f 2756/2756 1899/1899 1908/1908
f 1908/1908 2762/2762 2760/2760
f 2760/2760 2762/2762 2766/2766
f 2765/2765 2766/2766 2777/2777
f 2769/2769 2765/2765 2776/2776
f 2768/2768 2769/2769 2775/2775
f 2768/2768 2775/2775 2742/2742
f 2741/2741 2742/2742 2734/2734
f 2733/2733 2741/2741 2734/2734
f 3483/3483 3484/3484 3481/3481
f 6920/6920 3484/3484 6919/6919
f 6921/6921 6920/6920 6923/6923
f 6922/6922 6923/6923 6925/6925
f 3481/3481 2733/2733 3482/3482
f 6925/6925 6927/6927 6937/6937
f 4499/4499 4500/4500 4504/4504
f 4505/4505 4504/4504 4500/4500
f 4505/4505 4485/4485 4526/4526
f 4485/4485 4488/4488 4534/4534
f 4515/4515 4546/4546 4488/4488
f 4518/4518 4520/4520 4519/4519
f 4517/4517 4519/4519 4567/4567
f 4546/4546 4515/4515 4517/4517
f 6989/6989 6999/6999 4522/4522
f 4522/4522 4520/4520 8380/8380
f 6996/6996 7021/7021 6999/6999
f 7021/7021 7022/7022 7435/7435
f 7435/7435 7022/7022 7023/7023
f 7439/7439 7438/7438 7023/7023
f 7443/7443 7438/7438 5544/5544
f 7443/7443 5544/5544 7444/7444
f 7444/7444 5544/5544 5545/5545
f 5548/5548 5545/5545 5546/5546
f 5549/5549 5546/5546 1697/1697
f 5549/5549 1697/1697 5550/5550
f 5550/5550 1698/1698 1711/1711
f 1711/1711 1702/1702 1713/1713
f 1713/1713 1722/1722 1721/1721
f 1730/1730 1729/1729 1722/1722
f 1730/1730 1723/1723 1734/1734
f 1731/1731 1741/1741 1734/1734
f 1741/1741 1742/1742 1746/1746
f 1746/1746 1756/1756 1761/1761
f 1761/1761 1891/1891 1766/1766
f 1766/1766 1891/1891 1892/1892
f 1899/1899 1892/1892 1903/1903
f 1908/1908 1899/1899 1903/1903
f 2762/2762 1908/1908 2767/2767
f 2766/2766 2762/2762 2770/2770
f 2765/2765 2777/2777 2776/2776
f 2766/2766 2770/2770 2777/2777
f 2769/2769 2776/2776 2775/2775
f 2775/2775 2743/2743 2742/2742
f 2734/2734 2742/2742 2743/2743
f 2733/2733 2734/2734 2735/2735
f 3483/3483 3481/3481 3482/3482
f 6919/6919 3484/3484 3483/3483
f 2740/2740 6920/6920 6919/6919
f 6923/6923 6920/6920 5040/5040
f 6925/6925 6923/6923 6924/6924
f 2733/2733 2736/2736 3482/3482
f 6925/6925 6924/6924 6927/6927
f 4505/4505 4500/4500 4501/4501
f 4485/4485 4505/4505 4486/4486
f 4485/4485 4487/4487 4488/4488
f 4488/4488 4489/4489 4515/4515
f 4519/4519 4517/4517 4518/4518
f 4518/4518 8375/8375 4520/4520
f 4517/4517 4515/4515 4516/4516
f 6996/6996 6999/6999 6989/6989
f 4522/4522 8380/8380 6989/6989
f 4520/4520 8376/8376 8380/8380
f 6996/6996 7003/7003 7021/7021
f 7003/7003 7022/7022 7021/7021
f 7023/7023 7022/7022 7024/7024
f 5544/5544 7438/7438 7439/7439
f 7023/7023 7024/7024 7439/7439
f 5545/5545 5544/5544 1686/1686
f 5545/5545 1686/1686 5546/5546
f 1697/1697 5546/5546 1686/1686
f 5550/5550 1697/1697 1698/1698
f 1711/1711 1698/1698 1702/1702
f 1713/1713 1702/1702 1714/1714
f 1722/1722 1723/1723 1730/1730
f 1731/1731 1734/1734 1723/1723
f 1731/1731 1732/1732 1741/1741
f 1732/1732 1742/1742 1741/1741
f 1742/1742 1747/1747 1746/1746
f 1747/1747 1756/1756 1746/1746
f 1756/1756 1764/1764 1761/1761
f 1761/1761 1769/1769 1891/1891
f 1892/1892 1891/1891 1896/1896
f 1903/1903 1892/1892 1909/1909
f 1908/1908 1903/1903 2767/2767
f 2762/2762 2767/2767 2773/2773
f 2762/2762 2773/2773 2770/2770
f 2776/2776 2777/2777 2778/2778
f 2770/2770 2779/2779 2777/2777
f 2775/2775 2776/2776 2778/2778
f 2744/2744 2743/2743 2775/2775
f 2738/2738 2734/2734 2743/2743
f 2735/2735 2734/2734 2737/2737
f 2736/2736 2733/2733 2735/2735
f 3482/3482 2739/2739 3483/3483
f 2740/2740 6919/6919 3483/3483
f 6920/6920 2740/2740 5033/5033
f 6920/6920 5033/5033 5040/5040
f 6923/6923 5040/5040 6924/6924
f 3482/3482 2736/2736 2739/2739
f 6924/6924 6926/6926 6927/6927
f 4467/4467 4501/4501 4500/4500
f 4486/4486 4505/4505 4501/4501
f 4485/4485 4486/4486 4487/4487
f 4488/4488 4487/4487 4489/4489
f 4515/4515 4489/4489 4516/4516
f 4517/4517 4516/4516 4518/4518
f 8371/8371 8375/8375 4518/4518
f 8375/8375 8376/8376 4520/4520
f 6989/6989 6988/6988 6996/6996
f 8378/8378 6989/6989 8380/8380
f 8376/8376 8378/8378 8380/8380
f 6996/6996 7000/7000 7003/7003
f 7003/7003 7008/7008 7022/7022
f 7022/7022 7015/7015 7024/7024
f 7439/7439 7024/7024 5544/5544
f 5544/5544 1681/1681 1686/1686
f 1697/1697 1686/1686 1685/1685
f 1697/1697 1685/1685 1698/1698
f 1702/1702 1698/1698 1699/1699
f 1702/1702 1706/1706 1714/1714
f 1723/1723 1722/1722 1706/1706
f 1724/1724 1731/1731 1723/1723
f 1732/1732 1731/1731 1724/1724
f 1715/1715 1742/1742 1732/1732
f 1742/1742 1743/1743 1747/1747
f 1747/1747 1753/1753 1756/1756
f 1756/1756 1759/1759 1764/1764
f 1764/1764 1769/1769 1761/1761
f 1769/1769 1772/1772 1891/1891
f 1891/1891 1773/1773 1896/1896
f 1896/1896 1904/1904 1892/1892
f 1904/1904 1909/1909 1892/1892
f 1903/1903 1909/1909 1912/1912
f 1903/1903 1913/1913 2767/2767
f 2767/2767 2774/2774 2773/2773
f 2770/2770 2773/2773 2780/2780
f 2778/2778 2777/2777 2781/2781
f 2770/2770 2784/2784 2779/2779
f 2777/2777 2779/2779 2781/2781
f 2744/2744 2775/2775 2778/2778
f 2738/2738 2743/2743 2744/2744
f 2734/2734 2738/2738 2737/2737
f 2735/2735 2737/2737 2739/2739
f 2736/2736 2735/2735 2739/2739
f 3483/3483 2739/2739 2740/2740
f 5032/5032 5033/5033 2740/2740
f 5037/5037 5040/5040 5033/5033
f 5040/5040 5043/5043 6924/6924
f 6924/6924 5043/5043 6926/6926
f 4467/4467 4468/4468 4501/4501
f 4486/4486 4501/4501 4468/4468
f 4486/4486 8368/8368 4487/4487
f 4487/4487 8369/8369 4489/4489
f 4489/4489 8371/8371 4516/4516
f 8371/8371 4518/4518 4516/4516
f 8371/8371 8372/8372 8375/8375
f 8375/8375 8372/8372 8376/8376
f 6987/6987 6988/6988 6989/6989
f 6988/6988 7000/7000 6996/6996
f 8378/8378 6987/6987 6989/6989
f 8376/8376 8377/8377 8378/8378
f 7003/7003 7000/7000 7007/7007
f 7003/7003 7007/7007 7008/7008
f 7008/7008 7015/7015 7022/7022
f 7015/7015 7025/7025 7024/7024
f 7024/7024 7025/7025 5544/5544
f 1681/1681 1685/1685 1686/1686
f 7025/7025 1681/1681 5544/5544
f 1699/1699 1698/1698 1685/1685
f 1702/1702 1699/1699 1706/1706
f 1706/1706 1722/1722 1714/1714
f 1723/1723 1706/1706 1707/1707
f 1724/1724 1723/1723 1707/1707
f 1732/1732 1724/1724 1715/1715
f 1736/1736 1742/1742 1715/1715
f 1743/1743 1742/1742 1736/1736
f 1743/1743 1748/1748 1747/1747
f 1748/1748 1753/1753 1747/1747
f 1753/1753 1759/1759 1756/1756
f 1759/1759 1767/1767 1764/1764
f 1764/1764 1767/1767 1769/1769
f 1767/1767 1772/1772 1769/1769
f 1772/1772 1773/1773 1891/1891
f 1773/1773 1897/1897 1896/1896
f 1896/1896 1901/1901 1904/1904
f 1904/1904 1911/1911 1909/1909
f 1903/1903 1912/1912 1913/1913
f 1909/1909 1911/1911 1912/1912
f 2767/2767 1913/1913 2774/2774
f 2773/2773 2774/2774 2783/2783
f 2773/2773 2782/2782 2780/2780
f 2780/2780 2782/2782 2770/2770
f 2778/2778 2781/2781 2745/2745
f 2770/2770 2782/2782 2784/2784
f 2779/2779 2784/2784 5034/5034
f 2781/2781 2779/2779 5034/5034
f 2744/2744 2778/2778 2745/2745
f 2745/2745 2738/2738 2744/2744
f 2746/2746 2737/2737 2738/2738
f 2740/2740 2739/2739 2737/2737
f 5032/5032 5037/5037 5033/5033
f 2740/2740 2746/2746 5032/5032
f 5037/5037 5043/5043 5040/5040
f 6926/6926 5043/5043 5046/5046
f 4468/4468 4467/4467 4466/4466
f 4486/4486 4468/4468 8368/8368
f 4487/4487 8368/8368 8369/8369
f 4489/4489 8369/8369 8371/8371
f 8346/8346 8372/8372 8371/8371
f 8372/8372 8373/8373 8376/8376
f 6987/6987 6990/6990 6988/6988
f 6988/6988 6990/6990 7000/7000
f 8377/8377 6987/6987 8378/8378
f 8373/8373 8377/8377 8376/8376
f 7000/7000 7004/7004 7007/7007
f 7007/7007 7011/7011 7008/7008
f 7015/7015 7008/7008 7016/7016
f 7015/7015 7016/7016 7025/7025
f 1681/1681 1675/1675 1685/1685
f 7025/7025 1680/1680 1681/1681
f 1687/1687 1699/1699 1685/1685
f 1699/1699 1700/1700 1706/1706
f 1706/1706 1703/1703 1707/1707
f 1724/1724 1707/1707 1708/1708
f 1715/1715 1724/1724 1708/1708
f 1715/1715 1725/1725 1736/1736
f 1737/1737 1743/1743 1736/1736
f 1744/1744 1748/1748 1743/1743
f 1748/1748 1749/1749 1753/1753
f 1754/1754 1759/1759 1753/1753
f 1759/1759 1768/1768 1767/1767
f 1767/1767 1768/1768 1772/1772
f 1768/1768 1773/1773 1772/1772
f 1773/1773 1893/1893 1897/1897
f 1897/1897 1901/1901 1896/1896
f 1904/1904 1901/1901 1911/1911
f 1913/1913 1912/1912 2774/2774
f 1911/1911 1914/1914 1912/1912
f 2773/2773 2783/2783 2782/2782
f 2774/2774 1499/1499 2783/2783
f 2745/2745 2781/2781 2747/2747
f 2782/2782 2783/2783 2784/2784
f 5034/5034 2784/2784 5039/5039
f 2781/2781 5034/5034 2747/2747
f 2738/2738 2745/2745 2746/2746
f 2737/2737 2746/2746 2740/2740
f 5032/5032 2747/2747 5037/5037
f 2746/2746 2747/2747 5032/5032
f 5043/5043 5037/5037 5044/5044
f 5043/5043 5044/5044 5046/5046
f 8368/8368 4468/4468 4466/4466
f 8368/8368 8370/8370 8369/8369
f 8370/8370 8371/8371 8369/8369
f 8370/8370 8346/8346 8371/8371
f 8346/8346 8351/8351 8372/8372
f 8351/8351 8373/8373 8372/8372
f 8379/8379 6990/6990 6987/6987
f 6990/6990 7001/7001 7000/7000
f 8377/8377 8379/8379 6987/6987
f 8373/8373 8374/8374 8377/8377
f 7000/7000 7001/7001 7004/7004
f 7007/7007 7004/7004 7011/7011
f 7008/7008 7011/7011 7016/7016
f 7016/7016 1680/1680 7025/7025
f 1680/1680 1675/1675 1681/1681
f 1675/1675 1687/1687 1685/1685
f 1693/1693 1699/1699 1687/1687
f 1700/1700 1699/1699 1693/1693
f 1706/1706 1700/1700 1703/1703
f 1707/1707 1703/1703 1708/1708
f 1715/1715 1708/1708 1716/1716
f 1715/1715 1716/1716 1725/1725
f 1736/1736 1725/1725 1737/1737
f 1744/1744 1743/1743 1737/1737
f 1744/1744 1745/1745 1748/1748
f 1745/1745 1749/1749 1748/1748
f 1749/1749 1754/1754 1753/1753
f 1759/1759 1754/1754 1765/1765
f 1759/1759 1765/1765 1768/1768
f 1768/1768 1765/1765 1773/1773
f 1774/1774 1893/1893 1773/1773
f 1897/1897 1893/1893 1901/1901
f 1911/1911 1901/1901 1914/1914
f 2774/2774 1912/1912 1499/1499
f 1914/1914 1918/1918 1912/1912
f 1499/1499 5036/5036 2783/2783
f 2745/2745 2747/2747 2746/2746
f 2784/2784 2783/2783 5035/5035
f 5034/5034 5039/5039 5038/5038
f 2784/2784 5041/5041 5039/5039
f 2747/2747 5034/5034 5038/5038
f 2747/2747 5038/5038 5037/5037
f 5037/5037 5038/5038 5044/5044
f 5046/5046 5044/5044 5047/5047
f 4466/4466 8331/8331 8368/8368
f 8368/8368 8342/8342 8370/8370
f 8342/8342 8346/8346 8370/8370
f 8346/8346 8347/8347 8351/8351
f 8351/8351 8353/8353 8373/8373
f 8379/8379 6991/6991 6990/6990
f 6990/6990 6992/6992 7001/7001
f 8377/8377 8374/8374 8379/8379
f 8353/8353 8374/8374 8373/8373
f 7001/7001 7002/7002 7004/7004
f 7004/7004 7012/7012 7011/7011
f 7011/7011 7017/7017 7016/7016
f 1673/1673 1680/1680 7016/7016
f 1680/1680 1673/1673 1675/1675
f 1675/1675 1674/1674 1687/1687
f 1693/1693 1687/1687 1688/1688
f 1688/1688 1700/1700 1693/1693
f 1700/1700 1701/1701 1703/1703
f 1703/1703 1704/1704 1708/1708
f 1708/1708 1704/1704 1716/1716
f 1725/1725 1716/1716 1717/1717
f 1725/1725 1726/1726 1737/1737
f 1745/1745 1744/1744 1737/1737
f 1167/1167 1749/1749 1745/1745
f 1749/1749 1752/1752 1754/1754
f 1762/1762 1765/1765 1754/1754
f 1765/1765 1774/1774 1773/1773
f 1893/1893 1774/1774 1898/1898
f 1893/1893 1905/1905 1901/1901
f 1901/1901 1905/1905 1914/1914
f 1912/1912 1497/1497 1499/1499
f 1914/1914 1919/1919 1918/1918
f 1912/1912 1918/1918 1497/1497
f 5036/5036 1499/1499 1500/1500
f 2783/2783 5036/5036 5035/5035
f 2784/2784 5035/5035 5041/5041
f 5038/5038 5039/5039 5044/5044
f 5039/5039 5041/5041 5047/5047
f 5047/5047 5044/5044 5039/5039
f 4466/4466 8329/8329 8331/8331
f 8331/8331 8342/8342 8368/8368
f 8342/8342 8341/8341 8346/8346
f 8341/8341 8347/8347 8346/8346
f 8352/8352 8351/8351 8347/8347
f 8351/8351 8352/8352 8353/8353
f 6991/6991 6992/6992 6990/6990
f 8362/8362 6991/6991 8379/8379
f 6992/6992 6997/6997 7001/7001
f 8374/8374 8362/8362 8379/8379
f 8355/8355 8374/8374 8353/8353
f 6997/6997 7002/7002 7001/7001
f 7002/7002 7009/7009 7004/7004
f 7004/7004 7009/7009 7012/7012
f 7011/7011 7012/7012 7017/7017
f 7016/7016 7017/7017 1676/1676
f 1676/1676 1673/1673 7016/7016
f 1673/1673 1674/1674 1675/1675
f 1674/1674 1688/1688 1687/1687
f 1701/1701 1700/1700 1688/1688
f 1703/1703 1701/1701 1704/1704
f 1716/1716 1704/1704 1717/1717
f 1725/1725 1717/1717 1726/1726
f 1726/1726 1718/1718 1737/1737
f 1738/1738 1745/1745 1737/1737
f 1167/1167 1745/1745 1738/1738
f 1752/1752 1762/1762 1754/1754
f 1762/1762 1770/1770 1765/1765
f 1765/1765 1770/1770 1774/1774
f 1774/1774 1900/1900 1898/1898
f 1893/1893 1898/1898 1905/1905
f 1905/1905 1915/1915 1914/1914
f 1497/1497 1494/1494 1499/1499
f 1914/1914 1915/1915 1919/1919
f 1919/1919 1492/1492 1918/1918
f 1918/1918 1492/1492 1497/1497
f 1499/1499 1494/1494 1500/1500
f 5036/5036 1500/1500 5042/5042
f 5035/5035 5036/5036 5045/5045
f 5041/5041 5035/5035 5045/5045
f 5041/5041 5048/5048 5047/5047
f 8335/8335 8331/8331 8329/8329
f 8335/8335 8342/8342 8331/8331
f 8335/8335 8341/8341 8342/8342
f 8341/8341 8343/8343 8347/8347
f 8352/8352 8347/8347 8343/8343
f 8353/8353 8352/8352 8348/8348
f 6991/6991 8364/8364 6992/6992
f 8362/8362 8364/8364 6991/6991
f 6992/6992 6993/6993 6997/6997
f 8355/8355 8362/8362 8374/8374
f 8355/8355 8353/8353 8348/8348
f 6997/6997 6995/6995 7002/7002
f 7009/7009 7013/7013 7012/7012
f 7012/7012 7013/7013 7017/7017
f 7017/7017 7020/7020 1676/1676
f 1673/1673 1676/1676 1674/1674
f 1674/1674 1689/1689 1688/1688
f 1689/1689 1701/1701 1688/1688
f 1704/1704 1701/1701 1694/1694
f 1704/1704 1709/1709 1717/1717
f 1717/1717 1718/1718 1726/1726
f 1718/1718 1738/1738 1737/1737
f 1159/1159 1167/1167 1738/1738
f 1770/1770 1894/1894 1774/1774
f 1774/1774 1894/1894 1900/1900
f 1898/1898 1900/1900 1910/1910
f 1898/1898 1910/1910 1905/1905
f 1905/1905 1910/1910 1915/1915
f 1497/1497 1492/1492 1494/1494
f 1915/1915 1920/1920 1919/1919
f 1919/1919 1495/1495 1492/1492
f 1494/1494 1506/1506 1500/1500
f 5042/5042 1500/1500 1510/1510
f 5036/5036 5042/5042 5045/5045
f 5041/5041 5045/5045 5048/5048
f 8335/8335 8336/8336 8341/8341
f 8336/8336 8343/8343 8341/8341
f 8348/8348 8352/8352 8343/8343
f 8364/8364 8381/8381 6992/6992
f 8381/8381 6993/6993 6992/6992
f 6993/6993 6995/6995 6997/6997
f 7017/7017 7013/7013 7020/7020
f 7020/7020 1670/1670 1676/1676
f 1674/1674 1676/1676 1682/1682
f 1674/1674 1682/1682 1689/1689
f 1694/1694 1701/1701 1689/1689
f 1704/1704 1694/1694 1709/1709
f 1717/1717 1709/1709 1718/1718
f 1718/1718 1727/1727 1738/1738
f 1738/1738 1728/1728 1159/1159
f 1895/1895 1894/1894 1770/1770
f 1894/1894 1902/1902 1900/1900
f 1900/1900 1907/1907 1910/1910
f 1910/1910 1906/1906 1915/1915
f 1492/1492 1493/1493 1494/1494
f 1915/1915 1917/1917 1920/1920
f 1920/1920 1495/1495 1919/1919
f 1492/1492 1495/1495 1493/1493
f 1494/1494 1498/1498 1506/1506
f 1500/1500 1506/1506 1510/1510
f 5042/5042 1510/1510 5049/5049
f 5042/5042 5049/5049 5045/5045
f 5048/5048 5045/5045 5050/5050
f 1672/1672 1676/1676 1670/1670
f 1670/1670 7020/7020 1671/1671
f 1672/1672 1682/1682 1676/1676
f 1682/1682 1690/1690 1689/1689
f 1689/1689 1690/1690 1694/1694
f 1694/1694 1695/1695 1709/1709
f 1709/1709 1710/1710 1718/1718
f 1727/1727 1718/1718 1719/1719
f 1727/1727 1728/1728 1738/1738
f 1895/1895 1902/1902 1894/1894
f 1902/1902 1907/1907 1900/1900
f 1907/1907 1906/1906 1910/1910
f 1906/1906 1916/1916 1915/1915
f 1493/1493 1498/1498 1494/1494
f 1916/1916 1917/1917 1915/1915
f 1920/1920 1917/1917 1503/1503
f 1920/1920 1503/1503 1495/1495
f 1495/1495 1496/1496 1493/1493
f 1498/1498 1507/1507 1506/1506
f 5045/5045 5049/5049 5050/5050
f 1670/1670 1671/1671 1672/1672
f 1682/1682 1672/1672 1690/1690
f 1694/1694 1690/1690 1695/1695
f 1709/1709 1695/1695 1710/1710
f 1718/1718 1710/1710 1719/1719
f 1728/1728 1727/1727 1719/1719
f 1906/1906 1907/1907 1902/1902
f 1493/1493 1507/1507 1498/1498
f 1917/1917 1501/1501 1503/1503
f 1495/1495 1503/1503 1496/1496
f 1496/1496 1505/1505 1493/1493
f 1672/1672 1691/1691 1690/1690
f 1690/1690 1691/1691 1695/1695
f 1695/1695 1696/1696 1710/1710
f 1710/1710 1705/1705 1719/1719
f 1493/1493 1505/1505 1507/1507
f 1501/1501 1502/1502 1503/1503
f 1496/1496 1503/1503 1505/1505
f 1672/1672 1683/1683 1691/1691
f 1695/1695 1691/1691 1696/1696
f 1710/1710 1696/1696 1705/1705
f 1505/1505 1509/1509 1507/1507
f 1504/1504 1502/1502 1501/1501
f 1503/1503 1502/1502 1505/1505
f 1507/1507 1509/1509 1513/1513
f 1696/1696 1691/1691 1683/1683
f 1505/1505 1511/1511 1509/1509
f 1502/1502 1504/1504 1508/1508
f 1502/1502 1508/1508 1505/1505
f 1505/1505 1508/1508 1511/1511
f 2483/2483 2481/2481 2484/2484
f 2484/2484 2481/2481 2482/2482
f 2483/2483 2484/2484 2490/2490
f 2484/2484 2482/2482 2490/2490
f 2489/2489 2483/2483 2490/2490
f 2490/2490 2482/2482 2499/2499
f 2498/2498 2490/2490 2499/2499
f 2499/2499 2482/2482 2497/2497
f 2498/2498 2499/2499 2501/2501
f 2482/2482 2485/2485 2497/2497
f 2501/2501 2499/2499 2497/2497
f 2500/2500 2498/2498 2501/2501
f 2485/2485 2496/2496 2497/2497
f 2497/2497 3264/3264 2501/2501
f 2501/2501 3267/3267 2500/2500
f 2497/2497 2496/2496 3264/3264
f 3264/3264 3266/3266 2501/2501
f 3266/3266 3267/3267 2501/2501
f 2496/2496 3265/3265 3264/3264
f 3266/3266 3264/3264 3273/3273
f 3271/3271 3267/3267 3266/3266
f 3265/3265 3274/3274 3264/3264
f 3272/3272 3266/3266 3273/3273
f 3273/3273 3264/3264 3274/3274
f 3266/3266 3270/3270 3271/3271
f 3265/3265 3268/3268 3274/3274
f 3266/3266 3272/3272 3270/3270
f 3273/3273 3278/3278 3272/3272
f 3274/3274 3268/3268 3273/3273
f 3281/3281 3271/3271 3270/3270
f 3268/3268 3265/3265 3269/3269
f 3276/3276 3270/3270 3272/3272
f 3278/3278 3276/3276 3272/3272
f 3268/3268 3278/3278 3273/3273
f 3280/3280 3281/3281 3270/3270
f 3276/3276 3275/3275 3270/3270
f 3275/3275 3280/3280 3270/3270
f 3275/3275 3276/3276 3277/3277
f 3275/3275 3277/3277 3284/3284
f 3289/3289 3275/3275 3284/3284
f 3288/3288 3275/3275 3289/3289
f 3280/3280 3288/3288 3289/3289
f 2486/2486 2487/2487 2488/2488
f 2491/2491 2487/2487 2486/2486
f 2493/2493 2491/2491 2486/2486
f 2493/2493 2492/2492 2494/2494
f 2494/2494 2492/2492 2495/2495
f 2494/2494 2495/2495 2489/2489
f 2516/2516 2515/2515 2517/2517
f 2502/2502 2573/2573 2571/2571
f 3282/3282 3277/3277 3283/3283
f 3277/3277 3285/3285 3283/3283
f 3290/3290 3282/3282 3283/3283
f 3283/3283 3285/3285 3286/3286
f 3286/3286 3290/3290 3283/3283
f 5727/5727 5728/5728 5729/5729
f 5734/5734 5728/5728 5727/5727
f 5728/5728 5730/5730 5729/5729
f 5734/5734 5727/5727 5732/5732
f 5731/5731 5734/5734 5732/5732
f 5731/5731 5732/5732 5733/5733
f 5731/5731 5737/5737 5734/5734
f 5736/5736 5737/5737 5731/5731
f 5737/5737 5738/5738 5734/5734
f 5735/5735 5736/5736 5731/5731
f 5736/5736 5746/5746 5737/5737
f 5738/5738 5737/5737 5739/5739
f 5734/5734 5738/5738 5741/5741
f 5746/5746 5736/5736 5747/5747
f 5746/5746 5749/5749 5737/5737
f 5737/5737 5749/5749 5739/5739
f 5738/5738 5740/5740 5741/5741
f 5746/5746 5747/5747 5754/5754
f 5748/5748 5749/5749 5746/5746
f 5739/5739 5749/5749 5752/5752
f 5755/5755 5746/5746 5754/5754
f 5750/5750 5749/5749 5748/5748
f 5748/5748 5746/5746 5757/5757
f 5749/5749 5751/5751 5752/5752
f 5746/5746 5755/5755 5756/5756
f 5755/5755 5754/5754 5766/5766
f 5748/5748 5759/5759 5750/5750
f 5748/5748 5757/5757 5758/5758
f 5746/5746 5756/5756 5757/5757
f 5756/5756 5755/5755 5766/5766
f 5754/5754 5782/5782 5766/5766
f 5758/5758 5759/5759 5748/5748
f 5756/5756 5767/5767 5757/5757
f 5756/5756 5766/5766 5767/5767
f 5782/5782 5767/5767 5766/5766
f 5758/5758 5768/5768 5759/5759
f 5787/5787 5788/5788 5789/5789
f 5787/5787 5794/5794 5788/5788
f 5788/5788 5790/5790 5789/5789
f 5794/5794 5797/5797 5788/5788
f 5790/5790 5788/5788 5791/5791
f 5788/5788 5797/5797 5791/5791
f 5777/5777 5790/5790 5791/5791
f 5777/5777 5791/5791 5792/5792
f 5800/5800 5801/5801 5793/5793
f 5800/5800 5814/5814 5801/5801
f 5801/5801 5803/5803 5793/5793
f 5812/5812 5814/5814 5800/5800
f 5814/5814 5816/5816 5801/5801
f 5802/5802 5803/5803 5801/5801
f 5814/5814 5812/5812 5811/5811
f 5816/5816 5802/5802 5801/5801
f 5811/5811 5812/5812 5813/5813
f 5815/5815 5814/5814 5811/5811
f 9029/9029 10844/10844 10845/10845
f 10846/10846 10844/10844 9029/9029
f 384/384 385/385 367/367
f 393/393 385/385 384/384
f 385/385 386/386 367/367
f 392/392 393/393 384/384
f 393/393 386/386 385/385
f 404/404 393/393 392/392
f 392/392 384/384 8505/8505
f 393/393 394/394 386/386
f 404/404 394/394 393/393
f 419/419 404/404 392/392
f 436/436 392/392 8505/8505
f 404/404 412/412 394/394
f 419/419 420/420 404/404
f 436/436 419/419 392/392
f 8510/8510 436/436 8505/8505
f 412/412 413/413 394/394
f 420/420 412/412 404/404
f 419/419 444/444 420/420
f 450/450 419/419 436/436
f 450/450 436/436 8510/8510
f 437/437 413/413 412/412
f 451/451 412/412 420/420
f 444/444 419/419 450/450
f 451/451 420/420 444/444
f 437/437 438/438 413/413
f 445/445 437/437 412/412
f 451/451 445/445 412/412
f 453/453 444/444 450/450
f 454/454 451/451 444/444
f 446/446 438/438 437/437
f 421/421 413/413 438/438
f 445/445 446/446 437/437
f 455/455 445/445 451/451
f 453/453 454/454 444/444
f 454/454 455/455 451/451
f 452/452 438/438 446/446
f 438/438 447/447 421/421
f 456/456 446/446 445/445
f 455/455 456/456 445/445
f 461/461 454/454 453/453
f 462/462 455/455 454/454
f 452/452 447/447 438/438
f 456/456 452/452 446/446
f 447/447 448/448 421/421
f 460/460 456/456 455/455
f 462/462 454/454 461/461
f 7928/7928 461/461 453/453
f 462/462 7929/7929 455/455
f 458/458 447/447 452/452
f 456/456 458/458 452/452
f 447/447 457/457 448/448
f 460/460 458/458 456/456
f 7929/7929 460/460 455/455
f 7932/7932 462/462 461/461
f 7934/7934 461/461 7928/7928
f 7933/7933 7929/7929 462/462
f 458/458 457/457 447/447
f 457/457 449/449 448/448
f 459/459 458/458 460/460
f 7929/7929 7930/7930 460/460
f 7932/7932 7933/7933 462/462
f 7934/7934 7932/7932 461/461
f 7936/7936 7929/7929 7933/7933
f 458/458 459/459 457/457
f 457/457 10288/10288 449/449
f 7931/7931 459/459 460/460
f 7930/7930 7931/7931 460/460
f 7936/7936 7930/7930 7929/7929
f 7938/7938 7933/7933 7932/7932
f 7935/7935 7932/7932 7934/7934
f 7939/7939 7936/7936 7933/7933
f 459/459 9261/9261 457/457
f 9261/9261 10288/10288 457/457
f 10288/10288 10286/10286 449/449
f 7931/7931 9261/9261 459/459
f 7930/7930 9270/9270 7931/7931
f 7940/7940 7930/7930 7936/7936
f 7935/7935 7938/7938 7932/7932
f 7939/7939 7933/7933 7938/7938
f 7937/7937 7935/7935 7934/7934
f 7939/7939 7940/7940 7936/7936
f 9261/9261 9264/9264 10288/10288
f 449/449 10286/10286 442/442
f 10288/10288 10287/10287 10286/10286
f 9270/9270 9261/9261 7931/7931
f 9275/9275 9270/9270 7930/7930
f 7942/7942 7930/7930 7940/7940
f 7941/7941 7938/7938 7935/7935
f 7944/7944 7939/7939 7938/7938
f 7941/7941 7935/7935 7937/7937
f 7945/7945 7940/7940 7939/7939
f 9270/9270 9264/9264 9261/9261
f 10288/10288 9264/9264 10287/10287
f 10286/10286 10281/10281 442/442
f 10287/10287 10284/10284 10286/10286
f 9276/9276 9270/9270 9275/9275
f 7942/7942 9275/9275 7930/7930
f 7942/7942 7940/7940 7945/7945
f 7944/7944 7938/7938 7941/7941
f 7948/7948 7939/7939 7944/7944
f 7948/7948 7945/7945 7939/7939
f 9276/9276 9264/9264 9270/9270
f 9264/9264 9263/9263 10287/10287
f 10286/10286 10284/10284 10281/10281
f 10287/10287 9263/9263 10284/10284
f 9275/9275 9280/9280 9276/9276
f 9264/9264 9276/9276 9262/9262
f 9262/9262 9263/9263 9264/9264
f 10281/10281 10284/10284 10278/10278
f 9263/9263 10285/10285 10284/10284
f 9280/9280 9279/9279 9276/9276
f 9276/9276 9279/9279 9262/9262
f 9262/9262 9265/9265 9263/9263
f 10281/10281 10278/10278 10277/10277
f 10284/10284 10268/10268 10278/10278
f 10284/10284 10285/10285 10279/10279
f 10289/10289 10285/10285 9263/9263
f 9280/9280 9283/9283 9279/9279
f 9279/9279 9278/9278 9262/9262
f 9262/9262 9274/9274 9265/9265
f 9265/9265 9266/9266 9263/9263
f 10277/10277 10278/10278 10273/10273
f 10278/10278 10268/10268 10267/10267
f 10284/10284 10279/10279 10268/10268
f 10285/10285 10280/10280 10279/10279
f 9266/9266 10289/10289 9263/9263
f 9283/9283 9278/9278 9279/9279
f 9262/9262 9278/9278 9274/9274
f 9274/9274 9269/9269 9265/9265
f 9265/9265 9269/9269 9266/9266
f 10275/10275 10277/10277 10273/10273
f 10278/10278 10267/10267 10273/10273
f 10267/10267 10268/10268 10262/10262
f 10279/10279 10269/10269 10268/10268
f 10280/10280 10269/10269 10279/10279
f 9266/9266 9269/9269 10289/10289
f 10275/10275 10273/10273 10272/10272
f 10273/10273 10267/10267 10266/10266
f 10267/10267 10262/10262 10266/10266
f 10268/10268 10260/10260 10262/10262
f 10268/10268 10269/10269 10260/10260
f 10266/10266 10272/10272 10273/10273
f 10275/10275 10272/10272 10271/10271
f 10266/10266 10262/10262 383/383
f 10262/10262 10260/10260 10261/10261
f 10269/10269 10258/10258 10260/10260
f 10272/10272 10266/10266 10265/10265
f 10271/10271 10272/10272 10265/10265
f 383/383 10262/10262 10261/10261
f 383/383 10265/10265 10266/10266
f 10261/10261 10260/10260 366/366
f 10260/10260 10258/10258 9308/9308
f 10264/10264 10271/10271 10265/10265
f 383/383 10264/10264 10265/10265
f 10260/10260 9308/9308 366/366
f 10258/10258 9311/9311 9308/9308
f 10258/10258 10259/10259 9311/9311
f 10271/10271 10264/10264 411/411
f 366/366 9308/9308 8872/8872
f 9311/9311 9306/9306 9308/9308
f 403/403 411/411 10264/10264
f 10271/10271 411/411 10276/10276
f 9308/9308 9306/9306 8872/8872
f 9311/9311 9307/9307 9306/9306
f 403/403 410/410 411/411
f 10271/10271 10276/10276 10274/10274
f 410/410 10276/10276 411/411
f 8872/8872 9306/9306 8869/8869
f 9306/9306 9307/9307 9301/9301
f 10274/10274 10276/10276 10282/10282
f 435/435 10276/10276 410/410
f 8872/8872 8869/8869 8870/8870
f 10282/10282 10276/10276 435/435
f 1427/1427 1420/1420 1428/1428
f 1427/1427 1426/1426 1420/1420
f 6891/6891 1428/1428 1420/1420
f 6908/6908 1427/1427 1428/1428
f 1430/1430 1426/1426 1427/1427
f 6908/6908 1428/1428 6891/6891
f 6908/6908 10293/10293 1427/1427
f 1430/1430 1431/1431 1426/1426
f 1430/1430 1427/1427 10293/10293
f 6908/6908 6891/6891 6896/6896
f 6918/6918 10293/10293 6908/6908
f 10867/10867 1431/1431 1430/1430
f 1431/1431 1429/1429 1426/1426
f 1430/1430 10293/10293 10870/10870
f 6907/6907 6908/6908 6896/6896
f 6918/6918 6908/6908 6907/6907
f 10300/10300 10293/10293 6918/6918
f 10867/10867 10868/10868 1431/1431
f 10870/10870 10867/10867 1430/1430
f 1431/1431 1423/1423 1429/1429
f 10307/10307 10870/10870 10293/10293
f 6894/6894 6907/6907 6896/6896
f 10300/10300 6918/6918 6907/6907
f 10300/10300 10307/10307 10293/10293
f 10871/10871 10868/10868 10867/10867
f 10868/10868 1432/1432 1431/1431
f 10870/10870 10871/10871 10867/10867
f 1431/1431 1432/1432 1423/1423
f 10307/10307 10872/10872 10870/10870
f 6894/6894 6910/6910 6907/6907
f 10299/10299 10300/10300 6907/6907
f 10314/10314 10307/10307 10300/10300
f 10874/10874 10868/10868 10871/10871
f 10868/10868 10869/10869 1432/1432
f 10872/10872 10871/10871 10870/10870
f 1432/1432 1424/1424 1423/1423
f 10314/10314 10872/10872 10307/10307
f 6910/6910 6894/6894 6909/6909
f 6910/6910 10292/10292 6907/6907
f 10299/10299 6907/6907 10292/10292
f 10313/10313 10300/10300 10299/10299
f 10313/10313 10314/10314 10300/10300
f 10873/10873 10874/10874 10871/10871
f 10874/10874 10869/10869 10868/10868
f 10869/10869 1433/1433 1432/1432
f 10876/10876 10871/10871 10872/10872
f 1432/1432 1433/1433 1424/1424
f 10334/10334 10872/10872 10314/10314
f 6905/6905 6909/6909 6894/6894
f 6909/6909 6904/6904 6910/6910
f 10292/10292 6910/6910 6916/6916
f 10312/10312 10299/10299 10292/10292
f 10312/10312 10313/10313 10299/10299
f 10320/10320 10314/10314 10313/10313
f 10873/10873 10877/10877 10874/10874
f 10876/10876 10873/10873 10871/10871
f 10874/10874 10875/10875 10869/10869
f 10869/10869 10875/10875 1433/1433
f 10879/10879 10876/10876 10872/10872
f 1433/1433 1425/1425 1424/1424
f 10333/10333 10334/10334 10314/10314
f 10334/10334 10879/10879 10872/10872
f 6905/6905 6903/6903 6909/6909
f 6909/6909 6903/6903 6904/6904
f 6910/6910 6904/6904 6911/6911
f 10291/10291 10292/10292 6916/6916
f 10302/10302 10312/10312 10292/10292
f 10320/10320 10313/10313 10312/10312
f 10326/10326 10314/10314 10320/10320
f 10880/10880 10877/10877 10873/10873
f 10877/10877 10875/10875 10874/10874
f 10880/10880 10873/10873 10876/10876
f 10875/10875 10568/10568 1433/1433
f 10881/10881 10876/10876 10879/10879
f 1433/1433 1434/1434 1425/1425
f 10333/10333 10314/10314 10326/10326
f 10333/10333 10883/10883 10334/10334
f 10883/10883 10879/10879 10334/10334
f 6903/6903 6893/6893 6904/6904
f 6911/6911 6904/6904 6912/6912
f 6916/6916 6911/6911 10291/10291
f 10297/10297 10292/10292 10291/10291
f 10302/10302 10292/10292 10297/10297
f 10325/10325 10312/10312 10302/10302
f 10326/10326 10320/10320 10312/10312
f 10884/10884 10877/10877 10880/10880
f 10877/10877 10878/10878 10875/10875
f 10881/10881 10880/10880 10876/10876
f 10568/10568 1434/1434 1433/1433
f 10571/10571 10568/10568 10875/10875
f 10885/10885 10881/10881 10879/10879
f 1434/1434 9424/9424 1425/1425
f 10349/10349 10333/10333 10326/10326
f 10350/10350 10883/10883 10333/10333
f 10883/10883 10885/10885 10879/10879
f 6904/6904 6893/6893 6899/6899
f 6904/6904 6899/6899 6912/6912
f 6911/6911 6912/6912 6917/6917
f 6911/6911 10296/10296 10291/10291
f 10291/10291 10296/10296 10297/10297
f 10297/10297 10301/10301 10302/10302
f 10321/10321 10325/10325 10302/10302
f 10325/10325 10326/10326 10312/10312
f 10884/10884 10882/10882 10877/10877
f 10886/10886 10884/10884 10880/10880
f 10882/10882 10878/10878 10877/10877
f 10878/10878 10571/10571 10875/10875
f 10886/10886 10880/10880 10881/10881
f 10568/10568 9429/9429 1434/1434
f 10571/10571 10570/10570 10568/10568
f 10885/10885 10886/10886 10881/10881
f 9429/9429 9424/9424 1434/1434
f 10349/10349 10326/10326 10344/10344
f 10349/10349 10350/10350 10333/10333
f 10885/10885 10883/10883 10350/10350
f 6893/6893 6895/6895 6899/6899
f 6912/6912 6899/6899 6906/6906
f 6917/6917 6912/6912 6913/6913
f 10296/10296 6911/6911 6917/6917
f 10301/10301 10303/10303 10302/10302
f 10321/10321 10302/10302 10318/10318
f 10344/10344 10325/10325 10321/10321
f 10344/10344 10326/10326 10325/10325
f 10887/10887 10882/10882 10884/10884
f 10889/10889 10884/10884 10886/10886
f 10882/10882 10578/10578 10878/10878
f 10578/10578 10571/10571 10878/10878
f 10568/10568 10566/10566 9429/9429
f 10570/10570 10566/10566 10568/10568
f 10571/10571 10575/10575 10570/10570
f 10889/10889 10886/10886 10885/10885
f 9429/9429 9421/9421 9424/9424
f 10355/10355 10349/10349 10344/10344
f 10356/10356 10350/10350 10349/10349
f 10888/10888 10885/10885 10350/10350
f 6899/6899 6895/6895 6906/6906
f 6912/6912 6906/6906 6913/6913
f 6917/6917 6913/6913 10305/10305
f 10296/10296 6917/6917 10310/10310
f 10318/10318 10302/10302 10303/10303
f 10318/10318 10329/10329 10321/10321
f 10340/10340 10344/10344 10321/10321
f 10887/10887 10583/10583 10882/10882
f 10889/10889 10887/10887 10884/10884
f 10583/10583 10578/10578 10882/10882
f 10578/10578 10575/10575 10571/10571
f 10566/10566 9428/9428 9429/9429
f 10574/10574 10566/10566 10570/10570
f 10575/10575 10574/10574 10570/10570
f 10890/10890 10889/10889 10885/10885
f 9429/9429 9428/9428 9421/9421
f 10355/10355 10356/10356 10349/10349
f 10353/10353 10355/10355 10344/10344
f 10356/10356 10888/10888 10350/10350
f 10888/10888 10890/10890 10885/10885
f 6895/6895 6890/6890 6906/6906
f 6913/6913 6906/6906 6914/6914
f 10305/10305 6913/6913 10306/10306
f 10310/10310 6917/6917 10305/10305
f 10304/10304 10296/10296 10310/10310
f 10340/10340 10321/10321 10329/10329
f 10353/10353 10344/10344 10340/10340
f 10887/10887 10585/10585 10583/10583
f 10891/10891 10887/10887 10889/10889
f 10583/10583 10582/10582 10578/10578
f 10578/10578 10579/10579 10575/10575
f 10566/10566 9430/9430 9428/9428
f 10574/10574 10572/10572 10566/10566
f 10576/10576 10574/10574 10575/10575
f 10890/10890 10892/10892 10889/10889
f 9428/9428 9425/9425 9421/9421
f 7960/7960 10356/10356 10355/10355
f 10359/10359 10355/10355 10353/10353
f 7960/7960 10888/10888 10356/10356
f 7962/7962 10890/10890 10888/10888
f 6875/6875 6890/6890 6895/6895
f 6906/6906 6890/6890 6898/6898
f 6906/6906 6898/6898 6914/6914
f 6913/6913 6914/6914 10298/10298
f 6913/6913 10298/10298 10306/10306
f 10305/10305 10306/10306 10311/10311
f 10311/10311 10310/10310 10305/10305
f 10304/10304 10310/10310 10322/10322
f 10337/10337 10340/10340 10329/10329
f 10353/10353 10340/10340 10346/10346
f 10585/10585 10582/10582 10583/10583
f 10589/10589 10585/10585 10887/10887
f 10891/10891 5497/5497 10887/10887
f 10892/10892 10891/10891 10889/10889
f 10582/10582 10579/10579 10578/10578
f 10579/10579 10576/10576 10575/10575
f 9428/9428 9430/9430 9425/9425
f 10569/10569 9430/9430 10566/10566
f 10572/10572 10569/10569 10566/10566
f 10577/10577 10572/10572 10574/10574
f 10576/10576 10577/10577 10574/10574
f 10893/10893 10892/10892 10890/10890
f 10381/10381 7960/7960 10355/10355
f 10359/10359 10353/10353 10360/10360
f 10359/10359 10380/10380 10355/10355
f 7962/7962 10888/10888 7960/7960
f 10893/10893 10890/10890 7962/7962
f 6875/6875 6889/6889 6890/6890
f 6890/6890 6889/6889 6898/6898
f 6914/6914 6898/6898 6902/6902
f 10298/10298 6914/6914 6902/6902
f 10298/10298 10309/10309 10306/10306
f 10306/10306 10324/10324 10311/10311
f 10322/10322 10310/10310 10311/10311
f 10317/10317 10304/10304 10322/10322
f 10346/10346 10340/10340 10337/10337
f 10352/10352 10353/10353 10346/10346
f 10586/10586 10582/10582 10585/10585
f 10589/10589 10590/10590 10585/10585
f 5497/5497 10589/10589 10887/10887
f 7967/7967 5497/5497 10891/10891
f 7967/7967 10891/10891 10892/10892
f 10582/10582 10584/10584 10579/10579
f 10579/10579 10580/10580 10576/10576
f 9430/9430 9426/9426 9425/9425
f 10569/10569 10567/10567 9430/9430
f 10572/10572 10573/10573 10569/10569
f 10577/10577 10580/10580 10572/10572
f 10580/10580 10577/10577 10576/10576
f 7965/7965 10892/10892 10893/10893
f 10381/10381 10355/10355 10380/10380
f 7968/7968 7960/7960 10381/10381
f 10360/10360 10353/10353 10361/10361
f 10378/10378 10359/10359 10360/10360
f 10380/10380 10359/10359 8019/8019
f 7959/7959 7962/7962 7960/7960
f 7963/7963 10893/10893 7962/7962
f 6875/6875 6876/6876 6889/6889
f 6889/6889 6888/6888 6898/6898
f 6902/6902 6898/6898 6888/6888
f 6902/6902 6915/6915 10298/10298
f 10298/10298 6915/6915 10309/10309
f 10306/10306 10309/10309 10319/10319
f 10324/10324 10306/10306 10319/10319
f 10323/10323 10311/10311 10324/10324
f 10322/10322 10311/10311 10323/10323
f 10317/10317 10322/10322 10331/10331
f 10361/10361 10353/10353 10352/10352
f 10587/10587 10582/10582 10586/10586
f 10590/10590 10586/10586 10585/10585
f 5498/5498 10590/10590 10589/10589
f 5497/5497 5498/5498 10589/10589
f 7966/7966 5497/5497 7967/7967
f 7964/7964 7967/7967 10892/10892
f 10584/10584 10580/10580 10579/10579
f 10587/10587 10584/10584 10582/10582
f 9430/9430 9431/9431 9426/9426
f 10567/10567 9431/9431 9430/9430
f 10573/10573 10567/10567 10569/10569
f 10580/10580 10573/10573 10572/10572
f 7963/7963 7965/7965 10893/10893
f 7964/7964 10892/10892 7965/7965
f 8024/8024 10381/10381 10380/10380
f 7958/7958 7960/7960 7968/7968
f 8024/8024 7968/7968 10381/10381
f 10380/10380 8019/8019 8024/8024
f 7958/7958 7959/7959 7960/7960
f 7959/7959 7961/7961 7962/7962
f 7961/7961 7963/7963 7962/7962
f 6889/6889 6876/6876 6880/6880
f 6888/6888 6889/6889 6880/6880
f 6901/6901 6902/6902 6888/6888
f 6901/6901 6915/6915 6902/6902
f 10309/10309 6915/6915 10308/10308
f 10319/10319 10309/10309 10308/10308
f 10328/10328 10324/10324 10319/10319
f 10323/10323 10324/10324 10332/10332
f 10323/10323 10331/10331 10322/10322
f 10591/10591 10587/10587 10586/10586
f 10591/10591 10586/10586 10590/10590
f 5498/5498 5489/5489 10590/10590
f 5496/5496 5498/5498 5497/5497
f 5495/5495 5497/5497 7966/7966
f 7966/7966 7967/7967 7964/7964
f 10581/10581 10580/10580 10584/10584
f 5491/5491 10584/10584 10587/10587
f 9431/9431 9432/9432 9426/9426
f 10567/10567 9915/9915 9431/9431
f 10573/10573 9926/9926 10567/10567
f 10580/10580 10581/10581 10573/10573
f 7963/7963 7964/7964 7965/7965
f 7958/7958 7968/7968 8024/8024
f 8018/8018 8024/8024 8019/8019
f 7961/7961 7959/7959 7958/7958
f 7969/7969 7963/7963 7961/7961
f 6880/6880 6876/6876 6868/6868
f 6888/6888 6880/6880 6879/6879
f 6901/6901 6888/6888 6887/6887
f 6915/6915 6901/6901 6892/6892
f 10290/10290 10308/10308 6915/6915
f 10328/10328 10319/10319 10308/10308
f 10328/10328 10339/10339 10324/10324
f 10332/10332 10324/10324 10343/10343
f 10332/10332 10342/10342 10323/10323
f 10331/10331 10323/10323 10342/10342
f 10591/10591 5491/5491 10587/10587
f 5489/5489 10591/10591 10590/10590
f 5496/5496 5489/5489 5498/5498
f 5495/5495 5496/5496 5497/5497
f 7971/7971 5495/5495 7966/7966
f 7970/7970 7966/7966 7964/7964
f 10588/10588 10581/10581 10584/10584
f 5491/5491 10592/10592 10584/10584
f 9915/9915 9432/9432 9431/9431
f 9432/9432 9427/9427 9426/9426
f 9926/9926 9915/9915 10567/10567
f 9936/9936 9926/9926 10573/10573
f 9936/9936 10573/10573 10581/10581
f 7970/7970 7964/7964 7963/7963
f 7975/7975 7958/7958 8024/8024
f 8018/8018 8019/8019 8020/8020
f 7975/7975 8024/8024 8018/8018
f 7976/7976 7961/7961 7958/7958
f 7969/7969 7970/7970 7963/7963
f 7977/7977 7969/7969 7961/7961
f 6880/6880 6868/6868 6879/6879
f 6887/6887 6888/6888 6879/6879
f 6892/6892 6901/6901 6887/6887
f 6915/6915 6892/6892 6900/6900
f 10290/10290 6915/6915 6900/6900
f 10328/10328 10308/10308 10290/10290
f 10345/10345 10339/10339 10328/10328
f 10339/10339 10343/10343 10324/10324
f 10348/10348 10332/10332 10343/10343
f 10342/10342 10332/10332 10348/10348
f 10341/10341 10331/10331 10342/10342
f 5489/5489 5491/5491 10591/10591
f 5489/5489 5496/5496 5501/5501
f 5509/5509 5496/5496 5495/5495
f 7971/7971 5510/5510 5495/5495
f 7973/7973 7971/7971 7966/7966
f 7973/7973 7966/7966 7970/7970
f 10588/10588 9945/9945 10581/10581
f 10592/10592 10588/10588 10584/10584
f 5500/5500 10592/10592 5491/5491
f 9915/9915 9916/9916 9432/9432
f 9432/9432 9919/9919 9427/9427
f 9926/9926 9927/9927 9915/9915
f 9926/9926 9936/9936 9930/9930
f 9936/9936 10581/10581 9940/9940
f 7974/7974 7958/7958 7975/7975
f 8034/8034 8018/8018 8020/8020
f 8034/8034 7975/7975 8018/8018
f 7976/7976 7977/7977 7961/7961
f 7974/7974 7976/7976 7958/7958
f 7972/7972 7970/7970 7969/7969
f 7979/7979 7969/7969 7977/7977
f 6879/6879 6868/6868 6867/6867
f 6887/6887 6879/6879 6872/6872
f 6886/6886 6892/6892 6887/6887
f 6900/6900 6892/6892 6897/6897
f 6350/6350 10290/10290 6900/6900
f 10328/10328 10290/10290 10295/10295
f 10345/10345 10328/10328 10327/10327
f 10358/10358 10339/10339 10345/10345
f 10354/10354 10343/10343 10339/10339
f 10348/10348 10343/10343 10354/10354
f 10365/10365 10342/10342 10348/10348
f 10341/10341 10330/10330 10331/10331
f 10341/10341 10342/10342 10365/10365
f 5489/5489 5490/5490 5491/5491
f 5505/5505 5501/5501 5496/5496
f 5501/5501 5502/5502 5489/5489
f 5509/5509 5495/5495 5510/5510
f 5505/5505 5496/5496 5509/5509
f 7978/7978 5510/5510 7971/7971
f 7978/7978 7971/7971 7973/7973
f 7972/7972 7973/7973 7970/7970
f 9945/9945 9940/9940 10581/10581
f 9950/9950 9945/9945 10588/10588
f 5494/5494 10588/10588 10592/10592
f 5500/5500 5494/5494 10592/10592
f 5500/5500 5491/5491 5490/5490
f 9923/9923 9916/9916 9915/9915
f 9916/9916 9917/9917 9432/9432
f 9432/9432 9917/9917 9919/9919
f 9919/9919 10836/10836 9427/9427
f 9926/9926 9930/9930 9927/9927
f 9927/9927 9923/9923 9915/9915
f 9935/9935 9930/9930 9936/9936
f 9939/9939 9936/9936 9940/9940
f 8049/8049 7974/7974 7975/7975
f 8027/8027 8034/8034 8020/8020
f 8049/8049 7975/7975 8034/8034
f 7980/7980 7977/7977 7976/7976
f 7980/7980 7976/7976 7974/7974
f 7979/7979 7972/7972 7969/7969
f 7985/7985 7979/7979 7977/7977
f 6872/6872 6879/6879 6867/6867
f 6886/6886 6887/6887 6872/6872
f 6897/6897 6892/6892 6886/6886
f 6350/6350 6900/6900 6897/6897
f 10295/10295 10290/10290 6350/6350
f 10327/10327 10328/10328 10295/10295
f 10345/10345 10327/10327 10351/10351
f 10358/10358 10354/10354 10339/10339
f 10372/10372 10358/10358 10345/10345
f 10367/10367 10348/10348 10354/10354
f 10365/10365 10348/10348 10366/10366
f 10347/10347 10330/10330 10341/10341
f 10364/10364 10341/10341 10365/10365
f 5502/5502 5490/5490 5489/5489
f 5505/5505 5507/5507 5501/5501
f 5501/5501 5508/5508 5502/5502
f 5509/5509 5510/5510 5516/5516
f 5509/5509 5507/5507 5505/5505
f 7982/7982 5510/5510 7978/7978
f 7978/7978 7973/7973 7972/7972
f 9945/9945 9946/9946 9940/9940
f 9945/9945 9950/9950 9946/9946
f 5494/5494 9950/9950 10588/10588
f 5499/5499 5494/5494 5500/5500
f 5490/5490 5499/5499 5500/5500
f 9923/9923 9928/9928 9916/9916
f 9916/9916 9924/9924 9917/9917
f 9917/9917 9918/9918 9919/9919
f 9919/9919 10841/10841 10836/10836
f 9927/9927 9930/9930 9928/9928
f 9923/9923 9927/9927 9928/9928
f 9935/9935 9931/9931 9930/9930
f 9939/9939 9935/9935 9936/9936
f 9946/9946 9939/9939 9940/9940
f 7983/7983 7974/7974 8049/8049
f 8027/8027 8020/8020 8028/8028
f 8038/8038 8034/8034 8027/8027
f 8047/8047 8049/8049 8034/8034
f 7985/7985 7977/7977 7980/7980
f 7984/7984 7980/7980 7974/7974
f 7979/7979 7981/7981 7972/7972
f 7985/7985 7981/7981 7979/7979
f 6872/6872 6867/6867 6863/6863
f 6886/6886 6872/6872 6871/6871
f 6897/6897 6886/6886 6885/6885
f 6340/6340 6350/6350 6897/6897
f 10294/10294 10295/10295 6350/6350
f 10327/10327 10295/10295 10315/10315
f 10335/10335 10351/10351 10327/10327
f 10371/10371 10345/10345 10351/10351
f 10358/10358 8013/8013 10354/10354
f 10371/10371 10372/10372 10345/10345
f 10372/10372 8013/8013 10358/10358
f 10366/10366 10348/10348 10367/10367
f 10367/10367 10354/10354 10379/10379
f 10347/10347 10341/10341 10352/10352
f 10363/10363 10341/10341 10364/10364
f 10364/10364 10365/10365 10374/10374
f 5502/5502 5503/5503 5490/5490
f 5507/5507 5508/5508 5501/5501
f 5508/5508 5503/5503 5502/5502
f 5516/5516 5510/5510 7982/7982
f 5516/5516 5513/5513 5509/5509
f 5509/5509 5513/5513 5507/5507
f 7982/7982 7978/7978 7981/7981
f 7981/7981 7978/7978 7972/7972
f 9950/9950 9951/9951 9946/9946
f 5493/5493 9950/9950 5494/5494
f 5499/5499 5492/5492 5494/5494
f 5503/5503 5499/5499 5490/5490
f 9928/9928 9924/9924 9916/9916
f 9924/9924 9918/9918 9917/9917
f 9919/9919 9918/9918 10841/10841
f 10841/10841 10837/10837 10836/10836
f 9928/9928 9930/9930 9931/9931
f 9935/9935 9937/9937 9931/9931
f 9939/9939 9943/9943 9935/9935
f 9946/9946 9943/9943 9939/9939
f 7983/7983 7984/7984 7974/7974
f 8066/8066 7983/7983 8049/8049
f 8026/8026 8027/8027 8028/8028
f 8038/8038 8027/8027 8032/8032
f 8047/8047 8034/8034 8038/8038
f 8066/8066 8049/8049 8047/8047
f 7984/7984 7985/7985 7980/7980
f 7986/7986 7981/7981 7985/7985
f 6862/6862 6872/6872 6863/6863
f 6871/6871 6872/6872 6862/6862
f 6885/6885 6886/6886 6871/6871
f 6340/6340 6897/6897 6885/6885
f 6349/6349 6350/6350 6340/6340
f 10294/10294 6350/6350 6353/6353
f 10315/10315 10295/10295 10294/10294
f 10327/10327 10315/10315 10335/10335
f 10357/10357 10351/10351 10335/10335
f 10351/10351 10377/10377 10371/10371
f 10354/10354 8013/8013 10379/10379
f 10372/10372 10371/10371 8009/8009
f 8011/8011 8013/8013 10372/10372
f 10376/10376 10366/10366 10367/10367
f 10376/10376 10367/10367 10379/10379
f 10363/10363 10352/10352 10341/10341
f 10373/10373 10364/10364 10374/10374
f 10365/10365 10375/10375 10374/10374
f 5514/5514 5508/5508 5507/5507
f 5511/5511 5503/5503 5508/5508
f 5522/5522 5516/5516 7982/7982
f 5516/5516 5520/5520 5513/5513
f 5507/5507 5513/5513 5514/5514
f 7986/7986 7982/7982 7981/7981
f 9954/9954 9951/9951 9950/9950
f 9951/9951 9943/9943 9946/9946
f 5492/5492 5493/5493 5494/5494
f 5493/5493 9954/9954 9950/9950
f 5499/5499 5504/5504 5492/5492
f 5506/5506 5499/5499 5503/5503
f 9928/9928 9929/9929 9924/9924
f 9924/9924 9925/9925 9918/9918
f 9929/9929 9928/9928 9931/9931
f 9943/9943 9937/9937 9935/9935
f 7987/7987 7984/7984 7983/7983
f 8075/8075 7983/7983 8066/8066
f 8032/8032 8027/8027 8026/8026
f 8037/8037 8038/8038 8032/8032
f 8046/8046 8047/8047 8038/8038
f 8065/8065 8066/8066 8047/8047
f 7988/7988 7985/7985 7984/7984
f 7990/7990 7986/7986 7985/7985
f 6871/6871 6862/6862 6333/6333
f 6885/6885 6871/6871 6337/6337
f 6340/6340 6885/6885 6337/6337
f 6349/6349 6340/6340 6342/6342
f 6353/6353 6350/6350 6349/6349
f 10316/10316 10294/10294 6353/6353
f 10315/10315 10294/10294 10316/10316
f 10335/10335 10315/10315 10855/10855
f 10369/10369 10351/10351 10357/10357
f 10357/10357 10335/10335 10370/10370
f 10377/10377 10351/10351 10369/10369
f 10377/10377 8009/8009 10371/10371
f 10379/10379 8013/8013 8017/8017
f 8011/8011 10372/10372 8009/8009
f 8012/8012 8013/8013 8011/8011
f 10376/10376 10375/10375 10366/10366
f 8023/8023 10376/10376 10379/10379
f 10373/10373 10374/10374 10382/10382
f 5514/5514 5511/5511 5508/5508
f 5511/5511 5506/5506 5503/5503
f 5522/5522 5523/5523 5516/5516
f 7986/7986 5522/5522 7982/7982
f 5523/5523 5520/5520 5516/5516
f 5517/5517 5513/5513 5520/5520
f 5513/5513 5517/5517 5514/5514
f 9954/9954 9953/9953 9951/9951
f 9953/9953 9943/9943 9951/9951
f 5492/5492 7186/7186 5493/5493
f 7187/7187 9954/9954 5493/5493
f 5506/5506 5504/5504 5499/5499
f 5504/5504 7186/7186 5492/5492
f 9929/9929 9925/9925 9924/9924
f 9941/9941 9937/9937 9943/9943
f 7988/7988 7984/7984 7987/7987
f 7987/7987 7983/7983 8075/8075
f 8074/8074 8075/8075 8066/8066
f 8065/8065 8047/8047 8046/8046
f 8072/8072 8066/8066 8065/8065
f 7988/7988 7992/7992 7985/7985
f 7989/7989 7990/7990 7985/7985
f 7990/7990 7991/7991 7986/7986
f 6871/6871 6333/6333 6337/6337
f 6332/6332 6340/6340 6337/6337
f 6340/6340 6332/6332 6342/6342
f 6348/6348 6349/6349 6342/6342
f 6348/6348 6353/6353 6349/6349
f 10316/10316 6353/6353 6348/6348
f 10315/10315 10316/10316 10855/10855
f 10370/10370 10335/10335 10855/10855
f 10369/10369 10357/10357 10370/10370
f 10377/10377 10369/10369 8007/8007
f 8007/8007 8009/8009 10377/10377
f 8013/8013 8012/8012 8017/8017
f 8023/8023 10379/10379 8017/8017
f 8008/8008 8011/8011 8009/8009
f 8010/8010 8012/8012 8011/8011
f 8023/8023 10375/10375 10376/10376
f 10383/10383 10382/10382 10374/10374
f 10373/10373 10382/10382 8016/8016
f 5514/5514 5515/5515 5511/5511
f 5511/5511 5512/5512 5506/5506
f 5525/5525 5523/5523 5522/5522
f 5530/5530 5522/5522 7986/7986
f 5523/5523 5524/5524 5520/5520
f 5521/5521 5517/5517 5520/5520
f 5517/5517 5515/5515 5514/5514
f 7187/7187 9953/9953 9954/9954
f 9953/9953 9948/9948 9943/9943
f 7186/7186 7187/7187 5493/5493
f 5506/5506 7196/7196 5504/5504
f 7193/7193 7186/7186 5504/5504
f 9943/9943 9948/9948 9941/9941
f 7994/7994 7988/7988 7987/7987
f 7995/7995 7987/7987 8075/8075
f 8074/8074 8066/8066 8072/8072
f 7996/7996 8075/8075 8074/8074
f 7994/7994 7992/7992 7988/7988
f 7992/7992 7989/7989 7985/7985
f 7989/7989 7993/7993 7990/7990
f 7993/7993 7991/7991 7990/7990
f 7991/7991 5530/5530 7986/7986
f 6332/6332 6337/6337 6333/6333
f 6332/6332 6335/6335 6342/6342
f 6345/6345 6348/6348 6342/6342
f 10316/10316 6348/6348 10849/10849
f 10853/10853 10855/10855 10316/10316
f 10370/10370 10855/10855 10856/10856
f 10368/10368 10369/10369 10370/10370
f 8007/8007 10369/10369 10368/10368
f 8008/8008 8009/8009 8007/8007
f 8012/8012 8031/8031 8017/8017
f 8021/8021 8023/8023 8017/8017
f 8010/8010 8011/8011 8008/8008
f 8025/8025 8012/8012 8010/8010
f 8023/8023 10382/10382 10383/10383
f 8016/8016 10382/10382 8022/8022
f 5518/5518 5511/5511 5515/5515
f 5518/5518 5512/5512 5511/5511
f 5512/5512 7196/7196 5506/5506
f 5525/5525 5526/5526 5523/5523
f 5529/5529 5525/5525 5522/5522
f 5529/5529 5522/5522 5530/5530
f 5526/5526 5524/5524 5523/5523
f 5520/5520 5524/5524 5527/5527
f 5515/5515 5517/5517 5521/5521
f 5521/5521 5520/5520 5527/5527
f 7187/7187 7190/7190 9953/9953
f 7190/7190 9948/9948 9953/9953
f 7186/7186 7188/7188 7187/7187
f 7196/7196 7193/7193 5504/5504
f 7193/7193 7192/7192 7186/7186
f 7994/7994 7987/7987 7995/7995
f 7996/7996 7995/7995 8075/8075
f 8086/8086 8074/8074 8072/8072
f 8086/8086 7996/7996 8074/8074
f 7998/7998 7992/7992 7994/7994
f 8000/8000 7989/7989 7992/7992
f 8000/8000 7993/7993 7989/7989
f 6957/6957 7991/7991 7993/7993
f 5529/5529 5530/5530 7991/7991
f 6335/6335 6332/6332 6327/6327
f 6335/6335 6345/6345 6342/6342
f 6347/6347 6348/6348 6345/6345
f 6347/6347 10849/10849 6348/6348
f 10853/10853 10316/10316 10849/10849
f 10856/10856 10855/10855 10853/10853
f 10862/10862 10370/10370 10856/10856
f 8005/8005 10368/10368 10370/10370
f 8005/8005 8007/8007 10368/10368
f 8006/8006 8008/8008 8007/8007
f 8031/8031 8012/8012 8025/8025
f 8017/8017 8031/8031 8033/8033
f 8021/8021 8017/8017 8033/8033
f 8010/8010 8008/8008 8025/8025
f 8022/8022 10382/10382 8023/8023
f 8016/8016 8022/8022 8029/8029
f 5518/5518 5515/5515 5521/5521
f 5518/5518 5519/5519 5512/5512
f 5512/5512 7198/7198 7196/7196
f 5536/5536 5526/5526 5525/5525
f 5535/5535 5525/5525 5529/5529
f 5526/5526 5527/5527 5524/5524
f 5521/5521 5527/5527 5528/5528
f 7189/7189 7190/7190 7187/7187
f 7188/7188 7189/7189 7187/7187
f 7192/7192 7188/7188 7186/7186
f 7196/7196 7197/7197 7193/7193
f 7197/7197 7192/7192 7193/7193
f 7997/7997 7994/7994 7995/7995
f 7996/7996 7997/7997 7995/7995
f 4714/4714 8086/8086 8072/8072
f 8086/8086 8110/8110 7996/7996
f 7997/7997 7998/7998 7994/7994
f 7998/7998 7999/7999 7992/7992
f 7999/7999 8000/8000 7992/7992
f 6954/6954 7993/7993 8000/8000
f 6957/6957 5534/5534 7991/7991
f 6955/6955 6957/6957 7993/7993
f 7991/7991 5534/5534 5529/5529
f 6335/6335 6327/6327 6329/6329
f 6345/6345 6335/6335 6338/6338
f 6347/6347 6345/6345 6344/6344
f 6352/6352 10849/10849 6347/6347
f 10852/10852 10853/10853 10849/10849
f 10856/10856 10853/10853 10852/10852
f 8005/8005 10370/10370 10862/10862
f 10862/10862 10856/10856 10860/10860
f 8004/8004 8007/8007 8005/8005
f 8004/8004 8006/8006 8007/8007
f 8006/8006 8025/8025 8008/8008
f 8036/8036 8031/8031 8025/8025
f 8043/8043 8033/8033 8031/8031
f 8048/8048 8021/8021 8033/8033
f 8039/8039 8016/8016 8029/8029
f 5518/5518 5521/5521 5528/5528
f 5528/5528 5519/5519 5518/5518
f 5519/5519 7202/7202 5512/5512
f 7202/7202 7198/7198 5512/5512
f 7198/7198 7197/7197 7196/7196
f 5535/5535 5536/5536 5525/5525
f 5536/5536 5537/5537 5526/5526
f 5534/5534 5535/5535 5529/5529
f 5526/5526 5537/5537 5527/5527
f 5528/5528 5527/5527 5531/5531
f 7191/7191 7189/7189 7188/7188
f 7192/7192 7191/7191 7188/7188
f 7197/7197 7194/7194 7192/7192
f 8001/8001 7997/7997 7996/7996
f 4718/4718 8086/8086 4714/4714
f 4729/4729 8110/8110 8086/8086
f 8110/8110 8001/8001 7996/7996
f 8002/8002 7998/7998 7997/7997
f 8002/8002 7999/7999 7998/7998
f 6952/6952 8000/8000 7999/7999
f 6954/6954 6955/6955 7993/7993
f 6952/6952 6954/6954 8000/8000
f 6959/6959 5534/5534 6957/6957
f 6956/6956 6957/6957 6955/6955
f 6334/6334 6335/6335 6329/6329
f 6338/6338 6335/6335 6334/6334
f 6344/6344 6345/6345 6338/6338
f 6352/6352 6347/6347 6344/6344
f 10851/10851 10849/10849 6352/6352
f 10852/10852 10849/10849 10851/10851
f 10860/10860 10856/10856 10852/10852
f 10865/10865 8005/8005 10862/10862
f 10865/10865 10862/10862 10860/10860
f 8003/8003 8004/8004 8005/8005
f 8030/8030 8006/8006 8004/8004
f 8036/8036 8025/8025 8006/8006
f 8043/8043 8031/8031 8036/8036
f 8033/8033 8043/8043 8054/8054
f 8040/8040 8021/8021 8048/8048
f 8048/8048 8033/8033 8054/8054
f 8040/8040 8039/8039 8029/8029
f 5528/5528 7205/7205 5519/5519
f 7205/7205 7202/7202 5519/5519
f 7202/7202 7199/7199 7198/7198
f 7198/7198 7199/7199 7197/7197
f 5539/5539 5536/5536 5535/5535
f 5536/5536 5539/5539 5537/5537
f 5534/5534 5538/5538 5535/5535
f 5537/5537 5531/5531 5527/5527
f 5532/5532 5528/5528 5531/5531
f 7192/7192 7194/7194 7191/7191
f 7200/7200 7194/7194 7197/7197
f 6948/6948 7997/7997 8001/8001
f 4716/4716 4718/4718 4714/4714
f 4718/4718 4729/4729 8086/8086
f 4729/4729 4728/4728 8110/8110
f 4728/4728 8001/8001 8110/8110
f 6948/6948 8002/8002 7997/7997
f 6950/6950 7999/7999 8002/8002
f 6950/6950 6952/6952 7999/7999
f 6953/6953 6955/6955 6954/6954
f 6953/6953 6954/6954 6952/6952
f 6957/6957 6958/6958 6959/6959
f 6959/6959 5538/5538 5534/5534
f 6953/6953 6956/6956 6955/6955
f 6956/6956 6958/6958 6957/6957
f 6334/6334 6329/6329 6331/6331
f 6339/6339 6338/6338 6334/6334
f 6344/6344 6338/6338 6339/6339
f 6352/6352 6344/6344 6343/6343
f 10850/10850 10851/10851 6352/6352
f 10852/10852 10851/10851 10850/10850
f 10859/10859 10860/10860 10852/10852
f 10866/10866 8005/8005 10865/10865
f 10863/10863 10865/10865 10860/10860
f 8030/8030 8004/8004 8003/8003
f 8003/8003 8005/8005 10866/10866
f 8035/8035 8006/8006 8030/8030
f 8035/8035 8036/8036 8006/8006
f 8042/8042 8043/8043 8036/8036
f 8058/8058 8054/8054 8043/8043
f 8029/8029 8021/8021 8040/8040
f 8045/8045 8040/8040 8048/8048
f 8048/8048 8054/8054 8059/8059
f 7205/7205 5528/5528 5533/5533
f 7205/7205 7206/7206 7202/7202
f 7204/7204 7199/7199 7202/7202
f 7199/7199 7200/7200 7197/7197
f 5538/5538 5539/5539 5535/5535
f 5537/5537 5539/5539 5540/5540
f 5531/5531 5537/5537 5532/5532
f 5532/5532 5533/5533 5528/5528
f 4728/4728 6948/6948 8001/8001
f 4714/4714 4715/4715 4716/4716
f 4716/4716 4734/4734 4718/4718
f 4729/4729 4718/4718 4727/4727
f 4727/4727 4728/4728 4729/4729
f 6948/6948 6950/6950 8002/8002
f 6951/6951 6952/6952 6950/6950
f 6951/6951 6953/6953 6952/6952
f 6958/6958 6960/6960 6959/6959
f 6959/6959 7026/7026 5538/5538
f 6963/6963 6956/6956 6953/6953
f 6964/6964 6958/6958 6956/6956
f 6336/6336 6334/6334 6331/6331
f 6339/6339 6334/6334 6336/6336
f 6343/6343 6344/6344 6339/6339
f 6351/6351 6352/6352 6343/6343
f 10850/10850 6352/6352 6351/6351
f 10854/10854 10852/10852 10850/10850
f 10859/10859 10852/10852 10858/10858
f 10863/10863 10860/10860 10859/10859
f 10866/10866 10865/10865 10863/10863
f 8030/8030 8003/8003 7341/7341
f 7331/7331 8003/8003 10866/10866
f 8050/8050 8035/8035 8030/8030
f 8036/8036 8035/8035 8042/8042
f 8058/8058 8043/8043 8042/8042
f 8064/8064 8054/8054 8058/8058
f 8064/8064 8059/8059 8054/8054
f 5533/5533 7209/7209 7205/7205
f 7209/7209 7206/7206 7205/7205
f 7206/7206 7204/7204 7202/7202
f 7204/7204 7200/7200 7199/7199
f 5542/5542 5539/5539 5538/5538
f 5542/5542 5540/5540 5539/5539
f 5537/5537 5540/5540 5541/5541
f 5532/5532 5537/5537 5541/5541
f 5533/5533 5532/5532 2855/2855
f 6947/6947 6948/6948 4728/4728
f 8116/8116 4715/4715 4714/4714
f 4715/4715 4731/4731 4716/4716
f 4743/4743 4734/4734 4716/4716
f 4734/4734 4727/4727 4718/4718
f 4727/4727 6947/6947 4728/4728
f 6949/6949 6950/6950 6948/6948
f 6949/6949 6951/6951 6950/6950
f 6963/6963 6953/6953 6951/6951
f 6965/6965 6960/6960 6958/6958
f 6960/6960 7026/7026 6959/6959
f 7026/7026 5542/5542 5538/5538
f 6963/6963 6964/6964 6956/6956
f 6964/6964 6965/6965 6958/6958
f 6336/6336 6331/6331 6330/6330
f 6341/6341 6339/6339 6336/6336
f 6343/6343 6339/6339 6341/6341
f 6351/6351 6343/6343 6346/6346
f 8574/8574 10850/10850 6351/6351
f 8574/8574 10854/10854 10850/10850
f 10858/10858 10852/10852 10854/10854
f 10861/10861 10859/10859 10858/10858
f 7327/7327 10863/10863 10859/10859
f 7330/7330 10866/10866 10863/10863
f 7341/7341 8003/8003 7331/7331
f 8041/8041 8030/8030 7341/7341
f 7331/7331 10866/10866 7330/7330
f 8041/8041 8050/8050 8030/8030
f 8050/8050 8042/8042 8035/8035
f 8057/8057 8058/8058 8042/8042
f 8061/8061 8064/8064 8058/8058
f 8071/8071 8059/8059 8064/8064
f 2855/2855 7209/7209 5533/5533
f 7209/7209 7210/7210 7206/7206
f 7206/7206 7207/7207 7204/7204
f 7029/7029 5540/5540 5542/5542
f 5540/5540 5543/5543 5541/5541
f 2855/2855 5532/5532 5541/5541
f 6947/6947 6949/6949 6948/6948
f 4743/4743 4716/4716 4731/4731
f 6965/6965 7032/7032 6960/6960
f 6960/6960 7031/7031 7026/7026
f 7028/7028 5542/5542 7026/7026
f 6330/6330 6331/6331 6324/6324
f 6336/6336 6330/6330 11031/11031
f 6341/6341 6336/6336 11031/11031
f 6346/6346 6343/6343 6341/6341
f 8552/8552 6351/6351 6346/6346
f 8574/8574 6351/6351 8552/8552
f 10857/10857 10854/10854 8574/8574
f 10854/10854 10857/10857 10858/10858
f 10861/10861 10858/10858 10857/10857
f 7327/7327 10859/10859 10861/10861
f 7327/7327 7328/7328 10863/10863
f 10863/10863 7328/7328 7330/7330
f 7334/7334 7341/7341 7331/7331
f 7342/7342 8041/8041 7341/7341
f 7329/7329 7331/7331 7330/7330
f 8056/8056 8050/8050 8041/8041
f 8057/8057 8042/8042 8050/8050
f 8061/8061 8058/8058 8057/8057
f 8073/8073 8064/8064 8061/8061
f 8063/8063 8059/8059 8071/8071
f 8071/8071 8064/8064 8078/8078
f 2857/2857 7209/7209 2855/2855
f 7213/7213 7210/7210 7209/7209
f 7210/7210 7207/7207 7206/7206
f 7029/7029 5543/5543 5540/5540
f 7029/7029 5542/5542 7028/7028
f 5543/5543 7027/7027 5541/5541
f 5541/5541 2856/2856 2855/2855
f 4743/4743 4731/4731 4744/4744
f 7032/7032 7031/7031 6960/6960
f 7038/7038 7032/7032 6965/6965
f 7031/7031 7028/7028 7026/7026
f 11040/11040 6341/6341 11031/11031
f 6346/6346 6341/6341 11083/11083
f 8552/8552 6346/6346 8553/8553
f 8552/8552 8562/8562 8574/8574
f 8619/8619 10857/10857 8574/8574
f 10861/10861 10857/10857 8619/8619
f 10864/10864 7327/7327 10861/10861
f 7326/7326 7328/7328 7327/7327
f 7329/7329 7330/7330 7328/7328
f 7334/7334 7331/7331 7329/7329
f 7340/7340 7341/7341 7334/7334
f 7340/7340 7342/7342 7341/7341
f 7342/7342 8055/8055 8041/8041
f 8057/8057 8050/8050 8056/8056
f 8060/8060 8056/8056 8041/8041
f 8068/8068 8061/8061 8057/8057
f 8078/8078 8064/8064 8073/8073
f 8068/8068 8073/8073 8061/8061
f 8070/8070 8063/8063 8071/8071
f 8081/8081 8071/8071 8078/8078
f 2855/2855 2856/2856 2857/2857
f 7213/7213 7209/7209 2857/2857
f 7029/7029 7030/7030 5543/5543
f 7033/7033 7029/7029 7028/7028
f 7030/7030 7027/7027 5543/5543
f 2856/2856 5541/5541 7027/7027
f 7035/7035 7031/7031 7032/7032
f 7038/7038 7035/7035 7032/7032
f 7033/7033 7028/7028 7031/7031
f 11040/11040 11031/11031 11030/11030
f 11083/11083 6341/6341 11040/11040
f 6346/6346 11083/11083 8553/8553
f 8550/8550 8552/8552 8553/8553
f 8562/8562 8552/8552 8550/8550
f 8574/8574 8562/8562 8580/8580
f 8619/8619 8574/8574 8601/8601
f 10864/10864 10861/10861 8619/8619
f 7324/7324 7327/7327 10864/10864
f 7326/7326 7327/7327 7324/7324
f 7333/7333 7328/7328 7326/7326
f 7333/7333 7329/7329 7328/7328
f 7333/7333 7334/7334 7329/7329
f 7340/7340 7334/7334 7338/7338
f 7346/7346 7342/7342 7340/7340
f 8067/8067 8055/8055 7342/7342
f 8055/8055 8060/8060 8041/8041
f 8060/8060 8057/8057 8056/8056
f 8068/8068 8057/8057 8060/8060
f 2858/2858 2857/2857 2856/2856
f 2857/2857 2859/2859 7213/7213
f 7034/7034 7030/7030 7029/7029
f 7033/7033 7034/7034 7029/7029
f 7037/7037 7027/7027 7030/7030
f 2856/2856 7027/7027 2865/2865
f 7035/7035 7033/7033 7031/7031
f 7035/7035 7038/7038 7040/7040
f 11030/11030 11039/11039 11040/11040
f 11083/11083 11040/11040 11039/11039
f 8553/8553 11083/11083 11082/11082
f 8550/8550 8553/8553 11099/11099
f 8561/8561 8562/8562 8550/8550
f 8561/8561 8580/8580 8562/8562
f 8601/8601 8574/8574 8580/8580
f 8618/8618 8619/8619 8601/8601
f 7325/7325 10864/10864 8619/8619
f 7324/7324 10864/10864 7325/7325
f 7332/7332 7326/7326 7324/7324
f 7336/7336 7333/7333 7326/7326
f 7334/7334 7333/7333 7338/7338
f 7345/7345 7340/7340 7338/7338
f 8067/8067 7342/7342 7346/7346
f 7345/7345 7346/7346 7340/7340
f 2858/2858 2859/2859 2857/2857
f 2858/2858 2856/2856 2866/2866
f 7037/7037 7030/7030 7034/7034
f 7036/7036 7034/7034 7033/7033
f 7037/7037 2865/2865 7027/7027
f 2856/2856 2865/2865 2866/2866
f 7036/7036 7033/7033 7035/7035
f 7040/7040 7036/7036 7035/7035
f 11082/11082 11083/11083 11039/11039
f 11099/11099 8553/8553 11082/11082
f 8550/8550 11099/11099 11101/11101
f 8561/8561 8550/8550 8549/8549
f 8586/8586 8580/8580 8561/8561
f 8580/8580 8586/8586 8601/8601
f 8618/8618 8601/8601 8610/8610
f 8642/8642 8619/8619 8618/8618
f 7325/7325 8619/8619 8642/8642
f 7323/7323 7324/7324 7325/7325
f 7332/7332 7324/7324 7323/7323
f 7332/7332 7336/7336 7326/7326
f 7339/7339 7333/7333 7336/7336
f 7344/7344 7338/7338 7333/7333
f 7344/7344 7345/7345 7338/7338
f 2867/2867 2859/2859 2858/2858
f 2866/2866 2867/2867 2858/2858
f 7039/7039 7037/7037 7034/7034
f 7039/7039 7034/7034 7036/7036
f 7037/7037 2877/2877 2865/2865
f 2877/2877 2866/2866 2865/2865
f 7040/7040 7039/7039 7036/7036
f 11081/11081 11082/11082 11039/11039
f 11097/11097 11099/11099 11082/11082
f 11101/11101 11099/11099 11097/11097
f 11101/11101 8551/8551 8550/8550
f 8549/8549 8550/8550 8551/8551
f 8561/8561 8549/8549 8572/8572
f 8561/8561 8572/8572 8586/8586
f 8610/8610 8601/8601 8586/8586
f 8618/8618 8610/8610 8630/8630
f 8642/8642 8618/8618 8630/8630
f 8688/8688 7325/7325 8642/8642
f 7323/7323 7325/7325 8688/8688
f 7335/7335 7332/7332 7323/7323
f 7339/7339 7344/7344 7333/7333
f 2866/2866 2870/2870 2867/2867
f 2886/2886 2877/2877 7037/7037
f 2877/2877 2873/2873 2866/2866
f 11080/11080 11081/11081 11039/11039
f 11098/11098 11082/11082 11081/11081
f 11098/11098 11097/11097 11082/11082
f 11101/11101 11097/11097 8547/8547
f 8549/8549 8573/8573 8572/8572
f 8586/8586 8572/8572 8600/8600
f 8586/8586 8609/8609 8610/8610
f 8628/8628 8630/8630 8610/8610
f 8652/8652 8642/8642 8630/8630
f 8688/8688 8642/8642 8652/8652
f 7677/7677 7323/7323 8688/8688
f 7335/7335 7323/7323 7689/7689
f 2866/2866 2873/2873 2870/2870
f 2886/2886 2881/2881 2877/2877
f 2881/2881 2873/2873 2877/2877
f 11039/11039 11071/11071 11080/11080
f 11080/11080 11097/11097 11098/11098
f 11096/11096 8547/8547 11097/11097
f 11101/11101 8547/8547 8546/8546
f 8579/8579 8572/8572 8573/8573
f 8600/8600 8572/8572 8579/8579
f 8600/8600 8609/8609 8586/8586
f 8609/8609 8628/8628 8610/8610
f 8630/8630 8628/8628 8634/8634
f 8651/8651 8652/8652 8630/8630
f 8687/8687 8688/8688 8652/8652
f 7678/7678 7323/7323 7677/7677
f 7677/7677 8688/8688 8687/8687
f 7689/7689 7323/7323 7678/7678
f 7706/7706 7335/7335 7689/7689
f 2887/2887 2881/2881 2886/2886
f 2884/2884 2873/2873 2881/2881
f 11070/11070 11071/11071 11039/11039
f 11080/11080 11096/11096 11097/11097
f 11096/11096 11094/11094 8547/8547
f 8545/8545 8546/8546 8547/8547
f 8599/8599 8600/8600 8579/8579
f 8609/8609 8600/8600 8599/8599
f 8609/8609 8627/8627 8628/8628
f 8634/8634 8628/8628 8629/8629
f 8634/8634 8651/8651 8630/8630
f 8651/8651 8669/8669 8652/8652
f 8687/8687 8652/8652 8669/8669
f 7676/7676 7678/7678 7677/7677
f 7675/7675 7677/7677 8687/8687
f 7689/7689 7678/7678 7676/7676
f 7706/7706 7689/7689 7688/7688
f 2887/2887 2884/2884 2881/2881
f 2884/2884 2878/2878 2873/2873
f 11068/11068 11071/11071 11070/11070
f 11094/11094 11095/11095 8547/8547
f 8548/8548 8546/8546 8545/8545
f 8579/8579 8596/8596 8599/8599
f 8627/8627 8629/8629 8628/8628
f 8641/8641 8634/8634 8629/8629
f 8641/8641 8651/8651 8634/8634
f 8668/8668 8669/8669 8651/8651
f 8686/8686 8687/8687 8669/8669
f 7676/7676 7677/7677 7675/7675
f 8700/8700 7675/7675 8687/8687
f 7688/7688 7689/7689 7676/7676
f 7706/7706 7688/7688 7687/7687
f 2892/2892 2884/2884 2887/2887
f 2885/2885 2878/2878 2884/2884
f 11068/11068 11070/11070 11056/11056
f 11068/11068 11069/11069 11071/11071
f 8560/8560 8548/8548 8545/8545
f 8596/8596 8598/8598 8599/8599
f 8641/8641 8650/8650 8651/8651
f 8668/8668 8684/8684 8669/8669
f 8668/8668 8651/8651 8650/8650
f 8685/8685 8686/8686 8669/8669
f 7673/7673 7676/7676 7675/7675
f 8700/8700 8699/8699 7675/7675
f 7688/7688 7676/7676 7673/7673
f 7687/7687 7688/7688 7673/7673
f 2892/2892 2888/2888 2884/2884
f 2899/2899 2892/2892 2887/2887
f 2888/2888 2885/2885 2884/2884
f 11068/11068 11056/11056 11054/11054
f 11068/11068 11054/11054 11069/11069
f 8598/8598 8596/8596 8595/8595
f 8641/8641 8647/8647 8650/8650
f 8685/8685 8669/8669 8684/8684
f 8667/8667 8668/8668 8650/8650
f 7673/7673 7675/7675 7674/7674
f 8700/8700 8685/8685 8699/8699
f 8699/8699 7674/7674 7675/7675
f 2900/2900 2888/2888 2892/2892
f 2904/2904 2892/2892 2899/2899
f 11054/11054 11056/11056 11026/11026
f 8595/8595 8596/8596 8597/8597
f 8647/8647 8649/8649 8650/8650
f 8685/8685 8684/8684 8683/8683
f 8666/8666 8667/8667 8650/8650
f 7672/7672 7673/7673 7674/7674
f 8699/8699 8685/8685 8682/8682
f 2900/2900 2896/2896 2888/2888
f 2904/2904 2900/2900 2892/2892
f 2904/2904 2899/2899 2902/2902
f 11054/11054 11026/11026 11055/11055
f 8649/8649 8647/8647 8646/8646
f 8664/8664 8650/8650 8649/8649
f 8682/8682 8685/8685 8683/8683
f 8664/8664 8666/8666 8650/8650
f 2906/2906 2896/2896 2900/2900
f 2906/2906 2900/2900 2904/2904
f 2907/2907 2904/2904 2902/2902
f 11054/11054 11055/11055 11053/11053
f 11055/11055 11026/11026 11038/11038
f 8646/8646 8647/8647 8648/8648
f 8664/8664 8649/8649 8646/8646
f 8666/8666 8682/8682 8683/8683
f 8664/8664 8665/8665 8666/8666
f 7062/7062 2906/2906 2904/2904
f 2907/2907 2902/2902 2901/2901
f 2907/2907 7062/7062 2904/2904
f 11038/11038 11026/11026 11025/11025
f 8664/8664 8646/8646 8663/8663
f 8666/8666 8665/8665 8682/8682
f 8664/8664 8663/8663 8665/8665
f 7061/7061 2907/2907 2901/2901
f 7065/7065 7062/7062 2907/2907
f 8665/8665 8681/8681 8682/8682
f 7061/7061 2901/2901 6363/6363
f 7065/7065 2907/2907 7061/7061
f 7065/7065 7067/7067 7062/7062
f 6362/6362 7061/7061 6363/6363
f 7068/7068 7065/7065 7061/7061
f 7069/7069 7067/7067 7065/7065
f 6361/6361 6362/6362 6363/6363
f 6370/6370 7061/7061 6362/6362
f 7068/7068 7061/7061 6370/6370
f 7069/7069 7065/7065 7068/7068
f 6369/6369 6362/6362 6361/6361
f 6370/6370 6362/6362 6369/6369
f 7068/7068 6370/6370 6378/6378
f 7086/7086 7069/7069 7068/7068
f 6368/6368 6369/6369 6361/6361
f 6378/6378 6370/6370 6369/6369
f 6382/6382 7068/7068 6378/6378
f 7083/7083 7086/7086 7068/7068
f 6358/6358 6368/6368 6361/6361
f 6369/6369 6368/6368 6377/6377
f 6377/6377 6378/6378 6369/6369
f 6378/6378 6377/6377 6382/6382
f 7083/7083 7068/7068 6382/6382
f 7097/7097 7086/7086 7083/7083
f 6375/6375 6368/6368 6358/6358
f 6377/6377 6368/6368 6376/6376
f 6377/6377 6389/6389 6382/6382
f 7081/7081 7083/7083 6382/6382
f 7097/7097 7083/7083 7081/7081
f 7086/7086 7097/7097 7113/7113
f 6374/6374 6375/6375 6358/6358
f 6376/6376 6368/6368 6375/6375
f 6388/6388 6377/6377 6376/6376
f 6389/6389 6377/6377 6388/6388
f 6389/6389 7081/7081 6382/6382
f 7096/7096 7097/7097 7081/7081
f 7113/7113 7097/7097 7110/7110
f 7113/7113 7116/7116 7086/7086
f 6385/6385 6375/6375 6374/6374
f 6376/6376 6375/6375 6381/6381
f 6387/6387 6388/6388 6376/6376
f 6397/6397 6389/6389 6388/6388
f 7081/7081 6389/6389 6397/6397
f 7096/7096 7106/7106 7097/7097
f 7110/7110 7097/7097 7106/7106
f 7110/7110 7087/7087 7113/7113
f 7113/7113 7102/7102 7116/7116
f 6385/6385 6381/6381 6375/6375
f 6376/6376 6381/6381 6386/6386
f 6387/6387 6376/6376 6386/6386
f 6387/6387 6395/6395 6388/6388
f 6396/6396 6397/6397 6388/6388
f 7082/7082 7081/7081 6397/6397
f 7106/7106 7096/7096 7107/7107
f 7098/7098 7087/7087 7110/7110
f 7113/7113 7087/7087 7102/7102
f 7116/7116 7102/7102 7117/7117
f 6386/6386 6381/6381 6385/6385
f 6387/6387 6386/6386 6395/6395
f 6395/6395 6396/6396 6388/6388
f 6399/6399 6397/6397 6396/6396
f 6397/6397 7074/7074 7082/7082
f 7081/7081 7082/7082 7098/7098
f 7087/7087 7091/7091 7102/7102
f 7117/7117 7102/7102 7114/7114
f 7136/7136 7116/7116 7117/7117
f 6398/6398 6397/6397 6399/6399
f 6399/6399 6396/6396 6402/6402
f 6397/6397 6398/6398 7074/7074
f 7074/7074 7077/7077 7082/7082
f 7087/7087 7077/7077 7091/7091
f 7102/7102 7091/7091 7103/7103
f 7102/7102 7103/7103 7114/7114
f 6399/6399 6400/6400 6398/6398
f 7074/7074 6398/6398 7075/7075
f 7077/7077 7074/7074 7075/7075
f 7077/7077 7084/7084 7082/7082
f 7087/7087 7084/7084 7077/7077
f 7077/7077 7079/7079 7091/7091
f 7089/7089 7103/7103 7091/7091
f 7114/7114 7103/7103 7100/7100
f 6400/6400 7076/7076 6398/6398
f 6398/6398 7076/7076 7075/7075
f 7077/7077 7075/7075 7079/7079
f 7091/7091 7079/7079 7089/7089
f 7089/7089 7100/7100 7103/7103
f 7100/7100 7112/7112 7114/7114
f 7094/7094 7076/7076 6400/6400
f 7076/7076 7078/7078 7075/7075
f 7075/7075 7078/7078 7079/7079
f 7089/7089 7079/7079 7078/7078
f 7089/7089 7088/7088 7100/7100
f 7101/7101 7112/7112 7100/7100
f 7094/7094 7085/7085 7076/7076
f 6400/6400 7095/7095 7094/7094
f 7085/7085 7078/7078 7076/7076
f 7088/7088 7089/7089 7078/7078
f 7088/7088 7101/7101 7100/7100
f 7112/7112 7101/7101 7099/7099
f 7099/7099 7085/7085 7094/7094
f 7109/7109 7094/7094 7095/7095
f 7088/7088 7078/7078 7085/7085
f 7099/7099 7094/7094 7112/7112
f 7108/7108 7094/7094 7109/7109
f 7108/7108 7112/7112 7094/7094
f 7109/7109 7124/7124 7108/7108
f 7124/7124 7112/7112 7108/7108
f 7109/7109 7123/7123 7124/7124
f 7112/7112 7124/7124 7132/7132
f 4873/4873 4851/4851 4874/4874
f 6595/6595 6596/6596 6597/6597
f 8208/8208 6596/6596 6595/6595
f 6598/6598 6595/6595 6597/6597
f 8208/8208 6595/6595 8209/8209
f 6599/6599 6598/6598 6597/6597
f 6599/6599 6600/6600 6598/6598
f 6597/6597 7850/7850 6599/6599
f 6601/6601 6600/6600 6599/6599
f 6597/6597 7849/7849 7850/7850
f 6601/6601 6602/6602 6600/6600
f 7849/7849 7839/7839 7850/7850
f 6601/6601 7850/7850 6602/6602
f 6602/6602 6603/6603 6600/6600
f 7850/7850 7839/7839 7840/7840
f 7851/7851 6602/6602 7850/7850
f 6602/6602 6604/6604 6603/6603
f 6600/6600 6603/6603 6648/6648
f 7839/7839 7820/7820 7840/7840
f 7851/7851 7850/7850 7840/7840
f 7851/7851 6604/6604 6602/6602
f 6603/6603 6604/6604 6605/6605
f 6647/6647 6600/6600 6648/6648
f 6648/6648 6603/6603 6605/6605
f 7835/7835 7820/7820 7839/7839
f 7820/7820 7822/7822 7840/7840
f 7840/7840 6604/6604 7851/7851
f 6604/6604 6606/6606 6605/6605
f 6646/6646 6600/6600 6647/6647
f 6647/6647 6648/6648 6674/6674
f 7835/7835 7832/7832 7820/7820
f 7820/7820 7821/7821 7822/7822
f 7840/7840 7822/7822 7841/7841
f 7840/7840 7841/7841 6604/6604
f 7841/7841 6606/6606 6604/6604
f 6645/6645 6646/6646 6647/6647
f 6647/6647 6674/6674 6675/6675
f 6676/6676 6674/6674 6648/6648
f 7835/7835 7833/7833 7832/7832
f 7821/7821 7808/7808 7822/7822
f 7822/7822 7823/7823 7841/7841
f 7806/7806 6606/6606 7841/7841
f 6647/6647 6673/6673 6645/6645
f 6689/6689 6675/6675 6674/6674
f 6647/6647 6675/6675 6681/6681
f 6674/6674 6676/6676 6691/6691
f 7832/7832 7833/7833 7834/7834
f 7822/7822 7808/7808 7823/7823
f 7841/7841 7823/7823 7806/7806
f 6645/6645 6673/6673 6654/6654
f 6681/6681 6673/6673 6647/6647
f 6674/6674 6703/6703 6689/6689
f 6690/6690 6674/6674 6691/6691
f 6691/6691 6676/6676 6692/6692
f 7808/7808 7773/7773 7823/7823
f 7806/7806 7823/7823 7773/7773
f 6653/6653 6654/6654 6673/6673
f 6681/6681 6653/6653 6673/6673
f 6703/6703 6674/6674 6690/6690
f 6690/6690 6691/6691 6707/6707
f 6692/6692 6719/6719 6691/6691
f 7808/7808 7809/7809 7773/7773
f 6653/6653 6636/6636 6654/6654
f 6681/6681 6682/6682 6653/6653
f 6705/6705 6703/6703 6690/6690
f 6706/6706 6690/6690 6707/6707
f 6707/6707 6691/6691 6719/6719
f 6720/6720 6719/6719 6692/6692
f 6653/6653 6639/6639 6636/6636
f 6654/6654 6636/6636 6655/6655
f 6705/6705 6690/6690 6706/6706
f 6706/6706 6707/6707 6708/6708
f 6718/6718 6707/6707 6719/6719
f 6720/6720 6732/6732 6719/6719
f 6708/6708 6707/6707 6717/6717
f 6707/6707 6718/6718 6717/6717
f 6743/6743 6718/6718 6719/6719
f 6719/6719 6732/6732 6744/6744
f 6731/6731 6717/6717 6718/6718
f 6731/6731 6718/6718 6743/6743
f 6743/6743 6719/6719 6744/6744
f 6744/6744 6732/6732 6745/6745
f 6730/6730 6717/6717 6731/6731
f 6756/6756 6731/6731 6743/6743
f 6744/6744 6756/6756 6743/6743
f 6758/6758 6744/6744 6745/6745
f 6731/6731 6740/6740 6730/6730
f 6740/6740 6731/6731 6756/6756
f 6756/6756 6744/6744 6757/6757
f 6757/6757 6744/6744 6758/6758
f 6758/6758 6745/6745 6781/6781
f 6730/6730 6740/6740 6741/6741
f 6755/6755 6740/6740 6756/6756
f 6757/6757 6770/6770 6756/6756
f 6757/6757 6758/6758 6770/6770
f 6770/6770 6758/6758 6781/6781
f 6741/6741 6740/6740 6753/6753
f 6740/6740 6755/6755 6753/6753
f 6755/6755 6756/6756 6768/6768
f 6756/6756 6770/6770 6771/6771
f 6781/6781 6789/6789 6770/6770
f 6753/6753 6755/6755 6768/6768
f 6771/6771 6768/6768 6756/6756
f 6771/6771 6770/6770 6780/6780
f 6789/6789 6780/6780 6770/6770
f 6767/6767 6753/6753 6768/6768
f 6777/6777 6768/6768 6771/6771
f 6779/6779 6771/6771 6780/6780
f 6780/6780 6789/6789 6803/6803
f 6767/6767 6768/6768 6769/6769
f 6769/6769 6768/6768 6777/6777
f 6777/6777 6771/6771 6779/6779
f 6779/6779 6780/6780 6797/6797
f 6789/6789 6804/6804 6803/6803
f 6780/6780 6803/6803 6807/6807
f 6796/6796 6779/6779 6797/6797
f 6780/6780 6807/6807 6797/6797
f 4826/4826 6803/6803 6804/6804
f 6819/6819 6807/6807 6803/6803
f 6803/6803 4826/4826 6816/6816
f 6816/6816 6819/6819 6803/6803
f 6816/6816 4826/4826 4825/4825
f 353/353 354/354 355/355
f 353/353 359/359 354/354
f 355/355 354/354 8499/8499
f 374/374 353/353 355/355
f 353/353 11103/11103 359/359
f 359/359 8871/8871 354/354
f 8498/8498 355/355 8499/8499
f 354/354 8873/8873 8499/8499
f 373/373 374/374 355/355
f 374/374 11103/11103 353/353
f 354/354 8871/8871 8866/8866
f 359/359 8874/8874 8871/8871
f 373/373 355/355 8498/8498
f 8498/8498 8499/8499 8497/8497
f 354/354 8866/8866 8873/8873
f 8499/8499 8873/8873 9214/9214
f 11104/11104 374/374 373/373
f 11104/11104 11103/11103 374/374
f 8866/8866 8871/8871 8868/8868
f 8874/8874 358/358 8871/8871
f 8500/8500 373/373 8498/8498
f 8500/8500 8498/8498 8497/8497
f 8497/8497 8499/8499 9217/9217
f 8499/8499 9214/9214 9213/9213
f 11105/11105 11104/11104 373/373
f 8871/8871 8864/8864 8868/8868
f 358/358 8864/8864 8871/8871
f 11105/11105 373/373 8500/8500
f 8495/8495 8500/8500 8497/8497
f 9217/9217 8499/8499 9213/9213
f 8496/8496 8497/8497 9217/9217
f 358/358 11107/11107 8864/8864
f 8504/8504 11105/11105 8500/8500
f 8497/8497 8496/8496 8495/8495
f 8504/8504 8500/8500 8495/8495
f 9217/9217 9213/9213 9215/9215
f 8496/8496 9217/9217 9218/9218
f 8504/8504 11112/11112 11105/11105
f 8495/8495 8496/8496 8493/8493
f 8504/8504 8495/8495 8502/8502
f 9217/9217 9215/9215 9218/9218
f 8494/8494 8496/8496 9218/9218
f 11112/11112 8504/8504 8507/8507
f 8493/8493 8496/8496 8494/8494
f 8502/8502 8495/8495 8493/8493
f 8507/8507 8504/8504 8502/8502
f 9218/9218 9215/9215 9325/9325
f 8494/8494 9218/9218 9327/9327
f 8514/8514 11112/11112 8507/8507
f 8492/8492 8493/8493 8494/8494
f 8501/8501 8502/8502 8493/8493
f 8507/8507 8502/8502 8503/8503
f 9327/9327 9218/9218 9325/9325
f 9183/9183 8494/8494 9327/9327
f 8514/8514 11115/11115 11112/11112
f 8517/8517 8514/8514 8507/8507
f 8501/8501 8493/8493 8492/8492
f 8492/8492 8494/8494 9183/9183
f 8503/8503 8502/8502 8501/8501
f 8511/8511 8507/8507 8503/8503
f 9183/9183 9327/9327 9331/9331
f 8520/8520 11115/11115 8514/8514
f 8517/8517 8507/8507 8511/8511
f 8519/8519 8514/8514 8517/8517
f 8506/8506 8501/8501 8492/8492
f 9189/9189 8492/8492 9183/9183
f 8506/8506 8503/8503 8501/8501
f 8511/8511 8503/8503 8509/8509
f 9331/9331 9327/9327 9326/9326
f 9182/9182 9183/9183 9331/9331
f 8520/8520 11116/11116 11115/11115
f 8524/8524 8520/8520 8514/8514
f 8516/8516 8517/8517 8511/8511
f 8524/8524 8514/8514 8519/8519
f 8506/8506 8492/8492 9189/9189
f 9189/9189 9183/9183 9182/9182
f 8509/8509 8503/8503 8506/8506
f 8513/8513 8511/8511 8509/8509
f 9330/9330 9331/9331 9326/9326
f 9182/9182 9331/9331 9180/9180
f 11117/11117 11116/11116 8520/8520
f 11117/11117 8520/8520 8524/8524
f 8513/8513 8516/8516 8511/8511
f 8519/8519 10630/10630 8524/8524
f 9191/9191 8506/8506 9189/9189
f 9179/9179 9189/9189 9182/9182
f 8508/8508 8509/8509 8506/8506
f 8513/8513 8509/8509 8508/8508
f 9330/9330 9326/9326 9329/9329
f 9180/9180 9331/9331 9330/9330
f 9179/9179 9182/9182 9180/9180
f 10630/10630 11117/11117 8524/8524
f 8512/8512 8516/8516 8513/8513
f 9191/9191 9189/9189 9188/9188
f 8508/8508 8506/8506 9191/9191
f 9188/9188 9189/9189 9179/9179
f 8512/8512 8513/8513 8508/8508
f 9180/9180 9330/9330 9329/9329
f 9179/9179 9180/9180 9181/9181
f 9193/9193 9191/9191 9188/9188
f 9193/9193 8508/8508 9191/9191
f 9188/9188 9179/9179 9181/9181
f 8515/8515 8512/8512 8508/8508
f 9180/9180 9329/9329 9328/9328
f 9181/9181 9180/9180 9333/9333
f 9193/9193 9188/9188 9190/9190
f 9200/9200 8508/8508 9193/9193
f 9187/9187 9188/9188 9181/9181
f 9201/9201 8515/8515 8508/8508
f 9328/9328 9329/9329 9322/9322
f 9180/9180 9328/9328 9333/9333
f 9186/9186 9181/9181 9333/9333
f 9190/9190 9188/9188 9187/9187
f 9196/9196 9193/9193 9190/9190
f 9200/9200 9193/9193 9198/9198
f 9201/9201 8508/8508 9200/9200
f 9187/9187 9181/9181 9186/9186
f 9206/9206 8515/8515 9201/9201
f 9192/9192 9190/9190 9187/9187
f 9196/9196 9190/9190 9192/9192
f 9198/9198 9193/9193 9196/9196
f 9204/9204 9200/9200 9198/9198
f 9206/9206 9201/9201 9200/9200
f 9184/9184 9187/9187 9186/9186
f 9192/9192 9187/9187 9184/9184
f 9196/9196 9192/9192 9195/9195
f 9198/9198 9196/9196 9199/9199
f 9204/9204 9198/9198 9199/9199
f 9200/9200 9204/9204 9208/9208
f 9206/9206 9200/9200 9208/9208
f 9194/9194 9192/9192 9184/9184
f 9195/9195 9192/9192 9194/9194
f 9199/9199 9196/9196 9195/9195
f 9204/9204 9199/9199 9203/9203
f 9208/9208 9204/9204 10653/10653
f 10655/10655 9206/9206 9208/9208
f 9197/9197 9195/9195 9194/9194
f 9203/9203 9199/9199 9195/9195
f 9207/9207 9204/9204 9203/9203
f 9204/9204 9207/9207 10653/10653
f 10653/10653 10656/10656 9208/9208
f 10656/10656 10655/10655 9208/9208
f 9203/9203 9195/9195 9197/9197
f 8752/8752 9197/9197 9194/9194
f 9207/9207 9203/9203 9205/9205
f 10653/10653 9207/9207 10658/10658
f 10658/10658 10656/10656 10653/10653
f 9203/9203 9197/9197 9202/9202
f 9202/9202 9197/9197 8752/8752
f 9205/9205 9203/9203 9202/9202
f 10654/10654 9207/9207 9205/9205
f 9207/9207 10657/10657 10658/10658
f 8763/8763 9202/9202 8752/8752
f 9205/9205 9202/9202 8763/8763
f 10654/10654 9205/9205 8762/8762
f 10657/10657 9207/9207 10654/10654
f 9205/9205 8763/8763 8762/8762
f 10076/10076 10654/10654 8762/8762
f 10657/10657 10654/10654 10076/10076
f 1385/1385 1386/1386 1387/1387
f 1388/1388 1386/1386 1385/1385
f 1387/1387 1386/1386 10647/10647
f 1385/1385 1387/1387 6843/6843
f 1388/1388 1389/1389 1386/1386
f 1399/1399 1388/1388 1385/1385
f 1386/1386 1391/1391 10647/10647
f 1387/1387 10647/10647 10691/10691
f 1385/1385 6843/6843 6842/6842
f 6843/6843 1387/1387 10691/10691
f 1389/1389 1388/1388 1397/1397
f 1389/1389 1391/1391 1386/1386
f 1400/1400 1388/1388 1399/1399
f 1399/1399 1385/1385 6849/6849
f 1391/1391 10646/10646 10647/10647
f 10691/10691 10647/10647 10643/10643
f 6842/6842 6843/6843 10702/10702
f 6849/6849 1385/1385 6842/6842
f 6843/6843 10691/10691 10699/10699
f 1400/1400 1397/1397 1388/1388
f 1389/1389 1397/1397 1390/1390
f 1390/1390 1391/1391 1389/1389
f 1402/1402 1400/1400 1399/1399
f 1402/1402 1399/1399 6849/6849
f 10646/10646 10643/10643 10647/10647
f 1391/1391 10648/10648 10646/10646
f 10691/10691 10643/10643 10671/10671
f 10702/10702 6843/6843 10699/10699
f 6839/6839 6842/6842 10702/10702
f 6842/6842 6841/6841 6849/6849
f 10699/10699 10691/10691 10696/10696
f 1403/1403 1397/1397 1400/1400
f 1404/1404 1390/1390 1397/1397
f 1391/1391 1390/1390 1392/1392
f 1402/1402 1403/1403 1400/1400
f 1402/1402 6849/6849 6855/6855
f 10646/10646 10644/10644 10643/10643
f 10646/10646 10648/10648 10644/10644
f 1392/1392 10648/10648 1391/1391
f 10671/10671 10643/10643 10661/10661
f 10696/10696 10691/10691 10671/10671
f 10699/10699 10701/10701 10702/10702
f 6841/6841 6842/6842 6839/6839
f 10702/10702 6837/6837 6839/6839
f 6841/6841 6848/6848 6849/6849
f 10696/10696 10697/10697 10699/10699
f 1404/1404 1397/1397 1403/1403
f 1404/1404 1398/1398 1390/1390
f 1390/1390 1393/1393 1392/1392
f 6855/6855 6849/6849 6848/6848
f 10643/10643 10644/10644 10638/10638
f 10648/10648 10641/10641 10644/10644
f 1392/1392 10651/10651 10648/10648
f 10661/10661 10643/10643 10659/10659
f 10671/10671 10661/10661 10667/10667
f 10696/10696 10671/10671 10690/10690
f 10697/10697 10701/10701 10699/10699
f 10701/10701 6837/6837 10702/10702
f 6838/6838 6841/6841 6839/6839
f 6837/6837 6838/6838 6839/6839
f 6846/6846 6848/6848 6841/6841
f 10697/10697 10696/10696 10694/10694
f 1390/1390 1398/1398 1393/1393
f 1393/1393 10651/10651 1392/1392
f 10643/10643 10638/10638 10639/10639
f 10644/10644 10641/10641 10638/10638
f 10648/10648 10651/10651 10641/10641
f 10661/10661 10659/10659 11118/11118
f 10643/10643 10639/10639 10659/10659
f 10667/10667 10661/10661 10664/10664
f 10690/10690 10671/10671 10667/10667
f 10690/10690 10694/10694 10696/10696
f 10700/10700 10701/10701 10697/10697
f 6837/6837 10701/10701 10700/10700
f 6838/6838 6846/6846 6841/6841
f 6834/6834 6838/6838 6837/6837
f 10697/10697 10694/10694 10698/10698
f 1398/1398 1394/1394 1393/1393
f 1393/1393 10652/10652 10651/10651
f 10638/10638 10631/10631 10639/10639
f 10632/10632 10638/10638 10641/10641
f 10651/10651 10645/10645 10641/10641
f 11119/11119 11118/11118 10659/10659
f 10660/10660 10661/10661 11118/11118
f 10659/10659 10639/10639 11119/11119
f 10664/10664 10661/10661 10660/10660
f 10666/10666 10667/10667 10664/10664
f 10690/10690 10667/10667 10670/10670
f 10690/10690 10687/10687 10694/10694
f 10700/10700 10697/10697 10698/10698
f 10700/10700 6834/6834 6837/6837
f 6838/6838 6840/6840 6846/6846
f 6834/6834 6840/6840 6838/6838
f 10698/10698 10694/10694 6835/6835
f 1398/1398 1395/1395 1394/1394
f 1393/1393 1394/1394 10652/10652
f 10652/10652 10645/10645 10651/10651
f 10638/10638 10632/10632 10631/10631
f 10639/10639 10631/10631 11119/11119
f 10641/10641 10636/10636 10632/10632
f 10636/10636 10641/10641 10645/10645
f 10660/10660 11118/11118 11120/11120
f 10662/10662 10664/10664 10660/10660
f 10662/10662 10666/10666 10664/10664
f 10670/10670 10667/10667 10666/10666
f 10690/10690 10670/10670 10687/10687
f 10687/10687 10688/10688 10694/10694
f 10700/10700 10698/10698 6834/6834
f 6840/6840 6834/6834 6836/6836
f 10694/10694 10695/10695 6835/6835
f 6834/6834 10698/10698 6835/6835
f 1394/1394 1395/1395 1396/1396
f 1394/1394 7956/7956 10652/10652
f 10645/10645 10652/10652 10649/10649
f 10631/10631 10632/10632 10629/10629
f 11119/11119 10631/10631 11121/11121
f 10636/10636 10635/10635 10632/10632
f 10645/10645 10640/10640 10636/10636
f 10662/10662 10660/10660 11120/11120
f 10665/10665 10666/10666 10662/10662
f 10666/10666 10669/10669 10670/10670
f 10687/10687 10670/10670 10684/10684
f 10687/10687 10681/10681 10688/10688
f 10694/10694 10688/10688 10695/10695
f 6834/6834 6835/6835 6836/6836
f 6840/6840 6836/6836 6847/6847
f 6835/6835 10695/10695 6833/6833
f 1395/1395 7957/7957 1396/1396
f 1396/1396 7956/7956 1394/1394
f 10652/10652 7956/7956 10650/10650
f 10640/10640 10645/10645 10649/10649
f 10652/10652 10650/10650 10649/10649
f 10629/10629 11121/11121 10631/10631
f 10632/10632 8522/8522 10629/10629
f 10632/10632 10635/10635 8522/8522
f 10636/10636 10640/10640 10635/10635
f 11122/11122 10662/10662 11120/11120
f 10665/10665 10662/10662 10663/10663
f 10665/10665 10669/10669 10666/10666
f 10670/10670 10669/10669 10684/10684
f 10681/10681 10687/10687 10684/10684
f 10681/10681 10685/10685 10688/10688
f 10688/10688 10689/10689 10695/10695
f 6836/6836 6835/6835 6832/6832
f 6847/6847 6836/6836 6845/6845
f 6835/6835 6833/6833 6832/6832
f 10695/10695 10693/10693 6833/6833
f 1396/1396 7957/7957 7949/7949
f 1395/1395 9402/9402 7957/7957
f 1396/1396 7949/7949 7956/7956
f 7956/7956 7949/7949 10650/10650
f 10649/10649 10642/10642 10640/10640
f 10642/10642 10649/10649 10650/10650
f 11121/11121 10629/10629 11123/11123
f 10629/10629 8522/8522 8521/8521
f 10635/10635 8525/8525 8522/8522
f 10640/10640 10633/10633 10635/10635
f 10663/10663 10662/10662 11122/11122
f 10663/10663 10081/10081 10665/10665
f 10668/10668 10669/10669 10665/10665
f 10684/10684 10669/10669 10677/10677
f 10677/10677 10681/10681 10684/10684
f 10688/10688 10685/10685 10689/10689
f 10689/10689 10693/10693 10695/10695
f 6836/6836 6832/6832 6845/6845
f 6832/6832 6833/6833 6831/6831
f 6831/6831 6833/6833 10693/10693
f 7957/7957 7951/7951 7949/7949
f 9402/9402 9397/9397 7957/7957
f 7949/7949 7946/7946 10650/10650
f 10637/10637 10640/10640 10642/10642
f 7946/7946 10642/10642 10650/10650
f 10629/10629 8521/8521 11123/11123
f 8521/8521 8522/8522 11124/11124
f 8522/8522 8525/8525 8523/8523
f 10635/10635 10633/10633 8525/8525
f 10640/10640 10637/10637 10633/10633
f 11122/11122 10081/10081 10663/10663
f 10086/10086 10665/10665 10081/10081
f 10669/10669 10668/10668 10677/10677
f 10086/10086 10668/10668 10665/10665
f 6845/6845 6832/6832 6830/6830
f 6830/6830 6832/6832 6831/6831
f 6831/6831 10693/10693 6829/6829
f 7951/7951 7947/7947 7949/7949
f 7957/7957 9397/9397 7951/7951
f 9402/9402 9403/9403 9397/9397
f 7947/7947 7946/7946 7949/7949
f 10642/10642 11125/11125 10637/10637
f 7943/7943 10642/10642 7946/7946
f 8521/8521 11124/11124 11123/11123
f 8522/8522 8518/8518 11124/11124
f 8522/8522 8523/8523 8518/8518
f 8525/8525 11126/11126 8523/8523
f 8525/8525 10633/10633 11127/11127
f 10637/10637 10634/10634 10633/10633
f 6828/6828 6845/6845 6830/6830
f 6830/6830 6831/6831 6829/6829
f 7950/7950 7947/7947 7951/7951
f 9397/9397 7952/7952 7951/7951
f 9403/9403 7952/7952 9397/9397
f 7943/7943 7946/7946 7947/7947
f 11125/11125 10634/10634 10637/10637
f 10642/10642 7943/7943 11125/11125
f 8518/8518 11128/11128 11124/11124
f 8523/8523 11129/11129 8518/8518
f 8523/8523 11126/11126 11129/11129
f 11127/11127 11126/11126 8525/8525
f 10633/10633 10634/10634 11127/11127
f 6828/6828 6830/6830 6829/6829
f 11130/11130 7947/7947 7950/7950
f 7950/7950 7951/7951 7952/7952
f 9403/9403 9398/9398 7952/7952
f 7947/7947 11131/11131 7943/7943
f 11125/11125 11132/11132 10634/10634
f 11131/11131 11125/11125 7943/7943
f 8518/8518 11129/11129 11128/11128
f 10634/10634 11133/11133 11127/11127
f 7947/7947 11130/11130 11131/11131
f 7950/7950 11134/11134 11130/11130
f 7952/7952 7953/7953 7950/7950
f 7952/7952 9398/9398 7953/7953
f 9403/9403 9399/9399 9398/9398
f 10634/10634 11132/11132 11133/11133
f 7953/7953 11134/11134 7950/7950
f 7953/7953 9398/9398 7954/7954
f 9399/9399 7954/7954 9398/9398
f 9403/9403 9400/9400 9399/9399
f 7954/7954 11134/11134 7953/7953
f 9399/9399 9400/9400 7954/7954
f 7954/7954 11135/11135 11134/11134
f 9400/9400 7955/7955 7954/7954
f 11135/11135 7954/7954 7955/7955
f 9400/9400 9401/9401 7955/7955
f 11136/11136 11135/11135 7955/7955
f 9288/9288 7955/7955 9401/9401
f 9284/9284 11136/11136 7955/7955
f 9288/9288 9284/9284 7955/7955
f 9401/9401 10817/10817 9288/9288
f 11136/11136 9284/9284 11137/11137
f 9288/9288 9285/9285 9284/9284
f 10817/10817 10814/10814 9288/9288
f 11137/11137 9284/9284 11138/11138
f 11138/11138 9284/9284 9285/9285
f 9288/9288 9290/9290 9285/9285
f 10814/10814 9290/9290 9288/9288
f 10817/10817 10818/10818 10814/10814
f 9285/9285 11139/11139 11138/11138
f 9290/9290 11139/11139 9285/9285
f 9290/9290 10814/10814 9287/9287
f 9290/9290 9287/9287 11139/11139
f 3027/3027 3039/3039 3040/3040
f 3052/3052 3028/3028 3027/3027
f 3040/3040 3039/3039 3049/3049
f 3052/3052 3027/3027 3040/3040
f 3062/3062 3028/3028 3052/3052
f 3039/3039 3543/3543 3049/3049
f 3049/3049 3048/3048 3040/3040
f 3051/3051 3052/3052 3040/3040
f 3061/3061 3062/3062 3052/3052
f 3049/3049 3543/3543 3542/3542
f 3047/3047 3048/3048 3049/3049
f 3040/3040 3048/3048 3051/3051
f 3061/3061 3052/3052 3051/3051
f 3072/3072 3062/3062 3061/3061
f 3050/3050 3049/3049 3542/3542
f 3059/3059 3048/3048 3047/3047
f 3050/3050 3047/3047 3049/3049
f 3060/3060 3051/3051 3048/3048
f 3071/3071 3061/3061 3051/3051
f 3073/3073 3062/3062 3072/3072
f 3081/3081 3072/3072 3061/3061
f 3050/3050 3542/3542 3541/3541
f 3058/3058 3059/3059 3047/3047
f 3059/3059 3060/3060 3048/3048
f 3050/3050 3043/3043 3047/3047
f 3071/3071 3051/3051 3060/3060
f 3071/3071 3081/3081 3061/3061
f 3063/3063 3062/3062 3073/3073
f 3090/3090 3073/3073 3072/3072
f 3088/3088 3072/3072 3081/3081
f 3043/3043 3050/3050 3541/3541
f 3045/3045 3058/3058 3047/3047
f 3070/3070 3059/3059 3058/3058
f 3070/3070 3060/3060 3059/3059
f 3043/3043 3045/3045 3047/3047
f 3060/3060 3080/3080 3071/3071
f 3080/3080 3081/3081 3071/3071
f 3074/3074 3063/3063 3073/3073
f 3089/3089 3090/3090 3072/3072
f 3090/3090 3091/3091 3073/3073
f 3087/3087 3088/3088 3081/3081
f 3088/3088 3089/3089 3072/3072
f 3057/3057 3058/3058 3045/3045
f 3069/3069 3070/3070 3058/3058
f 3070/3070 3079/3079 3060/3060
f 3079/3079 3080/3080 3060/3060
f 3087/3087 3081/3081 3080/3080
f 3075/3075 3063/3063 3074/3074
f 3091/3091 3074/3074 3073/3073
f 3103/3103 3090/3090 3089/3089
f 3104/3104 3091/3091 3090/3090
f 3101/3101 3088/3088 3087/3087
f 3102/3102 3089/3089 3088/3088
f 3056/3056 3057/3057 3045/3045
f 3068/3068 3058/3058 3057/3057
f 3068/3068 3069/3069 3058/3058
f 3070/3070 3069/3069 3078/3078
f 3079/3079 3070/3070 3078/3078
f 3086/3086 3080/3080 3079/3079
f 3086/3086 3087/3087 3080/3080
f 3064/3064 3063/3063 3075/3075
f 3092/3092 3075/3075 3074/3074
f 3091/3091 3092/3092 3074/3074
f 3102/3102 3103/3103 3089/3089
f 3103/3103 3104/3104 3090/3090
f 3104/3104 3093/3093 3091/3091
f 3100/3100 3101/3101 3087/3087
f 3101/3101 3102/3102 3088/3088
f 3056/3056 3065/3065 3057/3057
f 3068/3068 3057/3057 3066/3066
f 3068/3068 3077/3077 3069/3069
f 3078/3078 3069/3069 3077/3077
f 3085/3085 3079/3079 3078/3078
f 3086/3086 3079/3079 3085/3085
f 3087/3087 3086/3086 3100/3100
f 3082/3082 3064/3064 3075/3075
f 3092/3092 3093/3093 3075/3075
f 3093/3093 3092/3092 3091/3091
f 9441/9441 3103/3103 3102/3102
f 9441/9441 3104/3104 3103/3103
f 9443/9443 3093/3093 3104/3104
f 3100/3100 9439/9439 3101/3101
f 9440/9440 3102/3102 3101/3101
f 3065/3065 3066/3066 3057/3057
f 3077/3077 3068/3068 3066/3066
f 3085/3085 3078/3078 3077/3077
f 3085/3085 3099/3099 3086/3086
f 3099/3099 3100/3100 3086/3086
f 3082/3082 9764/9764 3064/3064
f 3093/3093 3082/3082 3075/3075
f 9440/9440 9441/9441 3102/3102
f 9448/9448 3104/3104 9441/9441
f 9442/9442 9443/9443 3104/3104
f 9443/9443 8707/8707 3093/3093
f 3100/3100 9438/9438 9439/9439
f 9439/9439 9440/9440 3101/3101
f 3065/3065 3067/3067 3066/3066
f 3077/3077 3066/3066 3076/3076
f 3084/3084 3085/3085 3077/3077
f 3098/3098 3099/3099 3085/3085
f 9438/9438 3100/3100 3099/3099
f 9771/9771 9764/9764 3082/3082
f 8706/8706 3082/3082 3093/3093
f 9448/9448 9441/9441 9440/9440
f 9448/9448 9442/9442 3104/3104
f 9442/9442 8719/8719 9443/9443
f 8706/8706 3093/3093 8707/8707
f 8719/8719 8707/8707 9443/9443
f 9447/9447 9439/9439 9438/9438
f 9447/9447 9440/9440 9439/9439
f 3076/3076 3066/3066 3067/3067
f 3084/3084 3077/3077 3076/3076
f 3098/3098 3085/3085 3084/3084
f 9437/9437 3099/3099 3098/3098
f 9437/9437 9438/9438 3099/3099
f 9771/9771 3082/3082 8706/8706
f 9447/9447 9448/9448 9440/9440
f 9454/9454 9442/9442 9448/9448
f 8725/8725 8719/8719 9442/9442
f 8707/8707 8708/8708 8706/8706
f 8707/8707 8719/8719 8708/8708
f 9453/9453 9447/9447 9438/9438
f 3083/3083 3076/3076 3067/3067
f 3098/3098 3084/3084 3076/3076
f 9436/9436 9437/9437 3098/3098
f 9437/9437 9452/9452 9438/9438
f 9454/9454 9448/9448 9447/9447
f 9454/9454 9455/9455 9442/9442
f 8725/8725 8726/8726 8719/8719
f 9455/9455 8725/8725 9442/9442
f 8708/8708 8709/8709 8706/8706
f 8719/8719 8720/8720 8708/8708
f 9453/9453 9438/9438 9452/9452
f 9460/9460 9447/9447 9453/9453
f 3097/3097 3076/3076 3083/3083
f 3097/3097 3098/3098 3076/3076
f 9436/9436 3098/3098 3097/3097
f 9436/9436 9446/9446 9437/9437
f 9446/9446 9452/9452 9437/9437
f 9460/9460 9454/9454 9447/9447
f 9468/9468 9455/9455 9454/9454
f 8731/8731 8726/8726 8725/8725
f 8726/8726 8720/8720 8719/8719
f 8725/8725 9455/9455 8739/8739
f 8709/8709 8708/8708 8720/8720
f 8709/8709 8710/8710 8706/8706
f 9453/9453 9452/9452 9459/9459
f 9459/9459 9460/9460 9453/9453
f 3095/3095 3097/3097 3083/3083
f 9436/9436 3097/3097 3095/3095
f 9445/9445 9446/9446 9436/9436
f 9451/9451 9452/9452 9446/9446
f 9460/9460 9468/9468 9454/9454
f 9468/9468 8739/8739 9455/9455
f 8739/8739 8731/8731 8725/8725
f 9458/9458 9459/9459 9452/9452
f 9467/9467 9460/9460 9459/9459
f 9435/9435 9436/9436 3095/3095
f 9445/9445 9436/9436 9435/9435
f 9451/9451 9446/9446 9445/9445
f 9451/9451 9458/9458 9452/9452
f 9468/9468 9460/9460 9467/9467
f 8745/8745 8739/8739 9468/9468
f 8741/8741 8731/8731 8739/8739
f 9474/9474 9459/9459 9458/9458
f 9477/9477 9467/9467 9459/9459
f 9445/9445 9435/9435 9444/9444
f 9456/9456 9458/9458 9451/9451
f 9493/9493 9468/9468 9467/9467
f 8745/8745 8741/8741 8739/8739
f 9493/9493 8745/8745 9468/9468
f 9470/9470 9474/9474 9458/9458
f 9477/9477 9459/9459 9474/9474
f 9477/9477 9478/9478 9467/9467
f 9456/9456 9461/9461 9458/9458
f 9478/9478 9493/9493 9467/9467
f 8751/8751 8741/8741 8745/8745
f 8751/8751 8745/8745 9493/9493
f 9470/9470 9458/9458 9461/9461
f 9488/9488 9474/9474 9470/9470
f 9492/9492 9477/9477 9474/9474
f 9492/9492 9478/9478 9477/9477
f 9493/9493 9478/9478 9514/9514
f 8753/8753 8741/8741 8751/8751
f 9514/9514 8751/8751 9493/9493
f 9486/9486 9488/9488 9470/9470
f 9488/9488 9491/9491 9474/9474
f 9491/9491 9492/9492 9474/9474
f 9513/9513 9478/9478 9492/9492
f 9513/9513 9514/9514 9478/9478
f 8753/8753 8754/8754 8741/8741
f 8753/8753 8751/8751 8756/8756
f 8751/8751 9514/9514 8756/8756
f 9497/9497 9488/9488 9486/9486
f 9497/9497 9491/9491 9488/9488
f 9512/9512 9492/9492 9491/9491
f 9512/9512 9513/9513 9492/9492
f 9536/9536 9514/9514 9513/9513
f 8760/8760 8754/8754 8753/8753
f 8756/8756 8757/8757 8753/8753
f 9536/9536 8756/8756 9514/9514
f 9506/9506 9497/9497 9486/9486
f 9497/9497 9512/9512 9491/9491
f 9526/9526 9513/9513 9512/9512
f 9536/9536 9513/9513 9531/9531
f 8760/8760 8753/8753 8757/8757
f 8760/8760 8758/8758 8754/8754
f 8761/8761 8757/8757 8756/8756
f 9536/9536 8761/8761 8756/8756
f 9521/9521 9497/9497 9506/9506
f 9525/9525 9512/9512 9497/9497
f 9531/9531 9513/9513 9526/9526
f 9525/9525 9526/9526 9512/9512
f 9531/9531 9788/9788 9536/9536
f 8764/8764 8760/8760 8757/8757
f 10069/10069 8758/8758 8760/8760
f 8761/8761 8764/8764 8757/8757
f 9788/9788 8761/8761 9536/9536
f 9521/9521 9525/9525 9497/9497
f 9528/9528 9521/9521 9506/9506
f 9526/9526 9541/9541 9531/9531
f 9783/9783 9526/9526 9525/9525
f 9793/9793 9788/9788 9531/9531
f 8764/8764 10069/10069 8760/8760
f 10069/10069 8759/8759 8758/8758
f 10071/10071 8764/8764 8761/8761
f 9788/9788 10071/10071 8761/8761
f 9783/9783 9525/9525 9521/9521
f 9540/9540 9521/9521 9528/9528
f 9783/9783 9541/9541 9526/9526
f 9531/9531 9541/9541 9793/9793
f 9803/9803 9788/9788 9793/9793
f 10073/10073 10069/10069 8764/8764
f 10069/10069 10070/10070 8759/8759
f 10071/10071 10072/10072 8764/8764
f 9810/9810 10071/10071 9788/9788
f 9782/9782 9783/9783 9521/9521
f 9782/9782 9521/9521 9540/9540
f 9792/9792 9541/9541 9783/9783
f 9802/9802 9793/9793 9541/9541
f 9810/9810 9788/9788 9803/9803
f 9802/9802 9803/9803 9793/9793
f 10072/10072 10073/10073 8764/8764
f 10074/10074 10069/10069 10073/10073
f 10070/10070 11142/11142 8759/8759
f 10075/10075 10070/10070 10069/10069
f 10077/10077 10072/10072 10071/10071
f 9810/9810 10077/10077 10071/10071
f 9792/9792 9783/9783 9782/9782
f 9787/9787 9782/9782 9540/9540
f 9801/9801 9541/9541 9792/9792
f 9801/9801 9802/9802 9541/9541
f 9803/9803 10082/10082 9810/9810
f 9802/9802 9823/9823 9803/9803
f 10078/10078 10073/10073 10072/10072
f 10074/10074 10075/10075 10069/10069
f 10078/10078 10074/10074 10073/10073
f 11143/11143 11142/11142 10070/10070
f 10075/10075 11143/11143 10070/10070
f 10078/10078 10072/10072 10077/10077
f 10082/10082 10077/10077 9810/9810
f 9466/9466 9463/9463 9471/9471
f 9792/9792 9782/9782 9787/9787
f 9789/9789 9787/9787 9540/9540
f 9809/9809 9801/9801 9792/9792
f 9822/9822 9802/9802 9801/9801
f 9823/9823 10082/10082 9803/9803
f 9823/9823 9802/9802 9822/9822
f 10079/10079 10075/10075 10074/10074
f 10078/10078 10079/10079 10074/10074
f 10080/10080 11143/11143 10075/10075
f 10096/10096 10078/10078 10077/10077
f 10083/10083 10077/10077 10082/10082
f 9463/9463 9466/9466 9464/9464
f 9471/9471 9463/9463 9472/9472
f 9481/9481 9471/9471 9482/9482
f 9806/9806 9792/9792 9787/9787
f 9806/9806 9787/9787 9789/9789
f 9809/9809 9822/9822 9801/9801
f 9814/9814 9809/9809 9792/9792
f 10087/10087 10082/10082 9823/9823
f 9822/9822 9831/9831 9823/9823
f 10080/10080 10075/10075 10079/10079
f 10084/10084 10079/10079 10078/10078
f 10080/10080 11144/11144 11143/11143
f 10091/10091 10096/10096 10077/10077
f 10096/10096 10098/10098 10078/10078
f 10091/10091 10077/10077 10083/10083
f 10087/10087 10083/10083 10082/10082
f 9463/9463 9464/9464 9465/9465
f 9463/9463 9473/9473 9472/9472
f 9471/9471 9472/9472 9483/9483
f 9471/9471 9483/9483 9482/9482
f 9481/9481 9482/9482 9498/9498
f 9496/9496 9481/9481 9498/9498
f 9814/9814 9792/9792 9806/9806
f 9830/9830 9822/9822 9809/9809
f 9829/9829 9809/9809 9814/9814
f 10087/10087 9823/9823 9832/9832
f 9831/9831 9822/9822 9844/9844
f 9823/9823 9831/9831 9832/9832
f 10084/10084 10080/10080 10079/10079
f 10098/10098 10084/10084 10078/10078
f 11145/11145 11144/11144 10080/10080
f 11144/11144 11146/11146 11143/11143
f 10104/10104 10096/10096 10091/10091
f 10112/10112 10098/10098 10096/10096
f 10091/10091 10083/10083 10100/10100
f 10083/10083 10087/10087 10100/10100
f 9472/9472 9484/9484 9483/9483
f 9482/9482 9483/9483 9489/9489
f 9498/9498 9482/9482 9499/9499
f 9496/9496 9498/9498 9507/9507
f 9814/9814 9806/9806 9818/9818
f 9830/9830 9843/9843 9822/9822
f 9842/9842 9830/9830 9809/9809
f 9829/9829 9842/9842 9809/9809
f 9841/9841 9829/9829 9814/9814
f 9832/9832 9847/9847 10087/10087
f 9822/9822 9843/9843 9844/9844
f 9831/9831 9844/9844 9846/9846
f 9831/9831 9846/9846 9832/9832
f 10085/10085 10080/10080 10084/10084
f 10119/10119 10084/10084 10098/10098
f 10085/10085 11145/11145 10080/10080
f 10103/10103 10104/10104 10091/10091
f 10104/10104 10110/10110 10096/10096
f 10110/10110 10112/10112 10096/10096
f 10112/10112 10116/10116 10098/10098
f 10103/10103 10091/10091 10100/10100
f 10087/10087 10089/10089 10100/10100
f 9482/9482 9489/9489 9490/9490
f 9499/9499 9482/9482 9490/9490
f 9498/9498 9499/9499 9508/9508
f 9507/9507 9498/9498 9508/9508
f 9507/9507 9508/9508 9517/9517
f 9841/9841 9814/9814 9818/9818
f 9853/9853 9830/9830 9842/9842
f 9869/9869 9842/9842 9829/9829
f 9869/9869 9829/9829 9841/9841
f 9832/9832 9846/9846 9847/9847
f 9847/9847 10089/10089 10087/10087
f 9844/9844 9845/9845 9846/9846
f 10123/10123 10085/10085 10084/10084
f 10116/10116 10119/10119 10098/10098
f 10119/10119 10123/10123 10084/10084
f 10125/10125 11145/11145 10085/10085
f 10127/10127 10104/10104 10103/10103
f 10110/10110 10104/10104 10127/10127
f 10112/10112 10110/10110 10129/10129
f 10116/10116 10112/10112 10129/10129
f 10100/10100 10101/10101 10103/10103
f 10089/10089 10101/10101 10100/10100
f 9490/9490 9510/9510 9499/9499
f 9508/9508 9499/9499 9518/9518
f 9518/9518 9517/9517 9508/9508
f 9852/9852 9841/9841 9818/9818
f 9815/9815 9837/9837 9818/9818
f 9853/9853 9854/9854 9830/9830
f 9870/9870 9853/9853 9842/9842
f 9869/9869 9870/9870 9842/9842
f 9868/9868 9869/9869 9841/9841
f 9846/9846 9834/9834 9847/9847
f 9833/9833 10089/10089 9847/9847
f 9857/9857 9845/9845 9844/9844
f 9846/9846 9845/9845 9834/9834
f 10123/10123 10124/10124 10085/10085
f 10133/10133 10119/10119 10116/10116
f 10137/10137 10123/10123 10119/10119
f 11147/11147 11145/11145 10125/10125
f 10085/10085 10124/10124 10125/10125
f 10105/10105 10127/10127 10103/10103
f 10128/10128 10110/10110 10127/10127
f 10110/10110 10128/10128 10129/10129
f 10133/10133 10116/10116 10129/10129
f 10105/10105 10103/10103 10101/10101
f 10092/10092 10101/10101 10089/10089
f 9500/9500 9510/9510 9490/9490
f 9499/9499 9510/9510 9518/9518
f 9818/9818 9837/9837 9852/9852
f 9868/9868 9841/9841 9852/9852
f 9890/9890 9869/9869 9868/9868
f 9834/9834 9833/9833 9847/9847
f 10088/10088 10089/10089 9833/9833
f 9855/9855 9857/9857 9844/9844
f 9859/9859 9845/9845 9857/9857
f 9834/9834 9845/9845 9859/9859
f 10124/10124 10123/10123 10137/10137
f 10160/10160 10119/10119 10133/10133
f 10137/10137 10119/10119 10138/10138
f 11147/11147 10125/10125 10674/10674
f 10124/10124 10143/10143 10125/10125
f 10105/10105 10128/10128 10127/10127
f 10111/10111 10129/10129 10128/10128
f 10129/10129 10130/10130 10133/10133
f 10101/10101 10106/10106 10105/10105
f 10089/10089 10088/10088 10092/10092
f 10101/10101 10092/10092 10106/10106
f 9500/9500 9490/9490 9501/9501
f 9888/9888 9868/9868 9852/9852
f 9807/9807 9794/9794 9800/9800
f 9889/9889 9890/9890 9868/9868
f 9833/9833 9834/9834 9835/9835
f 9833/9833 9835/9835 10088/10088
f 9855/9855 9856/9856 9857/9857
f 9857/9857 9858/9858 9859/9859
f 9834/9834 9859/9859 9848/9848
f 10137/10137 10141/10141 10124/10124
f 10160/10160 10159/10159 10119/10119
f 10138/10138 10119/10119 10163/10163
f 10138/10138 10136/10136 10137/10137
f 10674/10674 10125/10125 10143/10143
f 11148/11148 11147/11147 10674/10674
f 10141/10141 10143/10143 10124/10124
f 10105/10105 10111/10111 10128/10128
f 10129/10129 10111/10111 10130/10130
f 10136/10136 10133/10133 10130/10130
f 10111/10111 10105/10105 10106/10106
f 10092/10092 10088/10088 10093/10093
f 10095/10095 10106/10106 10092/10092
f 9887/9887 9888/9888 9852/9852
f 9888/9888 9889/9889 9868/9868
f 9794/9794 9790/9790 9795/9795
f 9807/9807 9812/9812 9817/9817
f 9800/9800 9794/9794 9795/9795
f 9807/9807 9800/9800 9812/9812
f 9835/9835 9834/9834 9848/9848
f 9835/9835 10090/10090 10088/10088
f 9857/9857 9871/9871 9858/9858
f 9859/9859 9858/9858 9860/9860
f 9859/9859 9860/9860 9848/9848
f 10136/10136 10141/10141 10137/10137
f 10160/10160 10154/10154 10159/10159
f 10159/10159 10163/10163 10119/10119
f 10138/10138 10163/10163 10165/10165
f 10138/10138 10135/10135 10136/10136
f 10143/10143 10144/10144 10674/10674
f 10674/10674 10675/10675 11148/11148
f 10141/10141 10144/10144 10143/10143
f 10111/10111 10131/10131 10130/10130
f 10135/10135 10133/10133 10136/10136
f 10130/10130 10131/10131 10136/10136
f 10106/10106 10109/10109 10111/10111
f 10088/10088 10090/10090 10093/10093
f 10095/10095 10092/10092 10093/10093
f 10095/10095 10109/10109 10106/10106
f 9884/9884 9852/9852 9883/9883
f 9884/9884 9887/9887 9852/9852
f 9821/9821 9817/9817 9812/9812
f 9820/9820 9817/9817 9827/9827
f 9795/9795 9808/9808 9800/9800
f 9800/9800 9813/9813 9812/9812
f 9835/9835 9848/9848 9849/9849
f 10090/10090 9835/9835 9849/9849
f 9871/9871 9872/9872 9858/9858
f 9875/9875 9860/9860 9858/9858
f 9860/9860 9861/9861 9848/9848
f 10136/10136 10132/10132 10141/10141
f 10166/10166 10165/10165 10163/10163
f 10144/10144 10672/10672 10674/10674
f 10672/10672 10675/10675 10674/10674
f 10675/10675 11149/11149 11148/11148
f 10141/10141 10132/10132 10144/10144
f 10132/10132 10131/10131 10111/10111
f 10131/10131 10132/10132 10136/10136
f 10109/10109 10113/10113 10111/10111
f 10090/10090 10094/10094 10093/10093
f 10093/10093 10094/10094 10095/10095
f 10095/10095 10097/10097 10109/10109
f 9907/9907 9884/9884 9883/9883
f 9902/9902 9887/9887 9884/9884
f 9821/9821 9812/9812 9813/9813
f 9827/9827 9817/9817 9821/9821
f 9820/9820 9827/9827 9839/9839
f 9813/9813 9800/9800 9808/9808
f 9849/9849 9848/9848 9861/9861
f 9849/9849 10099/10099 10090/10090
f 9872/9872 9871/9871 9893/9893
f 9858/9858 9872/9872 9873/9873
f 9873/9873 9875/9875 9858/9858
f 9862/9862 9860/9860 9875/9875
f 9860/9860 9862/9862 9861/9861
f 10167/10167 10165/10165 10166/10166
f 10146/10146 10672/10672 10144/10144
f 10673/10673 10675/10675 10672/10672
f 10675/10675 10678/10678 11149/11149
f 10132/10132 10142/10142 10144/10144
f 10111/10111 10117/10117 10132/10132
f 10109/10109 10097/10097 10113/10113
f 10117/10117 10111/10111 10113/10113
f 10094/10094 10090/10090 10102/10102
f 10097/10097 10095/10095 10094/10094
f 9907/9907 9902/9902 9884/9884
f 9900/9900 9887/9887 9902/9902
f 9821/9821 9813/9813 8796/8796
f 9840/9840 9827/9827 9821/9821
f 9839/9839 9827/9827 9840/9840
f 9839/9839 9840/9840 9867/9867
f 9813/9813 9808/9808 8796/8796
f 9849/9849 9861/9861 9864/9864
f 9864/9864 10099/10099 9849/9849
f 10090/10090 10099/10099 10102/10102
f 9892/9892 9872/9872 9893/9893
f 9862/9862 9863/9863 9861/9861
f 10142/10142 10146/10146 10144/10144
f 10672/10672 10146/10146 10149/10149
f 10673/10673 10672/10672 10149/10149
f 10673/10673 10678/10678 10675/10675
f 11149/11149 10678/10678 11150/11150
f 10120/10120 10142/10142 10132/10132
f 10120/10120 10132/10132 10117/10117
f 10097/10097 10107/10107 10113/10113
f 10113/10113 10114/10114 10117/10117
f 10107/10107 10094/10094 10102/10102
f 10097/10097 10094/10094 10107/10107
f 10961/10961 9902/9902 9907/9907
f 10961/10961 9900/9900 9902/9902
f 9821/9821 8796/8796 9828/9828
f 9840/9840 9821/9821 9828/9828
f 9866/9866 9867/9867 9908/9908
f 9867/9867 9840/9840 9885/9885
f 9861/9861 9863/9863 9864/9864
f 10099/10099 9864/9864 9865/9865
f 10126/10126 10102/10102 10099/10099
f 9891/9891 9892/9892 9893/9893
f 10142/10142 10145/10145 10146/10146
f 10145/10145 10149/10149 10146/10146
f 10149/10149 10148/10148 10673/10673
f 10673/10673 10676/10676 10678/10678
f 10678/10678 10683/10683 11150/11150
f 10120/10120 10139/10139 10142/10142
f 10120/10120 10117/10117 10118/10118
f 10107/10107 10114/10114 10113/10113
f 10114/10114 10118/10118 10117/10117
f 10102/10102 10108/10108 10107/10107
f 10972/10972 10961/10961 9907/9907
f 9840/9840 9828/9828 9885/9885
f 9899/9899 9866/9866 9908/9908
f 9885/9885 9908/9908 9867/9867
f 9863/9863 9865/9865 9864/9864
f 9865/9865 10126/10126 10099/10099
f 10108/10108 10102/10102 10126/10126
f 10139/10139 10145/10145 10142/10142
f 10145/10145 10148/10148 10149/10149
f 10148/10148 10676/10676 10673/10673
f 10676/10676 10680/10680 10678/10678
f 10678/10678 10680/10680 10683/10683
f 11151/11151 11150/11150 10683/10683
f 10139/10139 10120/10120 10121/10121
f 10118/10118 10121/10121 10120/10120
f 10107/10107 10108/10108 10114/10114
f 10114/10114 10115/10115 10118/10118
f 10972/10972 9907/9907 10969/10969
f 10973/10973 10961/10961 10972/10972
f 9885/9885 9828/9828 9886/9886
f 9899/9899 9908/9908 10970/10970
f 10959/10959 9908/9908 9885/9885
f 9865/9865 9863/9863 9880/9880
f 10126/10126 9865/9865 9880/9880
f 10139/10139 10140/10140 10145/10145
f 10145/10145 10140/10140 10148/10148
f 10148/10148 10147/10147 10676/10676
f 10676/10676 10679/10679 10680/10680
f 10680/10680 10686/10686 10683/10683
f 10686/10686 11151/11151 10683/10683
f 10139/10139 10121/10121 10140/10140
f 10118/10118 10122/10122 10121/10121
f 10108/10108 10115/10115 10114/10114
f 10122/10122 10118/10118 10115/10115
f 10991/10991 10969/10969 10966/10966
f 10972/10972 10969/10969 10991/10991
f 10972/10972 10983/10983 10973/10973
f 9885/9885 9886/9886 10958/10958
f 9908/9908 10959/10959 10970/10970
f 9899/9899 10970/10970 10979/10979
f 10958/10958 10959/10959 9885/9885
f 10140/10140 10147/10147 10148/10148
f 10147/10147 10679/10679 10676/10676
f 10679/10679 10682/10682 10680/10680
f 10680/10680 10682/10682 10686/10686
f 10686/10686 11152/11152 11151/11151
f 10140/10140 10121/10121 10122/10122
f 10991/10991 10966/10966 10978/10978
f 10972/10972 10991/10991 11004/11004
f 10972/10972 11004/11004 10983/10983
f 10958/10958 9886/9886 10960/10960
f 10970/10970 10959/10959 10980/10980
f 10979/10979 10970/10970 10980/10980
f 10959/10959 10958/10958 10971/10971
f 10692/10692 10679/10679 10147/10147
f 10692/10692 10682/10682 10679/10679
f 11152/11152 10686/10686 10682/10682
f 11012/11012 10991/10991 10978/10978
f 11004/11004 10991/10991 11012/11012
f 10895/10895 10983/10983 11004/11004
f 10971/10971 10958/10958 10960/10960
f 10980/10980 10959/10959 10971/10971
f 10979/10979 10980/10980 11002/11002
f 10692/10692 11153/11153 10682/10682
f 11153/11153 11152/11152 10682/10682
f 10978/10978 10997/10997 11012/11012
f 10895/10895 11004/11004 11012/11012
f 10971/10971 10960/10960 10981/10981
f 10980/10980 10971/10971 10990/10990
f 11001/11001 10979/10979 11002/11002
f 11002/11002 10980/10980 11003/11003
f 10997/10997 11018/11018 11012/11012
f 10896/10896 10895/10895 11012/11012
f 10981/10981 10960/10960 10982/10982
f 10981/10981 10990/10990 10971/10971
f 10980/10980 10990/10990 11003/11003
f 11001/11001 11002/11002 11019/11019
f 11002/11002 11003/11003 11013/11013
f 11027/11027 11001/11001 11019/11019
f 11018/11018 10997/10997 11011/11011
f 11012/11012 11018/11018 11028/11028
f 10896/10896 11012/11012 11028/11028
f 10982/10982 10960/10960 3387/3387
f 10981/10981 10982/10982 11014/11014
f 11003/11003 10990/10990 10981/10981
f 11019/11019 11002/11002 11013/11013
f 11013/11013 11003/11003 11014/11014
f 11027/11027 11019/11019 11045/11045
f 11018/11018 11011/11011 11034/11034
f 11018/11018 11033/11033 11028/11028
f 10896/10896 11028/11028 11036/11036
f 10982/10982 3387/3387 3394/3394
f 11003/11003 10981/10981 11014/11014
f 10982/10982 3394/3394 11014/11014
f 11019/11019 11013/11013 11020/11020
f 11013/11013 11014/11014 11020/11020
f 11045/11045 11019/11019 11035/11035
f 11034/11034 11011/11011 11029/11029
f 11033/11033 11018/11018 11034/11034
f 11028/11028 11033/11033 11036/11036
f 11014/11014 3394/3394 11020/11020
f 11019/11019 11020/11020 11035/11035
f 11058/11058 11045/11045 11035/11035
f 11029/11029 11044/11044 11034/11034
f 11033/11033 11034/11034 11043/11043
f 11036/11036 11033/11033 11042/11042
f 11047/11047 11020/11020 3394/3394
f 11035/11035 11020/11020 11046/11046
f 11041/11041 11044/11044 11029/11029
f 11060/11060 11058/11058 11035/11035
f 11043/11043 11034/11034 11044/11044
f 11042/11042 11033/11033 11043/11043
f 11036/11036 11042/11042 11061/11061
f 11047/11047 11046/11046 11020/11020
f 11047/11047 3394/3394 3409/3409
f 11060/11060 11035/11035 11046/11046
f 11044/11044 11041/11041 11072/11072
f 11058/11058 11060/11060 11073/11073
f 11059/11059 11043/11043 11044/11044
f 11042/11042 11043/11043 11059/11059
f 11061/11061 11042/11042 11059/11059
f 3415/3415 11046/11046 11047/11047
f 3415/3415 11047/11047 3409/3409
f 11046/11046 11074/11074 11060/11060
f 11059/11059 11044/11044 11072/11072
f 11060/11060 11087/11087 11073/11073
f 11061/11061 11059/11059 8533/8533
f 11074/11074 11046/11046 3415/3415
f 11060/11060 11074/11074 11090/11090
f 11059/11059 11072/11072 8533/8533
f 11073/11073 11087/11087 11086/11086
f 11087/11087 11060/11060 11090/11090
f 11074/11074 3415/3415 11075/11075
f 11090/11090 11074/11074 3439/3439
f 11075/11075 3415/3415 3426/3426
f 11074/11074 11075/11075 3439/3439
f 3439/3439 11075/11075 3426/3426
f 3372/3372 3373/3373 3374/3374
f 3373/3373 3372/3372 3388/3388
f 3373/3373 3375/3375 3374/3374
f 3372/3372 3374/3374 3390/3390
f 3389/3389 3373/3373 3388/3388
f 3388/3388 3372/3372 3396/3396
f 3389/3389 3375/3375 3373/3373
f 3375/3375 8797/8797 3374/3374
f 3390/3390 3374/3374 3391/3391
f 3396/3396 3372/3372 3390/3390
f 3386/3386 3389/3389 3388/3388
f 3399/3399 3388/3388 3396/3396
f 3389/3389 8786/8786 3375/3375
f 3375/3375 8788/8788 8797/8797
f 3374/3374 8797/8797 3376/3376
f 3374/3374 3378/3378 3391/3391
f 3390/3390 3391/3391 3397/3397
f 3396/3396 3390/3390 3400/3400
f 11154/11154 3386/3386 3388/3388
f 3386/3386 8795/8795 3389/3389
f 3395/3395 3388/3388 3399/3399
f 3399/3399 3396/3396 3406/3406
f 8786/8786 8787/8787 3375/3375
f 8795/8795 8786/8786 3389/3389
f 3375/3375 8787/8787 8788/8788
f 8797/8797 8788/8788 8793/8793
f 3374/3374 3376/3376 3378/3378
f 8797/8797 3377/3377 3376/3376
f 3391/3391 3378/3378 3379/3379
f 3391/3391 3393/3393 3397/3397
f 3401/3401 3390/3390 3397/3397
f 3400/3400 3390/3390 3401/3401
f 3396/3396 3400/3400 3403/3403
f 3385/3385 3386/3386 11154/11154
f 3395/3395 11154/11154 3388/3388
f 3385/3385 8795/8795 3386/3386
f 3398/3398 3395/3395 3399/3399
f 3396/3396 3403/3403 3406/3406
f 3411/3411 3399/3399 3406/3406
f 8787/8787 8781/8781 8788/8788
f 8788/8788 8781/8781 8793/8793
f 8797/8797 8793/8793 3377/3377
f 3376/3376 3377/3377 3378/3378
f 3378/3378 3377/3377 3379/3379
f 3391/3391 3379/3379 3393/3393
f 3397/3397 3393/3393 3405/3405
f 3401/3401 3397/3397 3404/3404
f 3403/3403 3400/3400 3401/3401
f 11155/11155 3385/3385 11154/11154
f 11156/11156 11154/11154 3395/3395
f 11157/11157 8795/8795 3385/3385
f 11156/11156 3395/3395 3398/3398
f 3398/3398 3399/3399 3410/3410
f 3406/3406 3403/3403 3407/3407
f 3410/3410 3399/3399 3411/3411
f 3421/3421 3411/3411 3406/3406
f 8781/8781 8784/8784 8793/8793
f 3377/3377 8793/8793 3380/3380
f 3377/3377 3380/3380 3379/3379
f 3379/3379 3392/3392 3393/3393
f 3405/3405 3393/3393 3402/3402
f 3404/3404 3397/3397 3405/3405
f 3404/3404 3407/3407 3401/3401
f 3401/3401 3407/3407 3403/3403
f 11155/11155 11157/11157 3385/3385
f 11158/11158 8795/8795 11157/11157
f 11156/11156 3398/3398 11159/11159
f 11159/11159 3398/3398 3410/3410
f 3413/3413 3406/3406 3407/3407
f 3417/3417 3410/3410 3411/3411
f 3421/3421 3420/3420 3411/3411
f 3413/3413 3421/3421 3406/3406
f 8793/8793 8784/8784 8791/8791
f 8793/8793 8791/8791 3380/3380
f 3379/3379 3380/3380 3381/3381
f 3379/3379 3381/3381 3392/3392
f 3393/3393 3392/3392 3402/3402
f 3408/3408 3405/3405 3402/3402
f 3404/3404 3405/3405 3412/3412
f 3407/3407 3404/3404 3414/3414
f 11159/11159 3410/3410 3416/3416
f 3413/3413 3407/3407 3414/3414
f 3416/3416 3410/3410 3417/3417
f 3417/3417 3411/3411 3420/3420
f 3420/3420 3421/3421 3425/3425
f 3422/3422 3421/3421 3413/3413
f 8784/8784 8785/8785 8791/8791
f 3380/3380 8791/8791 8798/8798
f 3380/3380 3382/3382 3381/3381
f 3381/3381 3382/3382 3392/3392
f 3402/3402 3392/3392 3383/3383
f 3419/3419 3405/3405 3408/3408
f 3402/3402 7559/7559 3408/3408
f 3412/3412 3405/3405 3418/3418
f 3404/3404 3412/3412 3414/3414
f 11160/11160 11159/11159 3416/3416
f 3423/3423 3413/3413 3414/3414
f 3417/3417 3428/3428 3416/3416
f 3417/3417 3420/3420 3428/3428
f 3425/3425 3421/3421 3422/3422
f 3436/3436 3420/3420 3425/3425
f 3422/3422 3413/3413 3423/3423
f 8784/8784 8777/8777 8785/8785
f 8791/8791 8785/8785 8789/8789
f 8794/8794 8798/8798 8791/8791
f 3380/3380 8798/8798 3382/3382
f 3392/3392 3382/3382 3383/3383
f 3402/3402 3383/3383 7553/7553
f 3418/3418 3405/3405 3419/3419
f 3419/3419 3408/3408 7567/7567
f 7553/7553 7559/7559 3402/3402
f 7559/7559 7563/7563 3408/3408
f 3432/3432 3412/3412 3418/3418
f 3424/3424 3414/3414 3412/3412
f 11160/11160 3416/3416 3427/3427
f 3423/3423 3414/3414 3424/3424
f 3428/3428 3427/3427 3416/3416
f 3435/3435 3428/3428 3420/3420
f 3425/3425 3422/3422 3430/3430
f 3436/3436 3435/3435 3420/3420
f 3436/3436 3425/3425 3442/3442
f 3422/3422 3423/3423 3430/3430
f 8777/8777 8780/8780 8785/8785
f 8785/8785 8780/8780 8789/8789
f 8791/8791 8789/8789 8794/8794
f 8794/8794 8792/8792 8798/8798
f 8798/8798 3384/3384 3382/3382
f 3383/3383 3382/3382 3384/3384
f 3383/3383 7547/7547 7553/7553
f 3418/3418 3419/3419 3433/3433
f 3408/3408 7563/7563 7567/7567
f 7567/7567 7571/7571 3419/3419
f 7559/7559 7553/7553 7557/7557
f 7559/7559 7557/7557 7563/7563
f 3432/3432 3429/3429 3412/3412
f 3432/3432 3418/3418 3441/3441
f 3424/3424 3412/3412 3429/3429
f 11161/11161 11160/11160 3427/3427
f 3423/3423 3424/3424 3430/3430
f 3434/3434 3427/3427 3428/3428
f 3434/3434 3428/3428 3435/3435
f 3425/3425 3430/3430 3437/3437
f 3436/3436 3442/3442 3435/3435
f 3442/3442 3425/3425 3443/3443
f 8789/8789 8780/8780 8782/8782
f 8794/8794 8789/8789 8790/8790
f 8790/8790 8792/8792 8794/8794
f 7535/7535 8798/8798 8792/8792
f 7535/7535 3384/3384 8798/8798
f 3384/3384 7547/7547 3383/3383
f 7553/7553 7547/7547 7549/7549
f 3433/3433 3419/3419 7571/7571
f 3418/3418 3433/3433 3441/3441
f 7564/7564 7567/7567 7563/7563
f 7571/7571 7567/7567 7570/7570
f 7553/7553 7549/7549 7557/7557
f 7563/7563 7557/7557 7564/7564
f 3447/3447 3429/3429 3432/3432
f 3441/3441 5279/5279 3432/3432
f 3438/3438 3424/3424 3429/3429
f 3431/3431 11161/11161 3427/3427
f 3438/3438 3430/3430 3424/3424
f 3440/3440 3427/3427 3434/3434
f 3434/3434 3435/3435 3446/3446
f 3437/3437 3430/3430 3438/3438
f 3443/3443 3425/3425 3437/3437
f 3446/3446 3435/3435 3442/3442
f 5278/5278 3442/3442 3443/3443
f 8780/8780 8772/8772 8782/8782
f 8789/8789 8782/8782 8790/8790
f 8792/8792 8790/8790 8783/8783
f 8792/8792 7522/7522 7535/7535
f 7539/7539 3384/3384 7535/7535
f 3384/3384 7539/7539 7547/7547
f 7549/7549 7547/7547 7548/7548
f 3433/3433 7571/7571 7576/7576
f 3441/3441 3433/3433 5276/5276
f 7564/7564 7570/7570 7567/7567
f 7570/7570 7574/7574 7571/7571
f 7550/7550 7557/7557 7549/7549
f 7557/7557 7562/7562 7564/7564
f 3429/3429 3447/3447 3438/3438
f 3447/3447 3432/3432 5279/5279
f 5279/5279 3441/3441 5276/5276
f 3431/3431 11162/11162 11161/11161
f 3427/3427 3440/3440 3431/3431
f 3440/3440 3434/3434 3445/3445
f 3445/3445 3434/3434 3446/3446
f 3437/3437 3438/3438 3448/3448
f 3443/3443 3437/3437 3448/3448
f 3446/3446 3442/3442 5278/5278
f 5278/5278 3443/3443 5284/5284
f 8772/8772 8778/8778 8782/8782
f 8782/8782 8783/8783 8790/8790
f 8783/8783 7522/7522 8792/8792
f 7535/7535 7522/7522 7532/7532
f 7535/7535 7532/7532 7539/7539
f 7547/7547 7539/7539 7544/7544
f 7547/7547 7544/7544 7548/7548
f 7549/7549 7548/7548 7540/7540
f 7576/7576 7571/7571 7574/7574
f 5276/5276 3433/3433 7576/7576
f 7570/7570 7564/7564 7565/7565
f 7574/7574 7570/7570 7598/7598
f 7549/7549 7540/7540 7550/7550
f 7554/7554 7557/7557 7550/7550
f 7554/7554 7562/7562 7557/7557
f 7562/7562 7565/7565 7564/7564
f 3448/3448 3438/3438 3447/3447
f 5283/5283 3447/3447 5279/5279
f 5279/5279 5276/5276 5281/5281
f 11162/11162 3431/3431 3440/3440
f 3444/3444 3440/3440 3445/3445
f 3445/3445 3446/3446 5282/5282
f 3443/3443 3448/3448 5285/5285
f 3446/3446 5278/5278 5282/5282
f 5284/5284 3443/3443 5285/5285
f 5284/5284 5282/5282 5278/5278
f 8772/8772 8773/8773 8778/8778
f 8782/8782 8778/8778 8783/8783
f 8783/8783 7516/7516 7522/7522
f 7522/7522 7523/7523 7532/7532
f 7539/7539 7532/7532 7536/7536
f 7539/7539 7536/7536 7544/7544
f 7544/7544 7540/7540 7548/7548
f 5276/5276 7576/7576 7574/7574
f 7572/7572 7570/7570 7565/7565
f 7598/7598 7570/7570 7599/7599
f 7600/7600 7574/7574 7598/7598
f 7550/7550 7540/7540 7545/7545
f 7551/7551 7554/7554 7550/7550
f 7562/7562 7554/7554 7560/7560
f 7565/7565 7562/7562 7560/7560
f 3447/3447 5283/5283 3448/3448
f 5288/5288 5283/5283 5279/5279
f 5281/5281 5276/5276 7600/7600
f 5279/5279 5281/5281 5289/5289
f 11162/11162 3440/3440 3444/3444
f 5277/5277 3444/3444 3445/3445
f 5280/5280 3445/3445 5282/5282
f 3448/3448 5283/5283 5285/5285
f 5295/5295 5284/5284 5285/5285
f 5282/5282 5284/5284 5294/5294
f 7516/7516 8778/8778 8773/8773
f 8778/8778 7516/7516 8783/8783
f 7522/7522 7516/7516 7523/7523
f 7532/7532 7523/7523 7536/7536
f 7544/7544 7536/7536 7540/7540
f 7600/7600 5276/5276 7574/7574
f 7565/7565 7568/7568 7572/7572
f 7570/7570 7572/7572 7599/7599
f 7599/7599 7601/7601 7598/7598
f 7600/7600 7598/7598 7601/7601
f 7545/7545 7540/7540 7541/7541
f 7545/7545 7551/7551 7550/7550
f 7554/7554 7551/7551 7556/7556
f 7554/7554 7556/7556 7560/7560
f 7565/7565 7560/7560 7568/7568
f 5288/5288 5291/5291 5283/5283
f 5288/5288 5279/5279 5289/5289
f 5281/5281 7600/7600 7604/7604
f 7609/7609 5289/5289 5281/5281
f 8544/8544 11162/11162 3444/3444
f 5277/5277 3445/3445 5280/5280
f 5290/5290 5280/5280 5282/5282
f 5297/5297 5285/5285 5283/5283
f 5295/5295 5294/5294 5284/5284
f 5297/5297 5295/5295 5285/5285
f 5293/5293 5282/5282 5294/5294
f 7507/7507 7516/7516 8773/8773
f 7516/7516 7517/7517 7523/7523
f 7523/7523 7524/7524 7536/7536
f 7540/7540 7536/7536 7541/7541
f 7572/7572 7568/7568 7569/7569
f 7572/7572 7597/7597 7599/7599
f 7601/7601 7599/7599 7602/7602
f 7600/7600 7601/7601 7606/7606
f 7545/7545 7541/7541 7546/7546
f 7551/7551 7545/7545 7552/7552
f 7551/7551 7555/7555 7556/7556
f 7560/7560 7556/7556 7561/7561
f 7560/7560 7561/7561 7568/7568
f 5291/5291 5288/5288 5289/5289
f 5283/5283 5291/5291 5296/5296
f 7604/7604 7600/7600 7606/7606
f 7609/7609 5281/5281 7604/7604
f 5300/5300 5289/5289 7609/7609
f 5277/5277 5280/5280 5287/5287
f 5287/5287 5280/5280 5290/5290
f 5290/5290 5282/5282 5293/5293
f 5283/5283 5296/5296 5297/5297
f 5294/5294 5295/5295 5303/5303
f 5297/5297 5304/5304 5295/5295
f 5302/5302 5293/5293 5294/5294
f 7507/7507 7511/7511 7516/7516
f 7516/7516 7511/7511 7517/7517
f 7523/7523 7517/7517 7524/7524
f 7536/7536 7524/7524 7533/7533
f 7536/7536 7533/7533 7541/7541
f 7568/7568 7561/7561 7569/7569
f 7572/7572 7569/7569 7575/7575
f 7572/7572 7575/7575 7597/7597
f 7599/7599 7597/7597 7603/7603
f 7599/7599 7603/7603 7602/7602
f 7601/7601 7602/7602 7608/7608
f 7606/7606 7601/7601 7607/7607
f 7541/7541 7542/7542 7546/7546
f 7545/7545 7546/7546 7552/7552
f 7555/7555 7551/7551 7552/7552
f 7561/7561 7556/7556 7555/7555
f 5291/5291 5289/5289 5300/5300
f 5296/5296 5291/5291 5307/5307
f 7613/7613 7604/7604 7606/7606
f 7612/7612 7609/7609 7604/7604
f 5300/5300 7609/7609 7612/7612
f 5286/5286 5277/5277 5287/5287
f 5292/5292 5287/5287 5290/5290
f 5290/5290 5293/5293 5299/5299
f 5297/5297 5296/5296 5306/5306
f 5303/5303 5295/5295 5304/5304
f 5308/5308 5294/5294 5303/5303
f 5297/5297 5305/5305 5304/5304
f 5299/5299 5293/5293 5302/5302
f 5302/5302 5294/5294 5308/5308
f 7507/7507 7494/7494 7511/7511
f 7517/7517 7511/7511 7518/7518
f 7524/7524 7517/7517 7518/7518
f 7524/7524 7529/7529 7533/7533
f 7541/7541 7533/7533 7537/7537
f 7561/7561 7566/7566 7569/7569
f 7569/7569 7573/7573 7575/7575
f 7597/7597 7575/7575 5993/5993
f 7603/7603 7597/7597 5994/5994
f 7602/7602 7603/7603 7608/7608
f 7607/7607 7601/7601 7608/7608
f 7606/7606 7607/7607 7613/7613
f 7542/7542 7541/7541 7543/7543
f 7546/7546 7542/7542 5967/5967
f 7546/7546 5967/5967 7552/7552
f 7555/7555 7552/7552 7558/7558
f 7561/7561 7555/7555 7566/7566
f 5307/5307 5291/5291 5300/5300
f 5306/5306 5296/5296 5307/5307
f 7604/7604 7613/7613 7617/7617
f 7612/7612 7604/7604 7617/7617
f 5309/5309 5300/5300 7612/7612
f 5292/5292 5290/5290 5299/5299
f 5305/5305 5297/5297 5306/5306
f 5303/5303 5304/5304 5312/5312
f 5308/5308 5303/5303 5311/5311
f 5304/5304 5305/5305 5312/5312
f 5301/5301 5299/5299 5302/5302
f 5310/5310 5302/5302 5308/5308
f 7511/7511 7494/7494 7508/7508
f 7518/7518 7511/7511 7508/7508
f 7524/7524 7518/7518 7529/7529
f 7533/7533 7529/7529 7534/7534
f 7533/7533 7534/7534 7537/7537
f 7543/7543 7541/7541 7537/7537
f 7569/7569 7566/7566 7573/7573
f 7575/7575 7573/7573 5993/5993
f 7597/7597 5993/5993 5994/5994
f 5994/5994 7605/7605 7603/7603
f 7608/7608 7603/7603 7605/7605
f 7607/7607 7608/7608 7614/7614
f 7613/7613 7607/7607 7616/7616
f 7542/7542 7543/7543 5959/5959
f 5967/5967 7542/7542 5959/5959
f 7552/7552 5967/5967 5966/5966
f 7558/7558 7552/7552 5966/5966
f 7555/7555 7558/7558 7566/7566
f 5307/5307 5300/5300 5309/5309
f 5306/5306 5307/5307 5313/5313
f 7617/7617 7613/7613 7621/7621
f 7620/7620 7612/7612 7617/7617
f 5309/5309 7612/7612 7620/7620
f 5298/5298 5292/5292 5299/5299
f 5305/5305 5306/5306 5313/5313
f 5311/5311 5303/5303 5312/5312
f 5308/5308 5311/5311 5325/5325
f 5312/5312 5305/5305 5313/5313
f 5310/5310 5308/5308 5318/5318
f 7518/7518 7508/7508 7514/7514
f 7529/7529 7518/7518 7525/7525
f 7529/7529 7525/7525 7534/7534
f 7537/7537 7534/7534 7538/7538
f 7538/7538 7543/7543 7537/7537
f 7573/7573 7566/7566 5983/5983
f 7573/7573 5987/5987 5993/5993
f 5994/5994 5993/5993 5995/5995
f 7605/7605 5994/5994 7610/7610
f 7608/7608 7605/7605 7611/7611
f 7614/7614 7608/7608 7615/7615
f 7607/7607 7614/7614 7616/7616
f 7621/7621 7613/7613 7616/7616
f 7543/7543 5960/5960 5959/5959
f 5967/5967 5959/5959 5968/5968
f 5966/5966 5967/5967 5968/5968
f 7558/7558 5966/5966 5975/5975
f 7566/7566 7558/7558 5978/5978
f 5307/5307 5309/5309 5314/5314
f 5313/5313 5307/5307 5314/5314
f 7617/7617 7621/7621 7625/7625
f 7620/7620 7617/7617 7624/7624
f 5314/5314 5309/5309 7620/7620
f 5311/5311 5312/5312 5319/5319
f 5318/5318 5308/5308 5325/5325
f 5325/5325 5311/5311 5319/5319
f 5312/5312 5313/5313 5320/5320
f 5317/5317 5310/5310 5318/5318
f 7518/7518 7514/7514 7521/7521
f 7518/7518 7521/7521 7525/7525
f 7534/7534 7525/7525 7530/7530
f 7534/7534 7530/7530 7538/7538
f 7543/7543 7538/7538 5960/5960
f 5983/5983 7566/7566 5978/5978
f 7573/7573 5983/5983 5987/5987
f 5987/5987 5990/5990 5993/5993
f 5995/5995 5993/5993 5996/5996
f 7610/7610 5994/5994 5995/5995
f 7605/7605 7610/7610 6007/6007
f 7605/7605 6007/6007 7611/7611
f 7608/7608 7611/7611 7615/7615
f 7614/7614 7615/7615 7618/7618
f 7616/7616 7614/7614 7618/7618
f 7616/7616 7626/7626 7621/7621
f 5959/5959 5960/5960 5952/5952
f 5968/5968 5959/5959 5964/5964
f 5975/5975 5966/5966 5968/5968
f 7558/7558 5975/5975 5978/5978
f 5321/5321 5313/5313 5314/5314
f 7624/7624 7617/7617 7625/7625
f 7625/7625 7621/7621 7629/7629
f 7623/7623 7620/7620 7624/7624
f 5314/5314 7620/7620 7623/7623
f 5319/5319 5312/5312 5320/5320
f 5318/5318 5325/5325 5328/5328
f 5325/5325 5319/5319 5329/5329
f 5320/5320 5313/5313 5321/5321
f 5317/5317 5316/5316 5310/5310
f 5317/5317 5318/5318 5327/5327
f 7521/7521 7514/7514 7519/7519
f 7525/7525 7521/7521 7530/7530
f 7538/7538 7530/7530 7531/7531
f 7538/7538 5953/5953 5960/5960
f 5983/5983 5978/5978 5979/5979
f 5987/5987 5983/5983 5988/5988
f 5987/5987 5988/5988 5990/5990
f 5993/5993 5990/5990 5996/5996
f 5995/5995 5996/5996 5998/5998
f 7610/7610 5995/5995 6001/6001
f 6007/6007 7610/7610 6001/6001
f 7611/7611 6007/6007 6013/6013
f 7615/7615 7611/7611 7619/7619
f 7618/7618 7615/7615 7622/7622
f 7616/7616 7618/7618 7622/7622
f 7626/7626 7616/7616 7622/7622
f 7629/7629 7621/7621 7626/7626
f 5960/5960 5953/5953 5952/5952
f 5952/5952 5961/5961 5959/5959
f 5959/5959 5961/5961 5964/5964
f 5968/5968 5964/5964 5974/5974
f 5975/5975 5968/5968 5977/5977
f 5978/5978 5975/5975 5977/5977
f 5321/5321 5314/5314 5331/5331
f 7624/7624 7625/7625 7630/7630
f 7625/7625 7629/7629 9228/9228
f 7623/7623 7624/7624 7630/7630
f 5331/5331 5314/5314 7623/7623
f 5319/5319 5320/5320 5330/5330
f 5327/5327 5318/5318 5328/5328
f 5328/5328 5325/5325 5329/5329
f 5329/5329 5319/5319 5330/5330
f 5320/5320 5321/5321 5331/5331
f 5315/5315 5316/5316 5317/5317
f 5326/5326 5317/5317 5327/5327
f 7521/7521 7519/7519 7526/7526
f 7521/7521 7526/7526 7530/7530
f 7530/7530 7527/7527 7531/7531
f 7538/7538 7531/7531 5953/5953
f 5978/5978 5977/5977 5979/5979
f 5983/5983 5979/5979 5988/5988
f 5990/5990 5988/5988 5991/5991
f 5996/5996 5990/5990 5997/5997
f 5998/5998 5996/5996 5999/5999
f 5995/5995 5998/5998 6002/6002
f 6001/6001 5995/5995 6002/6002
f 6007/6007 6001/6001 6008/6008
f 6008/6008 6013/6013 6007/6007
f 7619/7619 7611/7611 6013/6013
f 7627/7627 7615/7615 7619/7619
f 7622/7622 7615/7615 7627/7627
f 7626/7626 7622/7622 7628/7628
f 7626/7626 7628/7628 7629/7629
f 5952/5952 5953/5953 5954/5954
f 5952/5952 5954/5954 5961/5961
f 5964/5964 5961/5961 5965/5965
f 5974/5974 5964/5964 5972/5972
f 5977/5977 5968/5968 5974/5974
f 7630/7630 7625/7625 9228/9228
f 9228/9228 7629/7629 9229/9229
f 5330/5330 5320/5320 5331/5331
f 5327/5327 5328/5328 5336/5336
f 5326/5326 5315/5315 5317/5317
f 5336/5336 5326/5326 5327/5327
f 7526/7526 7519/7519 7527/7527
f 7526/7526 7527/7527 7530/7530
f 7531/7531 7527/7527 9177/9177
f 5953/5953 7531/7531 9177/9177
f 5979/5979 5977/5977 5984/5984
f 5979/5979 5984/5984 5988/5988
f 5988/5988 5989/5989 5991/5991
f 5990/5990 5991/5991 5997/5997
f 5996/5996 5997/5997 5999/5999
f 5998/5998 5999/5999 6006/6006
f 6002/6002 5998/5998 6006/6006
f 6001/6001 6002/6002 6005/6005
f 6008/6008 6001/6001 6005/6005
f 6013/6013 6008/6008 6014/6014
f 7619/7619 6013/6013 6018/6018
f 7627/7627 7619/7619 5438/5438
f 7622/7622 7627/7627 7628/7628
f 7629/7629 7628/7628 9230/9230
f 5953/5953 9178/9178 5954/5954
f 5961/5961 5954/5954 5962/5962
f 5965/5965 5961/5961 5962/5962
f 5964/5964 5965/5965 5972/5972
f 5974/5974 5972/5972 5976/5976
f 5977/5977 5974/5974 5980/5980
f 9229/9229 7629/7629 9230/9230
f 5324/5324 5315/5315 5326/5326
f 5335/5335 5326/5326 5336/5336
f 7527/7527 7519/7519 7528/7528
f 9177/9177 7527/7527 9174/9174
f 9178/9178 5953/5953 9177/9177
f 5977/5977 5980/5980 5984/5984
f 5988/5988 5984/5984 5989/5989
f 5991/5991 5989/5989 5992/5992
f 5997/5997 5991/5991 6000/6000
f 5999/5999 5997/5997 6000/6000
f 6006/6006 5999/5999 6003/6003
f 6005/6005 6002/6002 6006/6006
f 6008/6008 6005/6005 6014/6014
f 6013/6013 6014/6014 6018/6018
f 7619/7619 6018/6018 5438/5438
f 7627/7627 5438/5438 5437/5437
f 7628/7628 7627/7627 9226/9226
f 9230/9230 7628/7628 9226/9226
f 5954/5954 9178/9178 5955/5955
f 5954/5954 5956/5956 5962/5962
f 5965/5965 5962/5962 5969/5969
f 5972/5972 5965/5965 5973/5973
f 5972/5972 5973/5973 5976/5976
f 5974/5974 5976/5976 5980/5980
f 9229/9229 9230/9230 5448/5448
f 5326/5326 5322/5322 5324/5324
f 5322/5322 5326/5326 5335/5335
f 7527/7527 7528/7528 9174/9174
f 9177/9177 9174/9174 9178/9178
f 5984/5984 5980/5980 5985/5985
f 5984/5984 5985/5985 5989/5989
f 5992/5992 5989/5989 5986/5986
f 6000/6000 5991/5991 5992/5992
f 5999/5999 6000/6000 6003/6003
f 6006/6006 6003/6003 6012/6012
f 6010/6010 6005/6005 6006/6006
f 6014/6014 6005/6005 6010/6010
f 6014/6014 6015/6015 6018/6018
f 5438/5438 6018/6018 5434/5434
f 5434/5434 5437/5437 5438/5438
f 9226/9226 7627/7627 5437/5437
f 9230/9230 9226/9226 5448/5448
f 5954/5954 5955/5955 5956/5956
f 9178/9178 9176/9176 5955/5955
f 5962/5962 5956/5956 5963/5963
f 5962/5962 5963/5963 5969/5969
f 5965/5965 5969/5969 5973/5973
f 5980/5980 5976/5976 5981/5981
f 5322/5322 5323/5323 5324/5324
f 5334/5334 5322/5322 5335/5335
f 9176/9176 9178/9178 9174/9174
f 5985/5985 5980/5980 5982/5982
f 5989/5989 5985/5985 5986/5986
f 6000/6000 5992/5992 6004/6004
f 6003/6003 6000/6000 6004/6004
f 6011/6011 6006/6006 6012/6012
f 6012/6012 6003/6003 6009/6009
f 6010/6010 6006/6006 6011/6011
f 6014/6014 6010/6010 6015/6015
f 6015/6015 5436/5436 6018/6018
f 5436/5436 5434/5434 6018/6018
f 5437/5437 5434/5434 5433/5433
f 9226/9226 5437/5437 5441/5441
f 9226/9226 5441/5441 5448/5448
f 5956/5956 5955/5955 5957/5957
f 5955/5955 9176/9176 5958/5958
f 5956/5956 5957/5957 5963/5963
f 5969/5969 5963/5963 5970/5970
f 5980/5980 5981/5981 5982/5982
f 5333/5333 5322/5322 5334/5334
f 5985/5985 5982/5982 5986/5986
f 6003/6003 6004/6004 6009/6009
f 6011/6011 6012/6012 6017/6017
f 6010/6010 6011/6011 6016/6016
f 6015/6015 6010/6010 6016/6016
f 6015/6015 6016/6016 5436/5436
f 5434/5434 5436/5436 5435/5435
f 5433/5433 5434/5434 5435/5435
f 5437/5437 5433/5433 5442/5442
f 5441/5441 5437/5437 5442/5442
f 5448/5448 5441/5441 5446/5446
f 5955/5955 5958/5958 5957/5957
f 9176/9176 9175/9175 5958/5958
f 5971/5971 5969/5969 5970/5970
f 5332/5332 5333/5333 5334/5334
f 6016/6016 6011/6011 6017/6017
f 6017/6017 6012/6012 6019/6019
f 5436/5436 6016/6016 5435/5435
f 5433/5433 5435/5435 5439/5439
f 5442/5442 5433/5433 5443/5443
f 5441/5441 5442/5442 5447/5447
f 5446/5446 5441/5441 5447/5447
f 5448/5448 5446/5446 5449/5449
f 6016/6016 6017/6017 6020/6020
f 6019/6019 6022/6022 6017/6017
f 5435/5435 6016/6016 6020/6020
f 5439/5439 5435/5435 5440/5440
f 5433/5433 5439/5439 5443/5443
f 5447/5447 5442/5442 5443/5443
f 5446/5446 5447/5447 5450/5450
f 5449/5449 5446/5446 5450/5450
f 6017/6017 6022/6022 6020/6020
f 6019/6019 6021/6021 6022/6022
f 5435/5435 6020/6020 5440/5440
f 5439/5439 5440/5440 5445/5445
f 5443/5443 5439/5439 5444/5444
f 5447/5447 5443/5443 5451/5451
f 5450/5450 5447/5447 5451/5451
f 5450/5450 5453/5453 5449/5449
f 5444/5444 5439/5439 5445/5445
f 5443/5443 5444/5444 5452/5452
f 5451/5451 5443/5443 5452/5452
f 5459/5459 5450/5450 5451/5451
f 5453/5453 5450/5450 5459/5459
f 5444/5444 5445/5445 5455/5455
f 5452/5452 5444/5444 5455/5455
f 5451/5451 5452/5452 5454/5454
f 5459/5459 5451/5451 5462/5462
f 5460/5460 5452/5452 5455/5455
f 5454/5454 5452/5452 5460/5460
f 5462/5462 5451/5451 5454/5454
f 5460/5460 5455/5455 5463/5463
f 5464/5464 5454/5454 5460/5460
f 5462/5462 5454/5454 5464/5464
f 5464/5464 5460/5460 5463/5463
f 7072/7072 11167/11167 11169/11169
f 7072/7072 11169/11169 7071/7071
f 7071/7071 11169/11169 11171/11171
f 7071/7071 7118/7118 7119/7119
f 7071/7071 11171/11171 7092/7092
f 7092/7092 7118/7118 7071/7071
f 7138/7138 7119/7119 7118/7118
f 7092/7092 11171/11171 7090/7090
f 7092/7092 7104/7104 7118/7118
f 7143/7143 7138/7138 7118/7118
f 7147/7147 7138/7138 7143/7143
f 11174/11174 7090/7090 11171/11171
f 7104/7104 7092/7092 7090/7090
f 7104/7104 7137/7137 7118/7118
f 7143/7143 7118/7118 7141/7141
f 7147/7147 7143/7143 7146/7146
f 7147/7147 7146/7146 7153/7153
f 7090/7090 11174/11174 11176/11176
f 7104/7104 7090/7090 7115/7115
f 7115/7115 7137/7137 7104/7104
f 7141/7141 7118/7118 7137/7137
f 7146/7146 7143/7143 7141/7141
f 7148/7148 7153/7153 7146/7146
f 9634/9634 7153/7153 9624/9624
f 7115/7115 7090/7090 11176/11176
f 7115/7115 7134/7134 7137/7137
f 7145/7145 7146/7146 7141/7141
f 7148/7148 7146/7146 7145/7145
f 9624/9624 7153/7153 7148/7148
f 9633/9633 9634/9634 9624/9624
f 7135/7135 7134/7134 7115/7115
f 7148/7148 7145/7145 7152/7152
f 7148/7148 7152/7152 9624/9624
f 9633/9633 9624/9624 9628/9628
f 9635/9635 9634/9634 9633/9633
f 7135/7135 7133/7133 7134/7134
f 7150/7150 7152/7152 7145/7145
f 7152/7152 9628/9628 9624/9624
f 9628/9628 9629/9629 9633/9633
f 9630/9630 9635/9635 9633/9633
f 7134/7134 7133/7133 7125/7125
f 7150/7150 7151/7151 7152/7152
f 9628/9628 7152/7152 9623/9623
f 9629/9629 9628/9628 9627/9627
f 9630/9630 9633/9633 9629/9629
f 9630/9630 9637/9637 9635/9635
f 9637/9637 9639/9639 9635/9635
f 7133/7133 7128/7128 7125/7125
f 7152/7152 9621/9621 9623/9623
f 9627/9627 9628/9628 9623/9623
f 9629/9629 9627/9627 5602/5602
f 9629/9629 5602/5602 9630/9630
f 5613/5613 9637/9637 9630/9630
f 9640/9640 9639/9639 9637/9637
f 7125/7125 7128/7128 7126/7126
f 9621/9621 9622/9622 9623/9623
f 9622/9622 9627/9627 9623/9623
f 9620/9620 5602/5602 9627/9627
f 5605/5605 9630/9630 5602/5602
f 5613/5613 9630/9630 5605/5605
f 5613/5613 9640/9640 9637/9637
f 9643/9643 9639/9639 9640/9640
f 9627/9627 9622/9622 9626/9626
f 5597/5597 5602/5602 9620/9620
f 9626/9626 9620/9620 9627/9627
f 5605/5605 5602/5602 5595/5595
f 5613/5613 5605/5605 5609/5609
f 9640/9640 5613/5613 5619/5619
f 11186/11186 9643/9643 9640/9640
f 11183/11183 9643/9643 11187/11187
f 5602/5602 5597/5597 5595/5595
f 9619/9619 5597/5597 9620/9620
f 5605/5605 5595/5595 5592/5592
f 5609/5609 5605/5605 5592/5592
f 5612/5612 5613/5613 5609/5609
f 5612/5612 5619/5619 5613/5613
f 11186/11186 9640/9640 5619/5619
f 9643/9643 11186/11186 11187/11187
f 5595/5595 5597/5597 5596/5596
f 5592/5592 5595/5595 5593/5593
f 5599/5599 5609/5609 5592/5592
f 5612/5612 5609/5609 5608/5608
f 5617/5617 5619/5619 5612/5612
f 11186/11186 5619/5619 11194/11194
f 5595/5595 5596/5596 5593/5593
f 5597/5597 6425/6425 5596/5596
f 5592/5592 5593/5593 5594/5594
f 5599/5599 5592/5592 5594/5594
f 5608/5608 5609/5609 5599/5599
f 5612/5612 5608/5608 5611/5611
f 5617/5617 5612/5612 5611/5611
f 11194/11194 5619/5619 5617/5617
f 5596/5596 6423/6423 5593/5593
f 5593/5593 6417/6417 5594/5594
f 5599/5599 5594/5594 5600/5600
f 5608/5608 5599/5599 5604/5604
f 5611/5611 5608/5608 5607/5607
f 5616/5616 5617/5617 5611/5611
f 11197/11197 11194/11194 5617/5617
f 6418/6418 5593/5593 6423/6423
f 5596/5596 6424/6424 6423/6423
f 5594/5594 6417/6417 6422/6422
f 6417/6417 5593/5593 6418/6418
f 5599/5599 5600/5600 5601/5601
f 5600/5600 5594/5594 6422/6422
f 5604/5604 5599/5599 5601/5601
f 5607/5607 5608/5608 5604/5604
f 5606/5606 5611/5611 5607/5607
f 5616/5616 5611/5611 5606/5606
f 11197/11197 5617/5617 5616/5616
f 6418/6418 6423/6423 6419/6419
f 6422/6422 6417/6417 6406/6406
f 6417/6417 6418/6418 6412/6412
f 5601/5601 5600/5600 6421/6421
f 5600/5600 6422/6422 6421/6421
f 5604/5604 5601/5601 5603/5603
f 5607/5607 5604/5604 5598/5598
f 5606/5606 5607/5607 5598/5598
f 5614/5614 5616/5616 5606/5606
f 5625/5625 11197/11197 5616/5616
f 6418/6418 6419/6419 6412/6412
f 6417/6417 6407/6407 6406/6406
f 6406/6406 6421/6421 6422/6422
f 6417/6417 6412/6412 6408/6408
f 5601/5601 6421/6421 6420/6420
f 5598/5598 5604/5604 5603/5603
f 5601/5601 6420/6420 5603/5603
f 5606/5606 5598/5598 5589/5589
f 5614/5614 5606/5606 5610/5610
f 5621/5621 5616/5616 5614/5614
f 5625/5625 5616/5616 5621/5621
f 11200/11200 11197/11197 5625/5625
f 6406/6406 6407/6407 6392/6392
f 6417/6417 6408/6408 6407/6407
f 6406/6406 6411/6411 6421/6421
f 6412/6412 6409/6409 6408/6408
f 6421/6421 6410/6410 6420/6420
f 5598/5598 5603/5603 5590/5590
f 5603/5603 6420/6420 6416/6416
f 5589/5589 5598/5598 5590/5590
f 5610/5610 5606/5606 5589/5589
f 5615/5615 5614/5614 5610/5610
f 5621/5621 5614/5614 5618/5618
f 5625/5625 5621/5621 11202/11202
f 11203/11203 11200/11200 5625/5625
f 6383/6383 6406/6406 6392/6392
f 6407/6407 6408/6408 6392/6392
f 6411/6411 6406/6406 6401/6401
f 6411/6411 6410/6410 6421/6421
f 6409/6409 6405/6405 6408/6408
f 6420/6420 6410/6410 6416/6416
f 5590/5590 5603/5603 6416/6416
f 5589/5589 5590/5590 5591/5591
f 5610/5610 5589/5589 5886/5886
f 5618/5618 5614/5614 5615/5615
f 5615/5615 5610/5610 5883/5883
f 11202/11202 5621/5621 5618/5618
f 11203/11203 5625/5625 11202/11202
f 6392/6392 6384/6384 6383/6383
f 6401/6401 6406/6406 6383/6383
f 6408/6408 6403/6403 6392/6392
f 6391/6391 6411/6411 6401/6401
f 6411/6411 6391/6391 6410/6410
f 6405/6405 6409/6409 6404/6404
f 6408/6408 6405/6405 6403/6403
f 6416/6416 6410/6410 6390/6390
f 5590/5590 6416/6416 6221/6221
f 5591/5591 5590/5590 6221/6221
f 5589/5589 5591/5591 5886/5886
f 5883/5883 5610/5610 5886/5886
f 5620/5620 5618/5618 5615/5615
f 5615/5615 5883/5883 5899/5899
f 11202/11202 5618/5618 11205/11205
f 6383/6383 6384/6384 6373/6373
f 6392/6392 6393/6393 6384/6384
f 6401/6401 6383/6383 6380/6380
f 6392/6392 6403/6403 6393/6393
f 6401/6401 6380/6380 6391/6391
f 6410/6410 6391/6391 6390/6390
f 6404/6404 6394/6394 6405/6405
f 6405/6405 6394/6394 6403/6403
f 6221/6221 6416/6416 6390/6390
f 5591/5591 6221/6221 6220/6220
f 5886/5886 5591/5591 6220/6220
f 5883/5883 5886/5886 5884/5884
f 11205/11205 5618/5618 5620/5620
f 5620/5620 5615/5615 5899/5899
f 5899/5899 5883/5883 5891/5891
f 6383/6383 6373/6373 6380/6380
f 6384/6384 11206/11206 6373/6373
f 6393/6393 11207/11207 6384/6384
f 6403/6403 6394/6394 6393/6393
f 6391/6391 6380/6380 6379/6379
f 6390/6390 6391/6391 6379/6379
f 6404/6404 11208/11208 6394/6394
f 6221/6221 6390/6390 6212/6212
f 6220/6220 6221/6221 6212/6212
f 5886/5886 6220/6220 6218/6218
f 5883/5883 5884/5884 5885/5885
f 5884/5884 5886/5886 6218/6218
f 11209/11209 11205/11205 5620/5620
f 5902/5902 5620/5620 5899/5899
f 5891/5891 5883/5883 5885/5885
f 5899/5899 5891/5891 5890/5890
f 6380/6380 6373/6373 6371/6371
f 6384/6384 11207/11207 11206/11206
f 6393/6393 11210/11210 11207/11207
f 6394/6394 11210/11210 6393/6393
f 6379/6379 6380/6380 6371/6371
f 6390/6390 6379/6379 6211/6211
f 11210/11210 6394/6394 11208/11208
f 6212/6212 6390/6390 6211/6211
f 6220/6220 6212/6212 6216/6216
f 6218/6218 6220/6220 6216/6216
f 5885/5885 5884/5884 6217/6217
f 5884/5884 6218/6218 6217/6217
f 11209/11209 5620/5620 5902/5902
f 5902/5902 5899/5899 5895/5895
f 5891/5891 5885/5885 5882/5882
f 5890/5890 5891/5891 5882/5882
f 5895/5895 5899/5899 5890/5890
f 6379/6379 6371/6371 6366/6366
f 6211/6211 6379/6379 6366/6366
f 6212/6212 6211/6211 6208/6208
f 6216/6216 6212/6212 6208/6208
f 6217/6217 6218/6218 6216/6216
f 5885/5885 6217/6217 6215/6215
f 11209/11209 5902/5902 11212/11212
f 11212/11212 5902/5902 5895/5895
f 5882/5882 5885/5885 6215/6215
f 5890/5890 5882/5882 5880/5880
f 5889/5889 5895/5895 5890/5890
f 6211/6211 6366/6366 6199/6199
f 6208/6208 6211/6211 6199/6199
f 6216/6216 6208/6208 6210/6210
f 6217/6217 6216/6216 6210/6210
f 6217/6217 6210/6210 6215/6215
f 11212/11212 5895/5895 11214/11214
f 5882/5882 6215/6215 6214/6214
f 5880/5880 5882/5882 5881/5881
f 5889/5889 5890/5890 5880/5880
f 5901/5901 5895/5895 5889/5889
f 6199/6199 6366/6366 6191/6191
f 6208/6208 6199/6199 6204/6204
f 6210/6210 6208/6208 6207/6207
f 6215/6215 6210/6210 6206/6206
f 11214/11214 5895/5895 5901/5901
f 6214/6214 6215/6215 6206/6206
f 5882/5882 6214/6214 5881/5881
f 5879/5879 5880/5880 5881/5881
f 5888/5888 5889/5889 5880/5880
f 5901/5901 5889/5889 5894/5894
f 6199/6199 6191/6191 6196/6196
f 6204/6204 6199/6199 6196/6196
f 6207/6207 6208/6208 6204/6204
f 6206/6206 6210/6210 6207/6207
f 11214/11214 5901/5901 5903/5903
f 6214/6214 6206/6206 6209/6209
f 5881/5881 6214/6214 6209/6209
f 5888/5888 5880/5880 5879/5879
f 5879/5879 5881/5881 6213/6213
f 5894/5894 5889/5889 5888/5888
f 5901/5901 5894/5894 5898/5898
f 6196/6196 6191/6191 6190/6190
f 6204/6204 6196/6196 6197/6197
f 6207/6207 6204/6204 6203/6203
f 6206/6206 6207/6207 6203/6203
f 5897/5897 5903/5903 5901/5901
f 11217/11217 11214/11214 5903/5903
f 6209/6209 6206/6206 6202/6202
f 6213/6213 5881/5881 6209/6209
f 5887/5887 5888/5888 5879/5879
f 5879/5879 6213/6213 6219/6219
f 5894/5894 5888/5888 5892/5892
f 5898/5898 5894/5894 5892/5892
f 5898/5898 5897/5897 5901/5901
f 6188/6188 6196/6196 6190/6190
f 6197/6197 6196/6196 6188/6188
f 6204/6204 6197/6197 6203/6203
f 6206/6206 6203/6203 6200/6200
f 5903/5903 5897/5897 5904/5904
f 11217/11217 5903/5903 11218/11218
f 6206/6206 6200/6200 6202/6202
f 6209/6209 6202/6202 6205/6205
f 6213/6213 6209/6209 6205/6205
f 5887/5887 5879/5879 5717/5717
f 5892/5892 5888/5888 5887/5887
f 6219/6219 6213/6213 6586/6586
f 5717/5717 5879/5879 6219/6219
f 5892/5892 5897/5897 5898/5898
f 6195/6195 6197/6197 6188/6188
f 6203/6203 6197/6197 6200/6200
f 11220/11220 5903/5903 5904/5904
f 11220/11220 11218/11218 5903/5903
f 6202/6202 6200/6200 6198/6198
f 6205/6205 6202/6202 6201/6201
f 6213/6213 6205/6205 6582/6582
f 5887/5887 5717/5717 5716/5716
f 5893/5893 5892/5892 5887/5887
f 6586/6586 6213/6213 6582/6582
f 5715/5715 6219/6219 6586/6586
f 5715/5715 5717/5717 6219/6219
f 5896/5896 5897/5897 5892/5892
f 6195/6195 6188/6188 6187/6187
f 6200/6200 6197/6197 6195/6195
f 6200/6200 6186/6186 6198/6198
f 6201/6201 6202/6202 6198/6198
f 6205/6205 6201/6201 6572/6572
f 6582/6582 6205/6205 6576/6576
f 5716/5716 5717/5717 5715/5715
f 5892/5892 5893/5893 5896/5896
f 6585/6585 6586/6586 6582/6582
f 6591/6591 5715/5715 6586/6586
f 6195/6195 6187/6187 6186/6186
f 6200/6200 6195/6195 6186/6186
f 6198/6198 6186/6186 6194/6194
f 6562/6562 6201/6201 6198/6198
f 6572/6572 6201/6201 6562/6562
f 6576/6576 6205/6205 6572/6572
f 6576/6576 6581/6581 6582/6582
f 5714/5714 5716/5716 5715/5715
f 5900/5900 5896/5896 5893/5893
f 6585/6585 6582/6582 6581/6581
f 6591/6591 6586/6586 6585/6585
f 6591/6591 5713/5713 5715/5715
f 6186/6186 6187/6187 4811/4811
f 6194/6194 6186/6186 4811/4811
f 6198/6198 6194/6194 6559/6559
f 6559/6559 6562/6562 6198/6198
f 6563/6563 6572/6572 6562/6562
f 6572/6572 6573/6573 6576/6576
f 6579/6579 6581/6581 6576/6576
f 5714/5714 5715/5715 5713/5713
f 5716/5716 5714/5714 5724/5724
f 6585/6585 6581/6581 6584/6584
f 6591/6591 6585/6585 6589/6589
f 5712/5712 5713/5713 6591/6591
f 4811/4811 6552/6552 6194/6194
f 6559/6559 6194/6194 6555/6555
f 6562/6562 6559/6559 6563/6563
f 6571/6571 6572/6572 6563/6563
f 6571/6571 6573/6573 6572/6572
f 6573/6573 6579/6579 6576/6576
f 6581/6581 6579/6579 6578/6578
f 5711/5711 5714/5714 5713/5713
f 5724/5724 5714/5714 5722/5722
f 6584/6584 6581/6581 6578/6578
f 6587/6587 6585/6585 6584/6584
f 6587/6587 6589/6589 6585/6585
f 6591/6591 6589/6589 6592/6592
f 5712/5712 5711/5711 5713/5713
f 6592/6592 5712/5712 6591/6591
f 6194/6194 6552/6552 6555/6555
f 6571/6571 6563/6563 6567/6567
f 6573/6573 6571/6571 6569/6569
f 6579/6579 6573/6573 6575/6575
f 6578/6578 6579/6579 6575/6575
f 5723/5723 5722/5722 5714/5714
f 6584/6584 6578/6578 6580/6580
f 6587/6587 6588/6588 6589/6589
f 6589/6589 6590/6590 6592/6592
f 5710/5710 5711/5711 5712/5712
f 6555/6555 6552/6552 4819/4819
f 6569/6569 6571/6571 6567/6567
f 6568/6568 6573/6573 6569/6569
f 6575/6575 6573/6573 6568/6568
f 6575/6575 6577/6577 6578/6578
f 5723/5723 5721/5721 5722/5722
f 6580/6580 6578/6578 6577/6577
f 6583/6583 6584/6584 6580/6580
f 6590/6590 6589/6589 6588/6588
f 5710/5710 5707/5707 5711/5711
f 5722/5722 5721/5721 5720/5720
f 5710/5710 5708/5708 5707/5707
f 5707/5707 5721/5721 5711/5711
f 5707/5707 5720/5720 5721/5721
f 5707/5707 5708/5708 5709/5709
f 5707/5707 5719/5719 5720/5720
f 5719/5719 5707/5707 5709/5709
f 5726/5726 5720/5720 5719/5719
f 5718/5718 5719/5719 5709/5709
f 5725/5725 5726/5726 5719/5719
f 6413/6413 6414/6414 6415/6415
f 6415/6415 6414/6414 7122/7122
f 7122/7122 11229/11229 6415/6415
f 6414/6414 7139/7139 7122/7122
f 7122/7122 7139/7139 11230/11230
f 7139/7139 7140/7140 11230/11230
f 463/463 464/464 465/465
f 465/465 464/464 466/466
f 470/470 463/463 465/465
f 464/464 467/467 466/466
f 465/465 466/466 471/471
f 470/470 465/465 471/471
f 466/466 467/467 469/469
f 464/464 5025/5025 467/467
f 471/471 466/466 476/476
f 475/475 470/470 471/471
f 467/467 468/468 469/469
f 466/466 469/469 476/476
f 5025/5025 5026/5026 467/467
f 482/482 471/471 476/476
f 474/474 470/470 475/475
f 475/475 471/471 482/482
f 467/467 5026/5026 468/468
f 472/472 469/469 468/468
f 476/476 469/469 484/484
f 5025/5025 4997/4997 5026/5026
f 482/482 476/476 498/498
f 473/473 474/474 475/475
f 481/481 475/475 482/482
f 5026/5026 5027/5027 468/468
f 472/472 477/477 469/469
f 1921/1921 472/472 468/468
f 483/483 476/476 484/484
f 469/469 477/477 484/484
f 5026/5026 4997/4997 5010/5010
f 476/476 483/483 498/498
f 510/510 482/482 498/498
f 473/473 475/475 481/481
f 491/491 481/481 482/482
f 5026/5026 5010/5010 5027/5027
f 468/468 5027/5027 1921/1921
f 477/477 472/472 1938/1938
f 472/472 1921/1921 1936/1936
f 483/483 484/484 492/492
f 484/484 477/477 492/492
f 4997/4997 4986/4986 5010/5010
f 502/502 498/498 483/483
f 510/510 509/509 482/482
f 510/510 498/498 511/511
f 480/480 473/473 481/481
f 480/480 481/481 491/491
f 491/491 482/482 509/509
f 5010/5010 5011/5011 5027/5027
f 5027/5027 5028/5028 1921/1921
f 1938/1938 472/472 1936/1936
f 477/477 1938/1938 1952/1952
f 1921/1921 1923/1923 1936/1936
f 503/503 483/483 492/492
f 492/492 477/477 1954/1954
f 4997/4997 4964/4964 4986/4986
f 5010/5010 4986/4986 5011/5011
f 483/483 501/501 502/502
f 498/498 502/502 511/511
f 509/509 510/510 516/516
f 510/510 511/511 517/517
f 479/479 473/473 480/480
f 490/490 480/480 491/491
f 491/491 509/509 508/508
f 5027/5027 5011/5011 5028/5028
f 1921/1921 5028/5028 1922/1922
f 1944/1944 1938/1938 1936/1936
f 1952/1952 1938/1938 1944/1944
f 477/477 1952/1952 1955/1955
f 1922/1922 1923/1923 1921/1921
f 1937/1937 1936/1936 1923/1923
f 501/501 483/483 503/503
f 503/503 492/492 1959/1959
f 1954/1954 477/477 1955/1955
f 1959/1959 492/492 1954/1954
f 4964/4964 4977/4977 4986/4986
f 4986/4986 4987/4987 5011/5011
f 509/509 516/516 508/508
f 510/510 517/517 516/516
f 511/511 520/520 517/517
f 478/478 479/479 480/480
f 478/478 480/480 490/490
f 491/491 489/489 490/490
f 489/489 491/491 508/508
f 5028/5028 5011/5011 6097/6097
f 5028/5028 6097/6097 1922/1922
f 1937/1937 1944/1944 1936/1936
f 1944/1944 1953/1953 1952/1952
f 1961/1961 1955/1955 1952/1952
f 1922/1922 1932/1932 1923/1923
f 1937/1937 1923/1923 1934/1934
f 536/536 501/501 503/503
f 503/503 1959/1959 570/570
f 1954/1954 1955/1955 1960/1960
f 1959/1959 1954/1954 1960/1960
f 4986/4986 4977/4977 4987/4987
f 5011/5011 4987/4987 5012/5012
f 519/519 508/508 516/516
f 516/516 517/517 519/519
f 517/517 520/520 521/521
f 489/489 478/478 490/490
f 489/489 508/508 507/507
f 5011/5011 5012/5012 6097/6097
f 1922/1922 6097/6097 6099/6099
f 1944/1944 1937/1937 1945/1945
f 1944/1944 1945/1945 1953/1953
f 1961/1961 1952/1952 1953/1953
f 1967/1967 1955/1955 1961/1961
f 1932/1932 1922/1922 6099/6099
f 1923/1923 1932/1932 1933/1933
f 1934/1934 1923/1923 1933/1933
f 1934/1934 1927/1927 1937/1937
f 536/536 503/503 569/569
f 569/569 503/503 570/570
f 1967/1967 570/570 1959/1959
f 1960/1960 1955/1955 1967/1967
f 1967/1967 1959/1959 1960/1960
f 4977/4977 4978/4978 4987/4987
f 4987/4987 6085/6085 5012/5012
f 508/508 519/519 540/540
f 521/521 519/519 517/517
f 486/486 478/478 489/489
f 489/489 507/507 506/506
f 508/508 540/540 507/507
f 6097/6097 5012/5012 6091/6091
f 6097/6097 6091/6091 6099/6099
f 1945/1945 1937/1937 1946/1946
f 1953/1953 1945/1945 1946/1946
f 1962/1962 1961/1961 1953/1953
f 1973/1973 1967/1967 1961/1961
f 6098/6098 1932/1932 6099/6099
f 6098/6098 1933/1933 1932/1932
f 1933/1933 6100/6100 1934/1934
f 1934/1934 1926/1926 1927/1927
f 1937/1937 1927/1927 1946/1946
f 568/568 536/536 569/569
f 569/569 570/570 577/577
f 1971/1971 570/570 1967/1967
f 4987/4987 4978/4978 6085/6085
f 5012/5012 6085/6085 6091/6091
f 519/519 542/542 540/540
f 521/521 545/545 519/519
f 488/488 486/486 489/489
f 488/488 489/489 506/506
f 506/506 507/507 515/515
f 507/507 540/540 539/539
f 6091/6091 6098/6098 6099/6099
f 1953/1953 1946/1946 1957/1957
f 1961/1961 1962/1962 1968/1968
f 1957/1957 1962/1962 1953/1953
f 1972/1972 1967/1967 1973/1973
f 1973/1973 1961/1961 1968/1968
f 1933/1933 6098/6098 6100/6100
f 1934/1934 6100/6100 1926/1926
f 1927/1927 1926/1926 1925/1925
f 1946/1946 1927/1927 1940/1940
f 568/568 569/569 576/576
f 576/576 569/569 577/577
f 577/577 570/570 1971/1971
f 1971/1971 1967/1967 1972/1972
f 4978/4978 6081/6081 6085/6085
f 6085/6085 6086/6086 6091/6091
f 519/519 545/545 542/542
f 540/540 542/542 539/539
f 545/545 521/521 549/549
f 487/487 486/486 488/488
f 487/487 488/488 506/506
f 487/487 506/506 515/515
f 507/507 539/539 515/515
f 6098/6098 6091/6091 6100/6100
f 1946/1946 1940/1940 1957/1957
f 1969/1969 1968/1968 1962/1962
f 1962/1962 1957/1957 1963/1963
f 1973/1973 1979/1979 1972/1972
f 1973/1973 1968/1968 1979/1979
f 6100/6100 6093/6093 1926/1926
f 1924/1924 1925/1925 1926/1926
f 1927/1927 1925/1925 1940/1940
f 568/568 576/576 582/582
f 576/576 577/577 583/583
f 577/577 1971/1971 1978/1978
f 1972/1972 1978/1978 1971/1971
f 6085/6085 6081/6081 6086/6086
f 6091/6091 6086/6086 6087/6087
f 542/542 545/545 548/548
f 539/539 542/542 547/547
f 545/545 549/549 548/548
f 521/521 550/550 549/549
f 485/485 486/486 487/487
f 515/515 504/504 487/487
f 539/539 538/538 515/515
f 6091/6091 6087/6087 6100/6100
f 1957/1957 1940/1940 1939/1939
f 1968/1968 1969/1969 1981/1981
f 1962/1962 1970/1970 1969/1969
f 1963/1963 1957/1957 1964/1964
f 1962/1962 1963/1963 1970/1970
f 1993/1993 1972/1972 1979/1979
f 1979/1979 1968/1968 1982/1982
f 6100/6100 6087/6087 6093/6093
f 1926/1926 6093/6093 6102/6102
f 1924/1924 1928/1928 1925/1925
f 1926/1926 6102/6102 1924/1924
f 1925/1925 1939/1939 1940/1940
f 581/581 568/568 582/582
f 582/582 576/576 583/583
f 583/583 577/577 1978/1978
f 1993/1993 1978/1978 1972/1972
f 542/542 548/548 547/547
f 539/539 547/547 541/541
f 548/548 549/549 554/554
f 550/550 551/551 549/549
f 485/485 487/487 496/496
f 487/487 504/504 496/496
f 515/515 514/514 504/504
f 538/538 514/514 515/515
f 538/538 539/539 541/541
f 1956/1956 1957/1957 1939/1939
f 1968/1968 1981/1981 1982/1982
f 1981/1981 1969/1969 1988/1988
f 1983/1983 1969/1969 1970/1970
f 1957/1957 1956/1956 1964/1964
f 1975/1975 1963/1963 1964/1964
f 1975/1975 1970/1970 1963/1963
f 1993/1993 1979/1979 1994/1994
f 1994/1994 1979/1979 1982/1982
f 6087/6087 6092/6092 6093/6093
f 6093/6093 6094/6094 6102/6102
f 1928/1928 1924/1924 1929/1929
f 1935/1935 1925/1925 1928/1928
f 6102/6102 6103/6103 1924/1924
f 1935/1935 1939/1939 1925/1925
f 587/587 581/581 582/582
f 582/582 583/583 595/595
f 583/583 1978/1978 1993/1993
f 547/547 548/548 553/553
f 541/541 547/547 522/522
f 548/548 554/554 553/553
f 549/549 555/555 554/554
f 549/549 551/551 555/555
f 497/497 485/485 496/496
f 504/504 505/505 496/496
f 505/505 504/504 514/514
f 514/514 538/538 537/537
f 538/538 541/541 544/544
f 1956/1956 1939/1939 1948/1948
f 1981/1981 1995/1995 1982/1982
f 1988/1988 1969/1969 1983/1983
f 1988/1988 1996/1996 1981/1981
f 1983/1983 1970/1970 1974/1974
f 1956/1956 1958/1958 1964/1964
f 1975/1975 1964/1964 1976/1976
f 1974/1974 1970/1970 1975/1975
f 1999/1999 1993/1993 1994/1994
f 1982/1982 1999/1999 1994/1994
f 6093/6093 6092/6092 6094/6094
f 6102/6102 6094/6094 6103/6103
f 1924/1924 1930/1930 1929/1929
f 1928/1928 1929/1929 1935/1935
f 1924/1924 6103/6103 1930/1930
f 1948/1948 1939/1939 1935/1935
f 587/587 582/582 594/594
f 594/594 582/582 595/595
f 1998/1998 595/595 583/583
f 583/583 1993/1993 1998/1998
f 547/547 553/553 557/557
f 541/541 522/522 544/544
f 522/522 547/547 557/557
f 553/553 554/554 559/559
f 554/554 555/555 560/560
f 551/551 556/556 555/555
f 496/496 494/494 497/497
f 494/494 496/496 505/505
f 513/513 505/505 514/514
f 513/513 514/514 537/537
f 537/537 538/538 544/544
f 1958/1958 1956/1956 1948/1948
f 1996/1996 1995/1995 1981/1981
f 2000/2000 1982/1982 1995/1995
f 1974/1974 1988/1988 1983/1983
f 1996/1996 1988/1988 1997/1997
f 1964/1964 1958/1958 1965/1965
f 1964/1964 1965/1965 1976/1976
f 1975/1975 1976/1976 1984/1984
f 1975/1975 1980/1980 1974/1974
f 1993/1993 1999/1999 2006/2006
f 1982/1982 2000/2000 1999/1999
f 6094/6094 6092/6092 6101/6101
f 6103/6103 6094/6094 6104/6104
f 1929/1929 1930/1930 1931/1931
f 1935/1935 1929/1929 1942/1942
f 6103/6103 6104/6104 1930/1930
f 1948/1948 1935/1935 1941/1941
f 595/595 607/607 594/594
f 1998/1998 1993/1993 2005/2005
f 553/553 558/558 557/557
f 522/522 552/552 544/544
f 557/557 523/523 522/522
f 553/553 559/559 558/558
f 554/554 560/560 559/559
f 555/555 561/561 560/560
f 555/555 556/556 561/561
f 497/497 494/494 493/493
f 494/494 505/505 513/513
f 513/513 537/537 518/518
f 537/537 544/544 543/543
f 1958/1958 1948/1948 1941/1941
f 1995/1995 1996/1996 2008/2008
f 2000/2000 1995/1995 2007/2007
f 1988/1988 1974/1974 1980/1980
f 1997/1997 1988/1988 1980/1980
f 1996/1996 1997/1997 2001/2001
f 1958/1958 1950/1950 1965/1965
f 1966/1966 1976/1976 1965/1965
f 1980/1980 1975/1975 1984/1984
f 1977/1977 1984/1984 1976/1976
f 2005/2005 1993/1993 2006/2006
f 2006/2006 1999/1999 674/674
f 1999/1999 2000/2000 2007/2007
f 6092/6092 6088/6088 6101/6101
f 6094/6094 6101/6101 6104/6104
f 1930/1930 6104/6104 1931/1931
f 1941/1941 1935/1935 1942/1942
f 1942/1942 1929/1929 1943/1943
f 2004/2004 1998/1998 2005/2005
f 557/557 558/558 526/526
f 544/544 552/552 546/546
f 524/524 552/552 522/522
f 522/522 523/523 524/524
f 557/557 526/526 523/523
f 559/559 532/532 558/558
f 559/559 560/560 532/532
f 561/561 563/563 560/560
f 556/556 562/562 561/561
f 493/493 494/494 495/495
f 494/494 513/513 500/500
f 500/500 513/513 518/518
f 518/518 537/537 543/543
f 543/543 544/544 546/546
f 1958/1958 1941/1941 1950/1950
f 2007/2007 1995/1995 2008/2008
f 2008/2008 1996/1996 2001/2001
f 1980/1980 1984/1984 1997/1997
f 2001/2001 1997/1997 685/685
f 1965/1965 1950/1950 1966/1966
f 1977/1977 1976/1976 1966/1966
f 1984/1984 1977/1977 1986/1986
f 2060/2060 2006/2006 674/674
f 1999/1999 2007/2007 674/674
f 6101/6101 6088/6088 6095/6095
f 6104/6104 6101/6101 6095/6095
f 1941/1941 1942/1942 1949/1949
f 1942/1942 1943/1943 1947/1947
f 614/614 1998/1998 2003/2003
f 2003/2003 1998/1998 2004/2004
f 2005/2005 2027/2027 2004/2004
f 526/526 558/558 532/532
f 546/546 552/552 528/528
f 528/528 552/552 524/524
f 523/523 525/525 524/524
f 523/523 526/526 525/525
f 560/560 563/563 532/532
f 562/562 563/563 561/561
f 574/574 562/562 556/556
f 500/500 495/495 494/494
f 512/512 500/500 518/518
f 518/518 543/543 8948/8948
f 543/543 546/546 8952/8952
f 1941/1941 1949/1949 1950/1950
f 2007/2007 2008/2008 676/676
f 2001/2001 677/677 2008/2008
f 1997/1997 1984/1984 1991/1991
f 1997/1997 1991/1991 685/685
f 2001/2001 685/685 684/684
f 1977/1977 1985/1985 1986/1986
f 1991/1991 1984/1984 1986/1986
f 669/669 2006/2006 2060/2060
f 674/674 2007/2007 676/676
f 1951/1951 1949/1949 1942/1942
f 1947/1947 1951/1951 1942/1942
f 526/526 532/532 531/531
f 528/528 8935/8935 546/546
f 528/528 524/524 529/529
f 524/524 525/525 529/529
f 526/526 531/531 525/525
f 532/532 563/563 535/535
f 562/562 564/564 563/563
f 562/562 574/574 564/564
f 499/499 495/495 500/500
f 500/500 512/512 499/499
f 512/512 518/518 8948/8948
f 8948/8948 543/543 8952/8952
f 8952/8952 546/546 8935/8935
f 676/676 2008/2008 679/679
f 2008/2008 677/677 679/679
f 677/677 2001/2001 680/680
f 685/685 1991/1991 2002/2002
f 684/684 685/685 686/686
f 680/680 2001/2001 684/684
f 1986/1986 1985/1985 1987/1987
f 1991/1991 1986/1986 2002/2002
f 675/675 674/674 676/676
f 535/535 531/531 532/532
f 8935/8935 528/528 527/527
f 527/527 528/528 529/529
f 529/529 525/525 530/530
f 525/525 531/531 534/534
f 563/563 565/565 535/535
f 563/563 564/564 565/565
f 564/564 574/574 575/575
f 8931/8931 499/499 512/512
f 8943/8943 512/512 8948/8948
f 8947/8947 8948/8948 8952/8952
f 8952/8952 8935/8935 8951/8951
f 747/747 676/676 679/679
f 677/677 678/678 679/679
f 677/677 680/680 678/678
f 685/685 2002/2002 688/688
f 686/686 685/685 687/687
f 684/684 686/686 754/754
f 753/753 680/680 684/684
f 1986/1986 1987/1987 1992/1992
f 1986/1986 1992/1992 2002/2002
f 2027/2027 671/671 683/683
f 669/669 670/670 671/671
f 673/673 674/674 675/675
f 675/675 676/676 747/747
f 531/531 535/535 534/534
f 8936/8936 8935/8935 527/527
f 527/527 529/529 566/566
f 530/530 525/525 533/533
f 529/529 530/530 566/566
f 525/525 534/534 533/533
f 565/565 567/567 535/535
f 575/575 565/565 564/564
f 580/580 575/575 574/574
f 8934/8934 8931/8931 512/512
f 8934/8934 512/512 8943/8943
f 8943/8943 8948/8948 8947/8947
f 8947/8947 8952/8952 8949/8949
f 8949/8949 8952/8952 8951/8951
f 8936/8936 8951/8951 8935/8935
f 748/748 747/747 679/679
f 679/679 678/678 748/748
f 680/680 750/750 678/678
f 685/685 688/688 687/687
f 688/688 2002/2002 2732/2732
f 686/686 687/687 755/755
f 753/753 684/684 754/754
f 754/754 686/686 755/755
f 750/750 680/680 753/753
f 683/683 671/671 681/681
f 670/670 672/672 671/671
f 673/673 675/675 751/751
f 675/675 747/747 751/751
f 534/534 535/535 2786/2786
f 8936/8936 527/527 1536/1536
f 527/527 566/566 1542/1542
f 533/533 566/566 530/530
f 533/533 534/534 2785/2785
f 575/575 567/567 565/565
f 2789/2789 535/535 567/567
f 580/580 2794/2794 575/575
f 8929/8929 8931/8931 8934/8934
f 8934/8934 8943/8943 8942/8942
f 8943/8943 8947/8947 8942/8942
f 8942/8942 8947/8947 8949/8949
f 8946/8946 8949/8949 8951/8951
f 775/775 747/747 748/748
f 748/748 678/678 749/749
f 750/750 749/749 678/678
f 754/754 773/773 753/753
f 776/776 754/754 755/755
f 750/750 753/753 773/773
f 681/681 682/682 683/683
f 671/671 672/672 681/681
f 752/752 673/673 751/751
f 747/747 774/774 751/751
f 535/535 2788/2788 2786/2786
f 2785/2785 534/534 2786/2786
f 527/527 1542/1542 1536/1536
f 1542/1542 566/566 1543/1543
f 566/566 533/533 2787/2787
f 2785/2785 2787/2787 533/533
f 2794/2794 567/567 575/575
f 2789/2789 2788/2788 535/535
f 567/567 2794/2794 2789/2789
f 2800/2800 2794/2794 580/580
f 8931/8931 8929/8929 8930/8930
f 8933/8933 8929/8929 8934/8934
f 8933/8933 8934/8934 8942/8942
f 8942/8942 8949/8949 8946/8946
f 8945/8945 8946/8946 8951/8951
f 775/775 774/774 747/747
f 748/748 749/749 775/775
f 772/772 749/749 750/750
f 754/754 792/792 773/773
f 754/754 776/776 792/792
f 772/772 750/750 773/773
f 682/682 681/681 689/689
f 672/672 690/690 681/681
f 698/698 752/752 751/751
f 756/756 751/751 774/774
f 2792/2792 2786/2786 2788/2788
f 2785/2785 2786/2786 2791/2791
f 1542/1542 1537/1537 1536/1536
f 1543/1543 1541/1541 1542/1542
f 566/566 1544/1544 1543/1543
f 566/566 2787/2787 1544/1544
f 2787/2787 2785/2785 2791/2791
f 2788/2788 2789/2789 2795/2795
f 2789/2789 2794/2794 2795/2795
f 2795/2795 2794/2794 2800/2800
f 604/604 2800/2800 580/580
f 8929/8929 8925/8925 8930/8930
f 8931/8931 8930/8930 8932/8932
f 8928/8928 8929/8929 8933/8933
f 8933/8933 8942/8942 8941/8941
f 8941/8941 8942/8942 8946/8946
f 8941/8941 8946/8946 8945/8945
f 775/775 756/756 774/774
f 749/749 777/777 775/775
f 749/749 772/772 779/779
f 792/792 780/780 773/773
f 776/776 794/794 792/792
f 780/780 772/772 773/773
f 681/681 690/690 689/689
f 2061/2061 682/682 689/689
f 672/672 693/693 690/690
f 756/756 698/698 751/751
f 2791/2791 2786/2786 2792/2792
f 2792/2792 2788/2788 2799/2799
f 1537/1537 1542/1542 1541/1541
f 1541/1541 1543/1543 1550/1550
f 1543/1543 1544/1544 2796/2796
f 1544/1544 2787/2787 2790/2790
f 2790/2790 2787/2787 2791/2791
f 2799/2799 2788/2788 2795/2795
f 2806/2806 2795/2795 2800/2800
f 604/604 2806/2806 2800/2800
f 8928/8928 8925/8925 8929/8929
f 8928/8928 8933/8933 8941/8941
f 8939/8939 8941/8941 8945/8945
f 778/778 777/777 749/749
f 779/779 772/772 780/780
f 778/778 749/749 779/779
f 689/689 690/690 691/691
f 690/690 693/693 694/694
f 2793/2793 2791/2791 2792/2792
f 2793/2793 2792/2792 2799/2799
f 1540/1540 1537/1537 1541/1541
f 1549/1549 1541/1541 1550/1550
f 1550/1550 1543/1543 2796/2796
f 2796/2796 1544/1544 2797/2797
f 1544/1544 2790/2790 2797/2797
f 2790/2790 2791/2791 2798/2798
f 2799/2799 2795/2795 2806/2806
f 2810/2810 2806/2806 604/604
f 8925/8925 8928/8928 8924/8924
f 8928/8928 8941/8941 8939/8939
f 8939/8939 8945/8945 8944/8944
f 777/777 778/778 781/781
f 779/779 780/780 796/796
f 778/778 779/779 795/795
f 690/690 692/692 691/691
f 691/691 2062/2062 689/689
f 690/690 694/694 692/692
f 2791/2791 2793/2793 2798/2798
f 2793/2793 2799/2799 2805/2805
f 1540/1540 1541/1541 1549/1549
f 1549/1549 1550/1550 1557/1557
f 1550/1550 2796/2796 2801/2801
f 2796/2796 2797/2797 2802/2802
f 2797/2797 2790/2790 2798/2798
f 2799/2799 2806/2806 2816/2816
f 2816/2816 2806/2806 2810/2810
f 8925/8925 8924/8924 8921/8921
f 8927/8927 8924/8924 8928/8928
f 8928/8928 8939/8939 8927/8927
f 8938/8938 8939/8939 8944/8944
f 778/778 795/795 781/781
f 779/779 796/796 795/795
f 692/692 696/696 691/691
f 641/641 2062/2062 691/691
f 697/697 692/692 694/694
f 2798/2798 2793/2793 2804/2804
f 2804/2804 2793/2793 2805/2805
f 2805/2805 2799/2799 2815/2815
f 1548/1548 1540/1540 1549/1549
f 1557/1557 1550/1550 2801/2801
f 1565/1565 1549/1549 1557/1557
f 2801/2801 2796/2796 2807/2807
f 2797/2797 2798/2798 2802/2802
f 2807/2807 2796/2796 2802/2802
f 2815/2815 2799/2799 2816/2816
f 2825/2825 2816/2816 2810/2810
f 8921/8921 8924/8924 8918/8918
f 8920/8920 8925/8925 8921/8921
f 8923/8923 8924/8924 8927/8927
f 8927/8927 8939/8939 8938/8938
f 8938/8938 8944/8944 8940/8940
f 695/695 696/696 692/692
f 691/691 696/696 702/702
f 641/641 691/691 642/642
f 695/695 692/692 697/697
f 2803/2803 2798/2798 2804/2804
f 2804/2804 2805/2805 2809/2809
f 2823/2823 2805/2805 2815/2815
f 1547/1547 1540/1540 1548/1548
f 1548/1548 1549/1549 1565/1565
f 1566/1566 1557/1557 2801/2801
f 1566/1566 1565/1565 1557/1557
f 2811/2811 2801/2801 2807/2807
f 2802/2802 2798/2798 2803/2803
f 2807/2807 2802/2802 2812/2812
f 2815/2815 2816/2816 2824/2824
f 2825/2825 2833/2833 2816/2816
f 8918/8918 8919/8919 8921/8921
f 8924/8924 8923/8923 8918/8918
f 8920/8920 8921/8921 8919/8919
f 8922/8922 8923/8923 8927/8927
f 8922/8922 8927/8927 8938/8938
f 8937/8937 8938/8938 8940/8940
f 695/695 703/703 696/696
f 696/696 703/703 702/702
f 691/691 702/702 642/642
f 642/642 639/639 641/641
f 695/695 697/697 704/704
f 2803/2803 2804/2804 2808/2808
f 2808/2808 2804/2804 2809/2809
f 2823/2823 2815/2815 2832/2832
f 1547/1547 1548/1548 1563/1563
f 1564/1564 1548/1548 1565/1565
f 1566/1566 2801/2801 2811/2811
f 1565/1565 1566/1566 1573/1573
f 2811/2811 2807/2807 2828/2828
f 2802/2802 2803/2803 2813/2813
f 2812/2812 2802/2802 2813/2813
f 2807/2807 2812/2812 2828/2828
f 2824/2824 2816/2816 2833/2833
f 2832/2832 2815/2815 2824/2824
f 2842/2842 2833/2833 2825/2825
f 8918/8918 8912/8912 8919/8919
f 8918/8918 8923/8923 8916/8916
f 8919/8919 8915/8915 8920/8920
f 8923/8923 8922/8922 8916/8916
f 8922/8922 8938/8938 8937/8937
f 8937/8937 8940/8940 5177/5177
f 695/695 704/704 703/703
f 703/703 709/709 702/702
f 648/648 642/642 702/702
f 639/639 640/640 641/641
f 639/639 642/642 647/647
f 704/704 697/697 2063/2063
f 2803/2803 2808/2808 2814/2814
f 2831/2831 2823/2823 2832/2832
f 1562/1562 1547/1547 1563/1563
f 1563/1563 1548/1548 1564/1564
f 1571/1571 1564/1564 1565/1565
f 1566/1566 2811/2811 2821/2821
f 1571/1571 1565/1565 1573/1573
f 1573/1573 1566/1566 1574/1574
f 2821/2821 2811/2811 2828/2828
f 2813/2813 2803/2803 2814/2814
f 2812/2812 2813/2813 2822/2822
f 2828/2828 2812/2812 2838/2838
f 2841/2841 2824/2824 2833/2833
f 2832/2832 2824/2824 2841/2841
f 2842/2842 2825/2825 2835/2835
f 2842/2842 2843/2843 2833/2833
f 8912/8912 8918/8918 8916/8916
f 8912/8912 8913/8913 8919/8919
f 8913/8913 8915/8915 8919/8919
f 8916/8916 8922/8922 8917/8917
f 8937/8937 8926/8926 8922/8922
f 8937/8937 5177/5177 5174/5174
f 703/703 704/704 709/709
f 702/702 709/709 2071/2071
f 647/647 642/642 648/648
f 2071/2071 648/648 702/702
f 1621/1621 640/640 639/639
f 1624/1624 639/639 647/647
f 704/704 2063/2063 2064/2064
f 2830/2830 2823/2823 2831/2831
f 2840/2840 2831/2831 2832/2832
f 1588/1588 1566/1566 2821/2821
f 1574/1574 1566/1566 1588/1588
f 1573/1573 1574/1574 1586/1586
f 2827/2827 2821/2821 2828/2828
f 2813/2813 2814/2814 2822/2822
f 2837/2837 2828/2828 2838/2838
f 2841/2841 2833/2833 2844/2844
f 2841/2841 2851/2851 2832/2832
f 2842/2842 2835/2835 2852/2852
f 2843/2843 2842/2842 2852/2852
f 2833/2833 2843/2843 2844/2844
f 6183/6183 8912/8912 8916/8916
f 8913/8913 8912/8912 6167/6167
f 8913/8913 6179/6179 8915/8915
f 6183/6183 8916/8916 8917/8917
f 8922/8922 5126/5126 8917/8917
f 8926/8926 5126/5126 8922/8922
f 8926/8926 8937/8937 5168/5168
f 5177/5177 5178/5178 5174/5174
f 5168/5168 8937/8937 5174/5174
f 709/709 704/704 2029/2029
f 2035/2035 648/648 2071/2071
f 1618/1618 640/640 1621/1621
f 1621/1621 639/639 1624/1624
f 1624/1624 647/647 1630/1630
f 704/704 2064/2064 2029/2029
f 2830/2830 2818/2818 2823/2823
f 2830/2830 2831/2831 2840/2840
f 2849/2849 2840/2840 2832/2832
f 1595/1595 1588/1588 2821/2821
f 1587/1587 1574/1574 1588/1588
f 1585/1585 1573/1573 1586/1586
f 1586/1586 1574/1574 1587/1587
f 2826/2826 2821/2821 2827/2827
f 2827/2827 2828/2828 2829/2829
f 2836/2836 2828/2828 2837/2837
f 2837/2837 2838/2838 2847/2847
f 2851/2851 2849/2849 2832/2832
f 2851/2851 2841/2841 2853/2853
f 6183/6183 6166/6166 8912/8912
f 6167/6167 8912/8912 6175/6175
f 6179/6179 8913/8913 6167/6167
f 6179/6179 8911/8911 8915/8915
f 6183/6183 8917/8917 5114/5114
f 8917/8917 5126/5126 5114/5114
f 5161/5161 5126/5126 8926/8926
f 8926/8926 5168/5168 5161/5161
f 5174/5174 5178/5178 5176/5176
f 5168/5168 5174/5174 5171/5171
f 1618/1618 1617/1617 640/640
f 1618/1618 1621/1621 1629/1629
f 1621/1621 1624/1624 1629/1629
f 1629/1629 1624/1624 1630/1630
f 2064/2064 2065/2065 2029/2029
f 2839/2839 2830/2830 2840/2840
f 2839/2839 2840/2840 2849/2849
f 1587/1587 1588/1588 1595/1595
f 2826/2826 1595/1595 2821/2821
f 1585/1585 1586/1586 1593/1593
f 1586/1586 1587/1587 1594/1594
f 2828/2828 2836/2836 2829/2829
f 2836/2836 2837/2837 2846/2846
f 2847/2847 2838/2838 2839/2839
f 2837/2837 2847/2847 4444/4444
f 4446/4446 2849/2849 2851/2851
f 2853/2853 2841/2841 2854/2854
f 2853/2853 4446/4446 2851/2851
f 6183/6183 6163/6163 6166/6166
f 6166/6166 6175/6175 8912/8912
f 6175/6175 6158/6158 6167/6167
f 6174/6174 6179/6179 6167/6167
f 6179/6179 6181/6181 8911/8911
f 5114/5114 5099/5099 6183/6183
f 5100/5100 5114/5114 5126/5126
f 5126/5126 5161/5161 5147/5147
f 5161/5161 5168/5168 5154/5154
f 5171/5171 5174/5174 5176/5176
f 5176/5176 5178/5178 5181/5181
f 5167/5167 5168/5168 5171/5171
f 1616/1616 1617/1617 1618/1618
f 1628/1628 1618/1618 1629/1629
f 2839/2839 2849/2849 2850/2850
f 1594/1594 1587/1587 1595/1595
f 2829/2829 1595/1595 2826/2826
f 1592/1592 1585/1585 1593/1593
f 1593/1593 1586/1586 1594/1594
f 2845/2845 2829/2829 2836/2836
f 2846/2846 2837/2837 4443/4443
f 2846/2846 4441/4441 2836/2836
f 2848/2848 2847/2847 2839/2839
f 4443/4443 2837/2837 4444/4444
f 4444/4444 2847/2847 4445/4445
f 4446/4446 4445/4445 2849/2849
f 2854/2854 4448/4448 2853/2853
f 4446/4446 2853/2853 4447/4447
f 6163/6163 6153/6153 6166/6166
f 6182/6182 6163/6163 6183/6183
f 6166/6166 6158/6158 6175/6175
f 6158/6158 6154/6154 6167/6167
f 6164/6164 6174/6174 6167/6167
f 6180/6180 6179/6179 6174/6174
f 6181/6181 6179/6179 6180/6180
f 8911/8911 6181/6181 6184/6184
f 5100/5100 5099/5099 5114/5114
f 5099/5099 6182/6182 6183/6183
f 5126/5126 5147/5147 5100/5100
f 5154/5154 5147/5147 5161/5161
f 5168/5168 5167/5167 5154/5154
f 5173/5173 5171/5171 5176/5176
f 5180/5180 5176/5176 5181/5181
f 5167/5167 5171/5171 5172/5172
f 1616/1616 1618/1618 1628/1628
f 2850/2850 2849/2849 4445/4445
f 2839/2839 2850/2850 2848/2848
f 1594/1594 1595/1595 1606/1606
f 1595/1595 2829/2829 2845/2845
f 1599/1599 1592/1592 1593/1593
f 1593/1593 1594/1594 1605/1605
f 4442/4442 2845/2845 2836/2836
f 4441/4441 2846/2846 4443/4443
f 4440/4440 2836/2836 4441/4441
f 4445/4445 2847/2847 2848/2848
f 2853/2853 4448/4448 4447/4447
f 6163/6163 6141/6141 6153/6153
f 6153/6153 6158/6158 6166/6166
f 6516/6516 6163/6163 6182/6182
f 6158/6158 6148/6148 6154/6154
f 6167/6167 6154/6154 6164/6164
f 6173/6173 6174/6174 6164/6164
f 6181/6181 6180/6180 6176/6176
f 6181/6181 6176/6176 6184/6184
f 8914/8914 8911/8911 6184/6184
f 5098/5098 5099/5099 5100/5100
f 6516/6516 6182/6182 5099/5099
f 5100/5100 5147/5147 5135/5135
f 5154/5154 5135/5135 5147/5147
f 5154/5154 5167/5167 5153/5153
f 5171/5171 5173/5173 5172/5172
f 5173/5173 5176/5176 5180/5180
f 5180/5180 5181/5181 2446/2446
f 5167/5167 5172/5172 5166/5166
f 1605/1605 1594/1594 1606/1606
f 1606/1606 1595/1595 2845/2845
f 1599/1599 1593/1593 1604/1604
f 1604/1604 1593/1593 1605/1605
f 4440/4440 4442/4442 2836/2836
f 4440/4440 4441/4441 4449/4449
f 4447/4447 4448/4448 4451/4451
f 6141/6141 6137/6137 6153/6153
f 6503/6503 6141/6141 6163/6163
f 6153/6153 6148/6148 6158/6158
f 6516/6516 6503/6503 6163/6163
f 6148/6148 6142/6142 6154/6154
f 6154/6154 6159/6159 6164/6164
f 6184/6184 6176/6176 6169/6169
f 5098/5098 6516/6516 5099/5099
f 5113/5113 5098/5098 5100/5100
f 5135/5135 5113/5113 5100/5100
f 5153/5153 5135/5135 5154/5154
f 5153/5153 5167/5167 5166/5166
f 5172/5172 5173/5173 5175/5175
f 5173/5173 5180/5180 5179/5179
f 5180/5180 2446/2446 5214/5214
f 5166/5166 5172/5172 5198/5198
f 1603/1603 1599/1599 1604/1604
f 1605/1605 2561/2561 1604/1604
f 4440/4440 4449/4449 4442/4442
f 4449/4449 4441/4441 4450/4450
f 6130/6130 6137/6137 6141/6141
f 6153/6153 6137/6137 6148/6148
f 6503/6503 6487/6487 6141/6141
f 6516/6516 6498/6498 6503/6503
f 6148/6148 6133/6133 6142/6142
f 6154/6154 6142/6142 6155/6155
f 6154/6154 6155/6155 6159/6159
f 6164/6164 6159/6159 6160/6160
f 6176/6176 6170/6170 6169/6169
f 6184/6184 6169/6169 6172/6172
f 6515/6515 6516/6516 5098/5098
f 5096/5096 5098/5098 5113/5113
f 5134/5134 5113/5113 5135/5135
f 5153/5153 5134/5134 5135/5135
f 5153/5153 5166/5166 5160/5160
f 5179/5179 5175/5175 5173/5173
f 5172/5172 5175/5175 5204/5204
f 5179/5179 5180/5180 5214/5214
f 5214/5214 2446/2446 2444/2444
f 5165/5165 5166/5166 5198/5198
f 5198/5198 5172/5172 5204/5204
f 2561/2561 1603/1603 1604/1604
f 4449/4449 4450/4450 4453/4453
f 6130/6130 6121/6121 6137/6137
f 6487/6487 6130/6130 6141/6141
f 6137/6137 6133/6133 6148/6148
f 6486/6486 6487/6487 6503/6503
f 6498/6498 6486/6486 6503/6503
f 6515/6515 6498/6498 6516/6516
f 6133/6133 6138/6138 6142/6142
f 6142/6142 6143/6143 6155/6155
f 6156/6156 6159/6159 6155/6155
f 6160/6160 6159/6159 6156/6156
f 6168/6168 6169/6169 6170/6170
f 6169/6169 6165/6165 6172/6172
f 6185/6185 6184/6184 6172/6172
f 5096/5096 6515/6515 5098/5098
f 5097/5097 5096/5096 5113/5113
f 5097/5097 5113/5113 5134/5134
f 5134/5134 5153/5153 5160/5160
f 5166/5166 5165/5165 5160/5160
f 5210/5210 5175/5175 5179/5179
f 5204/5204 5175/5175 5210/5210
f 5179/5179 5214/5214 5213/5213
f 2444/2444 5215/5215 5214/5214
f 5165/5165 5198/5198 5196/5196
f 5198/5198 5204/5204 5202/5202
f 4452/4452 4449/4449 4453/4453
f 6130/6130 6118/6118 6121/6121
f 6137/6137 6121/6121 6133/6133
f 6487/6487 6482/6482 6130/6130
f 6486/6486 6481/6481 6487/6487
f 6494/6494 6486/6486 6498/6498
f 6515/6515 6494/6494 6498/6498
f 6133/6133 6122/6122 6138/6138
f 6142/6142 6138/6138 6143/6143
f 6155/6155 6143/6143 6156/6156
f 6165/6165 6169/6169 6168/6168
f 6172/6172 6165/6165 6161/6161
f 6533/6533 6515/6515 5096/5096
f 5095/5095 5096/5096 5097/5097
f 5134/5134 5125/5125 5097/5097
f 5125/5125 5134/5134 5160/5160
f 5165/5165 5164/5164 5160/5160
f 5210/5210 5179/5179 5213/5213
f 5204/5204 5210/5210 5208/5208
f 5215/5215 5213/5213 5214/5214
f 2443/2443 5215/5215 2444/2444
f 5164/5164 5165/5165 5196/5196
f 5196/5196 5198/5198 5199/5199
f 5199/5199 5198/5198 5202/5202
f 5202/5202 5204/5204 5208/5208
f 4453/4453 4457/4457 4452/4452
f 6118/6118 6105/6105 6121/6121
f 6479/6479 6118/6118 6130/6130
f 6121/6121 6122/6122 6133/6133
f 6481/6481 6482/6482 6487/6487
f 6482/6482 6479/6479 6130/6130
f 6480/6480 6481/6481 6486/6486
f 6480/6480 6486/6486 6494/6494
f 6497/6497 6494/6494 6515/6515
f 6138/6138 6122/6122 6134/6134
f 6143/6143 6138/6138 6144/6144
f 6143/6143 6144/6144 6156/6156
f 6165/6165 6151/6151 6161/6161
f 6172/6172 6161/6161 6171/6171
f 6509/6509 6515/6515 6533/6533
f 5095/5095 6533/6533 5096/5096
f 5112/5112 5095/5095 5097/5097
f 5125/5125 5112/5112 5097/5097
f 5159/5159 5125/5125 5160/5160
f 5164/5164 5159/5159 5160/5160
f 5213/5213 5211/5211 5210/5210
f 5208/5208 5210/5210 5211/5211
f 5213/5213 5215/5215 5212/5212
f 5215/5215 2443/2443 5223/5223
f 5199/5199 5197/5197 5196/5196
f 5202/5202 5201/5201 5199/5199
f 5202/5202 5208/5208 5207/5207
f 4457/4457 4458/4458 4452/4452
f 6118/6118 6113/6113 6105/6105
f 6121/6121 6105/6105 6122/6122
f 6479/6479 6474/6474 6118/6118
f 6481/6481 6478/6478 6482/6482
f 6478/6478 6479/6479 6482/6482
f 6480/6480 6473/6473 6481/6481
f 6485/6485 6480/6480 6494/6494
f 6485/6485 6494/6494 6497/6497
f 6509/6509 6497/6497 6515/6515
f 6122/6122 6127/6127 6134/6134
f 6138/6138 6134/6134 6144/6144
f 6151/6151 6152/6152 6161/6161
f 6161/6161 6162/6162 6171/6171
f 6172/6172 6171/6171 6177/6177
f 6522/6522 6509/6509 6533/6533
f 5095/5095 6522/6522 6533/6533
f 5093/5093 5095/5095 5112/5112
f 5212/5212 5211/5211 5213/5213
f 5208/5208 5211/5211 5209/5209
f 5212/5212 5215/5215 5223/5223
f 5223/5223 2443/2443 5226/5226
f 5200/5200 5197/5197 5199/5199
f 5201/5201 5200/5200 5199/5199
f 5203/5203 5201/5201 5202/5202
f 5205/5205 5202/5202 5207/5207
f 5208/5208 5209/5209 5207/5207
f 6474/6474 6113/6113 6118/6118
f 6122/6122 6105/6105 6107/6107
f 6478/6478 6474/6474 6479/6479
f 6473/6473 6478/6478 6481/6481
f 6472/6472 6473/6473 6480/6480
f 6485/6485 6472/6472 6480/6480
f 6493/6493 6485/6485 6497/6497
f 6496/6496 6497/6497 6509/6509
f 6122/6122 6107/6107 6127/6127
f 6134/6134 6127/6127 6135/6135
f 6134/6134 6145/6145 6144/6144
f 6151/6151 6147/6147 6152/6152
f 6161/6161 6152/6152 6162/6162
f 6171/6171 6162/6162 5022/5022
f 6171/6171 6178/6178 6177/6177
f 6508/6508 6509/6509 6522/6522
f 5094/5094 6522/6522 5095/5095
f 5093/5093 5094/5094 5095/5095
f 5212/5212 5223/5223 5222/5222
f 5203/5203 5202/5202 5205/5205
f 6478/6478 6477/6477 6474/6474
f 6473/6473 6477/6477 6478/6478
f 6472/6472 6471/6471 6473/6473
f 6484/6484 6472/6472 6485/6485
f 6493/6493 6484/6484 6485/6485
f 6496/6496 6493/6493 6497/6497
f 6508/6508 6496/6496 6509/6509
f 6127/6127 6107/6107 6123/6123
f 6127/6127 6131/6131 6135/6135
f 6135/6135 6145/6145 6134/6134
f 6145/6145 6149/6149 6144/6144
f 6147/6147 6151/6151 6146/6146
f 6147/6147 6140/6140 6152/6152
f 6152/6152 4990/4990 6162/6162
f 5022/5022 6162/6162 5013/5013
f 5022/5022 5030/5030 6171/6171
f 6171/6171 5030/5030 6178/6178
f 6514/6514 6508/6508 6522/6522
f 5094/5094 6521/6521 6522/6522
f 6520/6520 5094/5094 5093/5093
f 5221/5221 5212/5212 5222/5222
f 5225/5225 5222/5222 5223/5223
f 5203/5203 5205/5205 5206/5206
f 6473/6473 10628/10628 6477/6477
f 6470/6470 6471/6471 6472/6472
f 6471/6471 10628/10628 6473/6473
f 6470/6470 6472/6472 6484/6484
f 6483/6483 6484/6484 6493/6493
f 6495/6495 6493/6493 6496/6496
f 6495/6495 6496/6496 6508/6508
f 6107/6107 6115/6115 6123/6123
f 6127/6127 6123/6123 6131/6131
f 6131/6131 6132/6132 6135/6135
f 6145/6145 6135/6135 6139/6139
f 6145/6145 6150/6150 6149/6149
f 6139/6139 6147/6147 6146/6146
f 6146/6146 6151/6151 6157/6157
f 6139/6139 6140/6140 6147/6147
f 6152/6152 6140/6140 4990/4990
f 6162/6162 4990/4990 5013/5013
f 5021/5021 5022/5022 5013/5013
f 5022/5022 5029/5029 5030/5030
f 6495/6495 6508/6508 6514/6514
f 6514/6514 6522/6522 6521/6521
f 6520/6520 6521/6521 5094/5094
f 5224/5224 5222/5222 5225/5225
f 6483/6483 6470/6470 6484/6484
f 6492/6492 6483/6483 6493/6493
f 6492/6492 6493/6493 6495/6495
f 6123/6123 6115/6115 6124/6124
f 6131/6131 6123/6123 6128/6128
f 6131/6131 6128/6128 6132/6132
f 6135/6135 6132/6132 6139/6139
f 6146/6146 6145/6145 6139/6139
f 6146/6146 6150/6150 6145/6145
f 6157/6157 6150/6150 6146/6146
f 6139/6139 6132/6132 6140/6140
f 4990/4990 6140/6140 6136/6136
f 4990/4990 4998/4998 5013/5013
f 5021/5021 5029/5029 5022/5022
f 5021/5021 5013/5013 5023/5023
f 6513/6513 6495/6495 6514/6514
f 6513/6513 6514/6514 6521/6521
f 6520/6520 6513/6513 6521/6521
f 6491/6491 6483/6483 6492/6492
f 6492/6492 6495/6495 6513/6513
f 6115/6115 6116/6116 6124/6124
f 6123/6123 6124/6124 6128/6128
f 6132/6132 6128/6128 6129/6129
f 6140/6140 6132/6132 6136/6136
f 4971/4971 4990/4990 6136/6136
f 4990/4990 4989/4989 4998/4998
f 5013/5013 4998/4998 5014/5014
f 5021/5021 5031/5031 5029/5029
f 5023/5023 5013/5013 5014/5014
f 5023/5023 5031/5031 5021/5021
f 6762/6762 6513/6513 6520/6520
f 6512/6512 6491/6491 6492/6492
f 6512/6512 6492/6492 6513/6513
f 6125/6125 6124/6124 6116/6116
f 6125/6125 6128/6128 6124/6124
f 6129/6129 6128/6128 6125/6125
f 6132/6132 6129/6129 6136/6136
f 4971/4971 6136/6136 4956/4956
f 4990/4990 4971/4971 4980/4980
f 4989/4989 4990/4990 4980/4980
f 5001/5001 4998/4998 4989/4989
f 4998/4998 5015/5015 5014/5014
f 5014/5014 5024/5024 5023/5023
f 6513/6513 6762/6762 6512/6512
f 6119/6119 6125/6125 6116/6116
f 6129/6129 6125/6125 6126/6126
f 6136/6136 6129/6129 4957/4957
f 4961/4961 4971/4971 4956/4956
f 6136/6136 4957/4957 4956/4956
f 4971/4971 4972/4972 4980/4980
f 4989/4989 4980/4980 4981/4981
f 5015/5015 4998/4998 5001/5001
f 4989/4989 4991/4991 5001/5001
f 5015/5015 5024/5024 5014/5014
f 6125/6125 6119/6119 6126/6126
f 6129/6129 6126/6126 4957/4957
f 4956/4956 4951/4951 4961/4961
f 4971/4971 4961/4961 4972/4972
f 4956/4956 4957/4957 4941/4941
f 4973/4973 4980/4980 4972/4972
f 4981/4981 4980/4980 4973/4973
f 4989/4989 4981/4981 4991/4991
f 5018/5018 5015/5015 5001/5001
f 5001/5001 4991/4991 4992/4992
f 6119/6119 6120/6120 6126/6126
f 6126/6126 4941/4941 4957/4957
f 4956/4956 4941/4941 4951/4951
f 4961/4961 4951/4951 4962/4962
f 4972/4972 4961/4961 4973/4973
f 4981/4981 4973/4973 4983/4983
f 4981/4981 4983/4983 4991/4991
f 5018/5018 5001/5001 5019/5019
f 4983/4983 4992/4992 4991/4991
f 5002/5002 5001/5001 4992/4992
f 6126/6126 6120/6120 4941/4941
f 4942/4942 4951/4951 4941/4941
f 4951/4951 4952/4952 4962/4962
f 4973/4973 4961/4961 4962/4962
f 4974/4974 4983/4983 4973/4973
f 5002/5002 5019/5019 5001/5001
f 4974/4974 4992/4992 4983/4983
f 5004/5004 5002/5002 4992/4992
f 4952/4952 4951/4951 4942/4942
f 4962/4962 4952/4952 4963/4963
f 4963/4963 4973/4973 4962/4962
f 4973/4973 4963/4963 4974/4974
f 4974/4974 4984/4984 4992/4992
f 5005/5005 5004/5004 4992/4992
f 4943/4943 4952/4952 4942/4942
f 4952/4952 4953/4953 4963/4963
f 4974/4974 4963/4963 4976/4976
f 4976/4976 4984/4984 4974/4974
f 4984/4984 4994/4994 4992/4992
f 4992/4992 4994/4994 5005/5005
f 4952/4952 4943/4943 4953/4953
f 4959/4959 4963/4963 4953/4953
f 4959/4959 4976/4976 4963/4963
f 4976/4976 4985/4985 4984/4984
f 4994/4994 4984/4984 4995/4995
f 5007/5007 5005/5005 4994/4994
f 4959/4959 4953/4953 4960/4960
f 4976/4976 4959/4959 4985/4985
f 4985/4985 4996/4996 4984/4984
f 4984/4984 4996/4996 4995/4995
f 4994/4994 4995/4995 5009/5009
f 5008/5008 5007/5007 4994/4994
f 4953/4953 4954/4954 4960/4960
f 4959/4959 4960/4960 4975/4975
f 4959/4959 4982/4982 4985/4985
f 4985/4985 4993/4993 4996/4996
f 4995/4995 4996/4996 5006/5006
f 4994/4994 5009/5009 5008/5008
f 4958/4958 4960/4960 4954/4954
f 4975/4975 4960/4960 4958/4958
f 4959/4959 4975/4975 4982/4982
f 4985/4985 4982/4982 4993/4993
f 5006/5006 4996/4996 4993/4993
f 4955/4955 4958/4958 4954/4954
f 4958/4958 4979/4979 4975/4975
f 4982/4982 4975/4975 4988/4988
f 5003/5003 4993/4993 4982/4982
f 5003/5003 5006/5006 4993/4993
f 4958/4958 4955/4955 4970/4970
f 4958/4958 4970/4970 4979/4979
f 4975/4975 4979/4979 4988/4988
f 4982/4982 4988/4988 5000/5000
f 4999/4999 5003/5003 4982/4982
f 4999/4999 4982/4982 5000/5000
f 5000/5000 4988/4988 5017/5017
f 5020/5020 5003/5003 4999/4999
f 4999/4999 5000/5000 5016/5016
f 5016/5016 5000/5000 5017/5017
f 5016/5016 5020/5020 4999/4999
f 802/802 817/817 818/818
f 819/819 817/817 802/802
f 2464/2464 2465/2465 2466/2466
f 2817/2817 2818/2818 2819/2819
f 2820/2820 2818/2818 2817/2817
f 11231/11231 699/699 700/700
f 699/699 11231/11231 11232/11232
f 699/699 701/701 700/700
f 699/699 11232/11232 708/708
f 708/708 701/701 699/699
f 701/701 705/705 700/700
f 11232/11232 757/757 708/708
f 701/701 708/708 707/707
f 705/705 706/706 700/700
f 707/707 705/705 701/701
f 757/757 11232/11232 11233/11233
f 757/757 758/758 708/708
f 708/708 710/710 707/707
f 757/757 11233/11233 11234/11234
f 11234/11234 758/758 757/757
f 758/758 759/759 708/708
f 707/707 710/710 711/711
f 708/708 759/759 710/710
f 11234/11234 11235/11235 758/758
f 758/758 11235/11235 759/759
f 710/710 712/712 711/711
f 760/760 710/710 759/759
f 713/713 712/712 710/710
f 2066/2066 711/711 712/712
f 710/710 760/760 713/713
f 713/713 714/714 712/712
f 2066/2066 712/712 2034/2034
f 760/760 761/761 713/713
f 715/715 714/714 713/713
f 712/712 714/714 2069/2069
f 2032/2032 2066/2066 2034/2034
f 712/712 2069/2069 2034/2034
f 761/761 762/762 713/713
f 716/716 714/714 715/715
f 713/713 717/717 715/715
f 2069/2069 714/714 2070/2070
f 2033/2033 2032/2032 2034/2034
f 2043/2043 2034/2034 2069/2069
f 713/713 762/762 717/717
f 714/714 716/716 2070/2070
f 715/715 717/717 716/716
f 2069/2069 2070/2070 2073/2073
f 2031/2031 2032/2032 2033/2033
f 2033/2033 2034/2034 2031/2031
f 2034/2034 2043/2043 2042/2042
f 2043/2043 2069/2069 2073/2073
f 717/717 762/762 720/720
f 716/716 2074/2074 2070/2070
f 717/717 718/718 716/716
f 2070/2070 2045/2045 2073/2073
f 2067/2067 2032/2032 2031/2031
f 2031/2031 2034/2034 2042/2042
f 2043/2043 2044/2044 2042/2042
f 2073/2073 2044/2044 2043/2043
f 719/719 717/717 720/720
f 762/762 763/763 720/720
f 716/716 718/718 2074/2074
f 2070/2070 2074/2074 2045/2045
f 718/718 717/717 719/719
f 2045/2045 2044/2044 2073/2073
f 2067/2067 2068/2068 2032/2032
f 2031/2031 2040/2040 2067/2067
f 2031/2031 2042/2042 2041/2041
f 2042/2042 2044/2044 2013/2013
f 718/718 719/719 2074/2074
f 2045/2045 2074/2074 2076/2076
f 2044/2044 2045/2045 2046/2046
f 11236/11236 2068/2068 2067/2067
f 2040/2040 2031/2031 2041/2041
f 2067/2067 2040/2040 2030/2030
f 2042/2042 2010/2010 2041/2041
f 2011/2011 2042/2042 2013/2013
f 2013/2013 2044/2044 2046/2046
f 2074/2074 719/719 2075/2075
f 2045/2045 2076/2076 2046/2046
f 2074/2074 2075/2075 2076/2076
f 2030/2030 11236/11236 2067/2067
f 2040/2040 2041/2041 2039/2039
f 2040/2040 2028/2028 2030/2030
f 2041/2041 2010/2010 2051/2051
f 2011/2011 2010/2010 2042/2042
f 2013/2013 2014/2014 2011/2011
f 2013/2013 2046/2046 2015/2015
f 2076/2076 2052/2052 2046/2046
f 2075/2075 2077/2077 2076/2076
f 2030/2030 11237/11237 11236/11236
f 2028/2028 2040/2040 2039/2039
f 2039/2039 2041/2041 2051/2051
f 2028/2028 11237/11237 2030/2030
f 2051/2051 2010/2010 2058/2058
f 2009/2009 2010/2010 2011/2011
f 2014/2014 2013/2013 2015/2015
f 2011/2011 2014/2014 2012/2012
f 2046/2046 2017/2017 2015/2015
f 2046/2046 2052/2052 2017/2017
f 2077/2077 2052/2052 2076/2076
f 2038/2038 2028/2028 2039/2039
f 2039/2039 2051/2051 2050/2050
f 2028/2028 11238/11238 11237/11237
f 2058/2058 2050/2050 2051/2051
f 2009/2009 2058/2058 2010/2010
f 2011/2011 2012/2012 2009/2009
f 2014/2014 2015/2015 2016/2016
f 2012/2012 2014/2014 2019/2019
f 2017/2017 2018/2018 2015/2015
f 2028/2028 2038/2038 2072/2072
f 2038/2038 2039/2039 2050/2050
f 2028/2028 2072/2072 11238/11238
f 2057/2057 2050/2050 2058/2058
f 2058/2058 2009/2009 737/737
f 2009/2009 2012/2012 2019/2019
f 2015/2015 2018/2018 2016/2016
f 2014/2014 2016/2016 2020/2020
f 739/739 2019/2019 2014/2014
f 2038/2038 2036/2036 2072/2072
f 2038/2038 2050/2050 2049/2049
f 11238/11238 2072/2072 11239/11239
f 2056/2056 2050/2050 2057/2057
f 2057/2057 2058/2058 735/735
f 737/737 2009/2009 739/739
f 735/735 2058/2058 737/737
f 2009/2009 2019/2019 739/739
f 2016/2016 2018/2018 2021/2021
f 2020/2020 2016/2016 2021/2021
f 739/739 2014/2014 2020/2020
f 2036/2036 2038/2038 2049/2049
f 2072/2072 2036/2036 11239/11239
f 2049/2049 2050/2050 2053/2053
f 2056/2056 2055/2055 2050/2050
f 2056/2056 2057/2057 732/732
f 732/732 2057/2057 735/735
f 737/737 739/739 738/738
f 736/736 735/735 737/737
f 2021/2021 2018/2018 2023/2023
f 740/740 2020/2020 2021/2021
f 739/739 2020/2020 740/740
f 2049/2049 2037/2037 2036/2036
f 11239/11239 2036/2036 11240/11240
f 2053/2053 2054/2054 2049/2049
f 2050/2050 2055/2055 2053/2053
f 2055/2055 2056/2056 732/732
f 734/734 732/732 735/735
f 736/736 737/737 738/738
f 739/739 741/741 738/738
f 767/767 735/735 736/736
f 2018/2018 2022/2022 2023/2023
f 2021/2021 2023/2023 744/744
f 740/740 2021/2021 742/742
f 739/739 740/740 741/741
f 11240/11240 2036/2036 2037/2037
f 2047/2047 2037/2037 2049/2049
f 2054/2054 2053/2053 727/727
f 729/729 2053/2053 2055/2055
f 2055/2055 732/732 730/730
f 733/733 732/732 734/734
f 767/767 734/734 735/735
f 736/736 738/738 769/769
f 787/787 738/738 741/741
f 736/736 768/768 767/767
f 2023/2023 2022/2022 2024/2024
f 2023/2023 2059/2059 744/744
f 742/742 2021/2021 744/744
f 741/741 740/740 742/742
f 2047/2047 2048/2048 2037/2037
f 725/725 2054/2054 727/727
f 727/727 2053/2053 729/729
f 730/730 729/729 2055/2055
f 730/730 732/732 731/731
f 733/733 731/731 732/732
f 733/733 734/734 766/766
f 786/786 734/734 767/767
f 769/769 768/768 736/736
f 769/769 738/738 770/770
f 787/787 741/741 788/788
f 738/738 787/787 770/770
f 807/807 767/767 768/768
f 2023/2023 2024/2024 2025/2025
f 2023/2023 2025/2025 2059/2059
f 744/744 2059/2059 746/746
f 742/742 744/744 745/745
f 741/741 742/742 743/743
f 2047/2047 724/724 2048/2048
f 2054/2054 725/725 2047/2047
f 727/727 729/729 728/728
f 730/730 731/731 729/729
f 766/766 731/731 733/733
f 766/766 734/734 786/786
f 786/786 767/767 807/807
f 808/808 768/768 769/769
f 770/770 808/808 769/769
f 743/743 788/788 741/741
f 788/788 790/790 787/787
f 770/770 787/787 813/813
f 808/808 807/807 768/768
f 2025/2025 2713/2713 2059/2059
f 744/744 746/746 745/745
f 2059/2059 2729/2729 746/746
f 742/742 745/745 771/771
f 743/743 742/742 771/771
f 2048/2048 724/724 721/721
f 2047/2047 725/725 724/724
f 726/726 727/727 728/728
f 731/731 728/728 729/729
f 728/728 731/731 766/766
f 785/785 766/766 786/786
f 806/806 786/786 807/807
f 813/813 808/808 770/770
f 789/789 788/788 743/743
f 790/790 788/788 789/789
f 790/790 816/816 787/787
f 815/815 813/813 787/787
f 823/823 807/807 808/808
f 2059/2059 2713/2713 2716/2716
f 745/745 746/746 838/838
f 2729/2729 2059/2059 2730/2730
f 746/746 2729/2729 839/839
f 771/771 745/745 842/842
f 771/771 789/789 743/743
f 721/721 724/724 722/722
f 724/724 725/725 722/722
f 726/726 728/728 765/765
f 765/765 728/728 766/766
f 765/765 766/766 785/785
f 786/786 806/806 785/785
f 806/806 807/807 812/812
f 813/813 824/824 808/808
f 771/771 790/790 789/789
f 815/815 787/787 816/816
f 816/816 790/790 8316/8316
f 8330/8330 813/813 815/815
f 807/807 823/823 814/814
f 808/808 824/824 823/823
f 2713/2713 2715/2715 2716/2716
f 2059/2059 2716/2716 2730/2730
f 838/838 746/746 839/839
f 745/745 838/838 842/842
f 2729/2729 2730/2730 2731/2731
f 845/845 771/771 842/842
f 721/721 722/722 723/723
f 764/764 726/726 765/765
f 784/784 765/765 785/785
f 806/806 784/784 785/785
f 806/806 812/812 811/811
f 812/812 807/807 814/814
f 813/813 826/826 824/824
f 791/791 790/790 771/771
f 815/815 816/816 8316/8316
f 790/790 8317/8317 8316/8316
f 826/826 813/813 8330/8330
f 8330/8330 815/815 8320/8320
f 814/814 823/823 8332/8332
f 823/823 824/824 826/826
f 2713/2713 2714/2714 2715/2715
f 2715/2715 2717/2717 2716/2716
f 2716/2716 2722/2722 2730/2730
f 839/839 842/842 838/838
f 846/846 771/771 845/845
f 845/845 842/842 844/844
f 784/784 764/764 765/765
f 784/784 806/806 810/810
f 806/806 811/811 810/810
f 811/811 812/812 814/814
f 790/790 791/791 8318/8318
f 846/846 791/791 771/771
f 8320/8320 815/815 8316/8316
f 8318/8318 8317/8317 790/790
f 8316/8316 8317/8317 8323/8323
f 826/826 8330/8330 8334/8334
f 8320/8320 8334/8334 8330/8330
f 814/814 8332/8332 811/811
f 823/823 8333/8333 8332/8332
f 823/823 826/826 8333/8333
f 2716/2716 2717/2717 2722/2722
f 842/842 839/839 843/843
f 845/845 847/847 846/846
f 842/842 843/843 844/844
f 845/845 844/844 849/849
f 783/783 764/764 784/784
f 810/810 805/805 784/784
f 810/810 811/811 11241/11241
f 791/791 8319/8319 8318/8318
f 846/846 8319/8319 791/791
f 8323/8323 8320/8320 8316/8316
f 8317/8317 8318/8318 8321/8321
f 8324/8324 8323/8323 8317/8317
f 826/826 8334/8334 8333/8333
f 8320/8320 8339/8339 8334/8334
f 811/811 8332/8332 11242/11242
f 8333/8333 11243/11243 8332/8332
f 850/850 847/847 845/845
f 847/847 8319/8319 846/846
f 843/843 848/848 844/844
f 844/844 848/848 849/849
f 850/850 845/845 849/849
f 784/784 805/805 783/783
f 810/810 809/809 805/805
f 825/825 810/810 11241/11241
f 11242/11242 11241/11241 811/811
f 8319/8319 8322/8322 8318/8318
f 8323/8323 8339/8339 8320/8320
f 8318/8318 8322/8322 8321/8321
f 8321/8321 8324/8324 8317/8317
f 8323/8323 8324/8324 8345/8345
f 8333/8333 8334/8334 8337/8337
f 8339/8339 8338/8338 8334/8334
f 8332/8332 11243/11243 11242/11242
f 8333/8333 8337/8337 11243/11243
f 847/847 850/850 852/852
f 8319/8319 847/847 8384/8384
f 848/848 853/853 849/849
f 850/850 849/849 851/851
f 805/805 804/804 783/783
f 804/804 805/805 809/809
f 825/825 809/809 810/810
f 825/825 11241/11241 11244/11244
f 8383/8383 8322/8322 8319/8319
f 8339/8339 8323/8323 8344/8344
f 8325/8325 8321/8321 8322/8322
f 8321/8321 8326/8326 8324/8324
f 8323/8323 8345/8345 8344/8344
f 8324/8324 8350/8350 8345/8345
f 8334/8334 8338/8338 8337/8337
f 8338/8338 8339/8339 8340/8340
f 8337/8337 11245/11245 11243/11243
f 8387/8387 847/847 852/852
f 8319/8319 8384/8384 8383/8383
f 8387/8387 8384/8384 847/847
f 853/853 851/851 849/849
f 11246/11246 783/783 804/804
f 809/809 821/821 804/804
f 825/825 822/822 809/809
f 11244/11244 822/822 825/825
f 8322/8322 8383/8383 8325/8325
f 8340/8340 8339/8339 8344/8344
f 8326/8326 8321/8321 8325/8325
f 8324/8324 8326/8326 8350/8350
f 8344/8344 8345/8345 8349/8349
f 8345/8345 8350/8350 8349/8349
f 8340/8340 8337/8337 8338/8338
f 8337/8337 8340/8340 11245/11245
f 8384/8384 8385/8385 8383/8383
f 8388/8388 8384/8384 8387/8387
f 851/851 853/853 854/854
f 11246/11246 803/803 783/783
f 11246/11246 804/804 820/820
f 820/820 804/804 821/821
f 809/809 822/822 821/821
f 11244/11244 11247/11247 822/822
f 8383/8383 8385/8385 8325/8325
f 8340/8340 8344/8344 11248/11248
f 8327/8327 8326/8326 8325/8325
f 8326/8326 8354/8354 8350/8350
f 8344/8344 8349/8349 11248/11248
f 8349/8349 8350/8350 11249/11249
f 8340/8340 11248/11248 11245/11245
f 8388/8388 8385/8385 8384/8384
f 851/851 854/854 852/852
f 821/821 1631/1631 820/820
f 821/821 822/822 1635/1635
f 822/822 11247/11247 1635/1635
f 8385/8385 8327/8327 8325/8325
f 8326/8326 8327/8327 8328/8328
f 8328/8328 8354/8354 8326/8326
f 8354/8354 8356/8356 8350/8350
f 11249/11249 11248/11248 8349/8349
f 8357/8357 11249/11249 8350/8350
f 8388/8388 8386/8386 8385/8385
f 1631/1631 821/821 1635/1635
f 1635/1635 11247/11247 4493/4493
f 8386/8386 8327/8327 8385/8385
f 8386/8386 8328/8328 8327/8327
f 8354/8354 8328/8328 8356/8356
f 8350/8350 8356/8356 8357/8357
f 8357/8357 11250/11250 11249/11249
f 8389/8389 8386/8386 8388/8388
f 1635/1635 1633/1633 1631/1631
f 1636/1636 1635/1635 4493/4493
f 4493/4493 11247/11247 11251/11251
f 8328/8328 8386/8386 8392/8392
f 8328/8328 8358/8358 8356/8356
f 8357/8357 8356/8356 8359/8359
f 11250/11250 8357/8357 8363/8363
f 8389/8389 8390/8390 8386/8386
f 1635/1635 1636/1636 1633/1633
f 1636/1636 4493/4493 4492/4492
f 4492/4492 4493/4493 11251/11251
f 8386/8386 8391/8391 8392/8392
f 8328/8328 8392/8392 8358/8358
f 8356/8356 8358/8358 8359/8359
f 8357/8357 8359/8359 8363/8363
f 11250/11250 8363/8363 11252/11252
f 8389/8389 8396/8396 8390/8390
f 8390/8390 8391/8391 8386/8386
f 1636/1636 1634/1634 1633/1633
f 1637/1637 1636/1636 4492/4492
f 4492/4492 11251/11251 11253/11253
f 8391/8391 8393/8393 8392/8392
f 8392/8392 8361/8361 8358/8358
f 8359/8359 8358/8358 8360/8360
f 8360/8360 8363/8363 8359/8359
f 8366/8366 11252/11252 8363/8363
f 8396/8396 8397/8397 8390/8390
f 8390/8390 8397/8397 8391/8391
f 1632/1632 1633/1633 1634/1634
f 1634/1634 1636/1636 1637/1637
f 1637/1637 4492/4492 4491/4491
f 4491/4491 4492/4492 11253/11253
f 8391/8391 8397/8397 8393/8393
f 8393/8393 8394/8394 8392/8392
f 8358/8358 8361/8361 8360/8360
f 8394/8394 8361/8361 8392/8392
f 8360/8360 8366/8366 8363/8363
f 11252/11252 8366/8366 11254/11254
f 4490/4490 1637/1637 4491/4491
f 8397/8397 8398/8398 8393/8393
f 8393/8393 8401/8401 8394/8394
f 8361/8361 8365/8365 8360/8360
f 8361/8361 8394/8394 8365/8365
f 8366/8366 8360/8360 8365/8365
f 8366/8366 8382/8382 11254/11254
f 8400/8400 8398/8398 8397/8397
f 8393/8393 8398/8398 8401/8401
f 8394/8394 8401/8401 8395/8395
f 8394/8394 8395/8395 8365/8365
f 8367/8367 8366/8366 8365/8365
f 8366/8366 8367/8367 8382/8382
f 8382/8382 6994/6994 11254/11254
f 8399/8399 8400/8400 8397/8397
f 8400/8400 8402/8402 8398/8398
f 8398/8398 8402/8402 8401/8401
f 8401/8401 8407/8407 8395/8395
f 8365/8365 8395/8395 8367/8367
f 8367/8367 1215/1215 8382/8382
f 8382/8382 1215/1215 6994/6994
f 11254/11254 6994/6994 11255/11255
f 8403/8403 8402/8402 8400/8400
f 8405/8405 8401/8401 8402/8402
f 8405/8405 8407/8407 8401/8401
f 8395/8395 8407/8407 8408/8408
f 8395/8395 8408/8408 8367/8367
f 8367/8367 8408/8408 1215/1215
f 6994/6994 1215/1215 6998/6998
f 11255/11255 6994/6994 11256/11256
f 8403/8403 8404/8404 8402/8402
f 8402/8402 8404/8404 8405/8405
f 8405/8405 8409/8409 8407/8407
f 1223/1223 8408/8408 8407/8407
f 8408/8408 1213/1213 1215/1215
f 6994/6994 6998/6998 11256/11256
f 1215/1215 1214/1214 6998/6998
f 8403/8403 8410/8410 8404/8404
f 8404/8404 8406/8406 8405/8405
f 8405/8405 8406/8406 8409/8409
f 8409/8409 1223/1223 8407/8407
f 1213/1213 8408/8408 1223/1223
f 1213/1213 1214/1214 1215/1215
f 11256/11256 6998/6998 11257/11257
f 6998/6998 1214/1214 1218/1218
f 8410/8410 8403/8403 8411/8411
f 8410/8410 8412/8412 8404/8404
f 8412/8412 8406/8406 8404/8404
f 8414/8414 8409/8409 8406/8406
f 8409/8409 8413/8413 1223/1223
f 1222/1222 1213/1213 1223/1223
f 1214/1214 1213/1213 1216/1216
f 6998/6998 1218/1218 11257/11257
f 1214/1214 1217/1217 1218/1218
f 8411/8411 8415/8415 8410/8410
f 8412/8412 8414/8414 8406/8406
f 8413/8413 8409/8409 8414/8414
f 8413/8413 1237/1237 1223/1223
f 1213/1213 1222/1222 1216/1216
f 1236/1236 1222/1222 1223/1223
f 1216/1216 1217/1217 1214/1214
f 11257/11257 1218/1218 7005/7005
f 1217/1217 1221/1221 1218/1218
f 8410/8410 8415/8415 8416/8416
f 8420/8420 8414/8414 8412/8412
f 8413/8413 8414/8414 8417/8417
f 1236/1236 1223/1223 1237/1237
f 8418/8418 1237/1237 8413/8413
f 1222/1222 1224/1224 1216/1216
f 1238/1238 1222/1222 1236/1236
f 1216/1216 1219/1219 1217/1217
f 1218/1218 7006/7006 7005/7005
f 11257/11257 7005/7005 11258/11258
f 1217/1217 1220/1220 1221/1221
f 1218/1218 1221/1221 7006/7006
f 8419/8419 8420/8420 8412/8412
f 8417/8417 8414/8414 8420/8420
f 8417/8417 8418/8418 8413/8413
f 1236/1236 1237/1237 1245/1245
f 1237/1237 8418/8418 1246/1246
f 1224/1224 1222/1222 1238/1238
f 1216/1216 1224/1224 1219/1219
f 1236/1236 1239/1239 1238/1238
f 1219/1219 1220/1220 1217/1217
f 7005/7005 7006/7006 7010/7010
f 7005/7005 7010/7010 11258/11258
f 1221/1221 1220/1220 1226/1226
f 1228/1228 7006/7006 1221/1221
f 8421/8421 8418/8418 8417/8417
f 1237/1237 1246/1246 1245/1245
f 1247/1247 1236/1236 1245/1245
f 8422/8422 1246/1246 8418/8418
f 1240/1240 1224/1224 1238/1238
f 1224/1224 1225/1225 1219/1219
f 1248/1248 1239/1239 1236/1236
f 1238/1238 1239/1239 1240/1240
f 1220/1220 1219/1219 1226/1226
f 7010/7010 7006/7006 7014/7014
f 11258/11258 7010/7010 11259/11259
f 1221/1221 1226/1226 1228/1228
f 7006/7006 1228/1228 7014/7014
f 8422/8422 8418/8418 8421/8421
f 8428/8428 8421/8421 8417/8417
f 1247/1247 1248/1248 1236/1236
f 1225/1225 1224/1224 1240/1240
f 1225/1225 1241/1241 1219/1219
f 1248/1248 1249/1249 1239/1239
f 1249/1249 1240/1240 1239/1239
f 1219/1219 1227/1227 1226/1226
f 7010/7010 7014/7014 11259/11259
f 1226/1226 1229/1229 1228/1228
f 1231/1231 7014/7014 1228/1228
f 8422/8422 8421/8421 8429/8429
f 8427/8427 8428/8428 8417/8417
f 8432/8432 8421/8421 8428/8428
f 1254/1254 1248/1248 1247/1247
f 1225/1225 1240/1240 1249/1249
f 1250/1250 1241/1241 1225/1225
f 1241/1241 1227/1227 1219/1219
f 1257/1257 1249/1249 1248/1248
f 1227/1227 1229/1229 1226/1226
f 7018/7018 11259/11259 7014/7014
f 1229/1229 1230/1230 1228/1228
f 1228/1228 1230/1230 1231/1231
f 7019/7019 7014/7014 1231/1231
f 8421/8421 8432/8432 8433/8433
f 8437/8437 8432/8432 8428/8428
f 1254/1254 1253/1253 1248/1248
f 1258/1258 1225/1225 1249/1249
f 1250/1250 1251/1251 1241/1241
f 1250/1250 1225/1225 1258/1258
f 1241/1241 1242/1242 1227/1227
f 1256/1256 1257/1257 1248/1248
f 1257/1257 1258/1258 1249/1249
f 1242/1242 1229/1229 1227/1227
f 11259/11259 7018/7018 11260/11260
f 7018/7018 7014/7014 7019/7019
f 1230/1230 1229/1229 1242/1242
f 1230/1230 1232/1232 1231/1231
f 1231/1231 1233/1233 7019/7019
f 8431/8431 8437/8437 8428/8428
f 8437/8437 8443/8443 8432/8432
f 1253/1253 1254/1254 1255/1255
f 1253/1253 1256/1256 1248/1248
f 1251/1251 1250/1250 1265/1265
f 1251/1251 1242/1242 1241/1241
f 1264/1264 1250/1250 1258/1258
f 1262/1262 1257/1257 1256/1256
f 1263/1263 1258/1258 1257/1257
f 11261/11261 11260/11260 7018/7018
f 7019/7019 1677/1677 7018/7018
f 1242/1242 1243/1243 1230/1230
f 1232/1232 1230/1230 1235/1235
f 1231/1231 1232/1232 1233/1233
f 7019/7019 1233/1233 1677/1677
f 8437/8437 8431/8431 8436/8436
f 8443/8443 1273/1273 8432/8432
f 1255/1255 1259/1259 1253/1253
f 1261/1261 1256/1256 1253/1253
f 1270/1270 1265/1265 1250/1250
f 1265/1265 1271/1271 1251/1251
f 1251/1251 1252/1252 1242/1242
f 1263/1263 1264/1264 1258/1258
f 1270/1270 1250/1250 1264/1264
f 1261/1261 1262/1262 1256/1256
f 1262/1262 1263/1263 1257/1257
f 11261/11261 7018/7018 1679/1679
f 7018/7018 1677/1677 1679/1679
f 1252/1252 1243/1243 1242/1242
f 1230/1230 1243/1243 1235/1235
f 1232/1232 1235/1235 1234/1234
f 1233/1233 1232/1232 1118/1118
f 1233/1233 1118/1118 1677/1677
f 8436/8436 8431/8431 8430/8430
f 8442/8442 8437/8437 8436/8436
f 1260/1260 1253/1253 1259/1259
f 1260/1260 1261/1261 1253/1253
f 1280/1280 1265/1265 1270/1270
f 1265/1265 1281/1281 1271/1271
f 1266/1266 1251/1251 1271/1271
f 1266/1266 1252/1252 1251/1251
f 1263/1263 1277/1277 1264/1264
f 1278/1278 1270/1270 1264/1264
f 1269/1269 1262/1262 1261/1261
f 11261/11261 1679/1679 11262/11262
f 1677/1677 1678/1678 1679/1679
f 1244/1244 1243/1243 1252/1252
f 1243/1243 1244/1244 1235/1235
f 1232/1232 1234/1234 1118/1118
f 1125/1125 1234/1234 1235/1235
f 1118/1118 1678/1678 1677/1677
f 8435/8435 8436/8436 8430/8430
f 1267/1267 1261/1261 1260/1260
f 1279/1279 1280/1280 1270/1270
f 1281/1281 1265/1265 1280/1280
f 1271/1271 1281/1281 1282/1282
f 1271/1271 1284/1284 1266/1266
f 1272/1272 1252/1252 1266/1266
f 1276/1276 1277/1277 1263/1263
f 1277/1277 1278/1278 1264/1264
f 1278/1278 1279/1279 1270/1270
f 1269/1269 1275/1275 1262/1262
f 1274/1274 1269/1269 1261/1261
f 1679/1679 11263/11263 11262/11262
f 1679/1679 1678/1678 11263/11263
f 1244/1244 1252/1252 1272/1272
f 1235/1235 1244/1244 1125/1125
f 1234/1234 1119/1119 1118/1118
f 1234/1234 1125/1125 1119/1119
f 1117/1117 1678/1678 1118/1118
f 8436/8436 8435/8435 8439/8439
f 1267/1267 1268/1268 1261/1261
f 1282/1282 1283/1283 1271/1271
f 1271/1271 1283/1283 1284/1284
f 1285/1285 1266/1266 1284/1284
f 1272/1272 1266/1266 1286/1286
f 1276/1276 1263/1263 1275/1275
f 1275/1275 1269/1269 1274/1274
f 1274/1274 1261/1261 1268/1268
f 1678/1678 1684/1684 11263/11263
f 1141/1141 1244/1244 1272/1272
f 1244/1244 1126/1126 1125/1125
f 1117/1117 1118/1118 1119/1119
f 1125/1125 1124/1124 1119/1119
f 1678/1678 1117/1117 1684/1684
f 8439/8439 8435/8435 8440/8440
f 8436/8436 8439/8439 8441/8441
f 1267/1267 8434/8434 1268/1268
f 1291/1291 1283/1283 1282/1282
f 1284/1284 1283/1283 1292/1292
f 1284/1284 1293/1293 1285/1285
f 1286/1286 1148/1148 1272/1272
f 1273/1273 1274/1274 1268/1268
f 1684/1684 11264/11264 11263/11263
f 1141/1141 1126/1126 1244/1244
f 1145/1145 1141/1141 1272/1272
f 1125/1125 1126/1126 1123/1123
f 1124/1124 1117/1117 1119/1119
f 1125/1125 1123/1123 1124/1124
f 1117/1117 1120/1120 1684/1684
f 8438/8438 8439/8439 8440/8440
f 1283/1283 1291/1291 1292/1292
f 1293/1293 1284/1284 1292/1292
f 1294/1294 1285/1285 1293/1293
f 1148/1148 1286/1286 1157/1157
f 1272/1272 1148/1148 1145/1145
f 1273/1273 1268/1268 8433/8433
f 1692/1692 11264/11264 1684/1684
f 1133/1133 1126/1126 1141/1141
f 1145/1145 1133/1133 1141/1141
f 1126/1126 1127/1127 1123/1123
f 1120/1120 1117/1117 1124/1124
f 1121/1121 1124/1124 1123/1123
f 1684/1684 1120/1120 1692/1692
f 1286/1286 1285/1285 1294/1294
f 1293/1293 1335/1335 1294/1294
f 1156/1156 1148/1148 1157/1157
f 1286/1286 1295/1295 1157/1157
f 1148/1148 1149/1149 1145/1145
f 11265/11265 11264/11264 1692/1692
f 1133/1133 1127/1127 1126/1126
f 1133/1133 1145/1145 1142/1142
f 1123/1123 1127/1127 1128/1128
f 1120/1120 1124/1124 1121/1121
f 1121/1121 1123/1123 1122/1122
f 1692/1692 1120/1120 1129/1129
f 1295/1295 1286/1286 1294/1294
f 1335/1335 1295/1295 1294/1294
f 1149/1149 1142/1142 1145/1145
f 11265/11265 1692/1692 1140/1140
f 1133/1133 1134/1134 1127/1127
f 1133/1133 1142/1142 1134/1134
f 1123/1123 1128/1128 1122/1122
f 1135/1135 1128/1128 1127/1127
f 1120/1120 1121/1121 1122/1122
f 1120/1120 1122/1122 1129/1129
f 1692/1692 1129/1129 1140/1140
f 1149/1149 1150/1150 1142/1142
f 11265/11265 1140/1140 1720/1720
f 1134/1134 1135/1135 1127/1127
f 1134/1134 1142/1142 1143/1143
f 1128/1128 1130/1130 1122/1122
f 1122/1122 1130/1130 1129/1129
f 1140/1140 1129/1129 1137/1137
f 1150/1150 1144/1144 1142/1142
f 11266/11266 11265/11265 1720/1720
f 1720/1720 1140/1140 1146/1146
f 1135/1135 1134/1134 1143/1143
f 1142/1142 1144/1144 1143/1143
f 1131/1131 1130/1130 1128/1128
f 1129/1129 1130/1130 1137/1137
f 1140/1140 1137/1137 1146/1146
f 1150/1150 1153/1153 1144/1144
f 1720/1720 11267/11267 11266/11266
f 1155/1155 1720/1720 1146/1146
f 1131/1131 1132/1132 1130/1130
f 1137/1137 1130/1130 1132/1132
f 1139/1139 1146/1146 1137/1137
f 1153/1153 1154/1154 1144/1144
f 1155/1155 11267/11267 1720/1720
f 1152/1152 1155/1155 1146/1146
f 1131/1131 1136/1136 1132/1132
f 1136/1136 1137/1137 1132/1132
f 1139/1139 1137/1137 1136/1136
f 1139/1139 1147/1147 1146/1146
f 1147/1147 1154/1154 1153/1153
f 11267/11267 1155/1155 11268/11268
f 1155/1155 1152/1152 11268/11268
f 1152/1152 1146/1146 1147/1147
f 1136/1136 1138/1138 1139/1139
f 1151/1151 1147/1147 1153/1153
f 11268/11268 1152/1152 1168/1168
f 1147/1147 1151/1151 1152/1152
f 11269/11269 11268/11268 1168/1168
f 1152/1152 1151/1151 1168/1168
f 11269/11269 1168/1168 1169/1169
f 1151/1151 1183/1183 1168/1168
f 1169/1169 1168/1168 1190/1190
f 11269/11269 1169/1169 11270/11270
f 1151/1151 1166/1166 1183/1183
f 1183/1183 1186/1186 1168/1168
f 1168/1168 1193/1193 1190/1190
f 1169/1169 1190/1190 1194/1194
f 11270/11270 1169/1169 11271/11271
f 1166/1166 1151/1151 1158/1158
f 1166/1166 1174/1174 1183/1183
f 1183/1183 1179/1179 1186/1186
f 1168/1168 1186/1186 1193/1193
f 1190/1190 1193/1193 1198/1198
f 1194/1194 1190/1190 1198/1198
f 1169/1169 1194/1194 11271/11271
f 1166/1166 1158/1158 1156/1156
f 1170/1170 1174/1174 1166/1166
f 1174/1174 1179/1179 1183/1183
f 1179/1179 1187/1187 1186/1186
f 1186/1186 1191/1191 1193/1193
f 1193/1193 1199/1199 1198/1198
f 1209/1209 1194/1194 1198/1198
f 11271/11271 1194/1194 11272/11272
f 1165/1165 1166/1166 1156/1156
f 1174/1174 1170/1170 1171/1171
f 1174/1174 1164/1164 1179/1179
f 1179/1179 1188/1188 1187/1187
f 1187/1187 1191/1191 1186/1186
f 1191/1191 1195/1195 1193/1193
f 1193/1193 1195/1195 1199/1199
f 1198/1198 1199/1199 1206/1206
f 1198/1198 1206/1206 1209/1209
f 1194/1194 1209/1209 11272/11272
f 1171/1171 1170/1170 1160/1160
f 1162/1162 1174/1174 1171/1171
f 1164/1164 1174/1174 1162/1162
f 1179/1179 1164/1164 1188/1188
f 1187/1187 1188/1188 1191/1191
f 1191/1191 1196/1196 1195/1195
f 1195/1195 1200/1200 1199/1199
f 1206/1206 1199/1199 1023/1023
f 1209/1209 1206/1206 1029/1029
f 11272/11272 1209/1209 1029/1029
f 1160/1160 1170/1170 1161/1161
f 1336/1336 1171/1171 1160/1160
f 1336/1336 1162/1162 1171/1171
f 1162/1162 1163/1163 1164/1164
f 1175/1175 1188/1188 1164/1164
f 1191/1191 1188/1188 1196/1196
f 1196/1196 1200/1200 1195/1195
f 1200/1200 1208/1208 1199/1199
f 1199/1199 1208/1208 1023/1023
f 1206/1206 1023/1023 1025/1025
f 1206/1206 1025/1025 1029/1029
f 11273/11273 11272/11272 1029/1029
f 1160/1160 1161/1161 1157/1157
f 1337/1337 1336/1336 1160/1160
f 1162/1162 1336/1336 1332/1332
f 1329/1329 1163/1163 1162/1162
f 1163/1163 1172/1172 1164/1164
f 1172/1172 1175/1175 1164/1164
f 1175/1175 1184/1184 1188/1188
f 1188/1188 1184/1184 1196/1196
f 1196/1196 1197/1197 1200/1200
f 1200/1200 1203/1203 1208/1208
f 1208/1208 1024/1024 1023/1023
f 1023/1023 1024/1024 1025/1025
f 1029/1029 1025/1025 1030/1030
f 11273/11273 1029/1029 11274/11274
f 1337/1337 1357/1357 1336/1336
f 1332/1332 1329/1329 1162/1162
f 1332/1332 1336/1336 1356/1356
f 1329/1329 1330/1330 1163/1163
f 1163/1163 1173/1173 1172/1172
f 1172/1172 1173/1173 1175/1175
f 1173/1173 1184/1184 1175/1175
f 1196/1196 1184/1184 1197/1197
f 1197/1197 1203/1203 1200/1200
f 1203/1203 1207/1207 1208/1208
f 1208/1208 1026/1026 1024/1024
f 1025/1025 1024/1024 1030/1030
f 1029/1029 1030/1030 11274/11274
f 1357/1357 1356/1356 1336/1336
f 1321/1321 1329/1329 1332/1332
f 1325/1325 1332/1332 1356/1356
f 1324/1324 1330/1330 1329/1329
f 1330/1330 1333/1333 1163/1163
f 1163/1163 1333/1333 1173/1173
f 1173/1173 1181/1181 1184/1184
f 1184/1184 1192/1192 1197/1197
f 1197/1197 1201/1201 1203/1203
f 1201/1201 1207/1207 1203/1203
f 1207/1207 1026/1026 1208/1208
f 1026/1026 1028/1028 1024/1024
f 1024/1024 1034/1034 1030/1030
f 11274/11274 1030/1030 1037/1037
f 1353/1353 1356/1356 1357/1357
f 1323/1323 1329/1329 1321/1321
f 1332/1332 1325/1325 1321/1321
f 1325/1325 1356/1356 1353/1353
f 1331/1331 1330/1330 1324/1324
f 1323/1323 1324/1324 1329/1329
f 1333/1333 1330/1330 1331/1331
f 1333/1333 1180/1180 1173/1173
f 1180/1180 1181/1181 1173/1173
f 1181/1181 1192/1192 1184/1184
f 1192/1192 1201/1201 1197/1197
f 1201/1201 1204/1204 1207/1207
f 1207/1207 1210/1210 1026/1026
f 1026/1026 1027/1027 1028/1028
f 1024/1024 1028/1028 1035/1035
f 1024/1024 1035/1035 1034/1034
f 1030/1030 1034/1034 1037/1037
f 11274/11274 1037/1037 11275/11275
f 1357/1357 1327/1327 1353/1353
f 1323/1323 1321/1321 1319/1319
f 1325/1325 1322/1322 1321/1321
f 1350/1350 1325/1325 1353/1353
f 1326/1326 1331/1331 1324/1324
f 1324/1324 1323/1323 1312/1312
f 1333/1333 1331/1331 1354/1354
f 1180/1180 1333/1333 1354/1354
f 1180/1180 1178/1178 1181/1181
f 1181/1181 1185/1185 1192/1192
f 1192/1192 1189/1189 1201/1201
f 1189/1189 1204/1204 1201/1201
f 1207/1207 1204/1204 1210/1210
f 1210/1210 1027/1027 1026/1026
f 1028/1028 1027/1027 1031/1031
f 1028/1028 1039/1039 1035/1035
f 1034/1034 1035/1035 1038/1038
f 1034/1034 1038/1038 1037/1037
f 11275/11275 1037/1037 11276/11276
f 1327/1327 1352/1352 1353/1353
f 1334/1334 1327/1327 1357/1357
f 1318/1318 1319/1319 1321/1321
f 1309/1309 1323/1323 1319/1319
f 1321/1321 1322/1322 1318/1318
f 1322/1322 1325/1325 1350/1350
f 1352/1352 1350/1350 1353/1353
f 1320/1320 1326/1326 1324/1324
f 1326/1326 1354/1354 1331/1331
f 1309/1309 1312/1312 1323/1323
f 1312/1312 1314/1314 1324/1324
f 1354/1354 1358/1358 1180/1180
f 1358/1358 1178/1178 1180/1180
f 1178/1178 1185/1185 1181/1181
f 1185/1185 1189/1189 1192/1192
f 1028/1028 1031/1031 1039/1039
f 1035/1035 1039/1039 1042/1042
f 1038/1038 1035/1035 1041/1041
f 1037/1037 1038/1038 1043/1043
f 1037/1037 1043/1043 11276/11276
f 1308/1308 1319/1319 1318/1318
f 1308/1308 1309/1309 1319/1319
f 1303/1303 1318/1318 1322/1322
f 1344/1344 1322/1322 1350/1350
f 1314/1314 1320/1320 1324/1324
f 1320/1320 1349/1349 1326/1326
f 1326/1326 1355/1355 1354/1354
f 1310/1310 1312/1312 1309/1309
f 1311/1311 1314/1314 1312/1312
f 1355/1355 1358/1358 1354/1354
f 1039/1039 1031/1031 1036/1036
f 1035/1035 1042/1042 1041/1041
f 1042/1042 1039/1039 1044/1044
f 1041/1041 1044/1044 1038/1038
f 1038/1038 1050/1050 1043/1043
f 11276/11276 1043/1043 11277/11277
f 1307/1307 1308/1308 1318/1318
f 1306/1306 1309/1309 1308/1308
f 1303/1303 1322/1322 1344/1344
f 1307/1307 1318/1318 1303/1303
f 1314/1314 1316/1316 1320/1320
f 1347/1347 1349/1349 1320/1320
f 1326/1326 1349/1349 1355/1355
f 1306/1306 1310/1310 1309/1309
f 1310/1310 1311/1311 1312/1312
f 1311/1311 1313/1313 1314/1314
f 1039/1039 1036/1036 1045/1045
f 1041/1041 1042/1042 1044/1044
f 1039/1039 1045/1045 1044/1044
f 1038/1038 1044/1044 1050/1050
f 1043/1043 1050/1050 1052/1052
f 1043/1043 1052/1052 11277/11277
f 1304/1304 1308/1308 1307/1307
f 1304/1304 1306/1306 1308/1308
f 1302/1302 1303/1303 1344/1344
f 1307/1307 1303/1303 1299/1299
f 1315/1315 1316/1316 1314/1314
f 1316/1316 1347/1347 1320/1320
f 1313/1313 1315/1315 1314/1314
f 1036/1036 1046/1046 1045/1045
f 1044/1044 1045/1045 1048/1048
f 1044/1044 1048/1048 1050/1050
f 1050/1050 1057/1057 1052/1052
f 11277/11277 1052/1052 11278/11278
f 1299/1299 1304/1304 1307/1307
f 1300/1300 1306/1306 1304/1304
f 1341/1341 1303/1303 1302/1302
f 1303/1303 1298/1298 1299/1299
f 1315/1315 1317/1317 1316/1316
f 1347/1347 1316/1316 1317/1317
f 1315/1315 1313/1313 1317/1317
f 1046/1046 1049/1049 1045/1045
f 1045/1045 1053/1053 1048/1048
f 1048/1048 1057/1057 1050/1050
f 1052/1052 1057/1057 990/990
f 1523/1523 11278/11278 1052/1052
f 1300/1300 1304/1304 1299/1299
f 1305/1305 1306/1306 1300/1300
f 1343/1343 1341/1341 1302/1302
f 1298/1298 1303/1303 1341/1341
f 1298/1298 1297/1297 1299/1299
f 1313/1313 1345/1345 1317/1317
f 1045/1045 1049/1049 1053/1053
f 1048/1048 1053/1053 1057/1057
f 1057/1057 1059/1059 990/990
f 1052/1052 990/990 996/996
f 11278/11278 1523/1523 11279/11279
f 1052/1052 996/996 1523/1523
f 1297/1297 1300/1300 1299/1299
f 1341/1341 1343/1343 1342/1342
f 1302/1302 1301/1301 1343/1343
f 1296/1296 1298/1298 1341/1341
f 1296/1296 1297/1297 1298/1298
f 1053/1053 1049/1049 1060/1060
f 1053/1053 1059/1059 1057/1057
f 1059/1059 1060/1060 990/990
f 990/990 989/989 996/996
f 1523/1523 996/996 11279/11279
f 1341/1341 1342/1342 1340/1340
f 1342/1342 1343/1343 1301/1301
f 1301/1301 1302/1302 1287/1287
f 1341/1341 1340/1340 1296/1296
f 1053/1053 1060/1060 1059/1059
f 1049/1049 1061/1061 1060/1060
f 1060/1060 988/988 990/990
f 988/988 989/989 990/990
f 996/996 989/989 998/998
f 11279/11279 996/996 11280/11280
f 1049/1049 1055/1055 1061/1061
f 1061/1061 1062/1062 1060/1060
f 1060/1060 1062/1062 988/988
f 988/988 992/992 989/989
f 989/989 1001/1001 998/998
f 996/996 998/998 11280/11280
f 1055/1055 1058/1058 1061/1061
f 1061/1061 991/991 1062/1062
f 1062/1062 991/991 988/988
f 988/988 991/991 992/992
f 992/992 999/999 989/989
f 989/989 999/999 1001/1001
f 998/998 1001/1001 1006/1006
f 1006/1006 11280/11280 998/998
f 1061/1061 1058/1058 991/991
f 991/991 993/993 992/992
f 992/992 995/995 999/999
f 1001/1001 999/999 1004/1004
f 1006/1006 1001/1001 1004/1004
f 11280/11280 1006/1006 11281/11281
f 991/991 1058/1058 993/993
f 992/992 993/993 995/995
f 995/995 1002/1002 999/999
f 999/999 1007/1007 1004/1004
f 1002/1002 1007/1007 999/999
f 1002/1002 1005/1005 1007/1007
f 1610/1610 1608/1608 634/634
f 932/932 933/933 934/934
f 933/933 939/939 934/934
f 932/932 934/934 938/938
f 934/934 939/939 945/945
f 936/936 932/932 938/938
f 938/938 934/934 942/942
f 934/934 945/945 942/942
f 939/939 944/944 945/945
f 936/936 938/938 937/937
f 941/941 938/938 942/942
f 942/942 945/945 946/946
f 939/939 943/943 944/944
f 10704/10704 945/945 944/944
f 935/935 936/936 937/937
f 937/937 938/938 941/941
f 946/946 941/941 942/942
f 945/945 10704/10704 946/946
f 10704/10704 944/944 10707/10707
f 1363/1363 935/935 937/937
f 940/940 937/937 941/941
f 10703/10703 941/941 946/946
f 946/946 10704/10704 10705/10705
f 10704/10704 10707/10707 10705/10705
f 944/944 10708/10708 10707/10707
f 1362/1362 935/935 1363/1363
f 1363/1363 937/937 940/940
f 940/940 941/941 10703/10703
f 10703/10703 946/946 10705/10705
f 10705/10705 10707/10707 10709/10709
f 10707/10707 10708/10708 10710/10710
f 1363/1363 1360/1360 1362/1362
f 1365/1365 1363/1363 940/940
f 1365/1365 940/940 10703/10703
f 10709/10709 10703/10703 10705/10705
f 10707/10707 10710/10710 10709/10709
f 10710/10710 10708/10708 10712/10712
f 1360/1360 1361/1361 1362/1362
f 1364/1364 1360/1360 1363/1363
f 1363/1363 1365/1365 1364/1364
f 1365/1365 10703/10703 10706/10706
f 10709/10709 10706/10706 10703/10703
f 10709/10709 10710/10710 10715/10715
f 10708/10708 10711/10711 10712/10712
f 10710/10710 10712/10712 10716/10716
f 1364/1364 1365/1365 1366/1366
f 10460/10460 1365/1365 10706/10706
f 10706/10706 10709/10709 10714/10714
f 10714/10714 10709/10709 10715/10715
f 10715/10715 10710/10710 10716/10716
f 1366/1366 1365/1365 10450/10450
f 1367/1367 1364/1364 1366/1366
f 10450/10450 1365/1365 10460/10460
f 10463/10463 10460/10460 10706/10706
f 10713/10713 10706/10706 10714/10714
f 10714/10714 10715/10715 10718/10718
f 10716/10716 10726/10726 10715/10715
f 10450/10450 10451/10451 1366/1366
f 1364/1364 1367/1367 1368/1368
f 1366/1366 10451/10451 1367/1367
f 10459/10459 10450/10450 10460/10460
f 10462/10462 10460/10460 10463/10463
f 10713/10713 10463/10463 10706/10706
f 10717/10717 10714/10714 10718/10718
f 10718/10718 10715/10715 10726/10726
f 10726/10726 10716/10716 10720/10720
f 10450/10450 10461/10461 10451/10451
f 1368/1368 1369/1369 1364/1364
f 10444/10444 1368/1368 1367/1367
f 10451/10451 10452/10452 1367/1367
f 10725/10725 10717/10717 10718/10718
f 10732/10732 10718/10718 10726/10726
f 10716/10716 10719/10719 10720/10720
f 10750/10750 10726/10726 10720/10720
f 1368/1368 1370/1370 1369/1369
f 10444/10444 10445/10445 1368/1368
f 10452/10452 10444/10444 1367/1367
f 10725/10725 10718/10718 10732/10732
f 10748/10748 10732/10732 10726/10726
f 10748/10748 10726/10726 10750/10750
f 1368/1368 1371/1371 1370/1370
f 10452/10452 10445/10445 10444/10444
f 10445/10445 1371/1371 1368/1368
f 10730/10730 10725/10725 10732/10732
f 10738/10738 10732/10732 10748/10748
f 10752/10752 10748/10748 10750/10750
f 1371/1371 1372/1372 1370/1370
f 10452/10452 10453/10453 10445/10445
f 10445/10445 10446/10446 1371/1371
f 10725/10725 10730/10730 10729/10729
f 10730/10730 10732/10732 10738/10738
f 10739/10739 10738/10738 10748/10748
f 10748/10748 10752/10752 10739/10739
f 10752/10752 10750/10750 10766/10766
f 1373/1373 1372/1372 1371/1371
f 10453/10453 10446/10446 10445/10445
f 10446/10446 1375/1375 1371/1371
f 10729/10729 10730/10730 10731/10731
f 10737/10737 10730/10730 10738/10738
f 10737/10737 10738/10738 10739/10739
f 10752/10752 10765/10765 10739/10739
f 10765/10765 10752/10752 10766/10766
f 10766/10766 10750/10750 10767/10767
f 1373/1373 1371/1371 1375/1375
f 10453/10453 10454/10454 10446/10446
f 10446/10446 10447/10447 1375/1375
f 10730/10730 10737/10737 10731/10731
f 10737/10737 10739/10739 10740/10740
f 10754/10754 10739/10739 10765/10765
f 10766/10766 10771/10771 10765/10765
f 10771/10771 10766/10766 10767/10767
f 1374/1374 1373/1373 1375/1375
f 10454/10454 10455/10455 10446/10446
f 10455/10455 10447/10447 10446/10446
f 10447/10447 1376/1376 1375/1375
f 10740/10740 10739/10739 10749/10749
f 10749/10749 10739/10739 10754/10754
f 10768/10768 10754/10754 10765/10765
f 10771/10771 10772/10772 10765/10765
f 10771/10771 10767/10767 10775/10775
f 1375/1375 1377/1377 1374/1374
f 10456/10456 10447/10447 10455/10455
f 1375/1375 1376/1376 1377/1377
f 10448/10448 1376/1376 10447/10447
f 10753/10753 10749/10749 10754/10754
f 10754/10754 10768/10768 10755/10755
f 10768/10768 10765/10765 10769/10769
f 10769/10769 10765/10765 10772/10772
f 10771/10771 10777/10777 10772/10772
f 10771/10771 10775/10775 10777/10777
f 10456/10456 10448/10448 10447/10447
f 1376/1376 1378/1378 1377/1377
f 10448/10448 1380/1380 1376/1376
f 10753/10753 10754/10754 10755/10755
f 10768/10768 10770/10770 10755/10755
f 10774/10774 10768/10768 10769/10769
f 10769/10769 10772/10772 10778/10778
f 10772/10772 10777/10777 10778/10778
f 10775/10775 10779/10779 10777/10777
f 1378/1378 1376/1376 1379/1379
f 1380/1380 1379/1379 1376/1376
f 10448/10448 10449/10449 1380/1380
f 10753/10753 10755/10755 10757/10757
f 10770/10770 10768/10768 10774/10774
f 10770/10770 10758/10758 10755/10755
f 10776/10776 10774/10774 10769/10769
f 10776/10776 10769/10769 10778/10778
f 10778/10778 10777/10777 9159/9159
f 10777/10777 10779/10779 9159/9159
f 1380/1380 1381/1381 1379/1379
f 10458/10458 10449/10449 10448/10448
f 1380/1380 10449/10449 9139/9139
f 10756/10756 10753/10753 10757/10757
f 10755/10755 10758/10758 10757/10757
f 10773/10773 10770/10770 10774/10774
f 10770/10770 10761/10761 10758/10758
f 10773/10773 10774/10774 10776/10776
f 9157/9157 10776/10776 10778/10778
f 9158/9158 10778/10778 9159/9159
f 10779/10779 9161/9161 9159/9159
f 1384/1384 1381/1381 1380/1380
f 10457/10457 10458/10458 10448/10448
f 1383/1383 1380/1380 9139/9139
f 10759/10759 10756/10756 10757/10757
f 10757/10757 10758/10758 10759/10759
f 10770/10770 10773/10773 10763/10763
f 10758/10758 10761/10761 10759/10759
f 10764/10764 10761/10761 10770/10770
f 9156/9156 10773/10773 10776/10776
f 10776/10776 9157/9157 9156/9156
f 9157/9157 10778/10778 9158/9158
f 9158/9158 9159/9159 9160/9160
f 9160/9160 9159/9159 9161/9161
f 1382/1382 1384/1384 1380/1380
f 1382/1382 1380/1380 1383/1383
f 1383/1383 9139/9139 9140/9140
f 10760/10760 10756/10756 10759/10759
f 10500/10500 10763/10763 10773/10773
f 10764/10764 10770/10770 10763/10763
f 10759/10759 10761/10761 10764/10764
f 10773/10773 9156/9156 10521/10521
f 7506/7506 9156/9156 9157/9157
f 9157/9157 9158/9158 9162/9162
f 9162/9162 9158/9158 9160/9160
f 9139/9139 9141/9141 9140/9140
f 10759/10759 10764/10764 10760/10760
f 10500/10500 10762/10762 10763/10763
f 10521/10521 10500/10500 10773/10773
f 10762/10762 10764/10764 10763/10763
f 9156/9156 7505/7505 10521/10521
f 7506/7506 7505/7505 9156/9156
f 7506/7506 9157/9157 9162/9162
f 9162/9162 9160/9160 9164/9164
f 9141/9141 9144/9144 9140/9140
f 10762/10762 10760/10760 10764/10764
f 10500/10500 10751/10751 10762/10762
f 10511/10511 10500/10500 10521/10521
f 7505/7505 10553/10553 10521/10521
f 7505/7505 7506/7506 7503/7503
f 9163/9163 7506/7506 9162/9162
f 9163/9163 9162/9162 9164/9164
f 9160/9160 9165/9165 9164/9164
f 9141/9141 9143/9143 9144/9144
f 10762/10762 10751/10751 10760/10760
f 10500/10500 10499/10499 10751/10751
f 10498/10498 10500/10500 10511/10511
f 10528/10528 10511/10511 10521/10521
f 10528/10528 10521/10521 10553/10553
f 7504/7504 10553/10553 7505/7505
f 7504/7504 7505/7505 7503/7503
f 7513/7513 7503/7503 7506/7506
f 7513/7513 7506/7506 9163/9163
f 9163/9163 9164/9164 9166/9166
f 9167/9167 9164/9164 9165/9165
f 9142/9142 9143/9143 9141/9141
f 10498/10498 10499/10499 10500/10500
f 10499/10499 10741/10741 10751/10751
f 10510/10510 10498/10498 10511/10511
f 10528/10528 10510/10510 10511/10511
f 10528/10528 10553/10553 10552/10552
f 10552/10552 10553/10553 7504/7504
f 7501/7501 7504/7504 7503/7503
f 7502/7502 7503/7503 7513/7513
f 7513/7513 9163/9163 7520/7520
f 9167/9167 9166/9166 9164/9164
f 7520/7520 9163/9163 9166/9166
f 9168/9168 9167/9167 9165/9165
f 10498/10498 10475/10475 10499/10499
f 10751/10751 10741/10741 10743/10743
f 10733/10733 10741/10741 10499/10499
f 10505/10505 10498/10498 10510/10510
f 10527/10527 10510/10510 10528/10528
f 10541/10541 10528/10528 10552/10552
f 7501/7501 10552/10552 7504/7504
f 7502/7502 7501/7501 7503/7503
f 7515/7515 7502/7502 7513/7513
f 7515/7515 7513/7513 7520/7520
f 9166/9166 9167/9167 9171/9171
f 7520/7520 9166/9166 9170/9170
f 9169/9169 9167/9167 9168/9168
f 10475/10475 10498/10498 10484/10484
f 10475/10475 10733/10733 10499/10499
f 10741/10741 10742/10742 10743/10743
f 10733/10733 10744/10744 10741/10741
f 10498/10498 10505/10505 10491/10491
f 10510/10510 10520/10520 10505/10505
f 10520/10520 10510/10510 10527/10527
f 10527/10527 10528/10528 10541/10541
f 10551/10551 10541/10541 10552/10552
f 10564/10564 10552/10552 7501/7501
f 7500/7500 7501/7501 7502/7502
f 7512/7512 7502/7502 7515/7515
f 7520/7520 11323/11323 7515/7515
f 9170/9170 9166/9166 9171/9171
f 9171/9171 9167/9167 9169/9169
f 11324/11324 7520/7520 9170/9170
f 10484/10484 10471/10471 10475/10475
f 10491/10491 10484/10484 10498/10498
f 10475/10475 10472/10472 10733/10733
f 10744/10744 10742/10742 10741/10741
f 10733/10733 10745/10745 10744/10744
f 10491/10491 10505/10505 10496/10496
f 10520/10520 10504/10504 10505/10505
f 10527/10527 10544/10544 10520/10520
f 10541/10541 10555/10555 10527/10527
f 10551/10551 10555/10555 10541/10541
f 10552/10552 10564/10564 10551/10551
f 10564/10564 7501/7501 7500/7500
f 7510/7510 7500/7500 7502/7502
f 7510/7510 7502/7502 7512/7512
f 11323/11323 7512/7512 7515/7515
f 11323/11323 7520/7520 11324/11324
f 9170/9170 9171/9171 9173/9173
f 9172/9172 9171/9171 9169/9169
f 11324/11324 9170/9170 11325/11325
f 10472/10472 10475/10475 10471/10471
f 10484/10484 10474/10474 10471/10471
f 10491/10491 10474/10474 10484/10484
f 10472/10472 10727/10727 10733/10733
f 10733/10733 10734/10734 10745/10745
f 10491/10491 10496/10496 10483/10483
f 10496/10496 10505/10505 10504/10504
f 10531/10531 10504/10504 10520/10520
f 10532/10532 10520/10520 10544/10544
f 10544/10544 10527/10527 10557/10557
f 10555/10555 10557/10557 10527/10527
f 10556/10556 10555/10555 10551/10551
f 10551/10551 10564/10564 10556/10556
f 7499/7499 10564/10564 7500/7500
f 7509/7509 7500/7500 7510/7510
f 11326/11326 7510/7510 7512/7512
f 7512/7512 11323/11323 11326/11326
f 9172/9172 9173/9173 9171/9171
f 9170/9170 9173/9173 11325/11325
f 10471/10471 10465/10465 10472/10472
f 10470/10470 10471/10471 10474/10474
f 10474/10474 10491/10491 10483/10483
f 10727/10727 10472/10472 10468/10468
f 10733/10733 10727/10727 10734/10734
f 10734/10734 10747/10747 10745/10745
f 10483/10483 10496/10496 10478/10478
f 10520/10520 10532/10532 10531/10531
f 10540/10540 10532/10532 10544/10544
f 10557/10557 10540/10540 10544/10544
f 10554/10554 10557/10557 10555/10555
f 10554/10554 10555/10555 10556/10556
f 10556/10556 10564/10564 7499/7499
f 7499/7499 7500/7500 7509/7509
f 11326/11326 7509/7509 7510/7510
f 9172/9172 11327/11327 9173/9173
f 11325/11325 9173/9173 11328/11328
f 10471/10471 10469/10469 10465/10465
f 10465/10465 10468/10468 10472/10472
f 10469/10469 10471/10471 10470/10470
f 10470/10470 10474/10474 10481/10481
f 10474/10474 10483/10483 10481/10481
f 10722/10722 10727/10727 10468/10468
f 10727/10727 10728/10728 10734/10734
f 10734/10734 10746/10746 10747/10747
f 10480/10480 10483/10483 10478/10478
f 10530/10530 10531/10531 10532/10532
f 10543/10543 10532/10532 10540/10540
f 10554/10554 10540/10540 10557/10557
f 10563/10563 10554/10554 10556/10556
f 7499/7499 10563/10563 10556/10556
f 7499/7499 7509/7509 7496/7496
f 7509/7509 11326/11326 11329/11329
f 9173/9173 11327/11327 11328/11328
f 10469/10469 10466/10466 10465/10465
f 10467/10467 10468/10468 10465/10465
f 9152/9152 10469/10469 10470/10470
f 10470/10470 10481/10481 10473/10473
f 10481/10481 10483/10483 10480/10480
f 10468/10468 10721/10721 10722/10722
f 10722/10722 10724/10724 10727/10727
f 10724/10724 10728/10728 10727/10727
f 10734/10734 10728/10728 10735/10735
f 10477/10477 10480/10480 10478/10478
f 10529/10529 10531/10531 10530/10530
f 10532/10532 10543/10543 10530/10530
f 10540/10540 10538/10538 10543/10543
f 10539/10539 10540/10540 10554/10554
f 10565/10565 10554/10554 10563/10563
f 7498/7498 10563/10563 7499/7499
f 7496/7496 7498/7498 7499/7499
f 7509/7509 11329/11329 7496/7496
f 10464/10464 10465/10465 10466/10466
f 9145/9145 10466/10466 10469/10469
f 10464/10464 10467/10467 10465/10465
f 10468/10468 10467/10467 10721/10721
f 9145/9145 10469/10469 9152/9152
f 10470/10470 9148/9148 9152/9152
f 10473/10473 9148/9148 10470/10470
f 10480/10480 10473/10473 10481/10481
f 10722/10722 10721/10721 10723/10723
f 10722/10722 10723/10723 10724/10724
f 10734/10734 10735/10735 10736/10736
f 10477/10477 10482/10482 10480/10480
f 10525/10525 10529/10529 10530/10530
f 10543/10543 10542/10542 10530/10530
f 10539/10539 10538/10538 10540/10540
f 10538/10538 10542/10542 10543/10543
f 10539/10539 10554/10554 10565/10565
f 10562/10562 10565/10565 10563/10563
f 7498/7498 10562/10562 10563/10563
f 7496/7496 7497/7497 7498/7498
f 11330/11330 7496/7496 11329/11329
f 10464/10464 10466/10466 9147/9147
f 9147/9147 10466/10466 9145/9145
f 9152/9152 9148/9148 9151/9151
f 9149/9149 9148/9148 10473/10473
f 9154/9154 10473/10473 10480/10480
f 10480/10480 10482/10482 9154/9154
f 10542/10542 10525/10525 10530/10530
f 10539/10539 10536/10536 10538/10538
f 10525/10525 10542/10542 10538/10538
f 10539/10539 10565/10565 10562/10562
f 10560/10560 10562/10562 7498/7498
f 7495/7495 7497/7497 7496/7496
f 10560/10560 7498/7498 7497/7497
f 11330/11330 7495/7495 7496/7496
f 9145/9145 9146/9146 9147/9147
f 9151/9151 9148/9148 9150/9150
f 9153/9153 9152/9152 9151/9151
f 9148/9148 9149/9149 9150/9150
f 9149/9149 10473/10473 9154/9154
f 10526/10526 10538/10538 10536/10536
f 10548/10548 10536/10536 10539/10539
f 10538/10538 10526/10526 10525/10525
f 10562/10562 10550/10550 10539/10539
f 10558/10558 10562/10562 10560/10560
f 7495/7495 10559/10559 7497/7497
f 10559/10559 10560/10560 7497/7497
f 7264/7264 7495/7495 11330/11330
f 9154/9154 9155/9155 9149/9149
f 10536/10536 10535/10535 10526/10526
f 10548/10548 10549/10549 10536/10536
f 10548/10548 10539/10539 10550/10550
f 10561/10561 10550/10550 10562/10562
f 10558/10558 10560/10560 10559/10559
f 10561/10561 10562/10562 10558/10558
f 7264/7264 10559/10559 7495/7495
f 7263/7263 7264/7264 11330/11330
f 7264/7264 10558/10558 10559/10559
f 10561/10561 10558/10558 10547/10547
f 7263/7263 7256/7256 7264/7264
f 11331/11331 7263/7263 11330/11330
f 10545/10545 10558/10558 7264/7264
f 10558/10558 10545/10545 10547/10547
f 7263/7263 7258/7258 7256/7256
f 7264/7264 7256/7256 10545/10545
f 11332/11332 7263/7263 11331/11331
f 10545/10545 10546/10546 10547/10547
f 7258/7258 7249/7249 7256/7256
f 7263/7263 7262/7262 7258/7258
f 7256/7256 7250/7250 10545/10545
f 11332/11332 8769/8769 7263/7263
f 10545/10545 10534/10534 10546/10546
f 7249/7249 7250/7250 7256/7256
f 7248/7248 7249/7249 7258/7258
f 7255/7255 7258/7258 7262/7262
f 7262/7262 7263/7263 8769/8769
f 7250/7250 10534/10534 10545/10545
f 11333/11333 8769/8769 11332/11332
f 7249/7249 7244/7244 7250/7250
f 7248/7248 7243/7243 7249/7249
f 7242/7242 7248/7248 7258/7258
f 7258/7258 7255/7255 7242/7242
f 7255/7255 7262/7262 8769/8769
f 7250/7250 7252/7252 10534/10534
f 7261/7261 8769/8769 11333/11333
f 7243/7243 7244/7244 7249/7249
f 7244/7244 7251/7251 7250/7250
f 7248/7248 7237/7237 7243/7243
f 7242/7242 7237/7237 7248/7248
f 7247/7247 7242/7242 7255/7255
f 7261/7261 7255/7255 8769/8769
f 7252/7252 7250/7250 7251/7251
f 7252/7252 10533/10533 10534/10534
f 7260/7260 7261/7261 11333/11333
f 7243/7243 7239/7239 7244/7244
f 7237/7237 7239/7239 7243/7243
f 7242/7242 7241/7241 7237/7237
f 7233/7233 7242/7242 7247/7247
f 7261/7261 7247/7247 7255/7255
f 7260/7260 7247/7247 7261/7261
f 8771/8771 7260/7260 11333/11333
f 7239/7239 7245/7245 7244/7244
f 7237/7237 7238/7238 7239/7239
f 7233/7233 7241/7241 7242/7242
f 7246/7246 7233/7233 7247/7247
f 7246/7246 7247/7247 7260/7260
f 8765/8765 7260/7260 8771/8771
f 8771/8771 11333/11333 11334/11334
f 7238/7238 7240/7240 7239/7239
f 7231/7231 7233/7233 7246/7246
f 7254/7254 7246/7246 7260/7260
f 8765/8765 7254/7254 7260/7260
f 8768/8768 8765/8765 8771/8771
f 11335/11335 8771/8771 11334/11334
f 7231/7231 7229/7229 7233/7233
f 7254/7254 7231/7231 7246/7246
f 7257/7257 7254/7254 8765/8765
f 7257/7257 8765/8765 8768/8768
f 8768/8768 8771/8771 11335/11335
f 7231/7231 7225/7225 7229/7229
f 7229/7229 7232/7232 7233/7233
f 7253/7253 7231/7231 7254/7254
f 7253/7253 7254/7254 7257/7257
f 8767/8767 7257/7257 8768/8768
f 8767/8767 8768/8768 11335/11335
f 7225/7225 7227/7227 7229/7229
f 7228/7228 7225/7225 7231/7231
f 7234/7234 7233/7233 7232/7232
f 7230/7230 7231/7231 7253/7253
f 7259/7259 7253/7253 7257/7257
f 7259/7259 7257/7257 8767/8767
f 8775/8775 8767/8767 11335/11335
f 7225/7225 7226/7226 7227/7227
f 7228/7228 7219/7219 7225/7225
f 7230/7230 7228/7228 7231/7231
f 7234/7234 7235/7235 7233/7233
f 9520/9520 7230/7230 7253/7253
f 9520/9520 7253/7253 7259/7259
f 8766/8766 7259/7259 8767/8767
f 8770/8770 8767/8767 8775/8775
f 8775/8775 11335/11335 8779/8779
f 7226/7226 7225/7225 7216/7216
f 7219/7219 7214/7214 7225/7225
f 7223/7223 7219/7219 7228/7228
f 7230/7230 9502/9502 7228/7228
f 7236/7236 7235/7235 7234/7234
f 9520/9520 9511/9511 7230/7230
f 9535/9535 9520/9520 7259/7259
f 9535/9535 7259/7259 8766/8766
f 8770/8770 8766/8766 8767/8767
f 8774/8774 8770/8770 8775/8775
f 8776/8776 8775/8775 8779/8779
f 8779/8779 11335/11335 11336/11336
f 7225/7225 7214/7214 7216/7216
f 7220/7220 7226/7226 7216/7216
f 7218/7218 7214/7214 7219/7219
f 7218/7218 7219/7219 7223/7223
f 9502/9502 7223/7223 7228/7228
f 9511/9511 9502/9502 7230/7230
f 9519/9519 9511/9511 9520/9520
f 9524/9524 9520/9520 9535/9535
f 9539/9539 9535/9535 8766/8766
f 8770/8770 9539/9539 8766/8766
f 9791/9791 8770/8770 8774/8774
f 8776/8776 8774/8774 8775/8775
f 8776/8776 8779/8779 11337/11337
f 11337/11337 8779/8779 11336/11336
f 7214/7214 7215/7215 7216/7216
f 7222/7222 7226/7226 7220/7220
f 7218/7218 7223/7223 7224/7224
f 9511/9511 9509/9509 9502/9502
f 11338/11338 9511/9511 9519/9519
f 9519/9519 9520/9520 9524/9524
f 9524/9524 9535/9535 9534/9534
f 9534/9534 9535/9535 9539/9539
f 9539/9539 8770/8770 9791/9791
f 11339/11339 9791/9791 8774/8774
f 8774/8774 8776/8776 11340/11340
f 8776/8776 11337/11337 11341/11341
f 7215/7215 7217/7217 7216/7216
f 7220/7220 7221/7221 7222/7222
f 11342/11342 9509/9509 9511/9511
f 9511/9511 11338/11338 11342/11342
f 11338/11338 9519/9519 9524/9524
f 9534/9534 9530/9530 9524/9524
f 9781/9781 9534/9534 9539/9539
f 9781/9781 9539/9539 9791/9791
f 11343/11343 9791/9791 11339/11339
f 11339/11339 8774/8774 11340/11340
f 11340/11340 8776/8776 11341/11341
f 9509/9509 11342/11342 11344/11344
f 11338/11338 9524/9524 9530/9530
f 9538/9538 9530/9530 9534/9534
f 9538/9538 9534/9534 9781/9781
f 9786/9786 9781/9781 9791/9791
f 11343/11343 9786/9786 9791/9791
f 11345/11345 11339/11339 11340/11340
f 9530/9530 11346/11346 11338/11338
f 9538/9538 9537/9537 9530/9530
f 9786/9786 9538/9538 9781/9781
f 11347/11347 9786/9786 11343/11343
f 11348/11348 11345/11345 11340/11340
f 9533/9533 11346/11346 9530/9530
f 9538/9538 11349/11349 9537/9537
f 9537/9537 9533/9533 9530/9530
f 11347/11347 9538/9538 9786/9786
f 11350/11350 11345/11345 11348/11348
f 11349/11349 9538/9538 11347/11347
f 9762/9762 9753/9753 9752/9752
f 9770/9770 9756/9756 9754/9754
f 9769/9769 9754/9754 9753/9753
f 9332/9332 9757/9757 9756/9756
f 9332/9332 9324/9324 9757/9757
f 11363/11363 11362/11362 9324/9324
f 9761/9761 9752/9752 9751/9751
f 9761/9761 9762/9762 9752/9752
f 9753/9753 9762/9762 9768/9768
f 9769/9769 9770/9770 9754/9754
f 9185/9185 9756/9756 9770/9770
f 9768/9768 9769/9769 9753/9753
f 9185/9185 9332/9332 9756/9756
f 9332/9332 11363/11363 9324/9324
f 9755/9755 9751/9751 9750/9750
f 9760/9760 9761/9761 9751/9751
f 9761/9761 9766/9766 9762/9762
f 9772/9772 9768/9768 9762/9762
f 8716/8716 9770/9770 9769/9769
f 8718/8718 9185/9185 9770/9770
f 9775/9775 9769/9769 9768/9768
f 9185/9185 11364/11364 9332/9332
f 11364/11364 11363/11363 9332/9332
f 9760/9760 9751/9751 9755/9755
f 9761/9761 9760/9760 9765/9765
f 9765/9765 9766/9766 9761/9761
f 9766/9766 9767/9767 9762/9762
f 9772/9772 9762/9762 9767/9767
f 9775/9775 9768/9768 9772/9772
f 9775/9775 8716/8716 9769/9769
f 8716/8716 8718/8718 9770/9770
f 11365/11365 9185/9185 8718/8718
f 11365/11365 11364/11364 9185/9185
f 9759/9759 9760/9760 9755/9755
f 9765/9765 9760/9760 9763/9763
f 9772/9772 9767/9767 9773/9773
f 9774/9774 9775/9775 9772/9772
f 9775/9775 8714/8714 8716/8716
f 8717/8717 8718/8718 8716/8716
f 8730/8730 11365/11365 8718/8718
f 3035/3035 9749/9749 3036/3036
f 9763/9763 9760/9760 9759/9759
f 11366/11366 9765/9765 9763/9763
f 8714/8714 9775/9775 9774/9774
f 8714/8714 8715/8715 8716/8716
f 8730/8730 8718/8718 8717/8717
f 8715/8715 8717/8717 8716/8716
f 8736/8736 11365/11365 8730/8730
f 3035/3035 3036/3036 3037/3037
f 3054/3054 9749/9749 3035/3035
f 9759/9759 9758/9758 9763/9763
f 9763/9763 11367/11367 11366/11366
f 3036/3036 3038/3038 3037/3037
f 8712/8712 8714/8714 9774/9774
f 8714/8714 8724/8724 8715/8715
f 8736/8736 8730/8730 8717/8717
f 8729/8729 8717/8717 8715/8715
f 11368/11368 11365/11365 8736/8736
f 3054/3054 3035/3035 3037/3037
f 9758/9758 9749/9749 3054/3054
f 9758/9758 11367/11367 9763/9763
f 8724/8724 8714/8714 8712/8712
f 8729/8729 8715/8715 8724/8724
f 8740/8740 8736/8736 8717/8717
f 8740/8740 8717/8717 8729/8729
f 8747/8747 11368/11368 8736/8736
f 11367/11367 9758/9758 3054/3054
f 3030/3030 3042/3042 3031/3031
f 8724/8724 8712/8712 8723/8723
f 8735/8735 8729/8729 8724/8724
f 8747/8747 8736/8736 8740/8740
f 8744/8744 8740/8740 8729/8729
f 8747/8747 11369/11369 11368/11368
f 11370/11370 11367/11367 3054/3054
f 3029/3029 3041/3041 3030/3030
f 3042/3042 3030/3030 3041/3041
f 8711/8711 8723/8723 8712/8712
f 8728/8728 8724/8724 8723/8723
f 8735/8735 8724/8724 8728/8728
f 8744/8744 8729/8729 8735/8735
f 8750/8750 8747/8747 8740/8740
f 8746/8746 8740/8740 8744/8744
f 8750/8750 11369/11369 8747/8747
f 11370/11370 3054/3054 3053/3053
f 3029/3029 11372/11372 3041/3041
f 3053/3053 3042/3042 3041/3041
f 8711/8711 8712/8712 8713/8713
f 8723/8723 8711/8711 8722/8722
f 8722/8722 8728/8728 8723/8723
f 8728/8728 8738/8738 8735/8735
f 8744/8744 8735/8735 8738/8738
f 8746/8746 8750/8750 8740/8740
f 8749/8749 8746/8746 8744/8744
f 8755/8755 11369/11369 8750/8750
f 11370/11370 3053/3053 3041/3041
f 11373/11373 3041/3041 11372/11372
f 8711/8711 8721/8721 8722/8722
f 8722/8722 8734/8734 8728/8728
f 8737/8737 8738/8738 8728/8728
f 8743/8743 8744/8744 8738/8738
f 8746/8746 8755/8755 8750/8750
f 8749/8749 8744/8744 8743/8743
f 11374/11374 8746/8746 8749/8749
f 8755/8755 11375/11375 11369/11369
f 11373/11373 11370/11370 3041/3041
f 11376/11376 8721/8721 8711/8711
f 8721/8721 8727/8727 8722/8722
f 8733/8733 8734/8734 8722/8722
f 8737/8737 8728/8728 8734/8734
f 8738/8738 8737/8737 8742/8742
f 8742/8742 8743/8743 8738/8738
f 11374/11374 8755/8755 8746/8746
f 8748/8748 8749/8749 8743/8743
f 11377/11377 11374/11374 8749/8749
f 11378/11378 11375/11375 8755/8755
f 11376/11376 11379/11379 8721/8721
f 8721/8721 11379/11379 8727/8727
f 8727/8727 8733/8733 8722/8722
f 8733/8733 8737/8737 8734/8734
f 8737/8737 11380/11380 8742/8742
f 8748/8748 8743/8743 8742/8742
f 11374/11374 11378/11378 8755/8755
f 11381/11381 8749/8749 8748/8748
f 11377/11377 8749/8749 11381/11381
f 11379/11379 8733/8733 8727/8727
f 8733/8733 8732/8732 8737/8737
f 8737/8737 8732/8732 11380/11380
f 11382/11382 8742/8742 11380/11380
f 8748/8748 8742/8742 11382/11382
f 11382/11382 11381/11381 8748/8748
f 11379/11379 8732/8732 8733/8733
f 11380/11380 8732/8732 11383/11383
f 8732/8732 11379/11379 11383/11383
f 1401/1401 11384/11384 11385/11385
f 9404/9404 11384/11384 1401/1401
f 1405/1405 1401/1401 11385/11385
f 9404/9404 9405/9405 11384/11384
f 1407/1407 9404/9404 1401/1401
f 1405/1405 1406/1406 1401/1401
f 1405/1405 11385/11385 11386/11386
f 9410/9410 9405/9405 9404/9404
f 9405/9405 11387/11387 11384/11384
f 1406/1406 1407/1407 1401/1401
f 1407/1407 9410/9410 9404/9404
f 1410/1410 1406/1406 1405/1405
f 1409/1409 1405/1405 11386/11386
f 9410/9410 9409/9409 9405/9405
f 9405/9405 9409/9409 11387/11387
f 1416/1416 1407/1407 1406/1406
f 9414/9414 9410/9410 1407/1407
f 1409/1409 1410/1410 1405/1405
f 1416/1416 1406/1406 1410/1410
f 1409/1409 11386/11386 1408/1408
f 9412/9412 9409/9409 9410/9410
f 9409/9409 9406/9406 11387/11387
f 1416/1416 9414/9414 1407/1407
f 9414/9414 9417/9417 9410/9410
f 1415/1415 1410/1410 1409/1409
f 1410/1410 1419/1419 1416/1416
f 11388/11388 1408/1408 11386/11386
f 1414/1414 1409/1409 1408/1408
f 9413/9413 9409/9409 9412/9412
f 9417/9417 9412/9412 9410/9410
f 11387/11387 9406/9406 11389/11389
f 9409/9409 9411/9411 9406/9406
f 1416/1416 11390/11390 9414/9414
f 9414/9414 11391/11391 9417/9417
f 1414/1414 1415/1415 1409/1409
f 1419/1419 1410/1410 1415/1415
f 1419/1419 11392/11392 1416/1416
f 1411/1411 1408/1408 11388/11388
f 1418/1418 1414/1414 1408/1408
f 9409/9409 9413/9413 9411/9411
f 9418/9418 9413/9413 9412/9412
f 9417/9417 9418/9418 9412/9412
f 9406/9406 9407/9407 11389/11389
f 9411/9411 9407/9407 9406/9406
f 11392/11392 11390/11390 1416/1416
f 11393/11393 9414/9414 11390/11390
f 11393/11393 11391/11391 9414/9414
f 9422/9422 9417/9417 11391/11391
f 1421/1421 1415/1415 1414/1414
f 1421/1421 1419/1419 1415/1415
f 1421/1421 11392/11392 1419/1419
f 1418/1418 1408/1408 1411/1411
f 1413/1413 1411/1411 11388/11388
f 11394/11394 1414/1414 1418/1418
f 9415/9415 9411/9411 9413/9413
f 9418/9418 9423/9423 9413/9413
f 9417/9417 9422/9422 9418/9418
f 9407/9407 11395/11395 11389/11389
f 9408/9408 9407/9407 9411/9411
f 11396/11396 9422/9422 11391/11391
f 11394/11394 1421/1421 1414/1414
f 11394/11394 11392/11392 1421/1421
f 1411/1411 1422/1422 1418/1418
f 1412/1412 1413/1413 11388/11388
f 1417/1417 1411/1411 1413/1413
f 1422/1422 11394/11394 1418/1418
f 9415/9415 9408/9408 9411/9411
f 9419/9419 9415/9415 9413/9413
f 9422/9422 9423/9423 9418/9418
f 9413/9413 9423/9423 9419/9419
f 9407/9407 9408/9408 11395/11395
f 11396/11396 9423/9423 9422/9422
f 11397/11397 1422/1422 1411/1411
f 1413/1413 1412/1412 11398/11398
f 1412/1412 11388/11388 11399/11399
f 11397/11397 1411/1411 1417/1417
f 11398/11398 1417/1417 1413/1413
f 11400/11400 11394/11394 1422/1422
f 9415/9415 9416/9416 9408/9408
f 9415/9415 9419/9419 9420/9420
f 11401/11401 9419/9419 9423/9423
f 9408/9408 11402/11402 11395/11395
f 11396/11396 11401/11401 9423/9423
f 11397/11397 11400/11400 1422/1422
f 6878/6878 11398/11398 1412/1412
f 1412/1412 11399/11399 6866/6866
f 11397/11397 1417/1417 11398/11398
f 9420/9420 9416/9416 9415/9415
f 9416/9416 10828/10828 9408/9408
f 11403/11403 9420/9420 9419/9419
f 11401/11401 11403/11403 9419/9419
f 9408/9408 10819/10819 11402/11402
f 6878/6878 1412/1412 6866/6866
f 11404/11404 11398/11398 6878/6878
f 6866/6866 11399/11399 11405/11405
f 11406/11406 9416/9416 9420/9420
f 10828/10828 10824/10824 9408/9408
f 9416/9416 10832/10832 10828/10828
f 11403/11403 11406/11406 9420/9420
f 10819/10819 11407/11407 11402/11402
f 9408/9408 10824/10824 10819/10819
f 6878/6878 6866/6866 6870/6870
f 11404/11404 6878/6878 6884/6884
f 6866/6866 11405/11405 6861/6861
f 9416/9416 11406/11406 10832/10832
f 10828/10828 10829/10829 10824/10824
f 10832/10832 10829/10829 10828/10828
f 10819/10819 10821/10821 11407/11407
f 10824/10824 10821/10821 10819/10819
f 6870/6870 6866/6866 6865/6865
f 6884/6884 6878/6878 6870/6870
f 11408/11408 11404/11404 6884/6884
f 6861/6861 11405/11405 11409/11409
f 6865/6865 6866/6866 6861/6861
f 11406/11406 11410/11410 10832/10832
f 10829/10829 10821/10821 10824/10824
f 10832/10832 11410/11410 10829/10829
f 10821/10821 11411/11411 11407/11407
f 6869/6869 6870/6870 6865/6865
f 6883/6883 6884/6884 6870/6870
f 11408/11408 6884/6884 6883/6883
f 6861/6861 11409/11409 6853/6853
f 6865/6865 6861/6861 6858/6858
f 10829/10829 10826/10826 10821/10821
f 6877/6877 6870/6870 6869/6869
f 6869/6869 6865/6865 6858/6858
f 6882/6882 6883/6883 6870/6870
f 11412/11412 11408/11408 6883/6883
f 11413/11413 6853/6853 11409/11409
f 6858/6858 6861/6861 6853/6853
f 6882/6882 6870/6870 6877/6877
f 6869/6869 6873/6873 6877/6877
f 6858/6858 6864/6864 6869/6869
f 6882/6882 11416/11416 6883/6883
f 6883/6883 11416/11416 11412/11412
f 11413/11413 6852/6852 6853/6853
f 6858/6858 6853/6853 6852/6852
f 6882/6882 6877/6877 6873/6873
f 6869/6869 6864/6864 6873/6873
f 6858/6858 6852/6852 6864/6864
f 11416/11416 6882/6882 11417/11417
f 11418/11418 11412/11412 11416/11416
f 6852/6852 11413/11413 11419/11419
f 6881/6881 6882/6882 6873/6873
f 6874/6874 6873/6873 6864/6864
f 6852/6852 6854/6854 6864/6864
f 6882/6882 6881/6881 11417/11417
f 6852/6852 11419/11419 6854/6854
f 6873/6873 6874/6874 6881/6881
f 6874/6874 6864/6864 11423/11423
f 6864/6864 6854/6854 6859/6859
f 6881/6881 11423/11423 11417/11417
f 11419/11419 11424/11424 6854/6854
f 6874/6874 11423/11423 6881/6881
f 11423/11423 6864/6864 11425/11425
f 6859/6859 6854/6854 6860/6860
f 6864/6864 6859/6859 11425/11425
f 6854/6854 11424/11424 6860/6860
f 6859/6859 6860/6860 11427/11427
f 11425/11425 6859/6859 11427/11427
f 4918/4918 4919/4919 4920/4920
f 4918/4918 5478/5478 4919/4919
f 4920/4920 4919/4919 4921/4921
f 4918/4918 4920/4920 4932/4932
f 5478/5478 4918/4918 4926/4926
f 5478/5478 5479/5479 4919/4919
f 4919/4919 5479/5479 4921/4921
f 4920/4920 4921/4921 4933/4933
f 4932/4932 4920/4920 4933/4933
f 4918/4918 4932/4932 4931/4931
f 4926/4926 4918/4918 4927/4927
f 5478/5478 4926/4926 5470/5470
f 5475/5475 5479/5479 5478/5478
f 4921/4921 5479/5479 4922/4922
f 4933/4933 4921/4921 4928/4928
f 4932/4932 4933/4933 4937/4937
f 4927/4927 4918/4918 4931/4931
f 4932/4932 4936/4936 4931/4931
f 6112/6112 4926/4926 4927/4927
f 4926/4926 5465/5465 5470/5470
f 5471/5471 5478/5478 5470/5470
f 5471/5471 5475/5475 5478/5478
f 5475/5475 5476/5476 5479/5479
f 4921/4921 4922/4922 4923/4923
f 5479/5479 5476/5476 4922/4922
f 4923/4923 4928/4928 4921/4921
f 4933/4933 4928/4928 4937/4937
f 4932/4932 4937/4937 11434/11434
f 4930/4930 4927/4927 4931/4931
f 4931/4931 4936/4936 4930/4930
f 4936/4936 4932/4932 11434/11434
f 6112/6112 9259/9259 4926/4926
f 6112/6112 4927/4927 4930/4930
f 5465/5465 5466/5466 5470/5470
f 9259/9259 5465/5465 4926/4926
f 5471/5471 5470/5470 5466/5466
f 5472/5472 5475/5475 5471/5471
f 5475/5475 5472/5472 5476/5476
f 4925/4925 4923/4923 4922/4922
f 4928/4928 4923/4923 4924/4924
f 4935/4935 4937/4937 4928/4928
f 4937/4937 11435/11435 11434/11434
f 4936/4936 11436/11436 4930/4930
f 11437/11437 4936/4936 11434/11434
f 6111/6111 9259/9259 6112/6112
f 6117/6117 6112/6112 4930/4930
f 5465/5465 5457/5457 5466/5466
f 9259/9259 9251/9251 5465/5465
f 5471/5471 5466/5466 5468/5468
f 5472/5472 5471/5471 5468/5468
f 5476/5476 5472/5472 5477/5477
f 4924/4924 4923/4923 4925/4925
f 4929/4929 4928/4928 4924/4924
f 4928/4928 4934/4934 4935/4935
f 4935/4935 4940/4940 4937/4937
f 4937/4937 4940/4940 11435/11435
f 11438/11438 4930/4930 11436/11436
f 11436/11436 4936/4936 11437/11437
f 6111/6111 6112/6112 6117/6117
f 6111/6111 6110/6110 9259/9259
f 11438/11438 6117/6117 4930/4930
f 9251/9251 5457/5457 5465/5465
f 5457/5457 5461/5461 5466/5466
f 9257/9257 9251/9251 9259/9259
f 5468/5468 5466/5466 5467/5467
f 5472/5472 5468/5468 5473/5473
f 5477/5477 5472/5472 5473/5473
f 4929/4929 4934/4934 4928/4928
f 4938/4938 4935/4935 4934/4934
f 4938/4938 4940/4940 4935/4935
f 4940/4940 11439/11439 11435/11435
f 6109/6109 6111/6111 6117/6117
f 6109/6109 6110/6110 6111/6111
f 6110/6110 9257/9257 9259/9259
f 11440/11440 6117/6117 11438/11438
f 5457/5457 9251/9251 5456/5456
f 5457/5457 5458/5458 5461/5461
f 11441/11441 5466/5466 5461/5461
f 9257/9257 9254/9254 9251/9251
f 5466/5466 11441/11441 5467/5467
f 5468/5468 5467/5467 5469/5469
f 5468/5468 5469/5469 5473/5473
f 5477/5477 5473/5473 5474/5474
f 4929/4929 4939/4939 4934/4934
f 4934/4934 4939/4939 4938/4938
f 4938/4938 4948/4948 4940/4940
f 4940/4940 11442/11442 11439/11439
f 11440/11440 6109/6109 6117/6117
f 6109/6109 9260/9260 6110/6110
f 9256/9256 9257/9257 6110/6110
f 11443/11443 5457/5457 5456/5456
f 9243/9243 5456/5456 9251/9251
f 11443/11443 5458/5458 5457/5457
f 5458/5458 11444/11444 5461/5461
f 5461/5461 11444/11444 11441/11441
f 9251/9251 9254/9254 9249/9249
f 9256/9256 9254/9254 9257/9257
f 11441/11441 11445/11445 5467/5467
f 5467/5467 11445/11445 5469/5469
f 5473/5473 5469/5469 5474/5474
f 5480/5480 5477/5477 5474/5474
f 4946/4946 4938/4938 4939/4939
f 4948/4948 4938/4938 4947/4947
f 4948/4948 11442/11442 4940/4940
f 11446/11446 6109/6109 11440/11440
f 9260/9260 9256/9256 6110/6110
f 9260/9260 6109/6109 6108/6108
f 11443/11443 5456/5456 11447/11447
f 9243/9243 9239/9239 5456/5456
f 9249/9249 9243/9243 9251/9251
f 5458/5458 11443/11443 11444/11444
f 9254/9254 9250/9250 9249/9249
f 9254/9254 9256/9256 9250/9250
f 5469/5469 11445/11445 11448/11448
f 5469/5469 11448/11448 5474/5474
f 4946/4946 4947/4947 4938/4938
f 4948/4948 4947/4947 4949/4949
f 11442/11442 4948/4948 11449/11449
f 6109/6109 11446/11446 6108/6108
f 9255/9255 9256/9256 9260/9260
f 6108/6108 9258/9258 9260/9260
f 9239/9239 11447/11447 5456/5456
f 9243/9243 11450/11450 9239/9239
f 9242/9242 9243/9243 9249/9249
f 9250/9250 9242/9242 9249/9249
f 9255/9255 9250/9250 9256/9256
f 4948/4948 4949/4949 4950/4950
f 4950/4950 11449/11449 4948/4948
f 6108/6108 11446/11446 11451/11451
f 9258/9258 9255/9255 9260/9260
f 9258/9258 6108/6108 6106/6106
f 9239/9239 11452/11452 11447/11447
f 11450/11450 11452/11452 9239/9239
f 9236/9236 11450/11450 9243/9243
f 9242/9242 9236/9236 9243/9243
f 9248/9248 9242/9242 9250/9250
f 9255/9255 9247/9247 9250/9250
f 11451/11451 6106/6106 6108/6108
f 9253/9253 9255/9255 9258/9258
f 9253/9253 9258/9258 6106/6106
f 11453/11453 11450/11450 9236/9236
f 9238/9238 9236/9236 9242/9242
f 9248/9248 9238/9238 9242/9242
f 9247/9247 9248/9248 9250/9250
f 9253/9253 9247/9247 9255/9255
f 11454/11454 6106/6106 11451/11451
f 9252/9252 9253/9253 6106/6106
f 11453/11453 9236/9236 9233/9233
f 9233/9233 9236/9236 9238/9238
f 9241/9241 9238/9238 9248/9248
f 9247/9247 9241/9241 9248/9248
f 9246/9246 9247/9247 9253/9253
f 6114/6114 6106/6106 11454/11454
f 9252/9252 9245/9245 9253/9253
f 9252/9252 6106/6106 6114/6114
f 11455/11455 11453/11453 9233/9233
f 9235/9235 9233/9233 9238/9238
f 9237/9237 9238/9238 9241/9241
f 9240/9240 9241/9241 9247/9247
f 9246/9246 9240/9240 9247/9247
f 9253/9253 9245/9245 9246/9246
f 11456/11456 6114/6114 11454/11454
f 10621/10621 9245/9245 9252/9252
f 10627/10627 9252/9252 6114/6114
f 9227/9227 11455/11455 9233/9233
f 9227/9227 9233/9233 9235/9235
f 9237/9237 9235/9235 9238/9238
f 9240/9240 9237/9237 9241/9241
f 9246/9246 9245/9245 9240/9240
f 11456/11456 10627/10627 6114/6114
f 10621/10621 10615/10615 9245/9245
f 10627/10627 10621/10621 9252/9252
f 9227/9227 5341/5341 11455/11455
f 9227/9227 9235/9235 9237/9237
f 9234/9234 9237/9237 9240/9240
f 9240/9240 9245/9245 9234/9234
f 6475/6475 10627/10627 11456/11456
f 10615/10615 9244/9244 9245/9245
f 10617/10617 10615/10615 10621/10621
f 6475/6475 10621/10621 10627/10627
f 5341/5341 11457/11457 11455/11455
f 5341/5341 9227/9227 9232/9232
f 9232/9232 9227/9227 9237/9237
f 9234/9234 9232/9232 9237/9237
f 9244/9244 9234/9234 9245/9245
f 11458/11458 6475/6475 11456/11456
f 10615/10615 10608/10608 9244/9244
f 10617/10617 10611/10611 10615/10615
f 10617/10617 10621/10621 10620/10620
f 10620/10620 10621/10621 6475/6475
f 11459/11459 11457/11457 5341/5341
f 9231/9231 5341/5341 9232/9232
f 9234/9234 9231/9231 9232/9232
f 10605/10605 9234/9234 9244/9244
f 11460/11460 6475/6475 11458/11458
f 10608/10608 10605/10605 9244/9244
f 10611/10611 10608/10608 10615/10615
f 10610/10610 10611/10611 10617/10617
f 10620/10620 10610/10610 10617/10617
f 6475/6475 10625/10625 10620/10620
f 5337/5337 11459/11459 5341/5341
f 9231/9231 5337/5337 5341/5341
f 10605/10605 9231/9231 9234/9234
f 11460/11460 10625/10625 6475/6475
f 10605/10605 10608/10608 10598/10598
f 10596/10596 10608/10608 10611/10611
f 10610/10610 10607/10607 10611/10611
f 10614/10614 10610/10610 10620/10620
f 10619/10619 10620/10620 10625/10625
f 11461/11461 11459/11459 5337/5337
f 10598/10598 5337/5337 9231/9231
f 10598/10598 9231/9231 10605/10605
f 11462/11462 10625/10625 11460/11460
f 10608/10608 10597/10597 10598/10598
f 10596/10596 10597/10597 10608/10608
f 10607/10607 10596/10596 10611/10611
f 10610/10610 10602/10602 10607/10607
f 10609/10609 10610/10610 10614/10614
f 10619/10619 10614/10614 10620/10620
f 10623/10623 10619/10619 10625/10625
f 10598/10598 11461/11461 5337/5337
f 10623/10623 10625/10625 11462/11462
f 10597/10597 11461/11461 10598/10598
f 11463/11463 10597/10597 10596/10596
f 10607/10607 10602/10602 10596/10596
f 10609/10609 10602/10602 10610/10610
f 10609/10609 10614/10614 10616/10616
f 10616/10616 10614/10614 10619/10619
f 10623/10623 10616/10616 10619/10619
f 10626/10626 10623/10623 11462/11462
f 11461/11461 10597/10597 11463/11463
f 5340/5340 11463/11463 10596/10596
f 10595/10595 10596/10596 10602/10602
f 10604/10604 10602/10602 10609/10609
f 10612/10612 10609/10609 10616/10616
f 10618/10618 10616/10616 10623/10623
f 10622/10622 10623/10623 10626/10626
f 11464/11464 10626/10626 11462/11462
f 5340/5340 11465/11465 11463/11463
f 10596/10596 10595/10595 5340/5340
f 10594/10594 10595/10595 10602/10602
f 10604/10604 10594/10594 10602/10602
f 10603/10603 10604/10604 10609/10609
f 10612/10612 10603/10603 10609/10609
f 10618/10618 10612/10612 10616/10616
f 10622/10622 10618/10618 10623/10623
f 10622/10622 10626/10626 11464/11464
f 11466/11466 11465/11465 5340/5340
f 5340/5340 10595/10595 11466/11466
f 11466/11466 10595/10595 10594/10594
f 10601/10601 10594/10594 10604/10604
f 10603/10603 10600/10600 10604/10604
f 7703/7703 10603/10603 10612/10612
f 10613/10613 10612/10612 10618/10618
f 7797/7797 10618/10618 10622/10622
f 10624/10624 10622/10622 11464/11464
f 11467/11467 11466/11466 10594/10594
f 10593/10593 10594/10594 10601/10601
f 10600/10600 10601/10601 10604/10604
f 10599/10599 10600/10600 10603/10603
f 10606/10606 10603/10603 7703/7703
f 10613/10613 7703/7703 10612/10612
f 7747/7747 10613/10613 10618/10618
f 7747/7747 10618/10618 7797/7797
f 7797/7797 10622/10622 10624/10624
f 6468/6468 10624/10624 11464/11464
f 10593/10593 11467/11467 10594/10594
f 10600/10600 10593/10593 10601/10601
f 10599/10599 5338/5338 10600/10600
f 10606/10606 10599/10599 10603/10603
f 7704/7704 10606/10606 7703/7703
f 10613/10613 7701/7701 7703/7703
f 7747/7747 7746/7746 10613/10613
f 7777/7777 7747/7747 7797/7797
f 7838/7838 7797/7797 10624/10624
f 11468/11468 6468/6468 11464/11464
f 7838/7838 10624/10624 6468/6468
f 5339/5339 11467/11467 10593/10593
f 5338/5338 10593/10593 10600/10600
f 7658/7658 5338/5338 10599/10599
f 7704/7704 10599/10599 10606/10606
f 7702/7702 7704/7704 7703/7703
f 7701/7701 7702/7702 7703/7703
f 7746/7746 7701/7701 10613/10613
f 7741/7741 7746/7746 7747/7747
f 7777/7777 7762/7762 7747/7747
f 7797/7797 7796/7796 7777/7777
f 7838/7838 7796/7796 7797/7797
f 6469/6469 6468/6468 11468/11468
f 6467/6467 7838/7838 6468/6468
f 5339/5339 11469/11469 11467/11467
f 5338/5338 5339/5339 10593/10593
f 7658/7658 7659/7659 5338/5338
f 7704/7704 7658/7658 10599/10599
f 7741/7741 7728/7728 7746/7746
f 7747/7747 7762/7762 7741/7741
f 7777/7777 7763/7763 7762/7762
f 7794/7794 7777/7777 7796/7796
f 7796/7796 7838/7838 7819/7819
f 6467/6467 6468/6468 6469/6469
f 6476/6476 6469/6469 11468/11468
f 6467/6467 7837/7837 7838/7838
f 11470/11470 11469/11469 5339/5339
f 5338/5338 11470/11470 5339/5339
f 7726/7726 7728/7728 7741/7741
f 7741/7741 7762/7762 7761/7761
f 7761/7761 7762/7762 7763/7763
f 7763/7763 7777/7777 7778/7778
f 7777/7777 7794/7794 7795/7795
f 7819/7819 7794/7794 7796/7796
f 7837/7837 7819/7819 7838/7838
f 6593/6593 6467/6467 6469/6469
f 6476/6476 6593/6593 6469/6469
f 11471/11471 6476/6476 11468/11468
f 6617/6617 7837/7837 6467/6467
f 7726/7726 7727/7727 7728/7728
f 7760/7760 7763/7763 7778/7778
f 7795/7795 7778/7778 7777/7777
f 7818/7818 7794/7794 7819/7819
f 7837/7837 7817/7817 7819/7819
f 6593/6593 6594/6594 6467/6467
f 6593/6593 6476/6476 6633/6633
f 11471/11471 6672/6672 6476/6476
f 6594/6594 6617/6617 6467/6467
f 7837/7837 6617/6617 7836/7836
f 7760/7760 7778/7778 7764/7764
f 7795/7795 7764/7764 7778/7778
f 7817/7817 7818/7818 7819/7819
f 7815/7815 7817/7817 7837/7837
f 6633/6633 6594/6594 6593/6593
f 6672/6672 6633/6633 6476/6476
f 6702/6702 6672/6672 11471/11471
f 6615/6615 6617/6617 6594/6594
f 7836/7836 7815/7815 7837/7837
f 6615/6615 7836/7836 6617/6617
f 7759/7759 7760/7760 7764/7764
f 7795/7795 7793/7793 7764/7764
f 7816/7816 7818/7818 7817/7817
f 7815/7815 7816/7816 7817/7817
f 6679/6679 6594/6594 6633/6633
f 6671/6671 6633/6633 6672/6672
f 6672/6672 6702/6702 6671/6671
f 6702/6702 11471/11471 11472/11472
f 6616/6616 6615/6615 6594/6594
f 7815/7815 7836/7836 7826/7826
f 7826/7826 7836/7836 6615/6615
f 7759/7759 7739/7739 7760/7760
f 7759/7759 7764/7764 7776/7776
f 7793/7793 7776/7776 7764/7764
f 7807/7807 7816/7816 7815/7815
f 6616/6616 6594/6594 6679/6679
f 6671/6671 6679/6679 6633/6633
f 6695/6695 6671/6671 6702/6702
f 11472/11472 6725/6725 6702/6702
f 6615/6615 6616/6616 6614/6614
f 7815/7815 7826/7826 7792/7792
f 7826/7826 6615/6615 7825/7825
f 7723/7723 7739/7739 7759/7759
f 7758/7758 7759/7759 7776/7776
f 7793/7793 7792/7792 7776/7776
f 7807/7807 7815/7815 7792/7792
f 6616/6616 6679/6679 6680/6680
f 6679/6679 6671/6671 6695/6695
f 6725/6725 6695/6695 6702/6702
f 11472/11472 11473/11473 6725/6725
f 6613/6613 6615/6615 6614/6614
f 6652/6652 6614/6614 6616/6616
f 7811/7811 7792/7792 7826/7826
f 7825/7825 7811/7811 7826/7826
f 7825/7825 6615/6615 6613/6613
f 7723/7723 7724/7724 7739/7739
f 7758/7758 7723/7723 7759/7759
f 7775/7775 7758/7758 7776/7776
f 7775/7775 7776/7776 7792/7792
f 7792/7792 7793/7793 7807/7807
f 6680/6680 6679/6679 6694/6694
f 6652/6652 6616/6616 6680/6680
f 6679/6679 6695/6695 6694/6694
f 6710/6710 6695/6695 6725/6725
f 6725/6725 11473/11473 6749/6749
f 6613/6613 6614/6614 6612/6612
f 6614/6614 6652/6652 6651/6651
f 7811/7811 7791/7791 7792/7792
f 7810/7810 7811/7811 7825/7825
f 6613/6613 6612/6612 7825/7825
f 7723/7723 7711/7711 7724/7724
f 7740/7740 7739/7739 7724/7724
f 7710/7710 7723/7723 7758/7758
f 7758/7758 7775/7775 7744/7744
f 7792/7792 7791/7791 7775/7775
f 6694/6694 6696/6696 6680/6680
f 6652/6652 6680/6680 6696/6696
f 6710/6710 6694/6694 6695/6695
f 6723/6723 6710/6710 6725/6725
f 6749/6749 6742/6742 6725/6725
f 11474/11474 6749/6749 11473/11473
f 6610/6610 6612/6612 6614/6614
f 6635/6635 6614/6614 6651/6651
f 6678/6678 6651/6651 6652/6652
f 7790/7790 7791/7791 7811/7811
f 7810/7810 7790/7790 7811/7811
f 7824/7824 7810/7810 7825/7825
f 6611/6611 7825/7825 6612/6612
f 7710/7710 7711/7711 7723/7723
f 7711/7711 7725/7725 7724/7724
f 7740/7740 7724/7724 7730/7730
f 7710/7710 7758/7758 7744/7744
f 7744/7744 7775/7775 7774/7774
f 7775/7775 7791/7791 7774/7774
f 6711/6711 6696/6696 6694/6694
f 6693/6693 6652/6652 6696/6696
f 6710/6710 6711/6711 6694/6694
f 6710/6710 6723/6723 6724/6724
f 6725/6725 6742/6742 6723/6723
f 6761/6761 6742/6742 6749/6749
f 11474/11474 6761/6761 6749/6749
f 6610/6610 6611/6611 6612/6612
f 6635/6635 6610/6610 6614/6614
f 6635/6635 6651/6651 6634/6634
f 6634/6634 6651/6651 6678/6678
f 6652/6652 6693/6693 6678/6678
f 7774/7774 7791/7791 7790/7790
f 11475/11475 7790/7790 7810/7810
f 7824/7824 11475/11475 7810/7810
f 7824/7824 7825/7825 6611/6611
f 7740/7740 7730/7730 7731/7731
f 7744/7744 7729/7729 7710/7710
f 7744/7744 7774/7774 7757/7757
f 6693/6693 6696/6696 6711/6711
f 6724/6724 6711/6711 6710/6710
f 6723/6723 6742/6742 6748/6748
f 6742/6742 6761/6761 6760/6760
f 6778/6778 6761/6761 11474/11474
f 6610/6610 6609/6609 6611/6611
f 6634/6634 6610/6610 6635/6635
f 6650/6650 6634/6634 6678/6678
f 6693/6693 6709/6709 6678/6678
f 7774/7774 7790/7790 7757/7757
f 7790/7790 11475/11475 11476/11476
f 11475/11475 7824/7824 11477/11477
f 6609/6609 7824/7824 6611/6611
f 7731/7731 7730/7730 7715/7715
f 7745/7745 7740/7740 7731/7731
f 7743/7743 7729/7729 7744/7744
f 7744/7744 7757/7757 7743/7743
f 6711/6711 6709/6709 6693/6693
f 6724/6724 6722/6722 6711/6711
f 6760/6760 6748/6748 6742/6742
f 6760/6760 6761/6761 6772/6772
f 6778/6778 6785/6785 6761/6761
f 6608/6608 6609/6609 6610/6610
f 6634/6634 6608/6608 6610/6610
f 6650/6650 6607/6607 6634/6634
f 6677/6677 6650/6650 6678/6678
f 6677/6677 6678/6678 6709/6709
f 7757/7757 7790/7790 11476/11476
f 11477/11477 7824/7824 6609/6609
f 7730/7730 7713/7713 7715/7715
f 7715/7715 7733/7733 7731/7731
f 7733/7733 7745/7745 7731/7731
f 6709/6709 6711/6711 6722/6722
f 6724/6724 6733/6733 6722/6722
f 6747/6747 6748/6748 6760/6760
f 6759/6759 6760/6760 6772/6772
f 6772/6772 6761/6761 6785/6785
f 6795/6795 6785/6785 6778/6778
f 6608/6608 6607/6607 6609/6609
f 6608/6608 6634/6634 6607/6607
f 11478/11478 6607/6607 6650/6650
f 6650/6650 6677/6677 11479/11479
f 11480/11480 6677/6677 6709/6709
f 7755/7755 7757/7757 11476/11476
f 6609/6609 6607/6607 11477/11477
f 7713/7713 7714/7714 7715/7715
f 7715/7715 7732/7732 7733/7733
f 6721/6721 6709/6709 6722/6722
f 6722/6722 6733/6733 11481/11481
f 6759/6759 6747/6747 6760/6760
f 6782/6782 6759/6759 6772/6772
f 6784/6784 6772/6772 6785/6785
f 6795/6795 6798/6798 6785/6785
f 6808/6808 6795/6795 6778/6778
f 11478/11478 11477/11477 6607/6607
f 6649/6649 11478/11478 6650/6650
f 6649/6649 6650/6650 11479/11479
f 11479/11479 6677/6677 11480/11480
f 11482/11482 11480/11480 6709/6709
f 7754/7754 7757/7757 7755/7755
f 11482/11482 6709/6709 6721/6721
f 6722/6722 11481/11481 6721/6721
f 11481/11481 6733/6733 11483/11483
f 11483/11483 6747/6747 6759/6759
f 11483/11483 6759/6759 6782/6782
f 6783/6783 6782/6782 6772/6772
f 6783/6783 6772/6772 6784/6784
f 6798/6798 6784/6784 6785/6785
f 6817/6817 6795/6795 6808/6808
f 6649/6649 11484/11484 11478/11478
f 6649/6649 11479/11479 11484/11484
f 6747/6747 11483/11483 6733/6733
f 11485/11485 11483/11483 6782/6782
f 6783/6783 6798/6798 6782/6782
f 6798/6798 6783/6783 6784/6784
f 6795/6795 6817/6817 6794/6794
f 4832/4832 6817/6817 6808/6808
f 6791/6791 11485/11485 6782/6782
f 6792/6792 6782/6782 6798/6798
f 6794/6794 6793/6793 6795/6795
f 6806/6806 6794/6794 6817/6817
f 4832/4832 4831/4831 6817/6817
f 6790/6790 11485/11485 6791/6791
f 6792/6792 6791/6791 6782/6782
f 6792/6792 6798/6798 6793/6793
f 6792/6792 6793/6793 6794/6794
f 6792/6792 6794/6794 6806/6806
f 4831/4831 6806/6806 6817/6817
f 11486/11486 11485/11485 6790/6790
f 6791/6791 6806/6806 6790/6790
f 6792/6792 6806/6806 6791/6791
f 6805/6805 6806/6806 4831/4831
f 11486/11486 6790/6790 6805/6805
f 6806/6806 6805/6805 6790/6790
f 11487/11487 6805/6805 4831/4831
f 11487/11487 11486/11486 6805/6805
f 2375/2375 2376/2376 2377/2377
f 2375/2375 2378/2378 2376/2376
f 2377/2377 2376/2376 6442/6442
f 2388/2388 2375/2375 2377/2377
f 2378/2378 2379/2379 2376/2376
f 2395/2395 2378/2378 2375/2375
f 6443/6443 6442/6442 2376/2376
f 2377/2377 6442/6442 6441/6441
f 2387/2387 2388/2388 2377/2377
f 2388/2388 2395/2395 2375/2375
f 2378/2378 2389/2389 2379/2379
f 2376/2376 2379/2379 6449/6449
f 2396/2396 2378/2378 2395/2395
f 6433/6433 6442/6442 6443/6443
f 2376/2376 6449/6449 6443/6443
f 6433/6433 6441/6441 6442/6442
f 2377/2377 6441/6441 6524/6524
f 2388/2388 2387/2387 2394/2394
f 2387/2387 2377/2377 5122/5122
f 2389/2389 2378/2378 2396/2396
f 2389/2389 2380/2380 2379/2379
f 6449/6449 2379/2379 2381/2381
f 6443/6443 6439/6439 6433/6433
f 6444/6444 6443/6443 6449/6449
f 6441/6441 6433/6433 6432/6432
f 6524/6524 6441/6441 6507/6507
f 2377/2377 6524/6524 5122/5122
f 2393/2393 2394/2394 2387/2387
f 2393/2393 2387/2387 5122/5122
f 2397/2397 2389/2389 2396/2396
f 2380/2380 2381/2381 2379/2379
f 2380/2380 2389/2389 2397/2397
f 6449/6449 2381/2381 6444/6444
f 6434/6434 6433/6433 6439/6439
f 6444/6444 6439/6439 6443/6443
f 6432/6432 6433/6433 6430/6430
f 6432/6432 6507/6507 6441/6441
f 2406/2406 2394/2394 2393/2393
f 2380/2380 2382/2382 2381/2381
f 2390/2390 2380/2380 2397/2397
f 2381/2381 6440/6440 6444/6444
f 6433/6433 6434/6434 6430/6430
f 6444/6444 6434/6434 6439/6439
f 6502/6502 6432/6432 6430/6430
f 6507/6507 6432/6432 6502/6502
f 2420/2420 2394/2394 2406/2406
f 5141/5141 2406/2406 2393/2393
f 2390/2390 2382/2382 2380/2380
f 6446/6446 2381/2381 2382/2382
f 6440/6440 6434/6434 6444/6444
f 2381/2381 6446/6446 6440/6440
f 6426/6426 6430/6430 6434/6434
f 6430/6430 6688/6688 6502/6502
f 2419/2419 2420/2420 2406/2406
f 2419/2419 2406/2406 5141/5141
f 2390/2390 2383/2383 2382/2382
f 2384/2384 6446/6446 2382/2382
f 6434/6434 6440/6440 6427/6427
f 6446/6446 6445/6445 6440/6440
f 6430/6430 6426/6426 6431/6431
f 6427/6427 6426/6426 6434/6434
f 6430/6430 6431/6431 6688/6688
f 5152/5152 2419/2419 5141/5141
f 2382/2382 2383/2383 2384/2384
f 6446/6446 2384/2384 6447/6447
f 6440/6440 6435/6435 6427/6427
f 6440/6440 6445/6445 6435/6435
f 6446/6446 6447/6447 6445/6445
f 6431/6431 6426/6426 6463/6463
f 6426/6426 6427/6427 6428/6428
f 6431/6431 6463/6463 6688/6688
f 2383/2383 2385/2385 2384/2384
f 2384/2384 6448/6448 6447/6447
f 6427/6427 6435/6435 6429/6429
f 6445/6445 6438/6438 6435/6435
f 6447/6447 6448/6448 6445/6445
f 6463/6463 6426/6426 6466/6466
f 6427/6427 6429/6429 6428/6428
f 6426/6426 6428/6428 6466/6466
f 2383/2383 2391/2391 2385/2385
f 2385/2385 2386/2386 2384/2384
f 2384/2384 2386/2386 6448/6448
f 6435/6435 6436/6436 6429/6429
f 6438/6438 6436/6436 6435/6435
f 6448/6448 6438/6438 6445/6445
f 6436/6436 6428/6428 6429/6429
f 2404/2404 2391/2391 2383/2383
f 2391/2391 2392/2392 2385/2385
f 2386/2386 2385/2385 2392/2392
f 6448/6448 2386/2386 6438/6438
f 6437/6437 6436/6436 6438/6438
f 6428/6428 6436/6436 6465/6465
f 2405/2405 2391/2391 2404/2404
f 2391/2391 3243/3243 2392/2392
f 2392/2392 5085/5085 2386/2386
f 2386/2386 5079/5079 6438/6438
f 6437/6437 5064/5064 6436/6436
f 6438/6438 5071/5071 6437/6437
f 6436/6436 4754/4754 6465/6465
f 3252/3252 2391/2391 2405/2405
f 3243/3243 2391/2391 3252/3252
f 3243/3243 3224/3224 2392/2392
f 2392/2392 3225/3225 5085/5085
f 2386/2386 5085/5085 5079/5079
f 6438/6438 5079/5079 5071/5071
f 6437/6437 5062/5062 5064/5064
f 4754/4754 6436/6436 5064/5064
f 5071/5071 5062/5062 6437/6437
f 3252/3252 3260/3260 3243/3243
f 2392/2392 3224/3224 3225/3225
f 3244/3244 3224/3224 3243/3243
f 3225/3225 5086/5086 5085/5085
f 5079/5079 5085/5085 5076/5076
f 5079/5079 5072/5072 5071/5071
f 5062/5062 5063/5063 5064/5064
f 5064/5064 4755/4755 4754/4754
f 5062/5062 5071/5071 5072/5072
f 3224/3224 3226/3226 3225/3225
f 3244/3244 3245/3245 3224/3224
f 5085/5085 5086/5086 5076/5076
f 3225/3225 3227/3227 5086/5086
f 5079/5079 5076/5076 5072/5072
f 5072/5072 5063/5063 5062/5062
f 5063/5063 4755/4755 5064/5064
f 3245/3245 3226/3226 3224/3224
f 3226/3226 3227/3227 3225/3225
f 3244/3244 3261/3261 3245/3245
f 5076/5076 5086/5086 5077/5077
f 5086/5086 3227/3227 5077/5077
f 5072/5072 5076/5076 5068/5068
f 5072/5072 5068/5068 5063/5063
f 5063/5063 4780/4780 4755/4755
f 3245/3245 3246/3246 3226/3226
f 3226/3226 3228/3228 3227/3227
f 3261/3261 3253/3253 3245/3245
f 5076/5076 5077/5077 5068/5068
f 3227/3227 5080/5080 5077/5077
f 5063/5063 5068/5068 4780/4780
f 4780/4780 4764/4764 4755/4755
f 3246/3246 3245/3245 3253/3253
f 3246/3246 3228/3228 3226/3226
f 5080/5080 3227/3227 3228/3228
f 5077/5077 5073/5073 5068/5068
f 5080/5080 5073/5073 5077/5077
f 4780/4780 5068/5068 5065/5065
f 4764/4764 4742/4742 4755/4755
f 4764/4764 4780/4780 5065/5065
f 3254/3254 3246/3246 3253/3253
f 3246/3246 3247/3247 3228/3228
f 5080/5080 3228/3228 3231/3231
f 5068/5068 5073/5073 5069/5069
f 5080/5080 5087/5087 5073/5073
f 5068/5068 5069/5069 5065/5065
f 4764/4764 4765/4765 4742/4742
f 5065/5065 5066/5066 4764/4764
f 3255/3255 3246/3246 3254/3254
f 3247/3247 3246/3246 3255/3255
f 3247/3247 3231/3231 3228/3228
f 3231/3231 5087/5087 5080/5080
f 5073/5073 5074/5074 5069/5069
f 5073/5073 5087/5087 5074/5074
f 5065/5065 5069/5069 5066/5066
f 5066/5066 4765/4765 4764/4764
f 3255/3255 3256/3256 3247/3247
f 3247/3247 3229/3229 3231/3231
f 3231/3231 3230/3230 5087/5087
f 5074/5074 5061/5061 5069/5069
f 5087/5087 5081/5081 5074/5074
f 5066/5066 5069/5069 5061/5061
f 4756/4756 4765/4765 5066/5066
f 3256/3256 3229/3229 3247/3247
f 3229/3229 3230/3230 3231/3231
f 5087/5087 3230/3230 5081/5081
f 5074/5074 5075/5075 5061/5061
f 5081/5081 5082/5082 5074/5074
f 5066/5066 5061/5061 4756/4756
f 3256/3256 3257/3257 3229/3229
f 3229/3229 3248/3248 3230/3230
f 3233/3233 5081/5081 3230/3230
f 5082/5082 5075/5075 5074/5074
f 5075/5075 5070/5070 5061/5061
f 3233/3233 5082/5082 5081/5081
f 4756/4756 5061/5061 4775/4775
f 3232/3232 3230/3230 3248/3248
f 3232/3232 3233/3233 3230/3230
f 5082/5082 5084/5084 5075/5075
f 5067/5067 5061/5061 5070/5070
f 5075/5075 4798/4798 5070/5070
f 5082/5082 3233/3233 5092/5092
f 5061/5061 5067/5067 4775/4775
f 5078/5078 5075/5075 5084/5084
f 5084/5084 5082/5082 5090/5090
f 4789/4789 5067/5067 5070/5070
f 4792/4792 5070/5070 4798/4798
f 4798/4798 5075/5075 5078/5078
f 5091/5091 5082/5082 5092/5092
f 5092/5092 3233/3233 3240/3240
f 4775/4775 5067/5067 4787/4787
f 5083/5083 5078/5078 5084/5084
f 5090/5090 5082/5082 5091/5091
f 4789/4789 5070/5070 4792/4792
f 4797/4797 4792/4792 4798/4798
f 4800/4800 4798/4798 5078/5078
f 5091/5091 5092/5092 5089/5089
f 3240/3240 3233/3233 3242/3242
f 3238/3238 5092/5092 3240/3240
f 4775/4775 4787/4787 4779/4779
f 4790/4790 4787/4787 5067/5067
f 4800/4800 5078/5078 5083/5083
f 5088/5088 5083/5083 5084/5084
f 5090/5090 5091/5091 5089/5089
f 4778/4778 4792/4792 4797/4797
f 4797/4797 4798/4798 4800/4800
f 3241/3241 3240/3240 3242/3242
f 3237/3237 3238/3238 3240/3240
f 5088/5088 5092/5092 3238/3238
f 4779/4779 4787/4787 4786/4786
f 4789/4789 4787/4787 4790/4790
f 4800/4800 5083/5083 5088/5088
f 5089/5089 5088/5088 5084/5084
f 4788/4788 4778/4778 4797/4797
f 3235/3235 4797/4797 4800/4800
f 3239/3239 3240/3240 3241/3241
f 3235/3235 3238/3238 3237/3237
f 3239/3239 3237/3237 3240/3240
f 3235/3235 5088/5088 3238/3238
f 4778/4778 4779/4779 4786/4786
f 4789/4789 4786/4786 4787/4787
f 3235/3235 4800/4800 5088/5088
f 4796/4796 4788/4788 4797/4797
f 4808/4808 4797/4797 3235/3235
f 3236/3236 3235/3235 3237/3237
f 3237/3237 3239/3239 3251/3251
f 4795/4795 4788/4788 4796/4796
f 4796/4796 4797/4797 4808/4808
f 4808/4808 3235/3235 3234/3234
f 3234/3234 3235/3235 3236/3236
f 3250/3250 3236/3236 3237/3237
f 3251/3251 3250/3250 3237/3237
f 4807/4807 4795/4795 4796/4796
f 4807/4807 4796/4796 4808/4808
f 4818/4818 4808/4808 3234/3234
f 3234/3234 3236/3236 3250/3250
f 3258/3258 3250/3250 3251/3251
f 4813/4813 4807/4807 4808/4808
f 4813/4813 4808/4808 4818/4818
f 4821/4821 4818/4818 3234/3234
f 3249/3249 3234/3234 3250/3250
f 3258/3258 3259/3259 3250/3250
f 3258/3258 3251/3251 5372/5372
f 4818/4818 4817/4817 4813/4813
f 4821/4821 3234/3234 3249/3249
f 3259/3259 3249/3249 3250/3250
f 3258/3258 3262/3262 3259/3259
f 4817/4817 4812/4812 4813/4813
f 6553/6553 4821/4821 3249/3249
f 6558/6558 3259/3259 3262/3262
f 6553/6553 4820/4820 4821/4821
f 6558/6558 6553/6553 3259/3259
f 6561/6561 6558/6558 3262/3262
f 6558/6558 6557/6557 6553/6553
f 6561/6561 6560/6560 6558/6558
f 6560/6560 6557/6557 6558/6558
f 6564/6564 6560/6560 6561/6561
f 6566/6566 6564/6564 6561/6561
f 6312/6312 6313/6313 6314/6314
f 6312/6312 6315/6315 6313/6313
f 6314/6314 6313/6313 10150/10150
f 6320/6320 6312/6312 6314/6314
f 6312/6312 6317/6317 6315/6315
f 6315/6315 10161/10161 6313/6313
f 6313/6313 10157/10157 10150/10150
f 6310/6310 6314/6314 10150/10150
f 6319/6319 6320/6320 6314/6314
f 6320/6320 6317/6317 6312/6312
f 6317/6317 6318/6318 6315/6315
f 10161/10161 6315/6315 10134/10134
f 6313/6313 10161/10161 10157/10157
f 10150/10150 10157/10157 11488/11488
f 6316/6316 6314/6314 6310/6310
f 6310/6310 10150/10150 11489/11489
f 6319/6319 6314/6314 6316/6316
f 11490/11490 6320/6320 6319/6319
f 6328/6328 6317/6317 6320/6320
f 6321/6321 6318/6318 6317/6317
f 6315/6315 6318/6318 10177/10177
f 11491/11491 10161/10161 10134/10134
f 10177/10177 10134/10134 6315/6315
f 10157/10157 10161/10161 11488/11488
f 11488/11488 11492/11492 10150/10150
f 6309/6309 6316/6316 6310/6310
f 11489/11489 10150/10150 11492/11492
f 6325/6325 6319/6319 6316/6316
f 6328/6328 6320/6320 11490/11490
f 11493/11493 11490/11490 6319/6319
f 6328/6328 6326/6326 6317/6317
f 6321/6321 6824/6824 6318/6318
f 6317/6317 6326/6326 6321/6321
f 10177/10177 6318/6318 10168/10168
f 10134/10134 11494/11494 11491/11491
f 10161/10161 11491/11491 11488/11488
f 10177/10177 11495/11495 10134/10134
f 6325/6325 6316/6316 6309/6309
f 11493/11493 6319/6319 6325/6325
f 11490/11490 11496/11496 6328/6328
f 11496/11496 6326/6326 6328/6328
f 6824/6824 6825/6825 6318/6318
f 6321/6321 6844/6844 6824/6824
f 11497/11497 6321/6321 6326/6326
f 10177/10177 10168/10168 11495/11495
f 6825/6825 10168/10168 6318/6318
f 11495/11495 11494/11494 10134/10134
f 11498/11498 6325/6325 6309/6309
f 11499/11499 11493/11493 6325/6325
f 11496/11496 11497/11497 6326/6326
f 6824/6824 6826/6826 6825/6825
f 6850/6850 6844/6844 6321/6321
f 6844/6844 6827/6827 6824/6824
f 11500/11500 6321/6321 11497/11497
f 11495/11495 10168/10168 11501/11501
f 10168/10168 6825/6825 11502/11502
f 11499/11499 6325/6325 11498/11498
f 6824/6824 6827/6827 6826/6826
f 6825/6825 6826/6826 11502/11502
f 6850/6850 6851/6851 6844/6844
f 11500/11500 6850/6850 6321/6321
f 6844/6844 11503/11503 6827/6827
f 11502/11502 11501/11501 10168/10168
f 6827/6827 11502/11502 6826/6826
f 6856/6856 6851/6851 6850/6850
f 6844/6844 6851/6851 11503/11503
f 11500/11500 11504/11504 6850/6850
f 11503/11503 11505/11505 6827/6827
f 6827/6827 11505/11505 11502/11502
f 6856/6856 6857/6857 6851/6851
f 11504/11504 6856/6856 6850/6850
f 6851/6851 11506/11506 11503/11503
f 11507/11507 6857/6857 6856/6856
f 6857/6857 11506/11506 6851/6851
f 11508/11508 6856/6856 11504/11504
f 11508/11508 11507/11507 6856/6856
f 11509/11509 6857/6857 11507/11507
f 11510/11510 11506/11506 6857/6857
f 11509/11509 11510/11510 6857/6857
f 4706/4706 4707/4707 4708/4708
f 4709/4709 4707/4707 4706/4706
f 7371/7371 4708/4708 4707/4707
f 4751/4751 4706/4706 4708/4708
f 4709/4709 4710/4710 4707/4707
f 4706/4706 4741/4741 4709/4709
f 7370/7370 4708/4708 7371/7371
f 8088/8088 7371/7371 4707/4707
f 4741/4741 4706/4706 4751/4751
f 6460/6460 4751/4751 4708/4708
f 4710/4710 4709/4709 4711/4711
f 4710/4710 8088/8088 4707/4707
f 4709/4709 4741/4741 4711/4711
f 7365/7365 7370/7370 7371/7371
f 4708/4708 7370/7370 6459/6459
f 8088/8088 8084/8084 7371/7371
f 4741/4741 4751/4751 11521/11521
f 6459/6459 6460/6460 4708/4708
f 4751/4751 6460/6460 11522/11522
f 4711/4711 8108/8108 4710/4710
f 8089/8089 8088/8088 4710/4710
f 11523/11523 4711/4711 4741/4741
f 7370/7370 7365/7365 7364/7364
f 7371/7371 7360/7360 7365/7365
f 7370/7370 7369/7369 6459/6459
f 8084/8084 7360/7360 7371/7371
f 8089/8089 8084/8084 8088/8088
f 11522/11522 11521/11521 4751/4751
f 11521/11521 11523/11523 4741/4741
f 6460/6460 6459/6459 6458/6458
f 11524/11524 11522/11522 6460/6460
f 8108/8108 8089/8089 4710/4710
f 4711/4711 4713/4713 8108/8108
f 4730/4730 4711/4711 11523/11523
f 7364/7364 7365/7365 7353/7353
f 7369/7369 7370/7370 7364/7364
f 7365/7365 7360/7360 7354/7354
f 6459/6459 7369/7369 7368/7368
f 8084/8084 7356/7356 7360/7360
f 8079/8079 8084/8084 8089/8089
f 6458/6458 6459/6459 7368/7368
f 6458/6458 11524/11524 6460/6460
f 8090/8090 8089/8089 8108/8108
f 4711/4711 4712/4712 4713/4713
f 4713/4713 8090/8090 8108/8108
f 4730/4730 4712/4712 4711/4711
f 11525/11525 4730/4730 11523/11523
f 7364/7364 7353/7353 7355/7355
f 7365/7365 7354/7354 7353/7353
f 7369/7369 7364/7364 7363/7363
f 7360/7360 11526/11526 7354/7354
f 7368/7368 7369/7369 7363/7363
f 7360/7360 7356/7356 11526/11526
f 8084/8084 8076/8076 7356/7356
f 8084/8084 8079/8079 8076/8076
f 8079/8079 8089/8089 8091/8091
f 6456/6456 6458/6458 7368/7368
f 11524/11524 6458/6458 11527/11527
f 8089/8089 8090/8090 8091/8091
f 4713/4713 4712/4712 4717/4717
f 8097/8097 8090/8090 4713/4713
f 4732/4732 4712/4712 4730/4730
f 11528/11528 4730/4730 11525/11525
f 7355/7355 7353/7353 7352/7352
f 7363/7363 7364/7364 7355/7355
f 7354/7354 11529/11529 7353/7353
f 11526/11526 11529/11529 7354/7354
f 7368/7368 7363/7363 7359/7359
f 7356/7356 11530/11530 11526/11526
f 7356/7356 8076/8076 11531/11531
f 8076/8076 8079/8079 11532/11532
f 8085/8085 8079/8079 8091/8091
f 6456/6456 6457/6457 6458/6458
f 6456/6456 7368/7368 6455/6455
f 6458/6458 6457/6457 11527/11527
f 8091/8091 8090/8090 8085/8085
f 4733/4733 4717/4717 4712/4712
f 4717/4717 8097/8097 4713/4713
f 8090/8090 8097/8097 8096/8096
f 4732/4732 4733/4733 4712/4712
f 4732/4732 4730/4730 11528/11528
f 7352/7352 7353/7353 7348/7348
f 7363/7363 7355/7355 7352/7352
f 7353/7353 11529/11529 7348/7348
f 7359/7359 7363/7363 7352/7352
f 7362/7362 7368/7368 7359/7359
f 7356/7356 11531/11531 11530/11530
f 8076/8076 11532/11532 11531/11531
f 8079/8079 8077/8077 11532/11532
f 8079/8079 8085/8085 8077/8077
f 6454/6454 6457/6457 6456/6456
f 6455/6455 6454/6454 6456/6456
f 6455/6455 7368/7368 7362/7362
f 6457/6457 11533/11533 11527/11527
f 8085/8085 8090/8090 8095/8095
f 4733/4733 4737/4737 4717/4717
f 4717/4717 8112/8112 8097/8097
f 8090/8090 8096/8096 8095/8095
f 8096/8096 8097/8097 8105/8105
f 4752/4752 4733/4733 4732/4732
f 4752/4752 4732/4732 11528/11528
f 7350/7350 7352/7352 7348/7348
f 7348/7348 11529/11529 11534/11534
f 7359/7359 7352/7352 7350/7350
f 7362/7362 7359/7359 7357/7357
f 11532/11532 8077/8077 11535/11535
f 8085/8085 11536/11536 8077/8077
f 6461/6461 6457/6457 6454/6454
f 6453/6453 6454/6454 6455/6455
f 7373/7373 6455/6455 7362/7362
f 11533/11533 6457/6457 6461/6461
f 8082/8082 8085/8085 8095/8095
f 4737/4737 4733/4733 4753/4753
f 4737/4737 4738/4738 4717/4717
f 8105/8105 8097/8097 8112/8112
f 4717/4717 4738/4738 8112/8112
f 8101/8101 8095/8095 8096/8096
f 8100/8100 8096/8096 8105/8105
f 4753/4753 4733/4733 4752/4752
f 4761/4761 4752/4752 11528/11528
f 7350/7350 7348/7348 7347/7347
f 7348/7348 11534/11534 7337/7337
f 7359/7359 7350/7350 7357/7357
f 7366/7366 7362/7362 7357/7357
f 8077/8077 11536/11536 11535/11535
f 8085/8085 8082/8082 11536/11536
f 6461/6461 6454/6454 6450/6450
f 6450/6450 6454/6454 6453/6453
f 6453/6453 6455/6455 7373/7373
f 7366/7366 7373/7373 7362/7362
f 11533/11533 6461/6461 6462/6462
f 8082/8082 8095/8095 8083/8083
f 4739/4739 4737/4737 4753/4753
f 4739/4739 4738/4738 4737/4737
f 8105/8105 8112/8112 8107/8107
f 4738/4738 8115/8115 8112/8112
f 8101/8101 8096/8096 8100/8100
f 8100/8100 8105/8105 8103/8103
f 4760/4760 4753/4753 4752/4752
f 4760/4760 4752/4752 4761/4761
f 11537/11537 4761/4761 11528/11528
f 7347/7347 7348/7348 7337/7337
f 7350/7350 7347/7347 7343/7343
f 11534/11534 11538/11538 7337/7337
f 7357/7357 7350/7350 7349/7349
f 7366/7366 7357/7357 7361/7361
f 8082/8082 11539/11539 11536/11536
f 6450/6450 6462/6462 6461/6461
f 6453/6453 6451/6451 6450/6450
f 6453/6453 7373/7373 7372/7372
f 7372/7372 7373/7373 7366/7366
f 6462/6462 11540/11540 11533/11533
f 8083/8083 11539/11539 8082/8082
f 8083/8083 8095/8095 8099/8099
f 4740/4740 4739/4739 4753/4753
f 4738/4738 4739/4739 8115/8115
f 8106/8106 8105/8105 8107/8107
f 8107/8107 8112/8112 8114/8114
f 8112/8112 8115/8115 8114/8114
f 8099/8099 8100/8100 8103/8103
f 8103/8103 8105/8105 8104/8104
f 4753/4753 4760/4760 11541/11541
f 11537/11537 4760/4760 4761/4761
f 7347/7347 7337/7337 7343/7343
f 7350/7350 7343/7343 7351/7351
f 7337/7337 11538/11538 11542/11542
f 7349/7349 7350/7350 7351/7351
f 7358/7358 7357/7357 7349/7349
f 7361/7361 7357/7357 7358/7358
f 7366/7366 7361/7361 7367/7367
f 6462/6462 6450/6450 6452/6452
f 6450/6450 6451/6451 6452/6452
f 6451/6451 6453/6453 7372/7372
f 7366/7366 7367/7367 7372/7372
f 6462/6462 6452/6452 11540/11540
f 11543/11543 11539/11539 8083/8083
f 8087/8087 8083/8083 8099/8099
f 8100/8100 8099/8099 8095/8095
f 4726/4726 4739/4739 4740/4740
f 4740/4740 4753/4753 11544/11544
f 8114/8114 8115/8115 4739/4739
f 8106/8106 8104/8104 8105/8105
f 8107/8107 8114/8114 8106/8106
f 8099/8099 8103/8103 8102/8102
f 8102/8102 8103/8103 8104/8104
f 11544/11544 4753/4753 11541/11541
f 11537/11537 11541/11541 4760/4760
f 7343/7343 7337/7337 11542/11542
f 7351/7351 7343/7343 7719/7719
f 7752/7752 7349/7349 7351/7351
f 7358/7358 7349/7349 7772/7772
f 7367/7367 7361/7361 7358/7358
f 6464/6464 6452/6452 6451/6451
f 6632/6632 6451/6451 7372/7372
f 6632/6632 7372/7372 7367/7367
f 11540/11540 6452/6452 6464/6464
f 8087/8087 11543/11543 8083/8083
f 8087/8087 8099/8099 8102/8102
f 4726/4726 8113/8113 4739/4739
f 4750/4750 4726/4726 4740/4740
f 4771/4771 4740/4740 11544/11544
f 8113/8113 8114/8114 4739/4739
f 8102/8102 8104/8104 8106/8106
f 8114/8114 8113/8113 8106/8106
f 7343/7343 11542/11542 11545/11545
f 7343/7343 11545/11545 7719/7719
f 7752/7752 7351/7351 7719/7719
f 7772/7772 7349/7349 7752/7752
f 7358/7358 7772/7772 7789/7789
f 7367/7367 7358/7358 7789/7789
f 6631/6631 6464/6464 6451/6451
f 6631/6631 6451/6451 6632/6632
f 7367/7367 7831/7831 6632/6632
f 11540/11540 6464/6464 11546/11546
f 11547/11547 11543/11543 8087/8087
f 8109/8109 8087/8087 8102/8102
f 8111/8111 8113/8113 4726/4726
f 4750/4750 4748/4748 4726/4726
f 4750/4750 4740/4740 4771/4771
f 11548/11548 4771/4771 11544/11544
f 8106/8106 8111/8111 8102/8102
f 8113/8113 8111/8111 8106/8106
f 7719/7719 11545/11545 11549/11549
f 7752/7752 7719/7719 7718/7718
f 7772/7772 7752/7752 7718/7718
f 7751/7751 7789/7789 7772/7772
f 7367/7367 7789/7789 7805/7805
f 6670/6670 6464/6464 6631/6631
f 6631/6631 6632/6632 6630/6630
f 7805/7805 7831/7831 7367/7367
f 7831/7831 6630/6630 6632/6632
f 11546/11546 6464/6464 6670/6670
f 11547/11547 8087/8087 8098/8098
f 8109/8109 8098/8098 8087/8087
f 8102/8102 8111/8111 8109/8109
f 4724/4724 8111/8111 4726/4726
f 4748/4748 4725/4725 4726/4726
f 4762/4762 4748/4748 4750/4750
f 4763/4763 4750/4750 4771/4771
f 4785/4785 4771/4771 11548/11548
f 7718/7718 7719/7719 11549/11549
f 7718/7718 7751/7751 7772/7772
f 7788/7788 7789/7789 7751/7751
f 7789/7789 7788/7788 7805/7805
f 6669/6669 6670/6670 6631/6631
f 6628/6628 6631/6631 6630/6630
f 7805/7805 7814/7814 7831/7831
f 7845/7845 6630/6630 7831/7831
f 11550/11550 11546/11546 6670/6670
f 11547/11547 8098/8098 8094/8094
f 4723/4723 8098/8098 8109/8109
f 8111/8111 4724/4724 8109/8109
f 4725/4725 4724/4724 4726/4726
f 4746/4746 4725/4725 4748/4748
f 4763/4763 4762/4762 4750/4750
f 4777/4777 4763/4763 4771/4771
f 4785/4785 4777/4777 4771/4771
f 7705/7705 7718/7718 11549/11549
f 7717/7717 7751/7751 7718/7718
f 7751/7751 7771/7771 7788/7788
f 7804/7804 7805/7805 7788/7788
f 6669/6669 6631/6631 6628/6628
f 6670/6670 6669/6669 6490/6490
f 6628/6628 6630/6630 6629/6629
f 7814/7814 7805/7805 7804/7804
f 7814/7814 7830/7830 7831/7831
f 7830/7830 7845/7845 7831/7831
f 6629/6629 6630/6630 7845/7845
f 11550/11550 6670/6670 6490/6490
f 8080/8080 11547/11547 8094/8094
f 8098/8098 8117/8117 8094/8094
f 4723/4723 4720/4720 8098/8098
f 4724/4724 4723/4723 8109/8109
f 7705/7705 11549/11549 11551/11551
f 7716/7716 7718/7718 7705/7705
f 7716/7716 7717/7717 7718/7718
f 7751/7751 7717/7717 7734/7734
f 7751/7751 7749/7749 7771/7771
f 7787/7787 7788/7788 7771/7771
f 7787/7787 7804/7804 7788/7788
f 6628/6628 6629/6629 6627/6627
f 7814/7814 7804/7804 7803/7803
f 7830/7830 7814/7814 7803/7803
f 7830/7830 7844/7844 7845/7845
f 7859/7859 6629/6629 7845/7845
f 8094/8094 8117/8117 8118/8118
f 4720/4720 8117/8117 8098/8098
f 4720/4720 4723/4723 4722/4722
f 7734/7734 7717/7717 7716/7716
f 7749/7749 7751/7751 7734/7734
f 7749/7749 7770/7770 7771/7771
f 7786/7786 7787/7787 7771/7771
f 7787/7787 7786/7786 7804/7804
f 6629/6629 7859/7859 6627/6627
f 7801/7801 7803/7803 7804/7804
f 7829/7829 7830/7830 7803/7803
f 7830/7830 7829/7829 7844/7844
f 7844/7844 7859/7859 7845/7845
f 4720/4720 4722/4722 4721/4721
f 7750/7750 7749/7749 7734/7734
f 7748/7748 7770/7770 7749/7749
f 7770/7770 7786/7786 7771/7771
f 7801/7801 7804/7804 7786/7786
f 7802/7802 7803/7803 7801/7801
f 7829/7829 7803/7803 7802/7802
f 7828/7828 7844/7844 7829/7829
f 4719/4719 4720/4720 4721/4721
f 7748/7748 7749/7749 7750/7750
f 7766/7766 7770/7770 7748/7748
f 7770/7770 7785/7785 7786/7786
f 7801/7801 7786/7786 7785/7785
f 7784/7784 7802/7802 7801/7801
f 7813/7813 7829/7829 7802/7802
f 7828/7828 7829/7829 7813/7813
f 7766/7766 7748/7748 7767/7767
f 7783/7783 7785/7785 7770/7770
f 7785/7785 7783/7783 7801/7801
f 7801/7801 7783/7783 7784/7784
f 7813/7813 7802/7802 7784/7784
f 7813/7813 7812/7812 7828/7828
f 7765/7765 7766/7766 7767/7767
f 7783/7783 7770/7770 7769/7769
f 7783/7783 7781/7781 7784/7784
f 7813/7813 7784/7784 7800/7800
f 7800/7800 7812/7812 7813/7813
f 7812/7812 7827/7827 7828/7828
f 7783/7783 7769/7769 7768/7768
f 7783/7783 7768/7768 7781/7781
f 7800/7800 7784/7784 7781/7781
f 7828/7828 7827/7827 7843/7843
f 7768/7768 7769/7769 7766/7766
f 7768/7768 7782/7782 7781/7781
f 7781/7781 7780/7780 7800/7800
f 7827/7827 7842/7842 7843/7843
f 7782/7782 7779/7779 7781/7781
f 7779/7779 7780/7780 7781/7781
f 7780/7780 7799/7799 7800/7800
f 7798/7798 7799/7799 7780/7780
f 356/356 357/357 11552/11552
f 363/363 357/357 356/356
f 357/357 8875/8875 11552/11552
f 356/356 11552/11552 11553/11553
f 362/362 363/363 356/356
f 363/363 364/364 357/357
f 8875/8875 11554/11554 11552/11552
f 357/357 11555/11555 8875/8875
f 361/361 356/356 11553/11553
f 361/361 362/362 356/356
f 369/369 363/363 362/362
f 364/364 363/363 370/370
f 364/364 365/365 357/357
f 8875/8875 11556/11556 11554/11554
f 365/365 11555/11555 357/357
f 11555/11555 11556/11556 8875/8875
f 361/361 11553/11553 11557/11557
f 368/368 362/362 361/361
f 369/369 370/370 363/363
f 369/369 362/362 376/376
f 371/371 364/364 370/370
f 371/371 365/365 364/364
f 11558/11558 11555/11555 365/365
f 11557/11557 360/360 361/361
f 360/360 368/368 361/361
f 376/376 362/362 368/368
f 369/369 378/378 370/370
f 369/369 376/376 377/377
f 370/370 379/379 371/371
f 371/371 372/372 365/365
f 372/372 11558/11558 365/365
f 11559/11559 360/360 11557/11557
f 375/375 368/368 360/360
f 375/375 376/376 368/368
f 369/369 377/377 378/378
f 378/378 379/379 370/370
f 387/387 377/377 376/376
f 379/379 382/382 371/371
f 382/382 372/372 371/371
f 11560/11560 11558/11558 372/372
f 11561/11561 360/360 11559/11559
f 11561/11561 375/375 360/360
f 387/387 376/376 375/375
f 377/377 397/397 378/378
f 379/379 378/378 380/380
f 396/396 377/377 387/387
f 381/381 382/382 379/379
f 372/372 382/382 11560/11560
f 395/395 375/375 11561/11561
f 395/395 387/387 375/375
f 396/396 397/397 377/377
f 397/397 388/388 378/378
f 388/388 380/380 378/378
f 380/380 381/381 379/379
f 396/396 387/387 395/395
f 381/381 391/391 382/382
f 11560/11560 382/382 391/391
f 11562/11562 395/395 11561/11561
f 397/397 396/396 405/405
f 398/398 388/388 397/397
f 380/380 388/388 389/389
f 381/381 380/380 390/390
f 11563/11563 396/396 395/395
f 391/391 381/381 401/401
f 11560/11560 391/391 11564/11564
f 11563/11563 395/395 11562/11562
f 405/405 396/396 414/414
f 405/405 398/398 397/397
f 388/388 398/398 389/389
f 390/390 380/380 389/389
f 401/401 381/381 390/390
f 396/396 11563/11563 414/414
f 391/391 401/401 11565/11565
f 391/391 11565/11565 11564/11564
f 405/405 414/414 415/415
f 406/406 398/398 405/405
f 398/398 390/390 389/389
f 390/390 400/400 401/401
f 11563/11563 11566/11566 414/414
f 11565/11565 401/401 402/402
f 415/415 414/414 416/416
f 406/406 405/405 415/415
f 406/406 399/399 398/398
f 398/398 399/399 390/390
f 390/390 399/399 400/400
f 400/400 402/402 401/401
f 11566/11566 422/422 414/414
f 11565/11565 402/402 11567/11567
f 422/422 416/416 414/414
f 415/415 416/416 423/423
f 415/415 417/417 406/406
f 407/407 399/399 406/406
f 399/399 408/408 400/400
f 409/409 402/402 400/400
f 11568/11568 422/422 11566/11566
f 402/402 409/409 11567/11567
f 416/416 422/422 425/425
f 416/416 425/425 423/423
f 417/417 415/415 423/423
f 406/406 417/417 407/407
f 407/407 408/408 399/399
f 409/409 400/400 408/408
f 11568/11568 439/439 422/422
f 409/409 431/431 11567/11567
f 428/428 425/425 422/422
f 423/423 425/425 426/426
f 424/424 417/417 423/423
f 417/417 418/418 407/407
f 418/418 408/408 407/407
f 431/431 409/409 408/408
f 439/439 428/428 422/422
f 11568/11568 11569/11569 439/439
f 11567/11567 431/431 11570/11570
f 423/423 426/426 424/424
f 417/417 424/424 427/427
f 417/417 427/427 418/418
f 408/408 418/418 431/431
f 439/439 11571/11571 428/428
f 11569/11569 11571/11571 439/439
f 11570/11570 431/431 430/430
f 424/424 426/426 440/440
f 427/427 424/424 440/440
f 427/427 430/430 418/418
f 418/418 430/430 431/431
f 11570/11570 430/430 441/441
f 441/441 427/427 440/440
f 430/430 427/427 441/441
f 3646/3646 3647/3647 3648/3648
f 5229/5229 3647/3647 3646/3646
f 3646/3646 5227/5227 5229/5229
f 5229/5229 5231/5231 3647/3647
f 5227/5227 5228/5228 5229/5229
f 5231/5231 5229/5229 5233/5233
f 5232/5232 3647/3647 5231/5231
f 5228/5228 5230/5230 5229/5229
f 5230/5230 5233/5233 5229/5229
f 5231/5231 5233/5233 5234/5234
f 5234/5234 5232/5232 5231/5231
f 5228/5228 5236/5236 5230/5230
f 5233/5233 5230/5230 5237/5237
f 5234/5234 5233/5233 5242/5242
f 3659/3659 5232/5232 5234/5234
f 5235/5235 5230/5230 5236/5236
f 5237/5237 5230/5230 5235/5235
f 5237/5237 5242/5242 5233/5233
f 5234/5234 5242/5242 5238/5238
f 5238/5238 3659/3659 5234/5234
f 10223/10223 5235/5235 5236/5236
f 5237/5237 5235/5235 5239/5239
f 5242/5242 5237/5237 5241/5241
f 5238/5238 5242/5242 5248/5248
f 3660/3660 3659/3659 5238/5238
f 5240/5240 5235/5235 10223/10223
f 5239/5239 5235/5235 5240/5240
f 5239/5239 5241/5241 5237/5237
f 5242/5242 5241/5241 5251/5251
f 5248/5248 5242/5242 5251/5251
f 5238/5238 5248/5248 5247/5247
f 3660/3660 5238/5238 5247/5247
f 5240/5240 10223/10223 10228/10228
f 5239/5239 5240/5240 5243/5243
f 5239/5239 5245/5245 5241/5241
f 5251/5251 5241/5241 5255/5255
f 5248/5248 5251/5251 5264/5264
f 5247/5247 5248/5248 5256/5256
f 5246/5246 3660/3660 5247/5247
f 5240/5240 10228/10228 5243/5243
f 5244/5244 5239/5239 5243/5243
f 5239/5239 5244/5244 5245/5245
f 5255/5255 5241/5241 5245/5245
f 5251/5251 5255/5255 5263/5263
f 5251/5251 5263/5263 5264/5264
f 5248/5248 5264/5264 5265/5265
f 5256/5256 5248/5248 5265/5265
f 5243/5243 10228/10228 5249/5249
f 5244/5244 5243/5243 5250/5250
f 5254/5254 5245/5245 5244/5244
f 5255/5255 5245/5245 5254/5254
f 5255/5255 5268/5268 5263/5263
f 5264/5264 5263/5263 5273/5273
f 5256/5256 5265/5265 5266/5266
f 5243/5243 5249/5249 5250/5250
f 5244/5244 5250/5250 5254/5254
f 5255/5255 5254/5254 5268/5268
f 5268/5268 5273/5273 5263/5263
f 5250/5250 5249/5249 5252/5252
f 5253/5253 5254/5254 5250/5250
f 5268/5268 5254/5254 5261/5261
f 5268/5268 8122/8122 5273/5273
f 10239/10239 5252/5252 5249/5249
f 5252/5252 5253/5253 5250/5250
f 5261/5261 5254/5254 5253/5253
f 5268/5268 5261/5261 5269/5269
f 5268/5268 5269/5269 8122/8122
f 10239/10239 5258/5258 5252/5252
f 5253/5253 5252/5252 5257/5257
f 5253/5253 5262/5262 5261/5261
f 5270/5270 5269/5269 5261/5261
f 8122/8122 5269/5269 5270/5270
f 5257/5257 5252/5252 5258/5258
f 10239/10239 10240/10240 5258/5258
f 5253/5253 5257/5257 5259/5259
f 5253/5253 5259/5259 5262/5262
f 5267/5267 5261/5261 5262/5262
f 5261/5261 5267/5267 5270/5270
f 5270/5270 8128/8128 8122/8122
f 10239/10239 10241/10241 10240/10240
f 5257/5257 5260/5260 5259/5259
f 5270/5270 5267/5267 5272/5272
f 5272/5272 8128/8128 5270/5270
f 5267/5267 5271/5271 5272/5272
f 8129/8129 8128/8128 5272/5272
f 5272/5272 8130/8130 8129/8129
f 5272/5272 8120/8120 8130/8130
f 5272/5272 8119/8119 8120/8120
f 8130/8130 8120/8120 8127/8127
f 5272/5272 8121/8121 8119/8119
f 8126/8126 8127/8127 8120/8120
f 2891/2891 11572/11572 11573/11573
f 11574/11574 11572/11572 2891/2891
f 2891/2891 11573/11573 7041/7041
f 2898/2898 11574/11574 2891/2891
f 7041/7041 11573/11573 11575/11575
f 7047/7047 2891/2891 7041/7041
f 11576/11576 11574/11574 2898/2898
f 7047/7047 2898/2898 2891/2891
f 11577/11577 7041/7041 11575/11575
f 7045/7045 7047/7047 7041/7041
f 11578/11578 11576/11576 2898/2898
f 11578/11578 2898/2898 7047/7047
f 7045/7045 7041/7041 11577/11577
f 7047/7047 7045/7045 7048/7048
f 7051/7051 11578/11578 7047/7047
f 7043/7043 7045/7045 11577/11577
f 7048/7048 7045/7045 7043/7043
f 7048/7048 6360/6360 7047/7047
f 6360/6360 7051/7051 7047/7047
f 11579/11579 11578/11578 7051/7051
f 7043/7043 11577/11577 11580/11580
f 7043/7043 7049/7049 7048/7048
f 6360/6360 7048/7048 7050/7050
f 11581/11581 7051/7051 6360/6360
f 11581/11581 11579/11579 7051/7051
f 7044/7044 7043/7043 11580/11580
f 7044/7044 7049/7049 7043/7043
f 7050/7050 7048/7048 7049/7049
f 7050/7050 6359/6359 6360/6360
f 11582/11582 11581/11581 6360/6360
f 7042/7042 7044/7044 11580/11580
f 7049/7049 7044/7044 7046/7046
f 6355/6355 7050/7050 7049/7049
f 11582/11582 6360/6360 6359/6359
f 6355/6355 6359/6359 7050/7050
f 11583/11583 7042/7042 11580/11580
f 7046/7046 7044/7044 7042/7042
f 7052/7052 7049/7049 7046/7046
f 7049/7049 7052/7052 6355/6355
f 6357/6357 11582/11582 6359/6359
f 6365/6365 6359/6359 6355/6355
f 11583/11583 6973/6973 7042/7042
f 6977/6977 7046/7046 7042/7042
f 7052/7052 7046/7046 6986/6986
f 6356/6356 6355/6355 7052/7052
f 11584/11584 11582/11582 6357/6357
f 6365/6365 6357/6357 6359/6359
f 6354/6354 6365/6365 6355/6355
f 6973/6973 11583/11583 11585/11585
f 6973/6973 6977/6977 7042/7042
f 6986/6986 7046/7046 6977/6977
f 6364/6364 7052/7052 6986/6986
f 6354/6354 6355/6355 6356/6356
f 6356/6356 7052/7052 6364/6364
f 11586/11586 11584/11584 6357/6357
f 6372/6372 6357/6357 6365/6365
f 6372/6372 6365/6365 6354/6354
f 11587/11587 6973/6973 11585/11585
f 6977/6977 6973/6973 6972/6972
f 6983/6983 6986/6986 6977/6977
f 6364/6364 6986/6986 6983/6983
f 6367/6367 6354/6354 6356/6356
f 6193/6193 6356/6356 6364/6364
f 11586/11586 6357/6357 6372/6372
f 11588/11588 6372/6372 6354/6354
f 6973/6973 11587/11587 6972/6972
f 6977/6977 6972/6972 6975/6975
f 6983/6983 6977/6977 6975/6975
f 6985/6985 6364/6364 6983/6983
f 11589/11589 6367/6367 6356/6356
f 6367/6367 11588/11588 6354/6354
f 11589/11589 6356/6356 6193/6193
f 6193/6193 6364/6364 6985/6985
f 11586/11586 6372/6372 11588/11588
f 6972/6972 11587/11587 6967/6967
f 6975/6975 6972/6972 6967/6967
f 6983/6983 6975/6975 6981/6981
f 6985/6985 6983/6983 6981/6981
f 11589/11589 11588/11588 6367/6367
f 11590/11590 11589/11589 6193/6193
f 6193/6193 6985/6985 6192/6192
f 11591/11591 6967/6967 11587/11587
f 6975/6975 6967/6967 6971/6971
f 6981/6981 6975/6975 6978/6978
f 6192/6192 6985/6985 6981/6981
f 11590/11590 6193/6193 6192/6192
f 6966/6966 6967/6967 11591/11591
f 6971/6971 6967/6967 6966/6966
f 6978/6978 6975/6975 6971/6971
f 6982/6982 6981/6981 6978/6978
f 6192/6192 6981/6981 6982/6982
f 11590/11590 6192/6192 11592/11592
f 11593/11593 6966/6966 11591/11591
f 6970/6970 6971/6971 6966/6966
f 6978/6978 6971/6971 6970/6970
f 6980/6980 6982/6982 6978/6978
f 11592/11592 6192/6192 6982/6982
f 11593/11593 6962/6962 6966/6966
f 6970/6970 6966/6966 6962/6962
f 6978/6978 6970/6970 6974/6974
f 6980/6980 6978/6978 6974/6974
f 6980/6980 11592/11592 6982/6982
f 11593/11593 11594/11594 6962/6962
f 6974/6974 6970/6970 6962/6962
f 6980/6980 6974/6974 6976/6976
f 11592/11592 6980/6980 6189/6189
f 6962/6962 11594/11594 6961/6961
f 6974/6974 6962/6962 6969/6969
f 6976/6976 6974/6974 6969/6969
f 6979/6979 6980/6980 6976/6976
f 11595/11595 11592/11592 6189/6189
f 6189/6189 6980/6980 6979/6979
f 6961/6961 11594/11594 11596/11596
f 6969/6969 6962/6962 6961/6961
f 6976/6976 6969/6969 6968/6968
f 6979/6979 6976/6976 4783/4783
f 11595/11595 6189/6189 11597/11597
f 6984/6984 6189/6189 6979/6979
f 4749/4749 6961/6961 11596/11596
f 6969/6969 6961/6961 4749/4749
f 6968/6968 6969/6969 4749/4749
f 4783/4783 6976/6976 6968/6968
f 4794/4794 6979/6979 4783/4783
f 11597/11597 6189/6189 6984/6984
f 6984/6984 6979/6979 4794/4794
f 4749/4749 11596/11596 11598/11598
f 6968/6968 4749/4749 4747/4747
f 4783/4783 6968/6968 4769/4769
f 4782/4782 4794/4794 4783/4783
f 11597/11597 6984/6984 4805/4805
f 4793/4793 6984/6984 4794/4794
f 4747/4747 4749/4749 11598/11598
f 4769/4769 6968/6968 4747/4747
f 4782/4782 4783/4783 4769/4769
f 4793/4793 4794/4794 4782/4782
f 4805/4805 6984/6984 4793/4793
f 11599/11599 11597/11597 4805/4805
f 11598/11598 4745/4745 4747/4747
f 4769/4769 4747/4747 4759/4759
f 4782/4782 4769/4769 4768/4768
f 4781/4781 4793/4793 4782/4782
f 4804/4804 4805/4805 4793/4793
f 11599/11599 4805/4805 4804/4804
f 4745/4745 11598/11598 11600/11600
f 4747/4747 4745/4745 4759/4759
f 4768/4768 4769/4769 4759/4759
f 4781/4781 4782/4782 4768/4768
f 4799/4799 4793/4793 4781/4781
f 4804/4804 4793/4793 4799/4799
f 4809/4809 11599/11599 4804/4804
f 4745/4745 11600/11600 11601/11601
f 4745/4745 4758/4758 4759/4759
f 4802/4802 4804/4804 4799/4799
f 4809/4809 4804/4804 4802/4802
f 4809/4809 11602/11602 11599/11599
f 4758/4758 4745/4745 11601/11601
f 4758/4758 4766/4766 4759/4759
f 11602/11602 4809/4809 11603/11603
f 4757/4757 4758/4758 11601/11601
f 4774/4774 4766/4766 4758/4758
f 4766/4766 4767/4767 4759/4759
f 4774/4774 4758/4758 4757/4757
f 1526/1526 1527/1527 1528/1528
f 2435/2435 1527/1527 1526/1526
f 1527/1527 1529/1529 1528/1528
f 1526/1526 1528/1528 1545/1545
f 5183/5183 1527/1527 2435/2435
f 2435/2435 1526/1526 2448/2448
f 8960/8960 1529/1529 1527/1527
f 1528/1528 1529/1529 1530/1530
f 1528/1528 1538/1538 1545/1545
f 1551/1551 1526/1526 1545/1545
f 11604/11604 5183/5183 2435/2435
f 5183/5183 8960/8960 1527/1527
f 1526/1526 2447/2447 2448/2448
f 11604/11604 2435/2435 2448/2448
f 8957/8957 1529/1529 8960/8960
f 1530/1530 1529/1529 1531/1531
f 1528/1528 1530/1530 1538/1538
f 1545/1545 1538/1538 1553/1553
f 1551/1551 1545/1545 1552/1552
f 1551/1551 2470/2470 1526/1526
f 11604/11604 5182/5182 5183/5183
f 8956/8956 8960/8960 5183/5183
f 2448/2448 2447/2447 11605/11605
f 2470/2470 2447/2447 1526/1526
f 11604/11604 2448/2448 11605/11605
f 8956/8956 8957/8957 8960/8960
f 8957/8957 8959/8959 1529/1529
f 1529/1529 8959/8959 1531/1531
f 1531/1531 1532/1532 1530/1530
f 1538/1538 1530/1530 1546/1546
f 1552/1552 1545/1545 1553/1553
f 1553/1553 1538/1538 1554/1554
f 1558/1558 1551/1551 1552/1552
f 2477/2477 2470/2470 1551/1551
f 11606/11606 5182/5182 11604/11604
f 8956/8956 5183/5183 5182/5182
f 2447/2447 2445/2445 11605/11605
f 2469/2469 2447/2447 2470/2470
f 8953/8953 8957/8957 8956/8956
f 8955/8955 8959/8959 8957/8957
f 8959/8959 8961/8961 1531/1531
f 1531/1531 1533/1533 1532/1532
f 1530/1530 1532/1532 1546/1546
f 1538/1538 1546/1546 1554/1554
f 1552/1552 1553/1553 1559/1559
f 1553/1553 1554/1554 1560/1560
f 1558/1558 2477/2477 1551/1551
f 1552/1552 1572/1572 1558/1558
f 2476/2476 2470/2470 2477/2477
f 8954/8954 5182/5182 11606/11606
f 8954/8954 8956/8956 5182/5182
f 11607/11607 11605/11605 2445/2445
f 2453/2453 2445/2445 2447/2447
f 2447/2447 2469/2469 2453/2453
f 2469/2469 2470/2470 2476/2476
f 8954/8954 8953/8953 8956/8956
f 8953/8953 8950/8950 8957/8957
f 8950/8950 8955/8955 8957/8957
f 8955/8955 8958/8958 8959/8959
f 8958/8958 8961/8961 8959/8959
f 8961/8961 1534/1534 1531/1531
f 1531/1531 1534/1534 1533/1533
f 1532/1532 1533/1533 1539/1539
f 1546/1546 1532/1532 1539/1539
f 1554/1554 1546/1546 1555/1555
f 1559/1559 1553/1553 1560/1560
f 1552/1552 1559/1559 1572/1572
f 1560/1560 1554/1554 1561/1561
f 2477/2477 1558/1558 1575/1575
f 1558/1558 1572/1572 1575/1575
f 2476/2476 2477/2477 11608/11608
f 11609/11609 8954/8954 11606/11606
f 2445/2445 2442/2442 11607/11607
f 2442/2442 2445/2445 2453/2453
f 2475/2475 2453/2453 2469/2469
f 2476/2476 2479/2479 2469/2469
f 11609/11609 8953/8953 8954/8954
f 11610/11610 8950/8950 8953/8953
f 11611/11611 8955/8955 8950/8950
f 11612/11612 8958/8958 8955/8955
f 8958/8958 11613/11613 8961/8961
f 8961/8961 11614/11614 1534/1534
f 1534/1534 1535/1535 1533/1533
f 1539/1539 1533/1533 11615/11615
f 1546/1546 1539/1539 1556/1556
f 1555/1555 1546/1546 1556/1556
f 1561/1561 1554/1554 1555/1555
f 1559/1559 1560/1560 1567/1567
f 1572/1572 1559/1559 1567/1567
f 1568/1568 1560/1560 1561/1561
f 2477/2477 1575/1575 11616/11616
f 1575/1575 1572/1572 1576/1576
f 11617/11617 2476/2476 11608/11608
f 11608/11608 2477/2477 11616/11616
f 2442/2442 11618/11618 11607/11607
f 2442/2442 2453/2453 2474/2474
f 2475/2475 2469/2469 2479/2479
f 2479/2479 2476/2476 11617/11617
f 11609/11609 11619/11619 8953/8953
f 11611/11611 8950/8950 11610/11610
f 11619/11619 11610/11610 8953/8953
f 11611/11611 11612/11612 8955/8955
f 11613/11613 8958/8958 11612/11612
f 11614/11614 8961/8961 11613/11613
f 1534/1534 11614/11614 1535/1535
f 1533/1533 1535/1535 11615/11615
f 1539/1539 11615/11615 11620/11620
f 1556/1556 1539/1539 11620/11620
f 1555/1555 1556/1556 1569/1569
f 1561/1561 1555/1555 1569/1569
f 1567/1567 1560/1560 1568/1568
f 1572/1572 1567/1567 1580/1580
f 1568/1568 1561/1561 1577/1577
f 1583/1583 11616/11616 1575/1575
f 1576/1576 1572/1572 1584/1584
f 1583/1583 1575/1575 1576/1576
f 2475/2475 2479/2479 2480/2480
f 2479/2479 11617/11617 2480/2480
f 11614/11614 11621/11621 1535/1535
f 1535/1535 11621/11621 11615/11615
f 1556/1556 11620/11620 11622/11622
f 1569/1569 1556/1556 11622/11622
f 1569/1569 1577/1577 1561/1561
f 1567/1567 1568/1568 1581/1581
f 1580/1580 1567/1567 1581/1581
f 1572/1572 1580/1580 1584/1584
f 1581/1581 1568/1568 1577/1577
f 11616/11616 1583/1583 11623/11623
f 1584/1584 1590/1590 1576/1576
f 1583/1583 1576/1576 1590/1590
f 1570/1570 1569/1569 11622/11622
f 1578/1578 1577/1577 1569/1569
f 1580/1580 1581/1581 1591/1591
f 1590/1590 1584/1584 1580/1580
f 1582/1582 1581/1581 1577/1577
f 1583/1583 1601/1601 11623/11623
f 1583/1583 1590/1590 1598/1598
f 1579/1579 1577/1577 1578/1578
f 1589/1589 1580/1580 1591/1591
f 1580/1580 1589/1589 1590/1590
f 1598/1598 1601/1601 1583/1583
f 11624/11624 11623/11623 1601/1601
f 1598/1598 1590/1590 1602/1602
f 1589/1589 1591/1591 1597/1597
f 1590/1590 1589/1589 1602/1602
f 1601/1601 1598/1598 2559/2559
f 2558/2558 11624/11624 1601/1601
f 1598/1598 1602/1602 2559/2559
f 1596/1596 1589/1589 1597/1597
f 1589/1589 1596/1596 1602/1602
f 2558/2558 1601/1601 2559/2559
f 2558/2558 11625/11625 11624/11624
f 1596/1596 2559/2559 1602/1602
f 1596/1596 1597/1597 1600/1600
f 2558/2558 2559/2559 2560/2560
f 2558/2558 2563/2563 11625/11625
f 1596/1596 2560/2560 2559/2559
f 2563/2563 2558/2558 2560/2560
f 2563/2563 3279/3279 11625/11625
f 1596/1596 2562/2562 2560/2560
f 2560/2560 2564/2564 2563/2563
f 3279/3279 2563/2563 2567/2567
f 2562/2562 2565/2565 2560/2560
f 2564/2564 2560/2560 2565/2565
f 2563/2563 2564/2564 2567/2567
f 3287/3287 3279/3279 2567/2567
f 2565/2565 2562/2562 2566/2566
f 2564/2564 2565/2565 2569/2569
f 2567/2567 2564/2564 2568/2568
f 2567/2567 2570/2570 3287/3287
f 2568/2568 2564/2564 2569/2569
f 2567/2567 2568/2568 2572/2572
f 2570/2570 2567/2567 11626/11626
f 3287/3287 2570/2570 3291/3291
f 2572/2572 2574/2574 2567/2567
f 2574/2574 11626/11626 2567/2567
f 2504/2504 2574/2574 2572/2572
f 2503/2503 2574/2574 2504/2504
f 2503/2503 11627/11627 2574/2574
f 2327/2327 2318/2318 2328/2328
f 2318/2318 2327/2327 8144/8144
f 8149/8149 2327/2327 2328/2328
f 2318/2318 8144/8144 2308/2308
f 8143/8143 8144/8144 2327/2327
f 8149/8149 8148/8148 2327/2327
f 8149/8149 2328/2328 8151/8151
f 8144/8144 8138/8138 2308/2308
f 8138/8138 8144/8144 8143/8143
f 8148/8148 8143/8143 2327/2327
f 8148/8148 8149/8149 8151/8151
f 8151/8151 2328/2328 2337/2337
f 8143/8143 8137/8137 8138/8138
f 8148/8148 8146/8146 8143/8143
f 8150/8150 8148/8148 8151/8151
f 8153/8153 8151/8151 2337/2337
f 11628/11628 8138/8138 8137/8137
f 8145/8145 8137/8137 8143/8143
f 8146/8146 8148/8148 8150/8150
f 8143/8143 8146/8146 8145/8145
f 8150/8150 8151/8151 8153/8153
f 8137/8137 11629/11629 11628/11628
f 8137/8137 8145/8145 8139/8139
f 8147/8147 8146/8146 8150/8150
f 8145/8145 8146/8146 8140/8140
f 8153/8153 8154/8154 8150/8150
f 8137/8137 8139/8139 11629/11629
f 8139/8139 8145/8145 8140/8140
f 8141/8141 8146/8146 8147/8147
f 8142/8142 8147/8147 8150/8150
f 8140/8140 8146/8146 8141/8141
f 11629/11629 8139/8139 11630/11630
f 11631/11631 8139/8139 8140/8140
f 8141/8141 8147/8147 8134/8134
f 8142/8142 8134/8134 8147/8147
f 8142/8142 8150/8150 8152/8152
f 8140/8140 8141/8141 8131/8131
f 11631/11631 11630/11630 8139/8139
f 11631/11631 8140/8140 8131/8131
f 8131/8131 8141/8141 8134/8134
f 8134/8134 8142/8142 8133/8133
f 11632/11632 11631/11631 8131/8131
f 8123/8123 8131/8131 8134/8134
f 8123/8123 8134/8134 8133/8133
f 8142/8142 8132/8132 8133/8133
f 11633/11633 11632/11632 8131/8131
f 11633/11633 8131/8131 8123/8123
f 8124/8124 8123/8123 8133/8133
f 8132/8132 8124/8124 8133/8133
f 11633/11633 8123/8123 5274/5274
f 8124/8124 5274/5274 8123/8123
f 11633/11633 5274/5274 11634/11634
f 5274/5274 8124/8124 5275/5275
f 11635/11635 11634/11634 5274/5274
f 11635/11635 5274/5274 5275/5275
f 5275/5275 8124/8124 8125/8125
f 2302/2302 2303/2303 2304/2304
f 2302/2302 11642/11642 2303/2303
f 8135/8135 2304/2304 2303/2303
f 2305/2305 2302/2302 2304/2304
f 2307/2307 11642/11642 2302/2302
f 2303/2303 11642/11642 11643/11643
f 2303/2303 11644/11644 8135/8135
f 8135/8135 8136/8136 2304/2304
f 2306/2306 2302/2302 2305/2305
f 11642/11642 2307/2307 2317/2317
f 2302/2302 2306/2306 2307/2307
f 2303/2303 11643/11643 11644/11644
f 2307/2307 2316/2316 2317/2317
f 11642/11642 2317/2317 11645/11645
f 2307/2307 2306/2306 2310/2310
f 2307/2307 2310/2310 2316/2316
f 2316/2316 2325/2325 2317/2317
f 2325/2325 11645/11645 2317/2317
f 2309/2309 2310/2310 2306/2306
f 2316/2316 2310/2310 2323/2323
f 2324/2324 2325/2325 2316/2316
f 11645/11645 2325/2325 2326/2326
f 2311/2311 2310/2310 2309/2309
f 2316/2316 2323/2323 2324/2324
f 2323/2323 2310/2310 2321/2321
f 2324/2324 2326/2326 2325/2325
f 11646/11646 11645/11645 2326/2326
f 2311/2311 2321/2321 2310/2310
f 2324/2324 2323/2323 2330/2330
f 2323/2323 2321/2321 2329/2329
f 2326/2326 2324/2324 2336/2336
f 11646/11646 2326/2326 2332/2332
f 2311/2311 2313/2313 2321/2321
f 2323/2323 2329/2329 2330/2330
f 2330/2330 2333/2333 2324/2324
f 2321/2321 2322/2322 2329/2329
f 2335/2335 2326/2326 2336/2336
f 2332/2332 2326/2326 2335/2335
f 11646/11646 2332/2332 11647/11647
f 2311/2311 2312/2312 2313/2313
f 2321/2321 2313/2313 2322/2322
f 2330/2330 2329/2329 2334/2334
f 2330/2330 2334/2334 2333/2333
f 2322/2322 2331/2331 2329/2329
f 2335/2335 11647/11647 2332/2332
f 2312/2312 2315/2315 2313/2313
f 2313/2313 2319/2319 2322/2322
f 2322/2322 2319/2319 2331/2331
f 2314/2314 2315/2315 2312/2312
f 2319/2319 2313/2313 2315/2315
f 2320/2320 2319/2319 2315/2315
f 10194/10194 10190/10190 10195/10195
f 10190/10190 10196/10196 10195/10195
f 10188/10188 10196/10196 10190/10190
f 10196/10196 10200/10200 10195/10195
f 10188/10188 10197/10197 10196/10196
f 10196/10196 10199/10199 10200/10200
f 10198/10198 10196/10196 10197/10197
f 10198/10198 10199/10199 10196/10196
f 10200/10200 10199/10199 10204/10204
f 10201/10201 10198/10198 10197/10197
f 10198/10198 10207/10207 10199/10199
f 10203/10203 10200/10200 10204/10204
f 10199/10199 10208/10208 10204/10204
f 10201/10201 10207/10207 10198/10198
f 10207/10207 10209/10209 10199/10199
f 10204/10204 10208/10208 10206/10206
f 10199/10199 10209/10209 10208/10208
f 10207/10207 10201/10201 10210/10210
f 10213/10213 10209/10209 10207/10207
f 10205/10205 10204/10204 10206/10206
f 10206/10206 10208/10208 11648/11648
f 11649/11649 10208/10208 10209/10209
f 10207/10207 10210/10210 10212/10212
f 11649/11649 10209/10209 10213/10213
f 10213/10213 10207/10207 10211/10211
f 11648/11648 10208/10208 11649/11649
f 10211/10211 10207/10207 10212/10212
f 11649/11649 10213/10213 10217/10217
f 10215/10215 10213/10213 10211/10211
f 10214/10214 10211/10211 10212/10212
f 10217/10217 10213/10213 10215/10215
f 11649/11649 10217/10217 11650/11650
f 10215/10215 10211/10211 10216/10216
f 10211/10211 10214/10214 10216/10216
f 10215/10215 10221/10221 10217/10217
f 10217/10217 11651/11651 11650/11650
f 10215/10215 10216/10216 10218/10218
f 10215/10215 10218/10218 10221/10221
f 10221/10221 11651/11651 10217/10217
f 10216/10216 10219/10219 10218/10218
f 10225/10225 10221/10221 10218/10218
f 11652/11652 11651/11651 10221/10221
f 10218/10218 10219/10219 10220/10220
f 10219/10219 10216/10216 10222/10222
f 10224/10224 10225/10225 10218/10218
f 10225/10225 11652/11652 10221/10221
f 10220/10220 10224/10224 10218/10218
f 10225/10225 10224/10224 10229/10229
f 10229/10229 11652/11652 10225/10225
f 10224/10224 10220/10220 10226/10226
f 10224/10224 10227/10227 10229/10229
f 10229/10229 10230/10230 11652/11652
f 10224/10224 10226/10226 10227/10227
f 10232/10232 10230/10230 10229/10229
f 11653/11653 11652/11652 10230/10230
f 10229/10229 10231/10231 10232/10232
f 10234/10234 10230/10230 10232/10232
f 10234/10234 11653/11653 10230/10230
f 10233/10233 10234/10234 10232/10232
f 10234/10234 10235/10235 11653/11653
f 11653/11653 10235/10235 11654/11654
f 11654/11654 10235/10235 10236/10236
f 10235/10235 10237/10237 10236/10236
f 10236/10236 10237/10237 10238/10238
f 3649/3649 3650/3650 3651/3651
f 3652/3652 3650/3650 3649/3649
f 3651/3651 3650/3650 3664/3664
f 3663/3663 3649/3649 3651/3651
f 3650/3650 3654/3654 3664/3664
f 3651/3651 3664/3664 3669/3669
f 3661/3661 3649/3649 3663/3663
f 3668/3668 3663/3663 3651/3651
f 3653/3653 3654/3654 3650/3650
f 3654/3654 3665/3665 3664/3664
f 3669/3669 3668/3668 3651/3651
f 3664/3664 3672/3672 3669/3669
f 3661/3661 3662/3662 3649/3649
f 3667/3667 3663/3663 3668/3668
f 3653/3653 3655/3655 3654/3654
f 3656/3656 3665/3665 3654/3654
f 3672/3672 3664/3664 3665/3665
f 3671/3671 3668/3668 3669/3669
f 3672/3672 3674/3674 3669/3669
f 3671/3671 3667/3667 3668/3668
f 3656/3656 3654/3654 3655/3655
f 3665/3665 3656/3656 3658/3658
f 3675/3675 3672/3672 3665/3665
f 3673/3673 3671/3671 3669/3669
f 3669/3669 3674/3674 3673/3673
f 3674/3674 3672/3672 3675/3675
f 3656/3656 3655/3655 3657/3657
f 3656/3656 3657/3657 3658/3658
f 3665/3665 3658/3658 3666/3666
f 3665/3665 3670/3670 3675/3675
f 3677/3677 3674/3674 3675/3675
f 3658/3658 3657/3657 11662/11662
f 11662/11662 3666/3666 3658/3658
f 3666/3666 3670/3670 3665/3665
f 3670/3670 3678/3678 3675/3675
f 3675/3675 3678/3678 3677/3677
f 3657/3657 11663/11663 11662/11662
f 3670/3670 3679/3679 3678/3678
f 3677/3677 3678/3678 3680/3680
f 3679/3679 3683/3683 3678/3678
f 3680/3680 3681/3681 3677/3677
f 3678/3678 3682/3682 3680/3680
f 3678/3678 3683/3683 3682/3682
f 3677/3677 3681/3681 3676/3676
f 5875/5875 3680/3680 3682/3682
f 3682/3682 5878/5878 5875/5875
f 5876/5876 5878/5878 3682/3682
f 5876/5876 5877/5877 5878/5878
f 11665/11665 11664/11664 4945/4945
f 8558/8558 8557/8557 8529/8529
f 11668/11668 11669/11669 8529/8529
f 8531/8531 11667/11667 8532/8532
f 8566/8566 8557/8557 8558/8558
f 8529/8529 8539/8539 8558/8558
f 8529/8529 11669/11669 8539/8539
f 8530/8530 8531/8531 8532/8532
f 8531/8531 11670/11670 11667/11667
f 8567/8567 8566/8566 8558/8558
f 11669/11669 8540/8540 8539/8539
f 8530/8530 8532/8532 8556/8556
f 8531/8531 8530/8530 11088/11088
f 11670/11670 8531/8531 11088/11088
f 8577/8577 8566/8566 8567/8567
f 8539/8539 8540/8540 8541/8541
f 11671/11671 8540/8540 11669/11669
f 8530/8530 8556/8556 8538/8538
f 8537/8537 11088/11088 8530/8530
f 11048/11048 11670/11670 11088/11088
f 8540/8540 8542/8542 8541/8541
f 8540/8540 11671/11671 8542/8542
f 8537/8537 8530/8530 8538/8538
f 8556/8556 8565/8565 8538/8538
f 8565/8565 8556/8556 8582/8582
f 11088/11088 8537/8537 11089/11089
f 11048/11048 11672/11672 11670/11670
f 11048/11048 11088/11088 11089/11089
f 8542/8542 8543/8543 8541/8541
f 11671/11671 11673/11673 8542/8542
f 8537/8537 8538/8538 8535/8535
f 8568/8568 8538/8538 8565/8565
f 8581/8581 8565/8565 8582/8582
f 8581/8581 8582/8582 8590/8590
f 11089/11089 8537/8537 8534/8534
f 11048/11048 11037/11037 11672/11672
f 11048/11048 11089/11089 11076/11076
f 8542/8542 11673/11673 8543/8543
f 8541/8541 8543/8543 11674/11674
f 8534/8534 8537/8537 8535/8535
f 8559/8559 8535/8535 8538/8538
f 8559/8559 8538/8538 8568/8568
f 8578/8578 8568/8568 8565/8565
f 8565/8565 8581/8581 8585/8585
f 8612/8612 8581/8581 8590/8590
f 8534/8534 11102/11102 11089/11089
f 11675/11675 11672/11672 11037/11037
f 11037/11037 11048/11048 11062/11062
f 11062/11062 11048/11048 11076/11076
f 11089/11089 11092/11092 11076/11076
f 11673/11673 11676/11676 8543/8543
f 11674/11674 8543/8543 11676/11676
f 8534/8534 8535/8535 8536/8536
f 8559/8559 8568/8568 8569/8569
f 8568/8568 8578/8578 8569/8569
f 8565/8565 8585/8585 8578/8578
f 8581/8581 8608/8608 8585/8585
f 8581/8581 8612/8612 8608/8608
f 8612/8612 8590/8590 8622/8622
f 11102/11102 11092/11092 11089/11089
f 11675/11675 11037/11037 10897/10897
f 11062/11062 11049/11049 11037/11037
f 11076/11076 11092/11092 11093/11093
f 8569/8569 8578/8578 8583/8583
f 8578/8578 8585/8585 8583/8583
f 8585/8585 8608/8608 8606/8606
f 8608/8608 8612/8612 8621/8621
f 8621/8621 8612/8612 8622/8622
f 11675/11675 10897/10897 10894/10894
f 10897/10897 11037/11037 11049/11049
f 11063/11063 11049/11049 11062/11062
f 8569/8569 8583/8583 8584/8584
f 8594/8594 8583/8583 8585/8585
f 8585/8585 8606/8606 8594/8594
f 8617/8617 8606/8606 8608/8608
f 8608/8608 8621/8621 8617/8617
f 10894/10894 11677/11677 11675/11675
f 11063/11063 11064/11064 11049/11049
f 8594/8594 8606/8606 8607/8607
f 8606/8606 8617/8617 8615/8615
f 8615/8615 8617/8617 8621/8621
f 8607/8607 8606/8606 8615/8615
f 8607/8607 8615/8615 8616/8616
f 11678/11678 11679/11679 11067/11067
f 7640/7640 7641/7641 7642/7642
f 7643/7643 7641/7641 7640/7640
f 7642/7642 8689/8689 7640/7640
f 7656/7656 7641/7641 7643/7643
f 7644/7644 7643/7643 7640/7640
f 8689/8689 8690/8690 7640/7640
f 7656/7656 7643/7643 7657/7657
f 7645/7645 7643/7643 7644/7644
f 7640/7640 8690/8690 7644/7644
f 8689/8689 8670/8670 8690/8690
f 7643/7643 7645/7645 7657/7657
f 7656/7656 7657/7657 7660/7660
f 7645/7645 7644/7644 7646/7646
f 8690/8690 8671/8671 7644/7644
f 8670/8670 8671/8671 8690/8690
f 7645/7645 7670/7670 7657/7657
f 7644/7644 7647/7647 7646/7646
f 7645/7645 7646/7646 7663/7663
f 8671/8671 8691/8691 7644/7644
f 8670/8670 8645/8645 8671/8671
f 7662/7662 7670/7670 7645/7645
f 7670/7670 7671/7671 7657/7657
f 7647/7647 7644/7644 8691/8691
f 7646/7646 7647/7647 7649/7649
f 7645/7645 7663/7663 7662/7662
f 7646/7646 7664/7664 7663/7663
f 8691/8691 8671/8671 8645/8645
f 8672/8672 8645/8645 8670/8670
f 7662/7662 7669/7669 7670/7670
f 7647/7647 8691/8691 8673/8673
f 7648/7648 7646/7646 7649/7649
f 8692/8692 7649/7649 7647/7647
f 7661/7661 7662/7662 7663/7663
f 7648/7648 7664/7664 7646/7646
f 7663/7663 7664/7664 7680/7680
f 8653/8653 8691/8691 8645/8645
f 7661/7661 7669/7669 7662/7662
f 7670/7670 7669/7669 7684/7684
f 8653/8653 8673/8673 8691/8691
f 7647/7647 8673/8673 8692/8692
f 7649/7649 7651/7651 7648/7648
f 7649/7649 8692/8692 7650/7650
f 7663/7663 7679/7679 7661/7661
f 7680/7680 7664/7664 7648/7648
f 7679/7679 7663/7663 7680/7680
f 8653/8653 8645/8645 8644/8644
f 7679/7679 7669/7669 7661/7661
f 7669/7669 7679/7679 7684/7684
f 8644/8644 8673/8673 8653/8653
f 8673/8673 8654/8654 8692/8692
f 7649/7649 7650/7650 7651/7651
f 7651/7651 7665/7665 7648/7648
f 7650/7650 8692/8692 8693/8693
f 7680/7680 7648/7648 7685/7685
f 7679/7679 7680/7680 7690/7690
f 8644/8644 8645/8645 8635/8635
f 8644/8644 8654/8654 8673/8673
f 8654/8654 8655/8655 8692/8692
f 7651/7651 7650/7650 7652/7652
f 7665/7665 7651/7651 7652/7652
f 7648/7648 7665/7665 7686/7686
f 8692/8692 8655/8655 8693/8693
f 7653/7653 7650/7650 8693/8693
f 7648/7648 7686/7686 7685/7685
f 7680/7680 7685/7685 7691/7691
f 7696/7696 7690/7690 7680/7680
f 7690/7690 7694/7694 7679/7679
f 8644/8644 8635/8635 8654/8654
f 8654/8654 8636/8636 8655/8655
f 7653/7653 7652/7652 7650/7650
f 7665/7665 7652/7652 7681/7681
f 7665/7665 7681/7681 7686/7686
f 8655/8655 8656/8656 8693/8693
f 7653/7653 8693/8693 7654/7654
f 7685/7685 7686/7686 7692/7692
f 7691/7691 7685/7685 7692/7692
f 7696/7696 7697/7697 7690/7690
f 7679/7679 7694/7694 7695/7695
f 7697/7697 7694/7694 7690/7690
f 8635/8635 8636/8636 8654/8654
f 8636/8636 8637/8637 8655/8655
f 7652/7652 7653/7653 7666/7666
f 7681/7681 7652/7652 7682/7682
f 7692/7692 7686/7686 7681/7681
f 8655/8655 8637/8637 8656/8656
f 7654/7654 7655/7655 7653/7653
f 8693/8693 8701/8701 7654/7654
f 7691/7691 7692/7692 7699/7699
f 7697/7697 7696/7696 7698/7698
f 7694/7694 7697/7697 7708/7708
f 8635/8635 8631/8631 8636/8636
f 8636/8636 11680/11680 8637/8637
f 7653/7653 7655/7655 7666/7666
f 7652/7652 7666/7666 7682/7682
f 7693/7693 7681/7681 7682/7682
f 7693/7693 7692/7692 7681/7681
f 8637/8637 8638/8638 8656/8656
f 7692/7692 7700/7700 7699/7699
f 7698/7698 7709/7709 7697/7697
f 7707/7707 7694/7694 7708/7708
f 7697/7697 7709/7709 7708/7708
f 8631/8631 8635/8635 8633/8633
f 8631/8631 11680/11680 8636/8636
f 11680/11680 8623/8623 8637/8637
f 7666/7666 7655/7655 7667/7667
f 7666/7666 7683/7683 7682/7682
f 7693/7693 7682/7682 11681/11681
f 7693/7693 7700/7700 7692/7692
f 8637/8637 8623/8623 8638/8638
f 8656/8656 8638/8638 8643/8643
f 7700/7700 7712/7712 7699/7699
f 7720/7720 7707/7707 7708/7708
f 7721/7721 7708/7708 7709/7709
f 8633/8633 8626/8626 8631/8631
f 8633/8633 8635/8635 8640/8640
f 8631/8631 11682/11682 11680/11680
f 11683/11683 8623/8623 11680/11680
f 7668/7668 7666/7666 7667/7667
f 7668/7668 7683/7683 7666/7666
f 11684/11684 7693/7693 11681/11681
f 7693/7693 11684/11684 7700/7700
f 8623/8623 8625/8625 8638/8638
f 8643/8643 8638/8638 8639/8639
f 8656/8656 8643/8643 8657/8657
f 11685/11685 7712/7712 7700/7700
f 7721/7721 7699/7699 7712/7712
f 7720/7720 7708/7708 7736/7736
f 7721/7721 7722/7722 7708/7708
f 8626/8626 11682/11682 8631/8631
f 8602/8602 8623/8623 11683/11683
f 11684/11684 11685/11685 7700/7700
f 8623/8623 8602/8602 8625/8625
f 8632/8632 8638/8638 8625/8625
f 8639/8639 8638/8638 8632/8632
f 7712/7712 11685/11685 11686/11686
f 7712/7712 7722/7722 7721/7721
f 7735/7735 7720/7720 7736/7736
f 7736/7736 7708/7708 7722/7722
f 8626/8626 11687/11687 11682/11682
f 8603/8603 8602/8602 11683/11683
f 8602/8602 8624/8624 8625/8625
f 8625/8625 8614/8614 8632/8632
f 7722/7722 7712/7712 11686/11686
f 7735/7735 7736/7736 7737/7737
f 7738/7738 7736/7736 7722/7722
f 8603/8603 11683/11683 11688/11688
f 8624/8624 8614/8614 8625/8625
f 7742/7742 7722/7722 11686/11686
f 7736/7736 7753/7753 7737/7737
f 11689/11689 7736/7736 7738/7738
f 7738/7738 7722/7722 7742/7742
f 8624/8624 8613/8613 8614/8614
f 7753/7753 7736/7736 7756/7756
f 11689/11689 11690/11690 7736/7736
f 8614/8614 8613/8613 8605/8605
f 7756/7756 7736/7736 11690/11690
f 8613/8613 8604/8604 8605/8605
f 8605/8605 8604/8604 8593/8593
f 8604/8604 8591/8591 8593/8593
f 8591/8591 8592/8592 8593/8593
f 827/827 828/828 829/829
f 828/828 830/830 829/829
f 828/828 2724/2724 830/830
f 829/829 830/830 831/831
f 2724/2724 832/832 830/830
f 830/830 832/832 831/831
f 840/840 829/829 831/831
f 2724/2724 2709/2709 832/832
f 831/831 832/832 833/833
f 840/840 831/831 841/841
f 2708/2708 2709/2709 2724/2724
f 2709/2709 2710/2710 832/832
f 832/832 834/834 833/833
f 2708/2708 2700/2700 2709/2709
f 2723/2723 2708/2708 2724/2724
f 2709/2709 2706/2706 2710/2710
f 832/832 2710/2710 834/834
f 833/833 834/834 835/835
f 2700/2700 2708/2708 1990/1990
f 2700/2700 2706/2706 2709/2709
f 2723/2723 2728/2728 2708/2708
f 2706/2706 2701/2701 2710/2710
f 2710/2710 2718/2718 834/834
f 834/834 836/836 835/835
f 1990/1990 1989/1989 2700/2700
f 1990/1990 2708/2708 2721/2721
f 2701/2701 2706/2706 2700/2700
f 2721/2721 2708/2708 2728/2728
f 2710/2710 2701/2701 2718/2718
f 834/834 2718/2718 2725/2725
f 834/834 2725/2725 836/836
f 836/836 837/837 835/835
f 1989/1989 1990/1990 11691/11691
f 1989/1989 2694/2694 2700/2700
f 2720/2720 1990/1990 2721/2721
f 2701/2701 2700/2700 2691/2691
f 2720/2720 2721/2721 2728/2728
f 2701/2701 2702/2702 2718/2718
f 2718/2718 2711/2711 2725/2725
f 836/836 2725/2725 837/837
f 1990/1990 11692/11692 11691/11691
f 2700/2700 2694/2694 2691/2691
f 1990/1990 2720/2720 11692/11692
f 2701/2701 2691/2691 2702/2702
f 2727/2727 2720/2720 2728/2728
f 2702/2702 2711/2711 2718/2718
f 2725/2725 2711/2711 2726/2726
f 2725/2725 2726/2726 837/837
f 2694/2694 2690/2690 2691/2691
f 11692/11692 2720/2720 11693/11693
f 2691/2691 2696/2696 2702/2702
f 11693/11693 2720/2720 2727/2727
f 2702/2702 2703/2703 2711/2711
f 2711/2711 2719/2719 2726/2726
f 2690/2690 2687/2687 2691/2691
f 2690/2690 2694/2694 2695/2695
f 2696/2696 2691/2691 2687/2687
f 2703/2703 2702/2702 2696/2696
f 11693/11693 2727/2727 11694/11694
f 2703/2703 2704/2704 2711/2711
f 2711/2711 2712/2712 2719/2719
f 2696/2696 2687/2687 2681/2681
f 2703/2703 2696/2696 2692/2692
f 2697/2697 2704/2704 2703/2703
f 2711/2711 2704/2704 2712/2712
f 2681/2681 2687/2687 2682/2682
f 2696/2696 2681/2681 2692/2692
f 2697/2697 2703/2703 2692/2692
f 2704/2704 2697/2697 2698/2698
f 2704/2704 2705/2705 2712/2712
f 2675/2675 2681/2681 2682/2682
f 2692/2692 2681/2681 2674/2674
f 2697/2697 2692/2692 2689/2689
f 2697/2697 2689/2689 2698/2698
f 2698/2698 2705/2705 2704/2704
f 2681/2681 2675/2675 2674/2674
f 2678/2678 2692/2692 2674/2674
f 2678/2678 2689/2689 2692/2692
f 2698/2698 2689/2689 2688/2688
f 2705/2705 2698/2698 2699/2699
f 2674/2674 2675/2675 2676/2676
f 2674/2674 2676/2676 2678/2678
f 2683/2683 2689/2689 2678/2678
f 2689/2689 2683/2683 2688/2688
f 2699/2699 2698/2698 2688/2688
f 2705/2705 2699/2699 2707/2707
f 2676/2676 2677/2677 2678/2678
f 2680/2680 2683/2683 2678/2678
f 2688/2688 2683/2683 2684/2684
f 2693/2693 2699/2699 2688/2688
f 2680/2680 2678/2678 2677/2677
f 2684/2684 2685/2685 2688/2688
f 2688/2688 2685/2685 2693/2693
f 2677/2677 2679/2679 2680/2680
f 2684/2684 2680/2680 2685/2685
f 2685/2685 2680/2680 2686/2686
f 11695/11695 2398/2398 2399/2399
f 2398/2398 2400/2400 2399/2399
f 2399/2399 2401/2401 11695/11695
f 2398/2398 2414/2414 2400/2400
f 2400/2400 2401/2401 2399/2399
f 2401/2401 11696/11696 11695/11695
f 2414/2414 2402/2402 2400/2400
f 2400/2400 2402/2402 2401/2401
f 2403/2403 11696/11696 2401/2401
f 2415/2415 2402/2402 2414/2414
f 2401/2401 2402/2402 2403/2403
f 2403/2403 11697/11697 11696/11696
f 2416/2416 2402/2402 2415/2415
f 2414/2414 2423/2423 2415/2415
f 2403/2403 2402/2402 2416/2416
f 2403/2403 11698/11698 11697/11697
f 2424/2424 2416/2416 2415/2415
f 2413/2413 2423/2423 2414/2414
f 2423/2423 2424/2424 2415/2415
f 2403/2403 2416/2416 2417/2417
f 2403/2403 2417/2417 11698/11698
f 2416/2416 2424/2424 2425/2425
f 11695/11695 2413/2413 2414/2414
f 2413/2413 2422/2422 2423/2423
f 2424/2424 2423/2423 2433/2433
f 2417/2417 2416/2416 2425/2425
f 2417/2417 2418/2418 11698/11698
f 2425/2425 2424/2424 2434/2434
f 2411/2411 2413/2413 11695/11695
f 2422/2422 2413/2413 2411/2411
f 2423/2423 2422/2422 2432/2432
f 2433/2433 2423/2423 2432/2432
f 2434/2434 2424/2424 2433/2433
f 2418/2418 2417/2417 2425/2425
f 2426/2426 2425/2425 2434/2434
f 11699/11699 2411/2411 11695/11695
f 2412/2412 2422/2422 2411/2411
f 2432/2432 2422/2422 2431/2431
f 2432/2432 2439/2439 2433/2433
f 2433/2433 2462/2462 2434/2434
f 2426/2426 2418/2418 2425/2425
f 2426/2426 2434/2434 2440/2440
f 2411/2411 2410/2410 2412/2412
f 2430/2430 2422/2422 2412/2412
f 2431/2431 2422/2422 2430/2430
f 2431/2431 2439/2439 2432/2432
f 2439/2439 2462/2462 2433/2433
f 2462/2462 2441/2441 2434/2434
f 3263/3263 2418/2418 2426/2426
f 2440/2440 2434/2434 2441/2441
f 2410/2410 2407/2407 2412/2412
f 2429/2429 2430/2430 2412/2412
f 2431/2431 2430/2430 2438/2438
f 2431/2431 2459/2459 2439/2439
f 2462/2462 2439/2439 2461/2461
f 2441/2441 2462/2462 2463/2463
f 2407/2407 2410/2410 2409/2409
f 2407/2407 2421/2421 2412/2412
f 2429/2429 2436/2436 2430/2430
f 2421/2421 2429/2429 2412/2412
f 2430/2430 2437/2437 2438/2438
f 2438/2438 2456/2456 2431/2431
f 2456/2456 2459/2459 2431/2431
f 2460/2460 2439/2439 2459/2459
f 2461/2461 2439/2439 2460/2460
f 2463/2463 2462/2462 2461/2461
f 2409/2409 11700/11700 2407/2407
f 2409/2409 2410/2410 11701/11701
f 2421/2421 2407/2407 2408/2408
f 2429/2429 2428/2428 2436/2436
f 2436/2436 2437/2437 2430/2430
f 2428/2428 2429/2429 2421/2421
f 2455/2455 2438/2438 2437/2437
f 2456/2456 2438/2438 2455/2455
f 2459/2459 2456/2456 2457/2457
f 2460/2460 2459/2459 2457/2457
f 2407/2407 11700/11700 2408/2408
f 2428/2428 2421/2421 2408/2408
f 2436/2436 2428/2428 2427/2427
f 2454/2454 2437/2437 2436/2436
f 2454/2454 2455/2455 2437/2437
f 2458/2458 2456/2456 2455/2455
f 2457/2457 2456/2456 2458/2458
f 2473/2473 2460/2460 2457/2457
f 11702/11702 2408/2408 11700/11700
f 2428/2428 2408/2408 11702/11702
f 2427/2427 2428/2428 11702/11702
f 2452/2452 2436/2436 2427/2427
f 2449/2449 2454/2454 2436/2436
f 2454/2454 2458/2458 2455/2455
f 2458/2458 2473/2473 2457/2457
f 2452/2452 2449/2449 2436/2436
f 2449/2449 2471/2471 2454/2454
f 2454/2454 2472/2472 2458/2458
f 2452/2452 2450/2450 2449/2449
f 2471/2471 2478/2478 2454/2454
f 2478/2478 2472/2472 2454/2454
f 2449/2449 2450/2450 2451/2451
f 2451/2451 2450/2450 2467/2467
f 2451/2451 2468/2468 2449/2449
f 11703/11703 2468/2468 2451/2451
f 3626/3626 3622/3622 99/99
f 3628/3628 3625/3625 3622/3622
f 3626/3626 3628/3628 3622/3622
f 99/99 3627/3627 3626/3626
f 3623/3623 3625/3625 3632/3632
f 3625/3625 3628/3628 3633/3633
f 3628/3628 3626/3626 3629/3629
f 3626/3626 3627/3627 3630/3630
f 3631/3631 3623/3623 3632/3632
f 3632/3632 3625/3625 3633/3633
f 3633/3633 3628/3628 3629/3629
f 3629/3629 3626/3626 3630/3630
f 3632/3632 11707/11707 3631/3631
f 11707/11707 3632/3632 3633/3633
f 3633/3633 3629/3629 3635/3635
f 3629/3629 3630/3630 3634/3634
f 11707/11707 3637/3637 3631/3631
f 11707/11707 3633/3633 3638/3638
f 3629/3629 3634/3634 3635/3635
f 3633/3633 3635/3635 3638/3638
f 3634/3634 3639/3639 3635/3635
f 3638/3638 3635/3635 3640/3640
f 3635/3635 3639/3639 3640/3640
f 3640/3640 3639/3639 11708/11708
f 5101/5101 5102/5102 5103/5103
f 5102/5102 5116/5116 5103/5103
f 5104/5104 5101/5101 5103/5103
f 5115/5115 5116/5116 5102/5102
f 5116/5116 5106/5106 5103/5103
f 5103/5103 5106/5106 5104/5104
f 5116/5116 5115/5115 5107/5107
f 5115/5115 5102/5102 5117/5117
f 5116/5116 5107/5107 5106/5106
f 5104/5104 5106/5106 5105/5105
f 5115/5115 5118/5118 5107/5107
f 5128/5128 5115/5115 5117/5117
f 5105/5105 5106/5106 5107/5107
f 5115/5115 5128/5128 5118/5118
f 5118/5118 5119/5119 5107/5107
f 5127/5127 5128/5128 5117/5117
f 5107/5107 5108/5108 5105/5105
f 5119/5119 5108/5108 5107/5107
f 5105/5105 5108/5108 6545/6545
f 5119/5119 5120/5120 5108/5108
f 6550/6550 5105/5105 6545/6545
f 5108/5108 5111/5111 6545/6545
f 5120/5120 5111/5111 5108/5108
f 6550/6550 6545/6545 6544/6544
f 5111/5111 6540/6540 6545/6545
f 5120/5120 5109/5109 5111/5111
f 6531/6531 6544/6544 6545/6545
f 6550/6550 6544/6544 6551/6551
f 6531/6531 6545/6545 6540/6540
f 5111/5111 5110/5110 6540/6540
f 5109/5109 5110/5110 5111/5111
f 5130/5130 5109/5109 5120/5120
f 6531/6531 6546/6546 6544/6544
f 6511/6511 6531/6531 6540/6540
f 11709/11709 6540/6540 5110/5110
f 5121/5121 5110/5110 5109/5109
f 5130/5130 5121/5121 5109/5109
f 5140/5140 5130/5130 5120/5120
f 6531/6531 6547/6547 6546/6546
f 6511/6511 6519/6519 6531/6531
f 6540/6540 11710/11710 6511/6511
f 11711/11711 11709/11709 5110/5110
f 11710/11710 6540/6540 11709/11709
f 5121/5121 11711/11711 5110/5110
f 5130/5130 11712/11712 5121/5121
f 5151/5151 5130/5130 5140/5140
f 6511/6511 6506/6506 6519/6519
f 6530/6530 6531/6531 6519/6519
f 11713/11713 6511/6511 11710/11710
f 11712/11712 11711/11711 5121/5121
f 11714/11714 11712/11712 5130/5130
f 5150/5150 5151/5151 5140/5140
f 5151/5151 11714/11714 5130/5130
f 6511/6511 6501/6501 6506/6506
f 6506/6506 6518/6518 6519/6519
f 6530/6530 6519/6519 6518/6518
f 6511/6511 11713/11713 6501/6501
f 5148/5148 5150/5150 5140/5140
f 6501/6501 6500/6500 6506/6506
f 6518/6518 6506/6506 6504/6504
f 6530/6530 6518/6518 6529/6529
f 11715/11715 6501/6501 11713/11713
f 5148/5148 5140/5140 5149/5149
f 6501/6501 6489/6489 6500/6500
f 6500/6500 6504/6504 6506/6506
f 6518/6518 6504/6504 6517/6517
f 6518/6518 6528/6528 6529/6529
f 6501/6501 11715/11715 11716/11716
f 6499/6499 6500/6500 6489/6489
f 6501/6501 11716/11716 6489/6489
f 6504/6504 6500/6500 6499/6499
f 6517/6517 6504/6504 6510/6510
f 6527/6527 6518/6518 6517/6517
f 6527/6527 6528/6528 6518/6518
f 6529/6529 6528/6528 6539/6539
f 6701/6701 6499/6499 6489/6489
f 6488/6488 6489/6489 11716/11716
f 6504/6504 6499/6499 6505/6505
f 6510/6510 6504/6504 6505/6505
f 6517/6517 6510/6510 6523/6523
f 6523/6523 6527/6527 6517/6517
f 6539/6539 6528/6528 6527/6527
f 6715/6715 6499/6499 6701/6701
f 6701/6701 6489/6489 6488/6488
f 6488/6488 11716/11716 6687/6687
f 6505/6505 6499/6499 6739/6739
f 6505/6505 6766/6766 6510/6510
f 6523/6523 6510/6510 6776/6776
f 6525/6525 6527/6527 6523/6523
f 6527/6527 6537/6537 6539/6539
f 6715/6715 6701/6701 6700/6700
f 6715/6715 6739/6739 6499/6499
f 6687/6687 6701/6701 6488/6488
f 11716/11716 11717/11717 6687/6687
f 6739/6739 6752/6752 6505/6505
f 6505/6505 6752/6752 6766/6766
f 6776/6776 6510/6510 6766/6766
f 6788/6788 6523/6523 6776/6776
f 6525/6525 6523/6523 6526/6526
f 6525/6525 6536/6536 6527/6527
f 6536/6536 6537/6537 6527/6527
f 6537/6537 6538/6538 6539/6539
f 6701/6701 6686/6686 6700/6700
f 6738/6738 6739/6739 6715/6715
f 6701/6701 6687/6687 6686/6686
f 6668/6668 6687/6687 11717/11717
f 6752/6752 6739/6739 6751/6751
f 6752/6752 6765/6765 6766/6766
f 6802/6802 6526/6526 6523/6523
f 6537/6537 6536/6536 6534/6534
f 6543/6543 6538/6538 6537/6537
f 6685/6685 6700/6700 6686/6686
f 6738/6738 6715/6715 6737/6737
f 6738/6738 6751/6751 6739/6739
f 6667/6667 6686/6686 6687/6687
f 6668/6668 11717/11717 11718/11718
f 6667/6667 6687/6687 6668/6668
f 6752/6752 6751/6751 6765/6765
f 6534/6534 6536/6536 6526/6526
f 6534/6534 6542/6542 6537/6537
f 6542/6542 6543/6543 6537/6537
f 6686/6686 6644/6644 6685/6685
f 6715/6715 6729/6729 6737/6737
f 6686/6686 6667/6667 6644/6644
f 11718/11718 6667/6667 6668/6668
f 6534/6534 6526/6526 6535/6535
f 6685/6685 6644/6644 6666/6666
f 6626/6626 6644/6644 6667/6667
f 6667/6667 11718/11718 6626/6626
f 6815/6815 6535/6535 6526/6526
f 6666/6666 6644/6644 6643/6643
f 6684/6684 6685/6685 6666/6666
f 6625/6625 6644/6644 6626/6626
f 6626/6626 11718/11718 11719/11719
f 6644/6644 6625/6625 6643/6643
f 6665/6665 6666/6666 6643/6643
f 6666/6666 6665/6665 6684/6684
f 6684/6684 6699/6699 6685/6685
f 6626/6626 11719/11719 6625/6625
f 6643/6643 6625/6625 6624/6624
f 6684/6684 6665/6665 6683/6683
f 6698/6698 6699/6699 6684/6684
f 6625/6625 11719/11719 11720/11720
f 6624/6624 6625/6625 6623/6623
f 6642/6642 6643/6643 6624/6624
f 6625/6625 11720/11720 6623/6623
f 6623/6623 6621/6621 6624/6624
f 6642/6642 6624/6624 6621/6621
f 11720/11720 7855/7855 6623/6623
f 6623/6623 7855/7855 6621/6621
f 6640/6640 6642/6642 6621/6621
f 11720/11720 11721/11721 7855/7855
f 7854/7854 6621/6621 7855/7855
f 6663/6663 6642/6642 6640/6640
f 7855/7855 11721/11721 11722/11722
f 7855/7855 11723/11723 7854/7854
f 7855/7855 11722/11722 11723/11723
f 11724/11724 11725/11725 6311/6311
f 6311/6311 11725/11725 11726/11726
f 11724/11724 6311/6311 9914/9914
f 6311/6311 11726/11726 9879/9879
f 9914/9914 6311/6311 9897/9897
f 9914/9914 6323/6323 11724/11724
f 11726/11726 11727/11727 9879/9879
f 9897/9897 6311/6311 9879/9879
f 9914/9914 9897/9897 9905/9905
f 6322/6322 11724/11724 6323/6323
f 6323/6323 9914/9914 10977/10977
f 9879/9879 11727/11727 9878/9878
f 9897/9897 9879/9879 9878/9878
f 9905/9905 9897/9897 9896/9896
f 10965/10965 9914/9914 9905/9905
f 6322/6322 11728/11728 11724/11724
f 10996/10996 6322/6322 6323/6323
f 10977/10977 9914/9914 10965/10965
f 10996/10996 6323/6323 10977/10977
f 11727/11727 11729/11729 9878/9878
f 9897/9897 9878/9878 9896/9896
f 9905/9905 9896/9896 9895/9895
f 10965/10965 9905/9905 9904/9904
f 11730/11730 11728/11728 6322/6322
f 11730/11730 6322/6322 10996/10996
f 10976/10976 10977/10977 10965/10965
f 10995/10995 10996/10996 10977/10977
f 9878/9878 11729/11729 9877/9877
f 9896/9896 9878/9878 9877/9877
f 9895/9895 9896/9896 9876/9876
f 9904/9904 9905/9905 9895/9895
f 9913/9913 10965/10965 9904/9904
f 11730/11730 10996/10996 10995/10995
f 10976/10976 10965/10965 9913/9913
f 10994/10994 10977/10977 10976/10976
f 11010/11010 10995/10995 10977/10977
f 11729/11729 11731/11731 9877/9877
f 9896/9896 9877/9877 9876/9876
f 9904/9904 9895/9895 9903/9903
f 9912/9912 9913/9913 9904/9904
f 11732/11732 11730/11730 10995/10995
f 10976/10976 9913/9913 10986/10986
f 10976/10976 10986/10986 10994/10994
f 11010/11010 10977/10977 10994/10994
f 11016/11016 10995/10995 11010/11010
f 11731/11731 9876/9876 9877/9877
f 9903/9903 9895/9895 9894/9894
f 9912/9912 9904/9904 9903/9903
f 9912/9912 10975/10975 9913/9913
f 11732/11732 10995/10995 11016/11016
f 9913/9913 10985/10985 10986/10986
f 10986/10986 11010/11010 10994/10994
f 11016/11016 11010/11010 11009/11009
f 11731/11731 9874/9874 9876/9876
f 9895/9895 9874/9874 9894/9894
f 11733/11733 9903/9903 9894/9894
f 9912/9912 9903/9903 9911/9911
f 10962/10962 10975/10975 9912/9912
f 9913/9913 10975/10975 10985/10985
f 11734/11734 11732/11732 11016/11016
f 10986/10986 10985/10985 11009/11009
f 10986/10986 11009/11009 11010/11010
f 11016/11016 11009/11009 11015/11015
f 11735/11735 9874/9874 11731/11731
f 9894/9894 9874/9874 11735/11735
f 11733/11733 9894/9894 11736/11736
f 9911/9911 9903/9903 11733/11733
f 9912/9912 9911/9911 10962/10962
f 10964/10964 10975/10975 10962/10962
f 10993/10993 10985/10985 10975/10975
f 11734/11734 11016/11016 11015/11015
f 10985/10985 11008/11008 11009/11009
f 11015/11015 11009/11009 11008/11008
f 11736/11736 9894/9894 11735/11735
f 10962/10962 9911/9911 10963/10963
f 10984/10984 10975/10975 10964/10964
f 10992/10992 10993/10993 10975/10975
f 10993/10993 11007/11007 10985/10985
f 11737/11737 11734/11734 11015/11015
f 11008/11008 10985/10985 11007/11007
f 11737/11737 11015/11015 11008/11008
f 10992/10992 10975/10975 10984/10984
f 11006/11006 10993/10993 10992/10992
f 11006/11006 11007/11007 10993/10993
f 11007/11007 11738/11738 11008/11008
f 11738/11738 11737/11737 11008/11008
f 11005/11005 11006/11006 10992/10992
f 11006/11006 11738/11738 11007/11007
f 11006/11006 11005/11005 11022/11022
f 11024/11024 11006/11006 11022/11022
f 11739/11739 11740/11740 4827/4827
f 11740/11740 4828/4828 4827/4827
f 11739/11739 4827/4827 4852/4852
f 11740/11740 11741/11741 4828/4828
f 4827/4827 4828/4828 4829/4829
f 11742/11742 11739/11739 4852/4852
f 4852/4852 4827/4827 4863/4863
f 11741/11741 11743/11743 4828/4828
f 4829/4829 4828/4828 4830/4830
f 4827/4827 4829/4829 4863/4863
f 11742/11742 4852/4852 11744/11744
f 4852/4852 4863/4863 4875/4875
f 4828/4828 11743/11743 4830/4830
f 4829/4829 4830/4830 4864/4864
f 4863/4863 4829/4829 4864/4864
f 11744/11744 4852/4852 4875/4875
f 4875/4875 4863/4863 4864/4864
f 11745/11745 4830/4830 11743/11743
f 4864/4864 4830/4830 4865/4865
f 4876/4876 4875/4875 4864/4864
f 4853/4853 4830/4830 11745/11745
f 4830/4830 4853/4853 4865/4865
f 4864/4864 4865/4865 4877/4877
f 4876/4876 4864/4864 4877/4877
f 4853/4853 11745/11745 4833/4833
f 4866/4866 4865/4865 4853/4853
f 4877/4877 4865/4865 4866/4866
f 4876/4876 4877/4877 4878/4878
f 4833/4833 11745/11745 4834/4834
f 4879/4879 4877/4877 4866/4866
f 4877/4877 4879/4879 4878/4878
f 11745/11745 11746/11746 4834/4834
f 4833/4833 4834/4834 4836/4836
f 4879/4879 4866/4866 4881/4881
f 4834/4834 11746/11746 4836/4836
f 4835/4835 4833/4833 4836/4836
f 4866/4866 4882/4882 4881/4881
f 11746/11746 4837/4837 4836/4836
f 4842/4842 4835/4835 4836/4836
f 4836/4836 4837/4837 4838/4838
f 6809/6809 4837/4837 11746/11746
f 4836/4836 4838/4838 4842/4842
f 4838/4838 4837/4837 4839/4839
f 6809/6809 11746/11746 11747/11747
f 6809/6809 6818/6818 4837/4837
f 4837/4837 6532/6532 4839/4839
f 4838/4838 4839/4839 4856/4856
f 6818/6818 6809/6809 11747/11747
f 6818/6818 6532/6532 4837/4837
f 4839/4839 6532/6532 4840/4840
f 4838/4838 4856/4856 4857/4857
f 4856/4856 4839/4839 4858/4858
f 11747/11747 6799/6799 6818/6818
f 6818/6818 6799/6799 6532/6532
f 4839/4839 4840/4840 4841/4841
f 6532/6532 11748/11748 4840/4840
f 4856/4856 4868/4868 4857/4857
f 4838/4838 4857/4857 4860/4860
f 4839/4839 4841/4841 4858/4858
f 4858/4858 4868/4868 4856/4856
f 6799/6799 11747/11747 11749/11749
f 6532/6532 6799/6799 11750/11750
f 4841/4841 4840/4840 11751/11751
f 4840/4840 11748/11748 11751/11751
f 6532/6532 11750/11750 11748/11748
f 4859/4859 4838/4838 4860/4860
f 5123/5123 4858/4858 4841/4841
f 4869/4869 4868/4868 4858/4858
f 6799/6799 11749/11749 11750/11750
f 4841/4841 11751/11751 5124/5124
f 4859/4859 4860/4860 4861/4861
f 5123/5123 4869/4869 4858/4858
f 5123/5123 4841/4841 5124/5124
f 4869/4869 4870/4870 4868/4868
f 5124/5124 11751/11751 11752/11752
f 4860/4860 4867/4867 4861/4861
f 4869/4869 5123/5123 4880/4880
f 5123/5123 5124/5124 5133/5133
f 4869/4869 4880/4880 4870/4870
f 5124/5124 11752/11752 5146/5146
f 4872/4872 4867/4867 4860/4860
f 4880/4880 5123/5123 5131/5131
f 5132/5132 5123/5123 5133/5133
f 5133/5133 5124/5124 5146/5146
f 5146/5146 11752/11752 11753/11753
f 4871/4871 4867/4867 4872/4872
f 5131/5131 5123/5123 5132/5132
f 5132/5132 5133/5133 5144/5144
f 5144/5144 5133/5133 5146/5146
f 5158/5158 5146/5146 11753/11753
f 5132/5132 5142/5142 5131/5131
f 5143/5143 5132/5132 5144/5144
f 5144/5144 5146/5146 5158/5158
f 5158/5158 11753/11753 5163/5163
f 5143/5143 5142/5142 5132/5132
f 5143/5143 5144/5144 5145/5145
f 5156/5156 5144/5144 5158/5158
f 5163/5163 11753/11753 11754/11754
f 5187/5187 5158/5158 5163/5163
f 5145/5145 5144/5144 5156/5156
f 5155/5155 5143/5143 5145/5145
f 11754/11754 5188/5188 5163/5163
f 5187/5187 5163/5163 5188/5188
f 5145/5145 5156/5156 5155/5155
f 5188/5188 11754/11754 5192/5192
f 5187/5187 5188/5188 5191/5191
f 4884/4884 5155/5155 5156/5156
f 5191/5191 5188/5188 5192/5192
f 5192/5192 11754/11754 11755/11755
f 5157/5157 5155/5155 4884/4884
f 5156/5156 4886/4886 4884/4884
f 5195/5195 5191/5191 5192/5192
f 5194/5194 5192/5192 11755/11755
f 4886/4886 4885/4885 4884/4884
f 5193/5193 5195/5195 5192/5192
f 5193/5193 5192/5192 5194/5194
f 5194/5194 11755/11755 11756/11756
f 4883/4883 4884/4884 4885/4885
f 4835/4835 4855/4855 4854/4854
f 571/571 572/572 11757/11757
f 578/578 572/572 571/571
f 572/572 11758/11758 11757/11757
f 578/578 573/573 572/572
f 571/571 589/589 578/578
f 572/572 573/573 11758/11758
f 584/584 573/573 578/578
f 589/589 591/591 578/578
f 573/573 11759/11759 11758/11758
f 584/584 585/585 573/573
f 591/591 584/584 578/578
f 579/579 11759/11759 573/573
f 592/592 585/585 584/584
f 585/585 579/579 573/573
f 579/579 11760/11760 11759/11759
f 593/593 585/585 592/592
f 584/584 601/601 592/592
f 579/579 585/585 593/593
f 586/586 11760/11760 579/579
f 611/611 593/593 592/592
f 584/584 588/588 601/601
f 611/611 592/592 601/601
f 586/586 579/579 593/593
f 586/586 11761/11761 11760/11760
f 611/611 602/602 593/593
f 588/588 590/590 601/601
f 610/610 611/611 601/601
f 602/602 586/586 593/593
f 586/586 11762/11762 11761/11761
f 621/621 602/602 611/611
f 610/610 601/601 590/590
f 620/620 611/611 610/610
f 586/586 602/602 603/603
f 586/586 603/603 11762/11762
f 620/620 621/621 611/611
f 621/621 631/631 602/602
f 610/610 590/590 599/599
f 619/619 620/620 610/610
f 631/631 603/603 602/602
f 603/603 605/605 11762/11762
f 630/630 621/621 620/620
f 631/631 621/621 650/650
f 598/598 599/599 590/590
f 599/599 619/619 610/610
f 629/629 620/620 619/619
f 631/631 612/612 603/603
f 612/612 605/605 603/603
f 605/605 11763/11763 11762/11762
f 629/629 630/630 620/620
f 621/621 630/630 650/650
f 650/650 652/652 631/631
f 596/596 598/598 590/590
f 609/609 599/599 598/598
f 628/628 629/629 619/619
f 612/612 631/631 659/659
f 605/605 612/612 632/632
f 11764/11764 11763/11763 605/605
f 649/649 630/630 629/629
f 650/650 630/630 649/649
f 651/651 652/652 650/650
f 652/652 656/656 631/631
f 596/596 597/597 598/598
f 596/596 590/590 589/589
f 609/609 598/598 597/597
f 609/609 616/616 599/599
f 619/619 627/627 628/628
f 646/646 629/629 628/628
f 631/631 661/661 659/659
f 612/612 659/659 662/662
f 612/612 662/662 632/632
f 2834/2834 605/605 632/632
f 11764/11764 605/605 2834/2834
f 649/649 629/629 646/646
f 653/653 650/650 649/649
f 651/651 1626/1626 652/652
f 651/651 650/650 653/653
f 656/656 652/652 1627/1627
f 656/656 661/661 631/631
f 596/596 589/589 600/600
f 608/608 609/609 597/597
f 615/615 616/616 609/609
f 616/616 617/617 599/599
f 618/618 627/627 619/619
f 627/627 643/643 628/628
f 646/646 628/628 644/644
f 659/659 661/661 662/662
f 662/662 2834/2834 632/632
f 11764/11764 2834/2834 11765/11765
f 649/649 646/646 1625/1625
f 653/653 649/649 1625/1625
f 1627/1627 652/652 1626/1626
f 654/654 651/651 653/653
f 1627/1627 660/660 656/656
f 656/656 660/660 661/661
f 608/608 615/615 609/609
f 624/624 616/616 615/615
f 617/617 616/616 626/626
f 618/618 626/626 627/627
f 637/637 627/627 643/643
f 644/644 643/643 627/627
f 628/628 643/643 644/644
f 644/644 645/645 646/646
f 662/662 4434/4434 2834/2834
f 2834/2834 4435/4435 11765/11765
f 646/646 1623/1623 1625/1625
f 654/654 653/653 655/655
f 660/660 658/658 661/661
f 615/615 623/623 624/624
f 625/625 616/616 624/624
f 616/616 625/625 626/626
f 626/626 618/618 617/617
f 625/625 627/627 626/626
f 637/637 638/638 627/627
f 627/627 638/638 644/644
f 638/638 645/645 644/644
f 645/645 1623/1623 646/646
f 2834/2834 4434/4434 4437/4437
f 11765/11765 4435/4435 4436/4436
f 2834/2834 4437/4437 4435/4435
f 657/657 654/654 655/655
f 660/660 657/657 658/658
f 622/622 623/623 615/615
f 624/624 633/633 625/625
f 635/635 627/627 625/625
f 638/638 637/637 1619/1619
f 638/638 1619/1619 645/645
f 645/645 1619/1619 1623/1623
f 4434/4434 4438/4438 4437/4437
f 658/658 657/657 655/655
f 633/633 635/635 625/625
f 635/635 636/636 627/627
f 1623/1623 1619/1619 1620/1620
f 4438/4438 4439/4439 4437/4437
f 633/633 11766/11766 635/635
f 636/636 635/635 1612/1612
f 1619/1619 1613/1613 1620/1620
f 11766/11766 633/633 11767/11767
f 11766/11766 1612/1612 635/635
f 636/636 1612/1612 1622/1622
f 1619/1619 1614/1614 1613/1613
f 623/623 11767/11767 633/633
f 11766/11766 1611/1611 1612/1612
f 1622/1622 643/643 636/636
f 1612/1612 1614/1614 1622/1622
f 1613/1613 1614/1614 1615/1615
f 1614/1614 1619/1619 1622/1622
f 1607/1607 1611/1611 11766/11766
f 1611/1611 1614/1614 1612/1612
f 1615/1615 1614/1614 1611/1611
f 1607/1607 11766/11766 1609/1609
f 1609/1609 11766/11766 11768/11768
f 10181/10181 10182/10182 10183/10183
f 10182/10182 10184/10184 10183/10183
f 10184/10184 10185/10185 10183/10183
f 10185/10185 10184/10184 10186/10186
f 10185/10185 10186/10186 10187/10187
f 10186/10186 10184/10184 10189/10189
f 11769/11769 10186/10186 10189/10189
f 10184/10184 10192/10192 10189/10189
f 11769/11769 11770/11770 10186/10186
f 11769/11769 10189/10189 10193/10193
f 10192/10192 10184/10184 10202/10202
f 10193/10193 10189/10189 10192/10192
f 11770/11770 10191/10191 10186/10186
f 11769/11769 10193/10193 11771/11771
f 11772/11772 10192/10192 10202/10202
f 11771/11771 10193/10193 10192/10192
f 11771/11771 10192/10192 11772/11772
f 10476/10476 11781/11781 11782/11782
f 10479/10479 11781/11781 10476/10476
f 11782/11782 10485/10485 10476/10476
f 10476/10476 10487/10487 10479/10479
f 11782/11782 11783/11783 10485/10485
f 10485/10485 10495/10495 10476/10476
f 10476/10476 10486/10486 10487/10487
f 10495/10495 10485/10485 11783/11783
f 10488/10488 10476/10476 10495/10495
f 10488/10488 10486/10486 10476/10476
f 10494/10494 10495/10495 11783/11783
f 10488/10488 10495/10495 10497/10497
f 10488/10488 10489/10489 10486/10486
f 10493/10493 10495/10495 10494/10494
f 11783/11783 10502/10502 10494/10494
f 10497/10497 10495/10495 10493/10493
f 10488/10488 10490/10490 10489/10489
f 10492/10492 10493/10493 10494/10494
f 10502/10502 11783/11783 10503/10503
f 10501/10501 10502/10502 10503/10503
f 11783/11783 11784/11784 10503/10503
f 11784/11784 10518/10518 10503/10503
f 10518/10518 11784/11784 10519/10519
f 10514/10514 10518/10518 10519/10519
f 10517/10517 10518/10518 10514/10514
f 10515/10515 10517/10517 10514/10514
f 10514/10514 10512/10512 10515/10515
f 10508/10508 10512/10512 10514/10514
f 10512/10512 10516/10516 10515/10515
f 10508/10508 10507/10507 10512/10512
f 10508/10508 10514/10514 11785/11785
f 10506/10506 10507/10507 10508/10508
f 10507/10507 10513/10513 10512/10512
f 11786/11786 10508/10508 11785/11785
f 10508/10508 11786/11786 10506/10506
f 10524/10524 10506/10506 11786/11786
f 11788/11788 4965/4965 4966/4966
f 4965/4965 4967/4967 4966/4966
f 11788/11788 4966/4966 11789/11789
f 4966/4966 4967/4967 4968/4968
f 4966/4966 4968/4968 11789/11789
f 4967/4967 4969/4969 4968/4968
f 11789/11789 4968/4968 11790/11790
f 429/429 11791/11791 11792/11792
f 11791/11791 429/429 11793/11793
f 432/432 429/429 11792/11792
f 11793/11793 429/429 433/433
f 433/433 429/429 432/432
f 11794/11794 432/432 11792/11792
f 434/434 11793/11793 433/433
f 433/433 432/432 11795/11795
f 11794/11794 11796/11796 432/432
f 11793/11793 434/434 11797/11797
f 432/432 11796/11796 11795/11795
f 11797/11797 434/434 443/443
f 443/443 434/434 11798/11798
f 11797/11797 443/443 11799/11799
f 11800/11800 443/443 11798/11798
f 11799/11799 443/443 11800/11800
f 5162/5162 11801/11801 11802/11802
f 5169/5169 11801/11801 5162/5162
f 5162/5162 11802/11802 11803/11803
f 5169/5169 5170/5170 11801/11801
f 5190/5190 5169/5169 5162/5162
f 5184/5184 5162/5162 11803/11803
f 5170/5170 5169/5169 5189/5189
f 5185/5185 5190/5190 5162/5162
f 5162/5162 5184/5184 5185/5185
f 5186/5186 5184/5184 11803/11803
f 5184/5184 5216/5216 5185/5185
f 5218/5218 5184/5184 5186/5186
f 5186/5186 11803/11803 11804/11804
f 5185/5185 5216/5216 5217/5217
f 5218/5218 5216/5216 5184/5184
f 5218/5218 5186/5186 11804/11804
f 11804/11804 5216/5216 5218/5218
f 5219/5219 5216/5216 11804/11804
f 5216/5216 5219/5219 5220/5220
f 5219/5219 11804/11804 11805/11805
f 5219/5219 11805/11805 5220/5220
f 5742/5742 5743/5743 5744/5744
f 5742/5742 5753/5753 5743/5743
f 5743/5743 5745/5745 5744/5744
f 5765/5765 5743/5743 5753/5753
f 5743/5743 11807/11807 5745/5745
f 5763/5763 5765/5765 5753/5753
f 5765/5765 11808/11808 5743/5743
f 5743/5743 11808/11808 11807/11807
f 5763/5763 5753/5753 5761/5761
f 5780/5780 5765/5765 5763/5763
f 5765/5765 5781/5781 11808/11808
f 5760/5760 5763/5763 5761/5761
f 5780/5780 5781/5781 5765/5765
f 5778/5778 5780/5780 5763/5763
f 5781/5781 11809/11809 11808/11808
f 5760/5760 5761/5761 5762/5762
f 5778/5778 5763/5763 5764/5764
f 5762/5762 5764/5764 5760/5760
f 5774/5774 5764/5764 5762/5762
f 5770/5770 5764/5764 5774/5774
f 5770/5770 5769/5769 5764/5764
f 5770/5770 5774/5774 5775/5775
f 5786/5786 5770/5770 5775/5775
f 5785/5785 5786/5786 5775/5775
f 11810/11810 11811/11811 10178/10178
f 11812/11812 793/793 11813/11813
f 11814/11814 793/793 11812/11812
f 793/793 797/797 11813/11813
f 799/799 793/793 11814/11814
f 11813/11813 797/797 11815/11815
f 798/798 797/797 793/793
f 799/799 798/798 793/793
f 797/797 801/801 11815/11815
f 797/797 798/798 800/800
f 800/800 801/801 797/797
f 11816/11816 9901/9901 11817/11817
f 9901/9901 11816/11816 9909/9909
f 11817/11817 9901/9901 11818/11818
f 11819/11819 9909/9909 11816/11816
f 9909/9909 9910/9910 9901/9901
f 11820/11820 9909/9909 11819/11819
f 10974/10974 9910/9910 9909/9909
f 11820/11820 10974/10974 9909/9909
f 11821/11821 6734/6734 11822/11822
f 6746/6746 6734/6734 11821/11821
f 6734/6734 11823/11823 11822/11822
f 6746/6746 11821/11821 11824/11824
f 6746/6746 11823/11823 6734/6734
f 6746/6746 11824/11824 11825/11825
f 6746/6746 11825/11825 11823/11823
f 11828/11828 11829/11829 8044/8044
f 11050/11050 11051/11051 11052/11052
f 11066/11066 11051/11051 11050/11050
f 11050/11050 11065/11065 11066/11066
f 11066/11066 11830/11830 11051/11051
f 11079/11079 11830/11830 11066/11066
f 11078/11078 11079/11079 11066/11066
f 11077/11077 11078/11078 11066/11066
f 10384/10384 10385/10385 8015/8015
f 10385/10385 11831/11831 8015/8015
f 6620/6620 6619/6619 11833/11833
f 11833/11833 6619/6619 6641/6641
f 11833/11833 6622/6622 6620/6620
f 11834/11834 11833/11833 6641/6641
f 6622/6622 11833/11833 11835/11835
f 7635/7635 7636/7636 7637/7637
f 7636/7636 11838/11838 7637/7637
f 7637/7637 7638/7638 7635/7635
f 7637/7637 11838/11838 7639/7639
f 7637/7637 7631/7631 7638/7638
f 7634/7634 7639/7639 11838/11838
f 7639/7639 7631/7631 7637/7637
f 7639/7639 7634/7634 7631/7631
f 11839/11839 11840/11840 11841/11841
f 11842/11842 11840/11840 11839/11839
f 8658/8658 8659/8659 8660/8660
f 8661/8661 8659/8659 8658/8658
f 8679/8679 8661/8661 8658/8658
f 8679/8679 8658/8658 8677/8677
f 8679/8679 8680/8680 8661/8661
f 8697/8697 8680/8680 8679/8679
f 8680/8680 8662/8662 8661/8661
f 8697/8697 8698/8698 8680/8680
f 8680/8680 11843/11843 8662/8662
f 8698/8698 11843/11843 8680/8680
f 8662/8662 11843/11843 11844/11844
f 11844/11844 11845/11845 8662/8662
f 8659/8659 8662/8662 11845/11845
f 8694/8694 8695/8695 8675/8675
f 8702/8702 8695/8695 8694/8694
f 8704/8704 8695/8695 8702/8702
f 8704/8704 8705/8705 8695/8695
f 11846/11846 11847/11847 11848/11848
f 10522/10522 10523/10523 11849/11849
f 10522/10522 11849/11849 11850/11850
f 10522/10522 11850/11850 11851/11851
f 11852/11852 8570/8570 8571/8571
f 11853/11853 11854/11854 6704/6704
f 11854/11854 6716/6716 6704/6704
f 6716/6716 11854/11854 11855/11855
f 11856/11856 11855/11855 11854/11854
f 11857/11857 4843/4843 11858/11858
f 11859/11859 4843/4843 11857/11857
f 11858/11858 4843/4843 4845/4845
f 11859/11859 4844/4844 4843/4843
f 4843/4843 4844/4844 4845/4845
f 8674/8674 11861/11861 8676/8676
f 11861/11861 11862/11862 8676/8676
f 11861/11861 8678/8678 11862/11862
f 3775/3775 11866/11866 11867/11867
f 10848/10848 3775/3775 11867/11867
f 10848/10848 3777/3777 3775/3775
f 10848/10848 11868/11868 3777/3777
f 10847/10847 11868/11868 10848/10848
f 11869/11869 5804/5804 11870/11870
f 5804/5804 5805/5805 11870/11870
f 5136/5136 11871/11871 5137/5137
f 5138/5138 11871/11871 5136/5136
f 5136/5136 5139/5139 5138/5138
f 1338/1338 1339/1339 11872/11872
f 8051/8051 8052/8052 8053/8053
f 8052/8052 8014/8014 8053/8053
f 2518/2518 2519/2519 11880/11880
f 11881/11881 11882/11882 11883/11883
f 7846/7846 7847/7847 7848/7848
f 11884/11884 7846/7846 7848/7848
f 7860/7860 7846/7846 11884/11884
f 11885/11885 11886/11886 11887/11887
f 11888/11888 5798/5798 11889/11889
f 5798/5798 5799/5799 11889/11889
f 5772/5772 5771/5771 5773/5773
f 11890/11890 11891/11891 11892/11892
f 11894/11894 11895/11895 11896/11896
f 11897/11897 11898/11898 5795/5795
f 5795/5795 11898/11898 11899/11899
f 11900/11900 11897/11897 5795/5795
f 5795/5795 11899/11899 5796/5796
f 6541/6541 6549/6549 11901/11901
f 5776/5776 11902/11902 11903/11903
f 11904/11904 6637/6637 6638/6638
f 6638/6638 6637/6637 11905/11905
f 11907/11907 9020/9020 11906/11906
f 11909/11909 9031/9031 11908/11908
f 9011/9011 11910/11910 11911/11911
f 9011/9011 11911/11911 9020/9020
f 9020/9020 11912/11912 11913/11913
f 9020/9020 11913/11913 9031/9031
f 11915/11915 9031/9031 11914/11914
f 11917/11917 9011/9011 11916/11916
f 11918/11918 11919/11919 9033/9033
f 9031/9031 11918/11918 9033/9033
f 11920/11920 11921/11921 9011/9011
f 8993/8993 11920/11920 9011/9011
f 9033/9033 11922/11922 11923/11923
f 9033/9033 11923/11923 9047/9047
f 11925/11925 8993/8993 11924/11924
f 11927/11927 9047/9047 11926/11926
f 11928/11928 11929/11929 8993/8993
f 8972/8972 11928/11928 8993/8993
f 11931/11931 9047/9047 11930/11930
f 9047/9047 11932/11932 11933/11933
f 9047/9047 11933/11933 9050/9050
f 11935/11935 9050/9050 11934/11934
f 8833/8833 11937/11937 11936/11936
f 8833/8833 11936/11936 9654/9654
f 11939/11939 11938/11938 8833/8833
f 8837/8837 11939/11939 8833/8833
f 9654/9654 11941/11941 11940/11940
f 9654/9654 11940/11940 9657/9657
f 11943/11943 11942/11942 8834/8834
f 8832/8832 11943/11943 8834/8834
f 11944/11944 8837/8837 11945/11945
f 11946/11946 9657/9657 11947/11947
f 11949/11949 11948/11948 8832/8832
f 8836/8836 11949/11949 8832/8832
f 11950/11950 8834/8834 11951/11951
f 11953/11953 11952/11952 8837/8837
f 8834/8834 11953/11953 8837/8837
f 11955/11955 11954/11954 9658/9658
f 9657/9657 11955/11955 9658/9658
f 11956/11956 8837/8837 11957/11957
f 11958/11958 8836/8836 11959/11959
f 11961/11961 11960/11960 4629/4629
f 9658/9658 11961/11961 4629/4629
f 11962/11962 9658/9658 11963/11963
f 11965/11965 11964/11964 9648/9648
f 9656/9656 11965/11965 9648/9648
f 4629/4629 11967/11967 11966/11966
f 4629/4629 11966/11966 9656/9656
f 11969/11969 11968/11968 8836/8836
f 8838/8838 11969/11969 8836/8836
f 11970/11970 9658/9658 11971/11971
f 11972/11972 9648/9648 11973/11973
f 11974/11974 9656/9656 11975/11975
f 6938/6938 11977/11977 11976/11976
f 6938/6938 11976/11976 8838/8838
f 11978/11978 8838/8838 11979/11979
f 11981/11981 11980/11980 6938/6938
f 6936/6936 11981/11981 6938/6938
f 11982/11982 8838/8838 11983/11983
f 11985/11985 11984/11984 6936/6936
f 6939/6939 11985/11985 6936/6936
f 11986/11986 6936/6936 11987/11987
f 6935/6935 11989/11989 11988/11988
f 6935/6935 11988/11988 6939/6939
f 11990/11990 6939/6939 11991/11991
f 11993/11993 11992/11992 6935/6935
f 6937/6937 11993/11993 6935/6935
f 11994/11994 6939/6939 11995/11995
f 11996/11996 6939/6939 11997/11997
f 11998/11998 6937/6937 11999/11999
f 12001/12001 12000/12000 6937/6937
f 6927/6927 12001/12001 6937/6937
f 12002/12002 6927/6927 12003/12003
f 12005/12005 12004/12004 6927/6927
f 6926/6926 12005/12005 6927/6927
f 12006/12006 6926/6926 12007/12007
f 12008/12008 6926/6926 12009/12009
f 5046/5046 12011/12011 12010/12010
f 5046/5046 12010/12010 6926/6926
f 12013/12013 12012/12012 5046/5046
f 5047/5047 12013/12013 5046/5046
f 12014/12014 5047/5047 12015/12015
f 12017/12017 12016/12016 5047/5047
f 5048/5048 12017/12017 5047/5047
f 12018/12018 5048/5048 12019/12019
f 12021/12021 12020/12020 5048/5048
f 5050/5050 12021/12021 5048/5048
f 12023/12023 12022/12022 1510/1510
f 1506/1506 12023/12023 1510/1510
f 12025/12025 12024/12024 5049/5049
f 1510/1510 12025/12025 5049/5049
f 12026/12026 5050/5050 12027/12027
f 12029/12029 12028/12028 1506/1506
f 1507/1507 12029/12029 1506/1506
f 12030/12030 1506/1506 12031/12031
f 12032/12032 1510/1510 12033/12033
f 12034/12034 5049/5049 12035/12035
f 12037/12037 12036/12036 5050/5050
f 5049/5049 12037/12037 5050/5050
f 12039/12039 12038/12038 1507/1507
f 1513/1513 12039/12039 1507/1507
f 12040/12040 1506/1506 12041/12041
f 12042/12042 5049/5049 12043/12043
f 12044/12044 1513/1513 12045/12045
f 12047/12047 12046/12046 1513/1513
f 1509/1509 12047/12047 1513/1513
f 12049/12049 12048/12048 1509/1509
f 1511/1511 12049/12049 1509/1509
f 12050/12050 1509/1509 12051/12051
f 1508/1508 12053/12053 12052/12052
f 1508/1508 12052/12052 1511/1511
f 12054/12054 1511/1511 12055/12055
f 12056/12056 1509/1509 12057/12057
f 12058/12058 1509/1509 12059/12059
f 10289/10289 12061/12061 12060/12060
f 10289/10289 12060/12060 10285/10285
f 12063/12063 12062/12062 10280/10280
f 10285/10285 12063/12063 10280/10280
f 12065/12065 12064/12064 10289/10289
f 9269/9269 12065/12065 10289/10289
f 9283/9283 12067/12067 12066/12066
f 9283/9283 12066/12066 9278/9278
f 9278/9278 12069/12069 12068/12068
f 9278/9278 12068/12068 9274/9274
f 9274/9274 12071/12071 12070/12070
f 9274/9274 12070/12070 9269/9269
f 10280/10280 12073/12073 12072/12072
f 10280/10280 12072/12072 10269/10269
f 12074/12074 10280/10280 12075/12075
f 12076/12076 9269/9269 12077/12077
f 12078/12078 9278/9278 12079/12079
f 12080/12080 9269/9269 12081/12081
f 10269/10269 12083/12083 12082/12082
f 10269/10269 12082/12082 10258/10258
f 12085/12085 12084/12084 10259/10259
f 10258/10258 12085/12085 10259/10259
f 12086/12086 10259/10259 12087/12087
f 10259/10259 12089/12089 12088/12088
f 10259/10259 12088/12088 9311/9311
f 12090/12090 10259/10259 12091/12091
f 9311/9311 12093/12093 12092/12092
f 9311/9311 12092/12092 9307/9307
f 12094/12094 10259/10259 12095/12095
f 12097/12097 12096/12096 9304/9304
f 9307/9307 12097/12097 9304/9304
f 9306/9306 12099/12099 12098/12098
f 9306/9306 12098/12098 8869/8869
f 12101/12101 12100/12100 9306/9306
f 9301/9301 12101/12101 9306/9306
f 9307/9307 12103/12103 12102/12102
f 9307/9307 12102/12102 9301/9301
f 12105/12105 12104/12104 9307/9307
f 9304/9304 12105/12105 9307/9307
f 12106/12106 9304/9304 12107/12107
f 12109/12109 12108/12108 8870/8870
f 8869/8869 12109/12109 8870/8870
f 12110/12110 8869/8869 12111/12111
f 12112/12112 9301/9301 12113/12113
f 12114/12114 9301/9301 12115/12115
f 12120/12120 8869/8869 12121/12121
f 9918/9918 12123/12123 12122/12122
f 9918/9918 12122/12122 10841/10841
f 10841/10841 12125/12125 12124/12124
f 10841/10841 12124/12124 10837/10837
f 9937/9937 12127/12127 12126/12126
f 9937/9937 12126/12126 9931/9931
f 9925/9925 12129/12129 12128/12128
f 9925/9925 12128/12128 9918/9918
f 12130/12130 9918/9918 12131/12131
f 12132/12132 10837/10837 12133/12133
f 9931/9931 12135/12135 12134/12134
f 9931/9931 12134/12134 9929/9929
f 12136/12136 9937/9937 12137/12137
f 12139/12139 12138/12138 9925/9925
f 9929/9929 12139/12139 9925/9925
f 12140/12140 9925/9925 12141/12141
f 9941/9941 12143/12143 12142/12142
f 9941/9941 12142/12142 9937/9937
f 12144/12144 9925/9925 12145/12145
f 12146/12146 9925/9925 12147/12147
f 12148/12148 9941/9941 12149/12149
f 9948/9948 12151/12151 12150/12150
f 9948/9948 12150/12150 9941/9941
f 7190/7190 12153/12153 12152/12152
f 7190/7190 12152/12152 9948/9948
f 12154/12154 9941/9941 12155/12155
f 12156/12156 9948/9948 12157/12157
f 12158/12158 9941/9941 12159/12159
f 7189/7189 12161/12161 12160/12160
f 7189/7189 12160/12160 7190/7190
f 12162/12162 7189/7189 12163/12163
f 7191/7191 12165/12165 12164/12164
f 7191/7191 12164/12164 7189/7189
f 12166/12166 7191/7191 12167/12167
f 7194/7194 12169/12169 12168/12168
f 7194/7194 12168/12168 7191/7191
f 7200/7200 12171/12171 12170/12170
f 7200/7200 12170/12170 7194/7194
f 12172/12172 7191/7191 12173/12173
f 12174/12174 7194/7194 12175/12175
f 12176/12176 7200/7200 12177/12177
f 7204/7204 12179/12179 12178/12178
f 7204/7204 12178/12178 7200/7200
f 7207/7207 12181/12181 12180/12180
f 7207/7207 12180/12180 7204/7204
f 12183/12183 12182/12182 7210/7210
f 7213/7213 12183/12183 7210/7210
f 7210/7210 12185/12185 12184/12184
f 7210/7210 12184/12184 7207/7207
f 12186/12186 7207/7207 12187/12187
f 12188/12188 7210/7210 12189/12189
f 2859/2859 12191/12191 12190/12190
f 2859/2859 12190/12190 7213/7213
f 12192/12192 2859/2859 12193/12193
f 2867/2867 12195/12195 12194/12194
f 2867/2867 12194/12194 2859/2859
f 12197/12197 12196/12196 2867/2867
f 2870/2870 12197/12197 2867/2867
f 12198/12198 2870/2870 12199/12199
f 2873/2873 12201/12201 12200/12200
f 2873/2873 12200/12200 2870/2870
f 12202/12202 2870/2870 12203/12203
f 2878/2878 12205/12205 12204/12204
f 2878/2878 12204/12204 2873/2873
f 12206/12206 2878/2878 12207/12207
f 2885/2885 12209/12209 12208/12208
f 2885/2885 12208/12208 2878/2878
f 12210/12210 2885/2885 12211/12211
f 2888/2888 12213/12213 12212/12212
f 2888/2888 12212/12212 2885/2885
f 12214/12214 2885/2885 12215/12215
f 2896/2896 12217/12217 12216/12216
f 2896/2896 12216/12216 2888/2888
f 12218/12218 2885/2885 12219/12219
f 12220/12220 2896/2896 12221/12221
f 2906/2906 12223/12223 12222/12222
f 2906/2906 12222/12222 2896/2896
f 12224/12224 2896/2896 12225/12225
f 12226/12226 2906/2906 12227/12227
f 7062/7062 12229/12229 12228/12228
f 7062/7062 12228/12228 2906/2906
f 12230/12230 2906/2906 12231/12231
f 7067/7067 12233/12233 12232/12232
f 7067/7067 12232/12232 7062/7062
f 7070/7070 12235/12235 12234/12234
f 7070/7070 12234/12234 7067/7067
f 12236/12236 7070/7070 12237/12237
f 8866/8866 12239/12239 12238/12238
f 8866/8866 12238/12238 8873/8873
f 12241/12241 12240/12240 9214/9214
f 8873/8873 12241/12241 9214/9214
f 12243/12243 12242/12242 8866/8866
f 8868/8868 12243/12243 8866/8866
f 12244/12244 8866/8866 12245/12245
f 12246/12246 9214/9214 12247/12247
f 12249/12249 12248/12248 9213/9213
f 9214/9214 12249/12249 9213/9213
f 12250/12250 8868/8868 12251/12251
f 12253/12253 12252/12252 8868/8868
f 8864/8864 12253/12253 8868/8868
f 12254/12254 9213/9213 12255/12255
f 12256/12256 8864/8864 12257/12257
f 12259/12259 12258/12258 8864/8864
f 11107/11107 12259/12259 8864/8864
f 12261/12261 12260/12260 9215/9215
f 9213/9213 12261/12261 9215/9215
f 12262/12262 9215/9215 12263/12263
f 12265/12265 12264/12264 9325/9325
f 9215/9215 12265/12265 9325/9325
f 12266/12266 9325/9325 12267/12267
f 12269/12269 12268/12268 9327/9327
f 9325/9325 12269/12269 9327/9327
f 12270/12270 9327/9327 12271/12271
f 12273/12273 12272/12272 9326/9326
f 9327/9327 12273/12273 9326/9326
f 12274/12274 9326/9326 12275/12275
f 12277/12277 12276/12276 9329/9329
f 9326/9326 12277/12277 9329/9329
f 9329/9329 12279/12279 12278/12278
f 9329/9329 12278/12278 9322/9322
f 12280/12280 9322/9322 12281/12281
f 12282/12282 9322/9322 12283/12283
f 12285/12285 12284/12284 9328/9328
f 9322/9322 12285/12285 9328/9328
f 10818/10818 12287/12287 12286/12286
f 10818/10818 12286/12286 10814/10814
f 10814/10814 12289/12289 12288/12288
f 10814/10814 12288/12288 9287/9287
f 9287/9287 12291/12291 12290/12290
f 9287/9287 12290/12290 11139/11139
f 12292/12292 9287/9287 12293/12293
f 12294/12294 9287/9287 12295/12295
f 12296/12296 3027/3027 12297/12297
f 12298/12298 3039/3039 12299/12299
f 3027/3027 12301/12301 12300/12300
f 3027/3027 12300/12300 3039/3039
f 12303/12303 12302/12302 3027/3027
f 3028/3028 12303/12303 3027/3027
f 12304/12304 3039/3039 12305/12305
f 12306/12306 3028/3028 12307/12307
f 12309/12309 12308/12308 3543/3543
f 3039/3039 12309/12309 3543/3543
f 12310/12310 3543/3543 12311/12311
f 12313/12313 12312/12312 3542/3542
f 3543/3543 12313/12313 3542/3542
f 12314/12314 3542/3542 12315/12315
f 12316/12316 3542/3542 12317/12317
f 12319/12319 12318/12318 3541/3541
f 3542/3542 12319/12319 3541/3541
f 12320/12320 3541/3541 12321/12321
f 12322/12322 12323/12323 3043/3043
f 3541/3541 12322/12322 3043/3043
f 3043/3043 12324/12324 12325/12325
f 3043/3043 12325/12325 3045/3045
f 12329/12329 3043/3043 12328/12328
f 12331/12331 3045/3045 12330/12330
f 12332/12332 12333/12333 3056/3056
f 3045/3045 12332/12332 3056/3056
f 12335/12335 3056/3056 12334/12334
f 3056/3056 12336/12336 12337/12337
f 3056/3056 12337/12337 3065/3065
f 12338/12338 12339/12339 3095/3095
f 3083/3083 12338/12338 3095/3095
f 12341/12341 3095/3095 12340/12340
f 12342/12342 12343/12343 9435/9435
f 3095/3095 12342/12342 9435/9435
f 12344/12344 12345/12345 9451/9451
f 9445/9445 12344/12344 9451/9451
f 12347/12347 9435/9435 12346/12346
f 12348/12348 12349/12349 9444/9444
f 9435/9435 12348/12348 9444/9444
f 9444/9444 12351/12351 12350/12350
f 9444/9444 12350/12350 9445/9445
f 12352/12352 12353/12353 9456/9456
f 9451/9451 12352/12352 9456/9456
f 12354/12354 9444/9444 12355/12355
f 12357/12357 9456/9456 12356/12356
f 9456/9456 12358/12358 12359/12359
f 9456/9456 12359/12359 9461/9461
f 12360/12360 12361/12361 9470/9470
f 9461/9461 12360/12360 9470/9470
f 12363/12363 9461/9461 12362/12362
f 12365/12365 9470/9470 12364/12364
f 12366/12366 12367/12367 9486/9486
f 9470/9470 12366/12366 9486/9486
f 12369/12369 9486/9486 12368/12368
f 12371/12371 9486/9486 12370/12370
f 12372/12372 12373/12373 9506/9506
f 9486/9486 12372/12372 9506/9506
f 12375/12375 9506/9506 12374/12374
f 12376/12376 12377/12377 9528/9528
f 9506/9506 12376/12376 9528/9528
f 12378/12378 9466/9466 12379/12379
f 12381/12381 9528/9528 12380/12380
f 12382/12382 12383/12383 9540/9540
f 9528/9528 12382/12382 9540/9540
f 12385/12385 12384/12384 9466/9466
f 9471/9471 12385/12385 9466/9466
f 12387/12387 9540/9540 12386/12386
f 9481/9481 12389/12389 12388/12388
f 9481/9481 12388/12388 9471/9471
f 12390/12390 9481/9481 12391/12391
f 12392/12392 9496/9496 12393/12393
f 12394/12394 12395/12395 9789/9789
f 9540/9540 12394/12394 9789/9789
f 12396/12396 9481/9481 12397/12397
f 12399/12399 12398/12398 9481/9481
f 9496/9496 12399/12399 9481/9481
f 12400/12400 9496/9496 12401/12401
f 12403/12403 9789/9789 12402/12402
f 9507/9507 12405/12405 12404/12404
f 9507/9507 12404/12404 9496/9496
f 12406/12406 9507/9507 12407/12407
f 12408/12408 12409/12409 9806/9806
f 9789/9789 12408/12408 9806/9806
f 12410/12410 9517/9517 12411/12411
f 9517/9517 12413/12413 12412/12412
f 9517/9517 12412/12412 9507/9507
f 12414/12414 12415/12415 9818/9818
f 9806/9806 12414/12414 9818/9818
f 12417/12417 9815/9815 12416/12416
f 12418/12418 12419/12419 9815/9815
f 9818/9818 12418/12418 9815/9815
f 12421/12421 9815/9815 12420/12420
f 12422/12422 9780/9780 12423/12423
f 12424/12424 12425/12425 9837/9837
f 9815/9815 12424/12424 9837/9837
f 12426/12426 9807/9807 12427/12427
f 9790/9790 12429/12429 12428/12428
f 9790/9790 12428/12428 9780/9780
f 12430/12430 9790/9790 12431/12431
f 12433/12433 9837/9837 12432/12432
f 12434/12434 9807/9807 12435/12435
f 12436/12436 9794/9794 12437/12437
f 9807/9807 12439/12439 12438/12438
f 9807/9807 12438/12438 9794/9794
f 12440/12440 12441/12441 9852/9852
f 9837/9837 12440/12440 9852/9852
f 12443/12443 12442/12442 9790/9790
f 9794/9794 12443/12443 9790/9790
f 12445/12445 12444/12444 9807/9807
f 9817/9817 12445/12445 9807/9807
f 12446/12446 9820/9820 12447/12447
f 12448/12448 12449/12449 9883/9883
f 9852/9852 12448/12448 9883/9883
f 9820/9820 12451/12451 12450/12450
f 9820/9820 12450/12450 9817/9817
f 12452/12452 9820/9820 12453/12453
f 12455/12455 9883/9883 12454/12454
f 12457/12457 12456/12456 9820/9820
f 9839/9839 12457/12457 9820/9820
f 12459/12459 9883/9883 12458/12458
f 12461/12461 12460/12460 9839/9839
f 9867/9867 12461/12461 9839/9839
f 12462/12462 9866/9866 12463/12463
f 12464/12464 12465/12465 9907/9907
f 9883/9883 12464/12464 9907/9907
f 9866/9866 12467/12467 12466/12466
f 9866/9866 12466/12466 9867/9867
f 12468/12468 9866/9866 12469/12469
f 12471/12471 9907/9907 12470/12470
f 9899/9899 12473/12473 12472/12472
f 9899/9899 12472/12472 9866/9866
f 12474/12474 12475/12475 10969/10969
f 9907/9907 12474/12474 10969/10969
f 12476/12476 9899/9899 12477/12477
f 12478/12478 12479/12479 10966/10966
f 10969/10969 12478/12478 10966/10966
f 12481/12481 12480/12480 9899/9899
f 10979/10979 12481/12481 9899/9899
f 12483/12483 10966/10966 12482/12482
f 12484/12484 10979/10979 12485/12485
f 10966/10966 12486/12486 12487/12487
f 10966/10966 12487/12487 10978/10978
f 12488/12488 10979/10979 12489/12489
f 10978/10978 12490/12490 12491/12491
f 11001/11001 12493/12493 12492/12492
f 11001/11001 12492/12492 10979/10979
f 11027/11027 12495/12495 12494/12494
f 11027/11027 12494/12494 11001/11001
f 12496/12496 12497/12497 11011/11011
f 12498/12498 11027/11027 12499/12499
f 12501/12501 11011/11011 12500/12500
f 12503/12503 11029/11029 12502/12502
f 12504/12504 11027/11027 12505/12505
f 12506/12506 12507/12507 11029/11029
f 11011/11011 12506/12506 11029/11029
f 12509/12509 11029/11029 12508/12508
f 11045/11045 12511/12511 12510/12510
f 11045/11045 12510/12510 11027/11027
f 12512/12512 12513/12513 11041/11041
f 11029/11029 12512/12512 11041/11041
f 11058/11058 12515/12515 12514/12514
f 11058/11058 12514/12514 11045/11045
f 12517/12517 11041/11041 12516/12516
f 12518/12518 11058/11058 12519/12519
f 12520/12520 12521/12521 11072/11072
f 11041/11041 12520/12520 11072/11072
f 12523/12523 12522/12522 11058/11058
f 11073/11073 12523/12523 11058/11058
f 12525/12525 11072/11072 12524/12524
f 12526/12526 11073/11073 12527/12527
f 12528/12528 11072/11072 12529/12529
f 12531/12531 12530/12530 11073/11073
f 11086/11086 12531/12531 11073/11073
f 11072/11072 12532/12532 12533/12533
f 11072/11072 12533/12533 8533/8533
f 12534/12534 11091/11091 12535/12535
f 11091/11091 12537/12537 12536/12536
f 11091/11091 12536/12536 11086/11086
f 12539/12539 8533/8533 12538/12538
f 12540/12540 11091/11091 12541/12541
f 3641/3641 12543/12543 12542/12542
f 3641/3641 12542/12542 3636/3636
f 12545/12545 12544/12544 3641/3641
f 3644/3644 12545/12545 3641/3641
f 12546/12546 3636/3636 12547/12547
f 12548/12548 11167/11167 12549/12549
f 12550/12550 7072/7072 12551/12551
f 7072/7072 12553/12553 12552/12552
f 7072/7072 12552/12552 11167/11167
f 12554/12554 7072/7072 12555/12555
f 12557/12557 12556/12556 7072/7072
f 7071/7071 12557/12557 7072/7072
f 12558/12558 7119/7119 12559/12559
f 12560/12560 7119/7119 12561/12561
f 7119/7119 12563/12563 12562/12562
f 7119/7119 12562/12562 7071/7071
f 12564/12564 7119/7119 12565/12565
f 7138/7138 12567/12567 12566/12566
f 7138/7138 12566/12566 7119/7119
f 7147/7147 12569/12569 12568/12568
f 7147/7147 12568/12568 7138/7138
f 12570/12570 7147/7147 12571/12571
f 12573/12573 12572/12572 7147/7147
f 7153/7153 12573/12573 7147/7147
f 12574/12574 7153/7153 12575/12575
f 9634/9634 12577/12577 12576/12576
f 9634/9634 12576/12576 7153/7153
f 12578/12578 9634/9634 12579/12579
f 9635/9635 12581/12581 12580/12580
f 9635/9635 12580/12580 9634/9634
f 12582/12582 9635/9635 12583/12583
f 9639/9639 12585/12585 12584/12584
f 9639/9639 12584/12584 9635/9635
f 12586/12586 9639/9639 12587/12587
f 9643/9643 12589/12589 12588/12588
f 9643/9643 12588/12588 9639/9639
f 12591/12591 12590/12590 9643/9643
f 11183/11183 12591/12591 9643/9643
f 12592/12592 11183/11183 12593/12593
f 12594/12594 11183/11183 12595/12595
f 1998/1998 12597/12597 12596/12596
f 1998/1998 12596/12596 595/595
f 12599/12599 12598/12598 607/607
f 595/595 12599/12599 607/607
f 12600/12600 12601/12601 1998/1998
f 614/614 12600/12600 1998/1998
f 2006/2006 12603/12603 12602/12602
f 2006/2006 12602/12602 2005/2005
f 607/607 12604/12604 12605/12605
f 12606/12606 12607/12607 614/614
f 12609/12609 12608/12608 2027/2027
f 2005/2005 12609/12609 2027/2027
f 12611/12611 12610/12610 2006/2006
f 2027/2027 12612/12612 12613/12613
f 2027/2027 12613/12613 671/671
f 671/671 12614/12614 12615/12615
f 12617/12617 12616/12616 1006/1006
f 1004/1004 12617/12617 1006/1006
f 12619/12619 12618/12618 11281/11281
f 1006/1006 12619/12619 11281/11281
f 12621/12621 12620/12620 1004/1004
f 1007/1007 12621/12621 1004/1004
f 12622/12622 1004/1004 12623/12623
f 12624/12624 1006/1006 12625/12625
f 12626/12626 1007/1007 12627/12627
f 1005/1005 12629/12629 12628/12628
f 1005/1005 12628/12628 1007/1007
f 12630/12630 1007/1007 12631/12631
f 12632/12632 1005/1005 12633/12633
f 9533/9533 12635/12635 12634/12634
f 9533/9533 12634/12634 11346/11346
f 12637/12637 12636/12636 9537/9537
f 11349/11349 12637/12637 9537/9537
f 12639/12639 12638/12638 9533/9533
f 9537/9537 12639/12639 9533/9533
f 12640/12640 9752/9752 12641/12641
f 12642/12642 9754/9754 12643/12643
f 12644/12644 9757/9757 12645/12645
f 12646/12646 9324/9324 12647/12647
f 12648/12648 9752/9752 12649/12649
f 12651/12651 12650/12650 9752/9752
f 9753/9753 12651/12651 9752/9752
f 12653/12653 12652/12652 9754/9754
f 9756/9756 12653/12653 9754/9754
f 12655/12655 12654/12654 9753/9753
f 9754/9754 12655/12655 9753/9753
f 12657/12657 12656/12656 9756/9756
f 9757/9757 12657/12657 9756/9756
f 12659/12659 12658/12658 9757/9757
f 9324/9324 12659/12659 9757/9757
f 11362/11362 12661/12661 12660/12660
f 11362/11362 12660/12660 9324/9324
f 12663/12663 12662/12662 9751/9751
f 9752/9752 12663/12663 9751/9751
f 12664/12664 9750/9750 12665/12665
f 12667/12667 12666/12666 9750/9750
f 9751/9751 12667/12667 9750/9750
f 12668/12668 9750/9750 12669/12669
f 12671/12671 12670/12670 9749/9749
f 9750/9750 12671/12671 9749/9749
f 9749/9749 12673/12673 12672/12672
f 9749/9749 12672/12672 3036/3036
f 12674/12674 3036/3036 12675/12675
f 12676/12676 3032/3032 12677/12677
f 3036/3036 12678/12678 12679/12679
f 3036/3036 12679/12679 3038/3038
f 12680/12680 3031/3031 12681/12681
f 12683/12683 12682/12682 3031/3031
f 3032/3032 12683/12683 3031/3031
f 12684/12684 3032/3032 12685/12685
f 12687/12687 3038/3038 12686/12686
f 12689/12689 12688/12688 3030/3030
f 3031/3031 12689/12689 3030/3030
f 12691/12691 12690/12690 3032/3032
f 3034/3034 12691/12691 3032/3032
f 12693/12693 12692/12692 3034/3034
f 3038/3038 12693/12693 3034/3034
f 12695/12695 12694/12694 3029/3029
f 3030/3030 12695/12695 3029/3029
f 12696/12696 3029/3029 12697/12697
f 3029/3029 12699/12699 12698/12698
f 3029/3029 12698/12698 11372/11372
f 11410/11410 12701/12701 12700/12700
f 11410/11410 12700/12700 10829/10829
f 12703/12703 12702/12702 11411/11411
f 10821/10821 12703/12703 11411/11411
f 12705/12705 12704/12704 10821/10821
f 10826/10826 12705/12705 10821/10821
f 10829/10829 12707/12707 12706/12706
f 10829/10829 12706/12706 10826/10826
f 12708/12708 11410/11410 12709/12709
f 12710/12710 11411/11411 12711/12711
f 12712/12712 10826/10826 12713/12713
f 12714/12714 10826/10826 12715/12715
f 11664/11664 12716/12716 12717/12717
f 11664/11664 12717/12717 4945/4945
f 12718/12718 12719/12719 11665/11665
f 4945/4945 12718/12718 11665/11665
f 12720/12720 8529/8529 12721/12721
f 12723/12723 11667/11667 12722/12722
f 12724/12724 11668/11668 12725/12725
f 8557/8557 12727/12727 12726/12726
f 8557/8557 12726/12726 8529/8529
f 8529/8529 12729/12729 12728/12728
f 8529/8529 12728/12728 11668/11668
f 12730/12730 8564/8564 12731/12731
f 12732/12732 12733/12733 8532/8532
f 11667/11667 12732/12732 8532/8532
f 12735/12735 8532/8532 12734/12734
f 12737/12737 8564/8564 12736/12736
f 12738/12738 12739/12739 8556/8556
f 8532/8532 12738/12738 8556/8556
f 12741/12741 8556/8556 12740/12740
f 12742/12742 12743/12743 8582/8582
f 8556/8556 12742/12742 8582/8582
f 12744/12744 12745/12745 8590/8590
f 8582/8582 12744/12744 8590/8590
f 12747/12747 8588/8588 12746/12746
f 12748/12748 12749/12749 8588/8588
f 8590/8590 12748/12748 8588/8588
f 8603/8603 12750/12750 12751/12751
f 8603/8603 12751/12751 8602/8602
f 12753/12753 8602/8602 12752/12752
f 12755/12755 8602/8602 12754/12754
f 12757/12757 8602/8602 12756/12756
f 12759/12759 99/99 12758/12758
f 3622/3622 12760/12760 12761/12761
f 3622/3622 12761/12761 99/99
f 12763/12763 3625/3625 12762/12762
f 3625/3625 12764/12764 12765/12765
f 3625/3625 12765/12765 3622/3622
f 3623/3623 12767/12767 12766/12766
f 3623/3623 12766/12766 3625/3625
f 12768/12768 12769/12769 3623/3623
f 3624/3624 12768/12768 3623/3623
f 12771/12771 12770/12770 11708/11708
f 3639/3639 12771/12771 11708/11708
f 12773/12773 12772/12772 12116/12116
f 9304/9304 12773/12773 12116/12116
f 12778/12778 9304/9304 12779/12779
f 12783/12783 12327/12327 12782/12782
f 12784/12784 12785/12785 3541/3541
f 12327/12327 12784/12784 3541/3541
