  0
SECTION
  2
HEADER
  9
$ANGBASE
  50
0.0
  9
$ANGDIR
  70
1
  9
$MEASUREMENT
  70
1
  0
ENDSEC
  0
SECTION
  2
TABLES
  0
TABLE
  2
LTYPE
  70
4
  0
LTYPE
  5
40F
  2
CONTINUOUS
  70
0
  3
Solid line
  72
65
  73
0
  40
0.0
  0
LTYPE
  5
410
  2
DASHDOT
 70
0
  3
Dash Dot ____ _ ____ _
 72
65
 73
4
 40
2.0
 49
1.25
 49
-0.25
 49
0.25
 49
-0.25
  0
LTYPE
  5
411
  2
DASHED
 70
0
  3
Dashed __ __ __ __ __
 72
65
 73
2
 40
0.75
 49
0.5
 49
-0.25
  0
LTYPE
  5
43B
  2
DOTTED
 70
0
  3
Dotted .  .  .  .
 72
65
 73
2
 40
0.2
 49
0.0
 49
-0.2
  0
ENDTAB
  0
TABLE
  2
STYLE
  70
4
  0
STYLE
  2
KICAD
  70
0
  40
0
  41
1
  42
1
  50
0
  71
0
  3
isocp.shx
  0
STYLE
  2
KICADB
  70
0
  40
0
  41
1
  42
1
  50
0
  71
0
  3
isocp.shx
  0
STYLE
  2
KICADI
  70
0
  40
0
  41
1
  42
1
  50
15
  71
0
  3
isocp.shx
  0
STYLE
  2
KICADBI
  70
0
  40
0
  41
1
  42
1
  50
15
  71
0
  3
isocp.shx
  0
ENDTAB
  0
TABLE
  2
LAYER
  70
1
  0
LAYER
  2
BLACK
  70
0
  62
7
  6
CONTINUOUS
  0
ENDTAB
  0
ENDSEC
  0
SECTION
  2
ENTITIES
0
LINE
8
BLACK
6
CONTINUOUS
10
130.3364949999999851
20
-132.7405949999999848
11
130.4636879999999906
21
-132.7932799999999816
0
LINE
8
BLACK
6
CONTINUOUS
10
130.4636879999999906
20
-132.7932799999999816
11
130.5729100000000074
21
-132.8770899999999813
0
LINE
8
BLACK
6
CONTINUOUS
10
130.5729100000000074
20
-132.8770899999999813
11
130.6567200000000071
21
-132.9863129999999956
0
LINE
8
BLACK
6
CONTINUOUS
10
130.6567200000000071
20
-132.9863129999999956
11
130.6637780000000078
21
-133.0033540000000016
0
LINE
8
BLACK
6
CONTINUOUS
10
130.6637780000000078
20
-133.0033540000000016
11
131.8499999999999943
21
-133.
0
LINE
8
BLACK
6
CONTINUOUS
10
131.8499999999999943
20
-133.
11
131.8987730000000056
21
-133.0048040000000071
0
LINE
8
BLACK
6
CONTINUOUS
10
131.8987730000000056
20
-133.0048040000000071
11
131.9888929999999903
21
-133.0421330000000069
0
LINE
8
BLACK
6
CONTINUOUS
10
131.9888929999999903
20
-133.0421330000000069
11
131.9889340000000004
21
-133.0421739999999886
0
LINE
8
BLACK
6
CONTINUOUS
10
131.9889340000000004
20
-133.0421739999999886
11
132.2767759999999839
21
-133.3232229999999845
0
LINE
8
BLACK
6
CONTINUOUS
10
132.2767759999999839
20
-133.3232229999999845
11
132.3078620000000001
21
-133.3611019999999883
0
LINE
8
BLACK
6
CONTINUOUS
10
132.3078620000000001
20
-133.3611019999999883
11
132.3078669999999875
21
-133.3611070000000041
0
LINE
8
BLACK
6
CONTINUOUS
10
132.3078669999999875
20
-133.3611070000000041
11
132.3451959999999872
21
-133.4512269999999887
0
LINE
8
BLACK
6
CONTINUOUS
10
132.3451959999999872
20
-133.4512269999999887
11
132.3499999999999943
21
-138.4000000000000057
0
LINE
8
BLACK
6
CONTINUOUS
10
132.3499999999999943
20
-138.4000000000000057
11
132.3451959999999872
21
-138.4487729999999885
0
LINE
8
BLACK
6
CONTINUOUS
10
132.3451959999999872
20
-138.4487729999999885
11
132.3298549999999807
21
-138.4858099999999865
0
LINE
8
BLACK
6
CONTINUOUS
10
132.3298549999999807
20
-138.4858099999999865
11
132.3078679999999849
21
-138.5388920000000041
0
LINE
8
BLACK
6
CONTINUOUS
10
132.3078679999999849
20
-138.5388920000000041
11
128.3767770000000041
21
-142.4767769999999985
0
LINE
8
BLACK
6
CONTINUOUS
10
128.3767770000000041
20
-142.4767769999999985
11
128.3388970000000029
21
-142.5078619999999887
0
LINE
8
BLACK
6
CONTINUOUS
10
128.3388970000000029
20
-142.5078619999999887
11
128.3388929999999846
21
-142.5078670000000045
0
LINE
8
BLACK
6
CONTINUOUS
10
128.3388929999999846
20
-142.5078670000000045
11
128.2487729999999999
21
-142.5451960000000042
0
LINE
8
BLACK
6
CONTINUOUS
10
128.2487729999999999
20
-142.5451960000000042
11
85.5
21
-142.5499999999999829
0
LINE
8
BLACK
6
CONTINUOUS
10
85.5
20
-142.5499999999999829
11
85.4512270000000029
21
-142.5451960000000042
0
LINE
8
BLACK
6
CONTINUOUS
10
85.4512270000000029
20
-142.5451960000000042
11
85.3611069999999899
21
-142.5078670000000045
0
LINE
8
BLACK
6
CONTINUOUS
10
85.3611069999999899
20
-142.5078670000000045
11
85.3609249999999946
21
-142.5076849999999808
0
LINE
8
BLACK
6
CONTINUOUS
10
85.3609249999999946
20
-142.5076849999999808
11
84.2394469999999984
21
-141.3923629999999889
0
LINE
8
BLACK
6
CONTINUOUS
10
84.2394469999999984
20
-141.3923629999999889
11
84.1499999999999915
21
-141.3598079999999868
0
LINE
8
BLACK
6
CONTINUOUS
10
84.1499999999999915
20
-141.3598079999999868
11
84.07018699999999
21
-141.2928359999999941
0
LINE
8
BLACK
6
CONTINUOUS
10
84.07018699999999
20
-141.2928359999999941
11
84.0180919999999958
21
-141.202606000000003
0
LINE
8
BLACK
6
CONTINUOUS
10
84.0180919999999958
20
-141.202606000000003
11
84.
21
-141.0999999999999943
0
LINE
8
BLACK
6
CONTINUOUS
10
84.
20
-141.0999999999999943
11
84.0180919999999958
21
-140.9973939999999857
0
LINE
8
BLACK
6
CONTINUOUS
10
84.0180919999999958
20
-140.9973939999999857
11
84.07018699999999
21
-140.9071639999999945
0
LINE
8
BLACK
6
CONTINUOUS
10
84.07018699999999
20
-140.9071639999999945
11
84.1499999999999915
21
-140.8401920000000018
0
LINE
8
BLACK
6
CONTINUOUS
10
84.1499999999999915
20
-140.8401920000000018
11
84.2479060000000004
21
-140.8045579999999859
0
LINE
8
BLACK
6
CONTINUOUS
10
84.2479060000000004
20
-140.8045579999999859
11
84.3520939999999939
21
-140.8045579999999859
0
LINE
8
BLACK
6
CONTINUOUS
10
84.3520939999999939
20
-140.8045579999999859
11
84.4500000000000028
21
-140.8401920000000018
0
LINE
8
BLACK
6
CONTINUOUS
10
84.4500000000000028
20
-140.8401920000000018
11
84.5298129999999901
21
-140.9071639999999945
0
LINE
8
BLACK
6
CONTINUOUS
10
84.5298129999999901
20
-140.9071639999999945
11
84.5819079999999985
21
-140.9973939999999857
0
LINE
8
BLACK
6
CONTINUOUS
10
84.5819079999999985
20
-140.9973939999999857
11
84.5898119999999949
21
-141.042225000000002
0
LINE
8
BLACK
6
CONTINUOUS
10
84.5898119999999949
20
-141.042225000000002
11
85.6079620000000006
21
-142.0547860000000071
0
LINE
8
BLACK
6
CONTINUOUS
10
85.6079620000000006
20
-142.0547860000000071
11
128.103037999999998
21
-142.0500099999999861
0
LINE
8
BLACK
6
CONTINUOUS
10
128.103037999999998
20
-142.0500099999999861
11
131.8546509999999898
21
-138.2919119999999964
0
LINE
8
BLACK
6
CONTINUOUS
10
131.8546509999999898
20
-138.2919119999999964
11
131.8500960000000077
21
-133.599474999999984
0
LINE
8
BLACK
6
CONTINUOUS
10
131.8500960000000077
20
-133.599474999999984
11
131.7437439999999924
21
-133.4956339999999955
0
LINE
8
BLACK
6
CONTINUOUS
10
131.7437439999999924
20
-133.4956339999999955
11
130.6629319999999836
21
-133.4986899999999821
0
LINE
8
BLACK
6
CONTINUOUS
10
130.6629319999999836
20
-133.4986899999999821
11
130.6567200000000071
21
-133.5136880000000019
0
LINE
8
BLACK
6
CONTINUOUS
10
130.6567200000000071
20
-133.5136880000000019
11
130.5729100000000074
21
-133.6229099999999903
0
LINE
8
BLACK
6
CONTINUOUS
10
130.5729100000000074
20
-133.6229099999999903
11
130.4636879999999906
21
-133.70671999999999
0
LINE
8
BLACK
6
CONTINUOUS
10
130.4636879999999906
20
-133.70671999999999
11
130.3364949999999851
21
-133.7594049999999868
0
LINE
8
BLACK
6
CONTINUOUS
10
130.3364949999999851
20
-133.7594049999999868
11
130.1999999999999886
21
-133.7773750000000064
0
LINE
8
BLACK
6
CONTINUOUS
10
130.1999999999999886
20
-133.7773750000000064
11
130.0635049999999922
21
-133.7594049999999868
0
LINE
8
BLACK
6
CONTINUOUS
10
130.0635049999999922
20
-133.7594049999999868
11
129.9363119999999867
21
-133.70671999999999
0
LINE
8
BLACK
6
CONTINUOUS
10
129.9363119999999867
20
-133.70671999999999
11
129.8270899999999983
21
-133.6229099999999903
0
LINE
8
BLACK
6
CONTINUOUS
10
129.8270899999999983
20
-133.6229099999999903
11
129.7432799999999986
21
-133.5136880000000019
0
LINE
8
BLACK
6
CONTINUOUS
10
129.7432799999999986
20
-133.5136880000000019
11
129.6905950000000018
21
-133.3864949999999965
0
LINE
8
BLACK
6
CONTINUOUS
10
129.6905950000000018
20
-133.3864949999999965
11
129.6726249999999823
21
-133.25
0
LINE
8
BLACK
6
CONTINUOUS
10
129.6726249999999823
20
-133.25
11
129.6905950000000018
21
-133.1135050000000035
0
LINE
8
BLACK
6
CONTINUOUS
10
129.6905950000000018
20
-133.1135050000000035
11
129.7432799999999986
21
-132.9863129999999956
0
LINE
8
BLACK
6
CONTINUOUS
10
129.7432799999999986
20
-132.9863129999999956
11
129.8270899999999983
21
-132.8770899999999813
0
LINE
8
BLACK
6
CONTINUOUS
10
129.8270899999999983
20
-132.8770899999999813
11
129.9363129999999842
21
-132.7932799999999816
0
LINE
8
BLACK
6
CONTINUOUS
10
129.9363129999999842
20
-132.7932799999999816
11
130.0635049999999922
21
-132.7405949999999848
0
LINE
8
BLACK
6
CONTINUOUS
10
130.0635049999999922
20
-132.7405949999999848
11
130.1999999999999886
21
-132.7226249999999936
0
LINE
8
BLACK
6
CONTINUOUS
10
130.1999999999999886
20
-132.7226249999999936
11
130.3364949999999851
21
-132.7405949999999848
0
LINE
8
BLACK
6
CONTINUOUS
10
127.8364949999999993
20
-136.0155949999999905
11
127.9636879999999906
21
-136.0682799999999872
0
LINE
8
BLACK
6
CONTINUOUS
10
127.9636879999999906
20
-136.0682799999999872
11
128.0729100000000074
21
-136.152089999999987
0
LINE
8
BLACK
6
CONTINUOUS
10
128.0729100000000074
20
-136.152089999999987
11
128.1567200000000071
21
-136.2613130000000012
0
LINE
8
BLACK
6
CONTINUOUS
10
128.1567200000000071
20
-136.2613130000000012
11
128.2094050000000038
21
-136.3885049999999808
0
LINE
8
BLACK
6
CONTINUOUS
10
128.2094050000000038
20
-136.3885049999999808
11
128.227374999999995
21
-136.5250000000000057
0
LINE
8
BLACK
6
CONTINUOUS
10
128.227374999999995
20
-136.5250000000000057
11
128.2094050000000038
21
-136.6614950000000022
0
LINE
8
BLACK
6
CONTINUOUS
10
128.2094050000000038
20
-136.6614950000000022
11
128.1567200000000071
21
-136.7886880000000076
0
LINE
8
BLACK
6
CONTINUOUS
10
128.1567200000000071
20
-136.7886880000000076
11
128.0729100000000074
21
-136.897909999999996
0
LINE
8
BLACK
6
CONTINUOUS
10
128.0729100000000074
20
-136.897909999999996
11
127.9636879999999906
21
-136.9817199999999957
0
LINE
8
BLACK
6
CONTINUOUS
10
127.9636879999999906
20
-136.9817199999999957
11
127.8364949999999993
21
-137.0344049999999925
0
LINE
8
BLACK
6
CONTINUOUS
10
127.8364949999999993
20
-137.0344049999999925
11
127.6999999999999886
21
-137.0523749999999836
0
LINE
8
BLACK
6
CONTINUOUS
10
127.6999999999999886
20
-137.0523749999999836
11
127.5635049999999922
21
-137.0344049999999925
0
LINE
8
BLACK
6
CONTINUOUS
10
127.5635049999999922
20
-137.0344049999999925
11
127.5453909999999951
21
-137.0269020000000069
0
LINE
8
BLACK
6
CONTINUOUS
10
127.5453909999999951
20
-137.0269020000000069
11
123.3017770000000013
21
-141.2767769999999814
0
LINE
8
BLACK
6
CONTINUOUS
10
123.3017770000000013
20
-141.2767769999999814
11
123.263897
21
-141.3078620000000001
0
LINE
8
BLACK
6
CONTINUOUS
10
123.263897
20
-141.3078620000000001
11
123.2638929999999959
21
-141.3078669999999875
0
LINE
8
BLACK
6
CONTINUOUS
10
123.2638929999999959
20
-141.3078669999999875
11
123.1737729999999971
21
-141.3451959999999872
0
LINE
8
BLACK
6
CONTINUOUS
10
123.1737729999999971
20
-141.3451959999999872
11
94.6617200000000025
21
-141.3499719999999797
0
LINE
8
BLACK
6
CONTINUOUS
10
94.6617200000000025
20
-141.3499719999999797
11
94.6499999999999915
21
-141.3598079999999868
0
LINE
8
BLACK
6
CONTINUOUS
10
94.6499999999999915
20
-141.3598079999999868
11
94.5520939999999968
21
-141.3954420000000027
0
LINE
8
BLACK
6
CONTINUOUS
10
94.5520939999999968
20
-141.3954420000000027
11
94.447905999999989
21
-141.3954420000000027
0
LINE
8
BLACK
6
CONTINUOUS
10
94.447905999999989
20
-141.3954420000000027
11
94.3499999999999943
21
-141.3598079999999868
0
LINE
8
BLACK
6
CONTINUOUS
10
94.3499999999999943
20
-141.3598079999999868
11
94.2701869999999928
21
-141.2928359999999941
0
LINE
8
BLACK
6
CONTINUOUS
10
94.2701869999999928
20
-141.2928359999999941
11
94.2180919999999986
21
-141.202606000000003
0
LINE
8
BLACK
6
CONTINUOUS
10
94.2180919999999986
20
-141.202606000000003
11
94.2000000000000028
21
-141.0999999999999943
0
LINE
8
BLACK
6
CONTINUOUS
10
94.2000000000000028
20
-141.0999999999999943
11
94.2180919999999986
21
-140.9973939999999857
0
LINE
8
BLACK
6
CONTINUOUS
10
94.2180919999999986
20
-140.9973939999999857
11
94.2701869999999928
21
-140.9071639999999945
0
LINE
8
BLACK
6
CONTINUOUS
10
94.2701869999999928
20
-140.9071639999999945
11
94.3499999999999943
21
-140.8401920000000018
0
LINE
8
BLACK
6
CONTINUOUS
10
94.3499999999999943
20
-140.8401920000000018
11
94.447905999999989
21
-140.8045579999999859
0
LINE
8
BLACK
6
CONTINUOUS
10
94.447905999999989
20
-140.8045579999999859
11
94.5520939999999968
21
-140.8045579999999859
0
LINE
8
BLACK
6
CONTINUOUS
10
94.5520939999999968
20
-140.8045579999999859
11
94.6499999999999915
21
-140.8401920000000018
0
LINE
8
BLACK
6
CONTINUOUS
10
94.6499999999999915
20
-140.8401920000000018
11
94.6673699999999911
21
-140.8547669999999812
0
LINE
8
BLACK
6
CONTINUOUS
10
94.6673699999999911
20
-140.8547669999999812
11
123.0280609999999939
21
-140.8500159999999823
0
LINE
8
BLACK
6
CONTINUOUS
10
123.0280609999999939
20
-140.8500159999999823
11
127.1964049999999986
21
-136.6755220000000008
0
LINE
8
BLACK
6
CONTINUOUS
10
127.1964049999999986
20
-136.6755220000000008
11
127.1905949999999876
21
-136.6614950000000022
0
LINE
8
BLACK
6
CONTINUOUS
10
127.1905949999999876
20
-136.6614950000000022
11
127.1726249999999965
21
-136.5250000000000057
0
LINE
8
BLACK
6
CONTINUOUS
10
127.1726249999999965
20
-136.5250000000000057
11
127.1905949999999876
21
-136.3885049999999808
0
LINE
8
BLACK
6
CONTINUOUS
10
127.1905949999999876
20
-136.3885049999999808
11
127.2432799999999986
21
-136.2613130000000012
0
LINE
8
BLACK
6
CONTINUOUS
10
127.2432799999999986
20
-136.2613130000000012
11
127.3270899999999983
21
-136.152089999999987
0
LINE
8
BLACK
6
CONTINUOUS
10
127.3270899999999983
20
-136.152089999999987
11
127.4363129999999984
21
-136.0682799999999872
0
LINE
8
BLACK
6
CONTINUOUS
10
127.4363129999999984
20
-136.0682799999999872
11
127.5635049999999922
21
-136.0155949999999905
0
LINE
8
BLACK
6
CONTINUOUS
10
127.5635049999999922
20
-136.0155949999999905
11
127.6999999999999886
21
-135.9976249999999993
0
LINE
8
BLACK
6
CONTINUOUS
10
127.6999999999999886
20
-135.9976249999999993
11
127.8364949999999993
21
-136.0155949999999905
0
LINE
8
BLACK
6
CONTINUOUS
10
98.6999999999999886
20
-140.2999999999999829
11
97.6999999999999886
21
-140.2999999999999829
0
LINE
8
BLACK
6
CONTINUOUS
10
97.6999999999999886
20
-140.2999999999999829
11
97.6999999999999886
21
-139.2999999999999829
0
LINE
8
BLACK
6
CONTINUOUS
10
97.6999999999999886
20
-139.2999999999999829
11
98.6999999999999886
21
-139.2999999999999829
0
LINE
8
BLACK
6
CONTINUOUS
10
98.6999999999999886
20
-139.2999999999999829
11
98.6999999999999886
21
-140.2999999999999829
0
LINE
8
BLACK
6
CONTINUOUS
10
96.2999999999999972
20
-140.1999999999999886
11
95.2999999999999972
21
-140.1999999999999886
0
LINE
8
BLACK
6
CONTINUOUS
10
95.2999999999999972
20
-140.1999999999999886
11
95.2999999999999972
21
-139.1999999999999886
0
LINE
8
BLACK
6
CONTINUOUS
10
95.2999999999999972
20
-139.1999999999999886
11
96.2999999999999972
21
-139.1999999999999886
0
LINE
8
BLACK
6
CONTINUOUS
10
96.2999999999999972
20
-139.1999999999999886
11
96.2999999999999972
21
-140.1999999999999886
0
LINE
8
BLACK
6
CONTINUOUS
10
101.
20
-140.0999999999999943
11
100.
21
-140.0999999999999943
0
LINE
8
BLACK
6
CONTINUOUS
10
100.
20
-140.0999999999999943
11
100.
21
-139.0999999999999943
0
LINE
8
BLACK
6
CONTINUOUS
10
100.
20
-139.0999999999999943
11
101.
21
-139.0999999999999943
0
LINE
8
BLACK
6
CONTINUOUS
10
101.
20
-139.0999999999999943
11
101.
21
-140.0999999999999943
0
LINE
8
BLACK
6
CONTINUOUS
10
127.8864949999999965
20
-133.7405949999999848
11
128.0136880000000019
21
-133.7932799999999816
0
LINE
8
BLACK
6
CONTINUOUS
10
128.0136880000000019
20
-133.7932799999999816
11
128.1229099999999903
21
-133.8770899999999813
0
LINE
8
BLACK
6
CONTINUOUS
10
128.1229099999999903
20
-133.8770899999999813
11
128.20671999999999
21
-133.9863129999999956
0
LINE
8
BLACK
6
CONTINUOUS
10
128.20671999999999
20
-133.9863129999999956
11
128.2594049999999868
21
-134.1135050000000035
0
LINE
8
BLACK
6
CONTINUOUS
10
128.2594049999999868
20
-134.1135050000000035
11
128.2773750000000064
21
-134.25
0
LINE
8
BLACK
6
CONTINUOUS
10
128.2773750000000064
20
-134.25
11
128.2594049999999868
21
-134.3864949999999965
0
LINE
8
BLACK
6
CONTINUOUS
10
128.2594049999999868
20
-134.3864949999999965
11
128.20671999999999
21
-134.5136880000000019
0
LINE
8
BLACK
6
CONTINUOUS
10
128.20671999999999
20
-134.5136880000000019
11
128.1229099999999903
21
-134.6229099999999903
0
LINE
8
BLACK
6
CONTINUOUS
10
128.1229099999999903
20
-134.6229099999999903
11
128.0136880000000019
21
-134.70671999999999
0
LINE
8
BLACK
6
CONTINUOUS
10
128.0136880000000019
20
-134.70671999999999
11
127.8864949999999965
21
-134.7594049999999868
0
LINE
8
BLACK
6
CONTINUOUS
10
127.8864949999999965
20
-134.7594049999999868
11
127.75
21
-134.7773750000000064
0
LINE
8
BLACK
6
CONTINUOUS
10
127.75
20
-134.7773750000000064
11
127.6135049999999893
21
-134.7594049999999868
0
LINE
8
BLACK
6
CONTINUOUS
10
127.6135049999999893
20
-134.7594049999999868
11
127.4863119999999981
21
-134.70671999999999
0
LINE
8
BLACK
6
CONTINUOUS
10
127.4863119999999981
20
-134.70671999999999
11
127.3770899999999955
21
-134.6229099999999903
0
LINE
8
BLACK
6
CONTINUOUS
10
127.3770899999999955
20
-134.6229099999999903
11
127.2932799999999958
21
-134.5136880000000019
0
LINE
8
BLACK
6
CONTINUOUS
10
127.2932799999999958
20
-134.5136880000000019
11
127.240594999999999
21
-134.3864949999999965
0
LINE
8
BLACK
6
CONTINUOUS
10
127.240594999999999
20
-134.3864949999999965
11
127.2226249999999936
21
-134.25
0
LINE
8
BLACK
6
CONTINUOUS
10
127.2226249999999936
20
-134.25
11
127.240594999999999
21
-134.1135050000000035
0
LINE
8
BLACK
6
CONTINUOUS
10
127.240594999999999
20
-134.1135050000000035
11
127.2932799999999958
21
-133.9863129999999956
0
LINE
8
BLACK
6
CONTINUOUS
10
127.2932799999999958
20
-133.9863129999999956
11
127.3770899999999955
21
-133.8770899999999813
0
LINE
8
BLACK
6
CONTINUOUS
10
127.3770899999999955
20
-133.8770899999999813
11
127.4863129999999956
21
-133.7932799999999816
0
LINE
8
BLACK
6
CONTINUOUS
10
127.4863129999999956
20
-133.7932799999999816
11
127.6135049999999893
21
-133.7405949999999848
0
LINE
8
BLACK
6
CONTINUOUS
10
127.6135049999999893
20
-133.7405949999999848
11
127.75
21
-133.7226249999999936
0
LINE
8
BLACK
6
CONTINUOUS
10
127.75
20
-133.7226249999999936
11
127.8864949999999965
21
-133.7405949999999848
0
LINE
8
BLACK
6
CONTINUOUS
10
127.8364949999999993
20
-131.4655950000000075
11
127.9636879999999906
21
-131.5182800000000043
0
LINE
8
BLACK
6
CONTINUOUS
10
127.9636879999999906
20
-131.5182800000000043
11
128.0729100000000074
21
-131.602090000000004
0
LINE
8
BLACK
6
CONTINUOUS
10
128.0729100000000074
20
-131.602090000000004
11
128.1567200000000071
21
-131.7113129999999899
0
LINE
8
BLACK
6
CONTINUOUS
10
128.1567200000000071
20
-131.7113129999999899
11
128.2094050000000038
21
-131.8385049999999978
0
LINE
8
BLACK
6
CONTINUOUS
10
128.2094050000000038
20
-131.8385049999999978
11
128.227374999999995
21
-131.9749999999999943
0
LINE
8
BLACK
6
CONTINUOUS
10
128.227374999999995
20
-131.9749999999999943
11
128.2094050000000038
21
-132.1114949999999908
0
LINE
8
BLACK
6
CONTINUOUS
10
128.2094050000000038
20
-132.1114949999999908
11
128.1567200000000071
21
-132.2386879999999962
0
LINE
8
BLACK
6
CONTINUOUS
10
128.1567200000000071
20
-132.2386879999999962
11
128.0729100000000074
21
-132.3479099999999846
0
LINE
8
BLACK
6
CONTINUOUS
10
128.0729100000000074
20
-132.3479099999999846
11
127.9636879999999906
21
-132.4317199999999843
0
LINE
8
BLACK
6
CONTINUOUS
10
127.9636879999999906
20
-132.4317199999999843
11
127.8364949999999993
21
-132.4844049999999811
0
LINE
8
BLACK
6
CONTINUOUS
10
127.8364949999999993
20
-132.4844049999999811
11
127.6999999999999886
21
-132.5023750000000007
0
LINE
8
BLACK
6
CONTINUOUS
10
127.6999999999999886
20
-132.5023750000000007
11
127.5635049999999922
21
-132.4844049999999811
0
LINE
8
BLACK
6
CONTINUOUS
10
127.5635049999999922
20
-132.4844049999999811
11
127.4363120000000009
21
-132.4317199999999843
0
LINE
8
BLACK
6
CONTINUOUS
10
127.4363120000000009
20
-132.4317199999999843
11
127.3270899999999983
21
-132.3479099999999846
0
LINE
8
BLACK
6
CONTINUOUS
10
127.3270899999999983
20
-132.3479099999999846
11
127.2432799999999986
21
-132.2386879999999962
0
LINE
8
BLACK
6
CONTINUOUS
10
127.2432799999999986
20
-132.2386879999999962
11
127.1905949999999876
21
-132.1114949999999908
0
LINE
8
BLACK
6
CONTINUOUS
10
127.1905949999999876
20
-132.1114949999999908
11
127.1726249999999965
21
-131.9749999999999943
0
LINE
8
BLACK
6
CONTINUOUS
10
127.1726249999999965
20
-131.9749999999999943
11
127.1905949999999876
21
-131.8385049999999978
0
LINE
8
BLACK
6
CONTINUOUS
10
127.1905949999999876
20
-131.8385049999999978
11
127.2432799999999986
21
-131.7113129999999899
0
LINE
8
BLACK
6
CONTINUOUS
10
127.2432799999999986
20
-131.7113129999999899
11
127.3270899999999983
21
-131.602090000000004
0
LINE
8
BLACK
6
CONTINUOUS
10
127.3270899999999983
20
-131.602090000000004
11
127.4363129999999984
21
-131.5182800000000043
0
LINE
8
BLACK
6
CONTINUOUS
10
127.4363129999999984
20
-131.5182800000000043
11
127.5635049999999922
21
-131.4655950000000075
0
LINE
8
BLACK
6
CONTINUOUS
10
127.5635049999999922
20
-131.4655950000000075
11
127.6999999999999886
21
-131.4476249999999879
0
LINE
8
BLACK
6
CONTINUOUS
10
127.6999999999999886
20
-131.4476249999999879
11
127.8364949999999993
21
-131.4655950000000075
0
LINE
8
BLACK
6
CONTINUOUS
10
130.4114950000000022
20
-130.4905949999999848
11
130.5386880000000076
21
-130.5432799999999816
0
LINE
8
BLACK
6
CONTINUOUS
10
130.5386880000000076
20
-130.5432799999999816
11
130.647909999999996
21
-130.6270899999999813
0
LINE
8
BLACK
6
CONTINUOUS
10
130.647909999999996
20
-130.6270899999999813
11
130.7317199999999957
21
-130.7363129999999956
0
LINE
8
BLACK
6
CONTINUOUS
10
130.7317199999999957
20
-130.7363129999999956
11
130.7844049999999925
21
-130.8635050000000035
0
LINE
8
BLACK
6
CONTINUOUS
10
130.7844049999999925
20
-130.8635050000000035
11
130.8023749999999836
21
-131.
0
LINE
8
BLACK
6
CONTINUOUS
10
130.8023749999999836
20
-131.
11
130.7844049999999925
21
-131.1364949999999965
0
LINE
8
BLACK
6
CONTINUOUS
10
130.7844049999999925
20
-131.1364949999999965
11
130.7317199999999957
21
-131.2636880000000019
0
LINE
8
BLACK
6
CONTINUOUS
10
130.7317199999999957
20
-131.2636880000000019
11
130.647909999999996
21
-131.3729099999999903
0
LINE
8
BLACK
6
CONTINUOUS
10
130.647909999999996
20
-131.3729099999999903
11
130.5386880000000076
21
-131.45671999999999
0
LINE
8
BLACK
6
CONTINUOUS
10
130.5386880000000076
20
-131.45671999999999
11
130.4114950000000022
21
-131.5094049999999868
0
LINE
8
BLACK
6
CONTINUOUS
10
130.4114950000000022
20
-131.5094049999999868
11
130.2750000000000057
21
-131.5273750000000064
0
LINE
8
BLACK
6
CONTINUOUS
10
130.2750000000000057
20
-131.5273750000000064
11
130.1385049999999808
21
-131.5094049999999868
0
LINE
8
BLACK
6
CONTINUOUS
10
130.1385049999999808
20
-131.5094049999999868
11
130.0113120000000038
21
-131.45671999999999
0
LINE
8
BLACK
6
CONTINUOUS
10
130.0113120000000038
20
-131.45671999999999
11
129.902089999999987
21
-131.3729099999999903
0
LINE
8
BLACK
6
CONTINUOUS
10
129.902089999999987
20
-131.3729099999999903
11
129.8182799999999872
21
-131.2636880000000019
0
LINE
8
BLACK
6
CONTINUOUS
10
129.8182799999999872
20
-131.2636880000000019
11
129.7655949999999905
21
-131.1364949999999965
0
LINE
8
BLACK
6
CONTINUOUS
10
129.7655949999999905
20
-131.1364949999999965
11
129.7476249999999993
21
-131.
0
LINE
8
BLACK
6
CONTINUOUS
10
129.7476249999999993
20
-131.
11
129.7655949999999905
21
-130.8635050000000035
0
LINE
8
BLACK
6
CONTINUOUS
10
129.7655949999999905
20
-130.8635050000000035
11
129.8182799999999872
21
-130.7363129999999956
0
LINE
8
BLACK
6
CONTINUOUS
10
129.8182799999999872
20
-130.7363129999999956
11
129.902089999999987
21
-130.6270899999999813
0
LINE
8
BLACK
6
CONTINUOUS
10
129.902089999999987
20
-130.6270899999999813
11
130.0113130000000012
21
-130.5432799999999816
0
LINE
8
BLACK
6
CONTINUOUS
10
130.0113130000000012
20
-130.5432799999999816
11
130.1385049999999808
21
-130.4905949999999848
0
LINE
8
BLACK
6
CONTINUOUS
10
130.1385049999999808
20
-130.4905949999999848
11
130.2750000000000057
21
-130.4726249999999936
0
LINE
8
BLACK
6
CONTINUOUS
10
130.2750000000000057
20
-130.4726249999999936
11
130.4114950000000022
21
-130.4905949999999848
0
LINE
8
BLACK
6
CONTINUOUS
10
127.8864949999999965
20
-129.2405949999999848
11
128.0136880000000019
21
-129.2932799999999816
0
LINE
8
BLACK
6
CONTINUOUS
10
128.0136880000000019
20
-129.2932799999999816
11
128.1229099999999903
21
-129.3770899999999813
0
LINE
8
BLACK
6
CONTINUOUS
10
128.1229099999999903
20
-129.3770899999999813
11
128.20671999999999
21
-129.4863129999999956
0
LINE
8
BLACK
6
CONTINUOUS
10
128.20671999999999
20
-129.4863129999999956
11
128.2594049999999868
21
-129.6135050000000035
0
LINE
8
BLACK
6
CONTINUOUS
10
128.2594049999999868
20
-129.6135050000000035
11
128.2773750000000064
21
-129.75
0
LINE
8
BLACK
6
CONTINUOUS
10
128.2773750000000064
20
-129.75
11
128.2594049999999868
21
-129.8864949999999965
0
LINE
8
BLACK
6
CONTINUOUS
10
128.2594049999999868
20
-129.8864949999999965
11
128.20671999999999
21
-130.0136880000000019
0
LINE
8
BLACK
6
CONTINUOUS
10
128.20671999999999
20
-130.0136880000000019
11
128.1229099999999903
21
-130.1229099999999903
0
LINE
8
BLACK
6
CONTINUOUS
10
128.1229099999999903
20
-130.1229099999999903
11
128.0136880000000019
21
-130.20671999999999
0
LINE
8
BLACK
6
CONTINUOUS
10
128.0136880000000019
20
-130.20671999999999
11
127.8864949999999965
21
-130.2594049999999868
0
LINE
8
BLACK
6
CONTINUOUS
10
127.8864949999999965
20
-130.2594049999999868
11
127.75
21
-130.2773750000000064
0
LINE
8
BLACK
6
CONTINUOUS
10
127.75
20
-130.2773750000000064
11
127.6135049999999893
21
-130.2594049999999868
0
LINE
8
BLACK
6
CONTINUOUS
10
127.6135049999999893
20
-130.2594049999999868
11
127.4863119999999981
21
-130.20671999999999
0
LINE
8
BLACK
6
CONTINUOUS
10
127.4863119999999981
20
-130.20671999999999
11
127.3770899999999955
21
-130.1229099999999903
0
LINE
8
BLACK
6
CONTINUOUS
10
127.3770899999999955
20
-130.1229099999999903
11
127.2932799999999958
21
-130.0136880000000019
0
LINE
8
BLACK
6
CONTINUOUS
10
127.2932799999999958
20
-130.0136880000000019
11
127.240594999999999
21
-129.8864949999999965
0
LINE
8
BLACK
6
CONTINUOUS
10
127.240594999999999
20
-129.8864949999999965
11
127.2226249999999936
21
-129.75
0
LINE
8
BLACK
6
CONTINUOUS
10
127.2226249999999936
20
-129.75
11
127.240594999999999
21
-129.6135050000000035
0
LINE
8
BLACK
6
CONTINUOUS
10
127.240594999999999
20
-129.6135050000000035
11
127.2932799999999958
21
-129.4863129999999956
0
LINE
8
BLACK
6
CONTINUOUS
10
127.2932799999999958
20
-129.4863129999999956
11
127.3770899999999955
21
-129.3770899999999813
0
LINE
8
BLACK
6
CONTINUOUS
10
127.3770899999999955
20
-129.3770899999999813
11
127.4863129999999956
21
-129.2932799999999816
0
LINE
8
BLACK
6
CONTINUOUS
10
127.4863129999999956
20
-129.2932799999999816
11
127.6135049999999893
21
-129.2405949999999848
0
LINE
8
BLACK
6
CONTINUOUS
10
127.6135049999999893
20
-129.2405949999999848
11
127.75
21
-129.2226249999999936
0
LINE
8
BLACK
6
CONTINUOUS
10
127.75
20
-129.2226249999999936
11
127.8864949999999965
21
-129.2405949999999848
0
LINE
8
BLACK
6
CONTINUOUS
10
130.3864949999999965
20
-128.2405949999999848
11
130.5136880000000019
21
-128.2932799999999816
0
LINE
8
BLACK
6
CONTINUOUS
10
130.5136880000000019
20
-128.2932799999999816
11
130.6229099999999903
21
-128.3770899999999813
0
LINE
8
BLACK
6
CONTINUOUS
10
130.6229099999999903
20
-128.3770899999999813
11
130.70671999999999
21
-128.4863129999999956
0
LINE
8
BLACK
6
CONTINUOUS
10
130.70671999999999
20
-128.4863129999999956
11
130.7594049999999868
21
-128.6135050000000035
0
LINE
8
BLACK
6
CONTINUOUS
10
130.7594049999999868
20
-128.6135050000000035
11
130.7773750000000064
21
-128.75
0
LINE
8
BLACK
6
CONTINUOUS
10
130.7773750000000064
20
-128.75
11
130.7594049999999868
21
-128.8864949999999965
0
LINE
8
BLACK
6
CONTINUOUS
10
130.7594049999999868
20
-128.8864949999999965
11
130.70671999999999
21
-129.0136880000000019
0
LINE
8
BLACK
6
CONTINUOUS
10
130.70671999999999
20
-129.0136880000000019
11
130.6229099999999903
21
-129.1229099999999903
0
LINE
8
BLACK
6
CONTINUOUS
10
130.6229099999999903
20
-129.1229099999999903
11
130.5136880000000019
21
-129.20671999999999
0
LINE
8
BLACK
6
CONTINUOUS
10
130.5136880000000019
20
-129.20671999999999
11
130.3864949999999965
21
-129.2594049999999868
0
LINE
8
BLACK
6
CONTINUOUS
10
130.3864949999999965
20
-129.2594049999999868
11
130.25
21
-129.2773750000000064
0
LINE
8
BLACK
6
CONTINUOUS
10
130.25
20
-129.2773750000000064
11
130.1135050000000035
21
-129.2594049999999868
0
LINE
8
BLACK
6
CONTINUOUS
10
130.1135050000000035
20
-129.2594049999999868
11
129.9863119999999981
21
-129.20671999999999
0
LINE
8
BLACK
6
CONTINUOUS
10
129.9863119999999981
20
-129.20671999999999
11
129.8770899999999813
21
-129.1229099999999903
0
LINE
8
BLACK
6
CONTINUOUS
10
129.8770899999999813
20
-129.1229099999999903
11
129.7932799999999816
21
-129.0136880000000019
0
LINE
8
BLACK
6
CONTINUOUS
10
129.7932799999999816
20
-129.0136880000000019
11
129.7405949999999848
21
-128.8864949999999965
0
LINE
8
BLACK
6
CONTINUOUS
10
129.7405949999999848
20
-128.8864949999999965
11
129.7226249999999936
21
-128.75
0
LINE
8
BLACK
6
CONTINUOUS
10
129.7226249999999936
20
-128.75
11
129.7405949999999848
21
-128.6135050000000035
0
LINE
8
BLACK
6
CONTINUOUS
10
129.7405949999999848
20
-128.6135050000000035
11
129.7932799999999816
21
-128.4863129999999956
0
LINE
8
BLACK
6
CONTINUOUS
10
129.7932799999999816
20
-128.4863129999999956
11
129.8770899999999813
21
-128.3770899999999813
0
LINE
8
BLACK
6
CONTINUOUS
10
129.8770899999999813
20
-128.3770899999999813
11
129.9863129999999956
21
-128.2932799999999816
0
LINE
8
BLACK
6
CONTINUOUS
10
129.9863129999999956
20
-128.2932799999999816
11
130.1135050000000035
21
-128.2405949999999848
0
LINE
8
BLACK
6
CONTINUOUS
10
130.1135050000000035
20
-128.2405949999999848
11
130.25
21
-128.2226249999999936
0
LINE
8
BLACK
6
CONTINUOUS
10
130.25
20
-128.2226249999999936
11
130.3864949999999965
21
-128.2405949999999848
0
LINE
8
BLACK
6
CONTINUOUS
10
89.6313320000000004
20
-117.3458009999999945
11
89.7498089999999991
21
-117.4061679999999939
0
LINE
8
BLACK
6
CONTINUOUS
10
89.7498089999999991
20
-117.4061679999999939
11
89.8438319999999919
21
-117.5001910000000009
0
LINE
8
BLACK
6
CONTINUOUS
10
89.8438319999999919
20
-117.5001910000000009
11
89.9041989999999913
21
-117.6186679999999996
0
LINE
8
BLACK
6
CONTINUOUS
10
89.9041989999999913
20
-117.6186679999999996
11
89.9249999999999972
21
-117.75
0
LINE
8
BLACK
6
CONTINUOUS
10
89.9249999999999972
20
-117.75
11
89.9041989999999913
21
-117.8813320000000004
0
LINE
8
BLACK
6
CONTINUOUS
10
89.9041989999999913
20
-117.8813320000000004
11
89.8438319999999919
21
-117.9998089999999991
0
LINE
8
BLACK
6
CONTINUOUS
10
89.8438319999999919
20
-117.9998089999999991
11
89.7498089999999991
21
-118.0938319999999919
0
LINE
8
BLACK
6
CONTINUOUS
10
89.7498089999999991
20
-118.0938319999999919
11
89.6313320000000004
21
-118.1541989999999913
0
LINE
8
BLACK
6
CONTINUOUS
10
89.6313320000000004
20
-118.1541989999999913
11
89.5
21
-118.1749999999999972
0
LINE
8
BLACK
6
CONTINUOUS
10
89.5
20
-118.1749999999999972
11
89.3686679999999996
21
-118.1541989999999913
0
LINE
8
BLACK
6
CONTINUOUS
10
89.3686679999999996
20
-118.1541989999999913
11
89.2501910000000009
21
-118.0938319999999919
0
LINE
8
BLACK
6
CONTINUOUS
10
89.2501910000000009
20
-118.0938319999999919
11
89.1561679999999939
21
-117.9998089999999991
0
LINE
8
BLACK
6
CONTINUOUS
10
89.1561679999999939
20
-117.9998089999999991
11
89.0958009999999945
21
-117.8813320000000004
0
LINE
8
BLACK
6
CONTINUOUS
10
89.0958009999999945
20
-117.8813320000000004
11
89.0750000000000028
21
-117.75
0
LINE
8
BLACK
6
CONTINUOUS
10
89.0750000000000028
20
-117.75
11
89.0958009999999945
21
-117.6186679999999996
0
LINE
8
BLACK
6
CONTINUOUS
10
89.0958009999999945
20
-117.6186679999999996
11
89.1561679999999939
21
-117.5001910000000009
0
LINE
8
BLACK
6
CONTINUOUS
10
89.1561679999999939
20
-117.5001910000000009
11
89.2501910000000009
21
-117.4061679999999939
0
LINE
8
BLACK
6
CONTINUOUS
10
89.2501910000000009
20
-117.4061679999999939
11
89.3686679999999996
21
-117.3458009999999945
0
LINE
8
BLACK
6
CONTINUOUS
10
89.3686679999999996
20
-117.3458009999999945
11
89.5
21
-117.3249999999999886
0
LINE
8
BLACK
6
CONTINUOUS
10
89.5
20
-117.3249999999999886
11
89.6313320000000004
21
-117.3458009999999945
0
LINE
8
BLACK
6
CONTINUOUS
10
89.9249999999999972
20
-117.1749999999999972
11
89.0750000000000028
21
-117.1749999999999972
0
LINE
8
BLACK
6
CONTINUOUS
10
89.0750000000000028
20
-117.1749999999999972
11
89.0750000000000028
21
-116.3249999999999886
0
LINE
8
BLACK
6
CONTINUOUS
10
89.0750000000000028
20
-116.3249999999999886
11
89.9249999999999972
21
-116.3249999999999886
0
LINE
8
BLACK
6
CONTINUOUS
10
89.9249999999999972
20
-116.3249999999999886
11
89.9249999999999972
21
-117.1749999999999972
0
LINE
8
BLACK
6
CONTINUOUS
10
78.8364949999999993
20
-136.0155949999999905
11
78.9636879999999906
21
-136.0682799999999872
0
LINE
8
BLACK
6
CONTINUOUS
10
78.9636879999999906
20
-136.0682799999999872
11
79.0729099999999931
21
-136.152089999999987
0
LINE
8
BLACK
6
CONTINUOUS
10
79.0729099999999931
20
-136.152089999999987
11
79.1567199999999929
21
-136.2613130000000012
0
LINE
8
BLACK
6
CONTINUOUS
10
79.1567199999999929
20
-136.2613130000000012
11
79.2094049999999896
21
-136.3885049999999808
0
LINE
8
BLACK
6
CONTINUOUS
10
79.2094049999999896
20
-136.3885049999999808
11
79.227374999999995
21
-136.5250000000000057
0
LINE
8
BLACK
6
CONTINUOUS
10
79.227374999999995
20
-136.5250000000000057
11
79.2094049999999896
21
-136.6614950000000022
0
LINE
8
BLACK
6
CONTINUOUS
10
79.2094049999999896
20
-136.6614950000000022
11
79.1567199999999929
21
-136.7886880000000076
0
LINE
8
BLACK
6
CONTINUOUS
10
79.1567199999999929
20
-136.7886880000000076
11
79.0729099999999931
21
-136.897909999999996
0
LINE
8
BLACK
6
CONTINUOUS
10
79.0729099999999931
20
-136.897909999999996
11
78.9636879999999906
21
-136.9817199999999957
0
LINE
8
BLACK
6
CONTINUOUS
10
78.9636879999999906
20
-136.9817199999999957
11
78.8364949999999993
21
-137.0344049999999925
0
LINE
8
BLACK
6
CONTINUOUS
10
78.8364949999999993
20
-137.0344049999999925
11
78.7000000000000028
21
-137.0523749999999836
0
LINE
8
BLACK
6
CONTINUOUS
10
78.7000000000000028
20
-137.0523749999999836
11
78.5635049999999922
21
-137.0344049999999925
0
LINE
8
BLACK
6
CONTINUOUS
10
78.5635049999999922
20
-137.0344049999999925
11
78.4363120000000009
21
-136.9817199999999957
0
LINE
8
BLACK
6
CONTINUOUS
10
78.4363120000000009
20
-136.9817199999999957
11
78.3270899999999983
21
-136.897909999999996
0
LINE
8
BLACK
6
CONTINUOUS
10
78.3270899999999983
20
-136.897909999999996
11
78.2432799999999986
21
-136.7886880000000076
0
LINE
8
BLACK
6
CONTINUOUS
10
78.2432799999999986
20
-136.7886880000000076
11
78.1905950000000018
21
-136.6614950000000022
0
LINE
8
BLACK
6
CONTINUOUS
10
78.1905950000000018
20
-136.6614950000000022
11
78.1726249999999965
21
-136.5250000000000057
0
LINE
8
BLACK
6
CONTINUOUS
10
78.1726249999999965
20
-136.5250000000000057
11
78.1905950000000018
21
-136.3885049999999808
0
LINE
8
BLACK
6
CONTINUOUS
10
78.1905950000000018
20
-136.3885049999999808
11
78.2432799999999986
21
-136.2613130000000012
0
LINE
8
BLACK
6
CONTINUOUS
10
78.2432799999999986
20
-136.2613130000000012
11
78.3270899999999983
21
-136.152089999999987
0
LINE
8
BLACK
6
CONTINUOUS
10
78.3270899999999983
20
-136.152089999999987
11
78.4363129999999984
21
-136.0682799999999872
0
LINE
8
BLACK
6
CONTINUOUS
10
78.4363129999999984
20
-136.0682799999999872
11
78.5635049999999922
21
-136.0155949999999905
0
LINE
8
BLACK
6
CONTINUOUS
10
78.5635049999999922
20
-136.0155949999999905
11
78.7000000000000028
21
-135.9976249999999993
0
LINE
8
BLACK
6
CONTINUOUS
10
78.7000000000000028
20
-135.9976249999999993
11
78.8364949999999993
21
-136.0155949999999905
0
LINE
8
BLACK
6
CONTINUOUS
10
78.8114949999999936
20
-133.7655949999999905
11
78.9386879999999991
21
-133.8182799999999872
0
LINE
8
BLACK
6
CONTINUOUS
10
78.9386879999999991
20
-133.8182799999999872
11
79.0479100000000017
21
-133.902089999999987
0
LINE
8
BLACK
6
CONTINUOUS
10
79.0479100000000017
20
-133.902089999999987
11
79.1317200000000014
21
-134.0113130000000012
0
LINE
8
BLACK
6
CONTINUOUS
10
79.1317200000000014
20
-134.0113130000000012
11
79.1844049999999982
21
-134.1385049999999808
0
LINE
8
BLACK
6
CONTINUOUS
10
79.1844049999999982
20
-134.1385049999999808
11
79.2023749999999893
21
-134.2750000000000057
0
LINE
8
BLACK
6
CONTINUOUS
10
79.2023749999999893
20
-134.2750000000000057
11
79.1844049999999982
21
-134.4114950000000022
0
LINE
8
BLACK
6
CONTINUOUS
10
79.1844049999999982
20
-134.4114950000000022
11
79.1317200000000014
21
-134.5386880000000076
0
LINE
8
BLACK
6
CONTINUOUS
10
79.1317200000000014
20
-134.5386880000000076
11
79.0479100000000017
21
-134.647909999999996
0
LINE
8
BLACK
6
CONTINUOUS
10
79.0479100000000017
20
-134.647909999999996
11
78.9386879999999991
21
-134.7317199999999957
0
LINE
8
BLACK
6
CONTINUOUS
10
78.9386879999999991
20
-134.7317199999999957
11
78.8114949999999936
21
-134.7844049999999925
0
LINE
8
BLACK
6
CONTINUOUS
10
78.8114949999999936
20
-134.7844049999999925
11
78.6749999999999972
21
-134.8023749999999836
0
LINE
8
BLACK
6
CONTINUOUS
10
78.6749999999999972
20
-134.8023749999999836
11
78.5385050000000007
21
-134.7844049999999925
0
LINE
8
BLACK
6
CONTINUOUS
10
78.5385050000000007
20
-134.7844049999999925
11
78.4113119999999952
21
-134.7317199999999957
0
LINE
8
BLACK
6
CONTINUOUS
10
78.4113119999999952
20
-134.7317199999999957
11
78.3020899999999926
21
-134.647909999999996
0
LINE
8
BLACK
6
CONTINUOUS
10
78.3020899999999926
20
-134.647909999999996
11
78.2182799999999929
21
-134.5386880000000076
0
LINE
8
BLACK
6
CONTINUOUS
10
78.2182799999999929
20
-134.5386880000000076
11
78.1655949999999962
21
-134.4114950000000022
0
LINE
8
BLACK
6
CONTINUOUS
10
78.1655949999999962
20
-134.4114950000000022
11
78.1476249999999908
21
-134.2750000000000057
0
LINE
8
BLACK
6
CONTINUOUS
10
78.1476249999999908
20
-134.2750000000000057
11
78.1655949999999962
21
-134.1385049999999808
0
LINE
8
BLACK
6
CONTINUOUS
10
78.1655949999999962
20
-134.1385049999999808
11
78.2182799999999929
21
-134.0113130000000012
0
LINE
8
BLACK
6
CONTINUOUS
10
78.2182799999999929
20
-134.0113130000000012
11
78.3020899999999926
21
-133.902089999999987
0
LINE
8
BLACK
6
CONTINUOUS
10
78.3020899999999926
20
-133.902089999999987
11
78.4113129999999927
21
-133.8182799999999872
0
LINE
8
BLACK
6
CONTINUOUS
10
78.4113129999999927
20
-133.8182799999999872
11
78.5385050000000007
21
-133.7655949999999905
0
LINE
8
BLACK
6
CONTINUOUS
10
78.5385050000000007
20
-133.7655949999999905
11
78.6749999999999972
21
-133.7476249999999993
0
LINE
8
BLACK
6
CONTINUOUS
10
78.6749999999999972
20
-133.7476249999999993
11
78.8114949999999936
21
-133.7655949999999905
0
LINE
8
BLACK
6
CONTINUOUS
10
78.8864949999999965
20
-131.5155949999999905
11
79.0136880000000019
21
-131.5682799999999872
0
LINE
8
BLACK
6
CONTINUOUS
10
79.0136880000000019
20
-131.5682799999999872
11
79.1229099999999903
21
-131.652089999999987
0
LINE
8
BLACK
6
CONTINUOUS
10
79.1229099999999903
20
-131.652089999999987
11
79.20671999999999
21
-131.7613130000000012
0
LINE
8
BLACK
6
CONTINUOUS
10
79.20671999999999
20
-131.7613130000000012
11
79.259405000000001
21
-131.8885049999999808
0
LINE
8
BLACK
6
CONTINUOUS
10
79.259405000000001
20
-131.8885049999999808
11
79.2773749999999922
21
-132.0250000000000057
0
LINE
8
BLACK
6
CONTINUOUS
10
79.2773749999999922
20
-132.0250000000000057
11
79.259405000000001
21
-132.1614950000000022
0
LINE
8
BLACK
6
CONTINUOUS
10
79.259405000000001
20
-132.1614950000000022
11
79.20671999999999
21
-132.2886880000000076
0
LINE
8
BLACK
6
CONTINUOUS
10
79.20671999999999
20
-132.2886880000000076
11
79.1229099999999903
21
-132.397909999999996
0
LINE
8
BLACK
6
CONTINUOUS
10
79.1229099999999903
20
-132.397909999999996
11
79.0136880000000019
21
-132.4817199999999957
0
LINE
8
BLACK
6
CONTINUOUS
10
79.0136880000000019
20
-132.4817199999999957
11
78.8864949999999965
21
-132.5344049999999925
0
LINE
8
BLACK
6
CONTINUOUS
10
78.8864949999999965
20
-132.5344049999999925
11
78.75
21
-132.5523749999999836
0
LINE
8
BLACK
6
CONTINUOUS
10
78.75
20
-132.5523749999999836
11
78.6135050000000035
21
-132.5344049999999925
0
LINE
8
BLACK
6
CONTINUOUS
10
78.6135050000000035
20
-132.5344049999999925
11
78.4863119999999981
21
-132.4817199999999957
0
LINE
8
BLACK
6
CONTINUOUS
10
78.4863119999999981
20
-132.4817199999999957
11
78.3770899999999955
21
-132.397909999999996
0
LINE
8
BLACK
6
CONTINUOUS
10
78.3770899999999955
20
-132.397909999999996
11
78.2932799999999958
21
-132.2886880000000076
0
LINE
8
BLACK
6
CONTINUOUS
10
78.2932799999999958
20
-132.2886880000000076
11
78.240594999999999
21
-132.1614950000000022
0
LINE
8
BLACK
6
CONTINUOUS
10
78.240594999999999
20
-132.1614950000000022
11
78.2226249999999936
21
-132.0250000000000057
0
LINE
8
BLACK
6
CONTINUOUS
10
78.2226249999999936
20
-132.0250000000000057
11
78.240594999999999
21
-131.8885049999999808
0
LINE
8
BLACK
6
CONTINUOUS
10
78.240594999999999
20
-131.8885049999999808
11
78.2932799999999958
21
-131.7613130000000012
0
LINE
8
BLACK
6
CONTINUOUS
10
78.2932799999999958
20
-131.7613130000000012
11
78.3770899999999955
21
-131.652089999999987
0
LINE
8
BLACK
6
CONTINUOUS
10
78.3770899999999955
20
-131.652089999999987
11
78.4863129999999956
21
-131.5682799999999872
0
LINE
8
BLACK
6
CONTINUOUS
10
78.4863129999999956
20
-131.5682799999999872
11
78.6135050000000035
21
-131.5155949999999905
0
LINE
8
BLACK
6
CONTINUOUS
10
78.6135050000000035
20
-131.5155949999999905
11
78.75
21
-131.4976249999999993
0
LINE
8
BLACK
6
CONTINUOUS
10
78.75
20
-131.4976249999999993
11
78.8864949999999965
21
-131.5155949999999905
0
LINE
8
BLACK
6
CONTINUOUS
10
81.3364949999999993
20
-135.0155949999999905
11
81.4636879999999906
21
-135.0682799999999872
0
LINE
8
BLACK
6
CONTINUOUS
10
81.4636879999999906
20
-135.0682799999999872
11
81.5729099999999931
21
-135.152089999999987
0
LINE
8
BLACK
6
CONTINUOUS
10
81.5729099999999931
20
-135.152089999999987
11
81.6567199999999929
21
-135.2613130000000012
0
LINE
8
BLACK
6
CONTINUOUS
10
81.6567199999999929
20
-135.2613130000000012
11
81.7094049999999896
21
-135.3885049999999808
0
LINE
8
BLACK
6
CONTINUOUS
10
81.7094049999999896
20
-135.3885049999999808
11
81.727374999999995
21
-135.5250000000000057
0
LINE
8
BLACK
6
CONTINUOUS
10
81.727374999999995
20
-135.5250000000000057
11
81.7094049999999896
21
-135.6614950000000022
0
LINE
8
BLACK
6
CONTINUOUS
10
81.7094049999999896
20
-135.6614950000000022
11
81.6567199999999929
21
-135.7886880000000076
0
LINE
8
BLACK
6
CONTINUOUS
10
81.6567199999999929
20
-135.7886880000000076
11
81.5729099999999931
21
-135.897909999999996
0
LINE
8
BLACK
6
CONTINUOUS
10
81.5729099999999931
20
-135.897909999999996
11
81.4636879999999906
21
-135.9817199999999957
0
LINE
8
BLACK
6
CONTINUOUS
10
81.4636879999999906
20
-135.9817199999999957
11
81.3364949999999993
21
-136.0344049999999925
0
LINE
8
BLACK
6
CONTINUOUS
10
81.3364949999999993
20
-136.0344049999999925
11
81.2000000000000028
21
-136.0523749999999836
0
LINE
8
BLACK
6
CONTINUOUS
10
81.2000000000000028
20
-136.0523749999999836
11
81.0635049999999922
21
-136.0344049999999925
0
LINE
8
BLACK
6
CONTINUOUS
10
81.0635049999999922
20
-136.0344049999999925
11
80.9363120000000009
21
-135.9817199999999957
0
LINE
8
BLACK
6
CONTINUOUS
10
80.9363120000000009
20
-135.9817199999999957
11
80.8270899999999983
21
-135.897909999999996
0
LINE
8
BLACK
6
CONTINUOUS
10
80.8270899999999983
20
-135.897909999999996
11
80.7432799999999986
21
-135.7886880000000076
0
LINE
8
BLACK
6
CONTINUOUS
10
80.7432799999999986
20
-135.7886880000000076
11
80.6905950000000018
21
-135.6614950000000022
0
LINE
8
BLACK
6
CONTINUOUS
10
80.6905950000000018
20
-135.6614950000000022
11
80.6726249999999965
21
-135.5250000000000057
0
LINE
8
BLACK
6
CONTINUOUS
10
80.6726249999999965
20
-135.5250000000000057
11
80.6905950000000018
21
-135.3885049999999808
0
LINE
8
BLACK
6
CONTINUOUS
10
80.6905950000000018
20
-135.3885049999999808
11
80.7432799999999986
21
-135.2613130000000012
0
LINE
8
BLACK
6
CONTINUOUS
10
80.7432799999999986
20
-135.2613130000000012
11
80.8270899999999983
21
-135.152089999999987
0
LINE
8
BLACK
6
CONTINUOUS
10
80.8270899999999983
20
-135.152089999999987
11
80.9363129999999984
21
-135.0682799999999872
0
LINE
8
BLACK
6
CONTINUOUS
10
80.9363129999999984
20
-135.0682799999999872
11
81.0635049999999922
21
-135.0155949999999905
0
LINE
8
BLACK
6
CONTINUOUS
10
81.0635049999999922
20
-135.0155949999999905
11
81.2000000000000028
21
-134.9976249999999993
0
LINE
8
BLACK
6
CONTINUOUS
10
81.2000000000000028
20
-134.9976249999999993
11
81.3364949999999993
21
-135.0155949999999905
0
LINE
8
BLACK
6
CONTINUOUS
10
81.3864949999999965
20
-132.7905949999999962
11
81.5136880000000019
21
-132.8432799999999929
0
LINE
8
BLACK
6
CONTINUOUS
10
81.5136880000000019
20
-132.8432799999999929
11
81.6229099999999903
21
-132.9270899999999926
0
LINE
8
BLACK
6
CONTINUOUS
10
81.6229099999999903
20
-132.9270899999999926
11
81.70671999999999
21
-133.0363130000000069
0
LINE
8
BLACK
6
CONTINUOUS
10
81.70671999999999
20
-133.0363130000000069
11
81.759405000000001
21
-133.1635049999999865
0
LINE
8
BLACK
6
CONTINUOUS
10
81.759405000000001
20
-133.1635049999999865
11
81.7773749999999922
21
-133.2999999999999829
0
LINE
8
BLACK
6
CONTINUOUS
10
81.7773749999999922
20
-133.2999999999999829
11
81.759405000000001
21
-133.4364950000000078
0
LINE
8
BLACK
6
CONTINUOUS
10
81.759405000000001
20
-133.4364950000000078
11
81.70671999999999
21
-133.5636879999999849
0
LINE
8
BLACK
6
CONTINUOUS
10
81.70671999999999
20
-133.5636879999999849
11
81.6229099999999903
21
-133.6729100000000017
0
LINE
8
BLACK
6
CONTINUOUS
10
81.6229099999999903
20
-133.6729100000000017
11
81.5136880000000019
21
-133.7567200000000014
0
LINE
8
BLACK
6
CONTINUOUS
10
81.5136880000000019
20
-133.7567200000000014
11
81.3864949999999965
21
-133.8094049999999982
0
LINE
8
BLACK
6
CONTINUOUS
10
81.3864949999999965
20
-133.8094049999999982
11
81.25
21
-133.8273749999999893
0
LINE
8
BLACK
6
CONTINUOUS
10
81.25
20
-133.8273749999999893
11
81.1135049999999893
21
-133.8094049999999982
0
LINE
8
BLACK
6
CONTINUOUS
10
81.1135049999999893
20
-133.8094049999999982
11
80.9863119999999981
21
-133.7567200000000014
0
LINE
8
BLACK
6
CONTINUOUS
10
80.9863119999999981
20
-133.7567200000000014
11
80.8770899999999955
21
-133.6729100000000017
0
LINE
8
BLACK
6
CONTINUOUS
10
80.8770899999999955
20
-133.6729100000000017
11
80.7932799999999958
21
-133.5636879999999849
0
LINE
8
BLACK
6
CONTINUOUS
10
80.7932799999999958
20
-133.5636879999999849
11
80.740594999999999
21
-133.4364950000000078
0
LINE
8
BLACK
6
CONTINUOUS
10
80.740594999999999
20
-133.4364950000000078
11
80.7226249999999936
21
-133.2999999999999829
0
LINE
8
BLACK
6
CONTINUOUS
10
80.7226249999999936
20
-133.2999999999999829
11
80.740594999999999
21
-133.1635049999999865
0
LINE
8
BLACK
6
CONTINUOUS
10
80.740594999999999
20
-133.1635049999999865
11
80.7932799999999958
21
-133.0363130000000069
0
LINE
8
BLACK
6
CONTINUOUS
10
80.7932799999999958
20
-133.0363130000000069
11
80.8770899999999955
21
-132.9270899999999926
0
LINE
8
BLACK
6
CONTINUOUS
10
80.8770899999999955
20
-132.9270899999999926
11
80.9863129999999956
21
-132.8432799999999929
0
LINE
8
BLACK
6
CONTINUOUS
10
80.9863129999999956
20
-132.8432799999999929
11
81.1135049999999893
21
-132.7905949999999962
0
LINE
8
BLACK
6
CONTINUOUS
10
81.1135049999999893
20
-132.7905949999999962
11
81.25
21
-132.772625000000005
0
LINE
8
BLACK
6
CONTINUOUS
10
81.25
20
-132.772625000000005
11
81.3864949999999965
21
-132.7905949999999962
0
LINE
8
BLACK
6
CONTINUOUS
10
81.3364949999999993
20
-130.5155949999999905
11
81.4636879999999906
21
-130.5682799999999872
0
LINE
8
BLACK
6
CONTINUOUS
10
81.4636879999999906
20
-130.5682799999999872
11
81.5729099999999931
21
-130.652089999999987
0
LINE
8
BLACK
6
CONTINUOUS
10
81.5729099999999931
20
-130.652089999999987
11
81.6567199999999929
21
-130.7613130000000012
0
LINE
8
BLACK
6
CONTINUOUS
10
81.6567199999999929
20
-130.7613130000000012
11
81.7094049999999896
21
-130.8885049999999808
0
LINE
8
BLACK
6
CONTINUOUS
10
81.7094049999999896
20
-130.8885049999999808
11
81.727374999999995
21
-131.0250000000000057
0
LINE
8
BLACK
6
CONTINUOUS
10
81.727374999999995
20
-131.0250000000000057
11
81.7094049999999896
21
-131.1614950000000022
0
LINE
8
BLACK
6
CONTINUOUS
10
81.7094049999999896
20
-131.1614950000000022
11
81.6567199999999929
21
-131.2886880000000076
0
LINE
8
BLACK
6
CONTINUOUS
10
81.6567199999999929
20
-131.2886880000000076
11
81.5729099999999931
21
-131.397909999999996
0
LINE
8
BLACK
6
CONTINUOUS
10
81.5729099999999931
20
-131.397909999999996
11
81.4636879999999906
21
-131.4817199999999957
0
LINE
8
BLACK
6
CONTINUOUS
10
81.4636879999999906
20
-131.4817199999999957
11
81.3364949999999993
21
-131.5344049999999925
0
LINE
8
BLACK
6
CONTINUOUS
10
81.3364949999999993
20
-131.5344049999999925
11
81.2000000000000028
21
-131.5523749999999836
0
LINE
8
BLACK
6
CONTINUOUS
10
81.2000000000000028
20
-131.5523749999999836
11
81.0635049999999922
21
-131.5344049999999925
0
LINE
8
BLACK
6
CONTINUOUS
10
81.0635049999999922
20
-131.5344049999999925
11
80.9363120000000009
21
-131.4817199999999957
0
LINE
8
BLACK
6
CONTINUOUS
10
80.9363120000000009
20
-131.4817199999999957
11
80.8270899999999983
21
-131.397909999999996
0
LINE
8
BLACK
6
CONTINUOUS
10
80.8270899999999983
20
-131.397909999999996
11
80.7432799999999986
21
-131.2886880000000076
0
LINE
8
BLACK
6
CONTINUOUS
10
80.7432799999999986
20
-131.2886880000000076
11
80.6905950000000018
21
-131.1614950000000022
0
LINE
8
BLACK
6
CONTINUOUS
10
80.6905950000000018
20
-131.1614950000000022
11
80.6726249999999965
21
-131.0250000000000057
0
LINE
8
BLACK
6
CONTINUOUS
10
80.6726249999999965
20
-131.0250000000000057
11
80.6905950000000018
21
-130.8885049999999808
0
LINE
8
BLACK
6
CONTINUOUS
10
80.6905950000000018
20
-130.8885049999999808
11
80.7432799999999986
21
-130.7613130000000012
0
LINE
8
BLACK
6
CONTINUOUS
10
80.7432799999999986
20
-130.7613130000000012
11
80.8270899999999983
21
-130.652089999999987
0
LINE
8
BLACK
6
CONTINUOUS
10
80.8270899999999983
20
-130.652089999999987
11
80.9363129999999984
21
-130.5682799999999872
0
LINE
8
BLACK
6
CONTINUOUS
10
80.9363129999999984
20
-130.5682799999999872
11
81.0635049999999922
21
-130.5155949999999905
0
LINE
8
BLACK
6
CONTINUOUS
10
81.0635049999999922
20
-130.5155949999999905
11
81.2000000000000028
21
-130.4976249999999993
0
LINE
8
BLACK
6
CONTINUOUS
10
81.2000000000000028
20
-130.4976249999999993
11
81.3364949999999993
21
-130.5155949999999905
0
LINE
8
BLACK
6
CONTINUOUS
10
71.0007829999999984
20
-105.9166159999999905
11
71.2453919999999954
21
-105.9753410000000002
0
LINE
8
BLACK
6
CONTINUOUS
10
71.2453919999999954
20
-105.9753410000000002
11
71.477801999999997
21
-106.0716089999999951
0
LINE
8
BLACK
6
CONTINUOUS
10
71.477801999999997
20
-106.0716089999999951
11
71.6922909999999973
21
-106.2030479999999955
0
LINE
8
BLACK
6
CONTINUOUS
10
71.6922909999999973
20
-106.2030479999999955
11
71.883578
21
-106.366422
0
LINE
8
BLACK
6
CONTINUOUS
10
71.883578
20
-106.366422
11
72.0469519999999903
21
-106.5577089999999885
0
LINE
8
BLACK
6
CONTINUOUS
10
72.0469519999999903
20
-106.5577089999999885
11
72.1783909999999906
21
-106.7721979999999888
0
LINE
8
BLACK
6
CONTINUOUS
10
72.1783909999999906
20
-106.7721979999999888
11
72.2746589999999998
21
-107.0046079999999904
0
LINE
8
BLACK
6
CONTINUOUS
10
72.2746589999999998
20
-107.0046079999999904
11
72.3333839999999952
21
-107.2492170000000016
0
LINE
8
BLACK
6
CONTINUOUS
10
72.3333839999999952
20
-107.2492170000000016
11
72.3531210000000016
21
-107.5
0
LINE
8
BLACK
6
CONTINUOUS
10
72.3531210000000016
20
-107.5
11
72.3333839999999952
21
-107.7507829999999984
0
LINE
8
BLACK
6
CONTINUOUS
10
72.3333839999999952
20
-107.7507829999999984
11
72.2746589999999998
21
-107.9953919999999954
0
LINE
8
BLACK
6
CONTINUOUS
10
72.2746589999999998
20
-107.9953919999999954
11
72.1783909999999906
21
-108.227801999999997
0
LINE
8
BLACK
6
CONTINUOUS
10
72.1783909999999906
20
-108.227801999999997
11
72.0469519999999903
21
-108.4422909999999973
0
LINE
8
BLACK
6
CONTINUOUS
10
72.0469519999999903
20
-108.4422909999999973
11
71.883578
21
-108.633578
0
LINE
8
BLACK
6
CONTINUOUS
10
71.883578
20
-108.633578
11
71.6922909999999973
21
-108.7969519999999903
0
LINE
8
BLACK
6
CONTINUOUS
10
71.6922909999999973
20
-108.7969519999999903
11
71.477801999999997
21
-108.9283909999999906
0
LINE
8
BLACK
6
CONTINUOUS
10
71.477801999999997
20
-108.9283909999999906
11
71.2453919999999954
21
-109.0246589999999998
0
LINE
8
BLACK
6
CONTINUOUS
10
71.2453919999999954
20
-109.0246589999999998
11
71.0007829999999984
21
-109.0833839999999952
0
LINE
8
BLACK
6
CONTINUOUS
10
71.0007829999999984
20
-109.0833839999999952
11
70.9959219999999931
21
-109.0837659999999971
0
LINE
8
BLACK
6
CONTINUOUS
10
70.9959219999999931
20
-109.0837659999999971
11
70.9999559999999974
21
-118.1531260000000003
0
LINE
8
BLACK
6
CONTINUOUS
10
70.9999559999999974
20
-118.1531260000000003
11
81.0996679999999941
21
-128.2463259999999821
0
LINE
8
BLACK
6
CONTINUOUS
10
81.0996679999999941
20
-128.2463259999999821
11
81.1135049999999893
21
-128.2405949999999848
0
LINE
8
BLACK
6
CONTINUOUS
10
81.1135049999999893
20
-128.2405949999999848
11
81.25
21
-128.2226249999999936
0
LINE
8
BLACK
6
CONTINUOUS
10
81.25
20
-128.2226249999999936
11
81.3864949999999965
21
-128.2405949999999848
0
LINE
8
BLACK
6
CONTINUOUS
10
81.3864949999999965
20
-128.2405949999999848
11
81.5136880000000019
21
-128.2932799999999816
0
LINE
8
BLACK
6
CONTINUOUS
10
81.5136880000000019
20
-128.2932799999999816
11
81.6229099999999903
21
-128.3770899999999813
0
LINE
8
BLACK
6
CONTINUOUS
10
81.6229099999999903
20
-128.3770899999999813
11
81.70671999999999
21
-128.4863129999999956
0
LINE
8
BLACK
6
CONTINUOUS
10
81.70671999999999
20
-128.4863129999999956
11
81.759405000000001
21
-128.6135050000000035
0
LINE
8
BLACK
6
CONTINUOUS
10
81.759405000000001
20
-128.6135050000000035
11
81.7773749999999922
21
-128.75
0
LINE
8
BLACK
6
CONTINUOUS
10
81.7773749999999922
20
-128.75
11
81.759405000000001
21
-128.8864949999999965
0
LINE
8
BLACK
6
CONTINUOUS
10
81.759405000000001
20
-128.8864949999999965
11
81.70671999999999
21
-129.0136880000000019
0
LINE
8
BLACK
6
CONTINUOUS
10
81.70671999999999
20
-129.0136880000000019
11
81.6229099999999903
21
-129.1229099999999903
0
LINE
8
BLACK
6
CONTINUOUS
10
81.6229099999999903
20
-129.1229099999999903
11
81.5136880000000019
21
-129.20671999999999
0
LINE
8
BLACK
6
CONTINUOUS
10
81.5136880000000019
20
-129.20671999999999
11
81.3864949999999965
21
-129.2594049999999868
0
LINE
8
BLACK
6
CONTINUOUS
10
81.3864949999999965
20
-129.2594049999999868
11
81.25
21
-129.2773750000000064
0
LINE
8
BLACK
6
CONTINUOUS
10
81.25
20
-129.2773750000000064
11
81.1135049999999893
21
-129.2594049999999868
0
LINE
8
BLACK
6
CONTINUOUS
10
81.1135049999999893
20
-129.2594049999999868
11
80.9863119999999981
21
-129.20671999999999
0
LINE
8
BLACK
6
CONTINUOUS
10
80.9863119999999981
20
-129.20671999999999
11
80.8770899999999955
21
-129.1229099999999903
0
LINE
8
BLACK
6
CONTINUOUS
10
80.8770899999999955
20
-129.1229099999999903
11
80.7932799999999958
21
-129.0136880000000019
0
LINE
8
BLACK
6
CONTINUOUS
10
80.7932799999999958
20
-129.0136880000000019
11
80.740594999999999
21
-128.8864949999999965
0
LINE
8
BLACK
6
CONTINUOUS
10
80.740594999999999
20
-128.8864949999999965
11
80.7226249999999936
21
-128.75
0
LINE
8
BLACK
6
CONTINUOUS
10
80.7226249999999936
20
-128.75
11
80.740594999999999
21
-128.6135050000000035
0
LINE
8
BLACK
6
CONTINUOUS
10
80.740594999999999
20
-128.6135050000000035
11
80.7481849999999923
21
-128.5951780000000042
0
LINE
8
BLACK
6
CONTINUOUS
10
80.7481849999999923
20
-128.5951780000000042
11
70.5732229999999987
21
-118.4267770000000013
0
LINE
8
BLACK
6
CONTINUOUS
10
70.5732229999999987
20
-118.4267770000000013
11
70.5421369999999968
21
-118.388897
0
LINE
8
BLACK
6
CONTINUOUS
10
70.5421369999999968
20
-118.388897
11
70.5421329999999926
21
-118.3888929999999959
0
LINE
8
BLACK
6
CONTINUOUS
10
70.5421329999999926
20
-118.3888929999999959
11
70.5048039999999929
21
-118.2987729999999971
0
LINE
8
BLACK
6
CONTINUOUS
10
70.5048039999999929
20
-118.2987729999999971
11
70.5007039999999989
21
-109.0835009999999983
0
LINE
8
BLACK
6
CONTINUOUS
10
70.5007039999999989
20
-109.0835009999999983
11
70.4992170000000016
21
-109.0833839999999952
0
LINE
8
BLACK
6
CONTINUOUS
10
70.4992170000000016
20
-109.0833839999999952
11
70.2546079999999904
21
-109.0246589999999998
0
LINE
8
BLACK
6
CONTINUOUS
10
70.2546079999999904
20
-109.0246589999999998
11
70.022198000000003
21
-108.9283909999999906
0
LINE
8
BLACK
6
CONTINUOUS
10
70.022198000000003
20
-108.9283909999999906
11
69.8077090000000027
21
-108.7969519999999903
0
LINE
8
BLACK
6
CONTINUOUS
10
69.8077090000000027
20
-108.7969519999999903
11
69.616422
21
-108.633578
0
LINE
8
BLACK
6
CONTINUOUS
10
69.616422
20
-108.633578
11
69.4530479999999955
21
-108.4422909999999973
0
LINE
8
BLACK
6
CONTINUOUS
10
69.4530479999999955
20
-108.4422909999999973
11
69.3216089999999951
21
-108.227801999999997
0
LINE
8
BLACK
6
CONTINUOUS
10
69.3216089999999951
20
-108.227801999999997
11
69.2253410000000002
21
-107.9953919999999954
0
LINE
8
BLACK
6
CONTINUOUS
10
69.2253410000000002
20
-107.9953919999999954
11
69.1666159999999905
21
-107.7507829999999984
0
LINE
8
BLACK
6
CONTINUOUS
10
69.1666159999999905
20
-107.7507829999999984
11
69.1468789999999984
21
-107.5
0
LINE
8
BLACK
6
CONTINUOUS
10
69.1468789999999984
20
-107.5
11
69.1666159999999905
21
-107.2492170000000016
0
LINE
8
BLACK
6
CONTINUOUS
10
69.1666159999999905
20
-107.2492170000000016
11
69.2253410000000002
21
-107.0046079999999904
0
LINE
8
BLACK
6
CONTINUOUS
10
69.2253410000000002
20
-107.0046079999999904
11
69.3216089999999951
21
-106.7721979999999888
0
LINE
8
BLACK
6
CONTINUOUS
10
69.3216089999999951
20
-106.7721979999999888
11
69.4530479999999955
21
-106.5577089999999885
0
LINE
8
BLACK
6
CONTINUOUS
10
69.4530479999999955
20
-106.5577089999999885
11
69.616422
21
-106.366422
0
LINE
8
BLACK
6
CONTINUOUS
10
69.616422
20
-106.366422
11
69.8077090000000027
21
-106.2030479999999955
0
LINE
8
BLACK
6
CONTINUOUS
10
69.8077090000000027
20
-106.2030479999999955
11
70.022198000000003
21
-106.0716089999999951
0
LINE
8
BLACK
6
CONTINUOUS
10
70.022198000000003
20
-106.0716089999999951
11
70.2546079999999904
21
-105.9753410000000002
0
LINE
8
BLACK
6
CONTINUOUS
10
70.2546079999999904
20
-105.9753410000000002
11
70.4992170000000016
21
-105.9166159999999905
0
LINE
8
BLACK
6
CONTINUOUS
10
70.4992170000000016
20
-105.9166159999999905
11
70.75
21
-105.8968789999999984
0
LINE
8
BLACK
6
CONTINUOUS
10
70.75
20
-105.8968789999999984
11
71.0007829999999984
21
-105.9166159999999905
0
LINE
8
BLACK
6
CONTINUOUS
10
84.5022429999999929
20
-105.907400999999993
11
84.7482749999999925
21
-105.9664679999999919
0
LINE
8
BLACK
6
CONTINUOUS
10
84.7482749999999925
20
-105.9664679999999919
11
84.9820369999999912
21
-106.063295999999994
0
LINE
8
BLACK
6
CONTINUOUS
10
84.9820369999999912
20
-106.063295999999994
11
85.1977749999999929
21
-106.1954999999999956
0
LINE
8
BLACK
6
CONTINUOUS
10
85.1977749999999929
20
-106.1954999999999956
11
85.3901749999999993
21
-106.3598250000000007
0
LINE
8
BLACK
6
CONTINUOUS
10
85.3901749999999993
20
-106.3598250000000007
11
85.5544999999999902
21
-106.5522249999999929
0
LINE
8
BLACK
6
CONTINUOUS
10
85.5544999999999902
20
-106.5522249999999929
11
85.6867039999999918
21
-106.7679629999999946
0
LINE
8
BLACK
6
CONTINUOUS
10
85.6867039999999918
20
-106.7679629999999946
11
85.7835319999999939
21
-107.0017249999999933
0
LINE
8
BLACK
6
CONTINUOUS
10
85.7835319999999939
20
-107.0017249999999933
11
85.8425989999999928
21
-107.2477569999999929
0
LINE
8
BLACK
6
CONTINUOUS
10
85.8425989999999928
20
-107.2477569999999929
11
85.862450999999993
21
-107.5
0
LINE
8
BLACK
6
CONTINUOUS
10
85.862450999999993
20
-107.5
11
85.8425989999999928
21
-107.7522429999999929
0
LINE
8
BLACK
6
CONTINUOUS
10
85.8425989999999928
20
-107.7522429999999929
11
85.7835319999999939
21
-107.9982749999999925
0
LINE
8
BLACK
6
CONTINUOUS
10
85.7835319999999939
20
-107.9982749999999925
11
85.6867039999999918
21
-108.2320369999999912
0
LINE
8
BLACK
6
CONTINUOUS
10
85.6867039999999918
20
-108.2320369999999912
11
85.5544999999999902
21
-108.4477749999999929
0
LINE
8
BLACK
6
CONTINUOUS
10
85.5544999999999902
20
-108.4477749999999929
11
85.3901749999999993
21
-108.6401749999999993
0
LINE
8
BLACK
6
CONTINUOUS
10
85.3901749999999993
20
-108.6401749999999993
11
85.1977749999999929
21
-108.8044999999999902
0
LINE
8
BLACK
6
CONTINUOUS
10
85.1977749999999929
20
-108.8044999999999902
11
84.9820369999999912
21
-108.9367039999999918
0
LINE
8
BLACK
6
CONTINUOUS
10
84.9820369999999912
20
-108.9367039999999918
11
84.7482749999999925
21
-109.0335319999999939
0
LINE
8
BLACK
6
CONTINUOUS
10
84.7482749999999925
20
-109.0335319999999939
11
84.5022429999999929
21
-109.0925989999999928
0
LINE
8
BLACK
6
CONTINUOUS
10
84.5022429999999929
20
-109.0925989999999928
11
84.25
21
-109.112450999999993
0
LINE
8
BLACK
6
CONTINUOUS
10
84.25
20
-109.112450999999993
11
83.9977569999999929
21
-109.0925989999999928
0
LINE
8
BLACK
6
CONTINUOUS
10
83.9977569999999929
20
-109.0925989999999928
11
83.7517249999999933
21
-109.0335319999999939
0
LINE
8
BLACK
6
CONTINUOUS
10
83.7517249999999933
20
-109.0335319999999939
11
83.5179629999999946
21
-108.9367039999999918
0
LINE
8
BLACK
6
CONTINUOUS
10
83.5179629999999946
20
-108.9367039999999918
11
83.3022249999999929
21
-108.8044999999999902
0
LINE
8
BLACK
6
CONTINUOUS
10
83.3022249999999929
20
-108.8044999999999902
11
83.1098250000000007
21
-108.6401749999999993
0
LINE
8
BLACK
6
CONTINUOUS
10
83.1098250000000007
20
-108.6401749999999993
11
82.9454999999999956
21
-108.4477749999999929
0
LINE
8
BLACK
6
CONTINUOUS
10
82.9454999999999956
20
-108.4477749999999929
11
82.813295999999994
21
-108.2320369999999912
0
LINE
8
BLACK
6
CONTINUOUS
10
82.813295999999994
20
-108.2320369999999912
11
82.7164679999999919
21
-107.9982749999999925
0
LINE
8
BLACK
6
CONTINUOUS
10
82.7164679999999919
20
-107.9982749999999925
11
82.657400999999993
21
-107.7522429999999929
0
LINE
8
BLACK
6
CONTINUOUS
10
82.657400999999993
20
-107.7522429999999929
11
82.6375489999999928
21
-107.5
0
LINE
8
BLACK
6
CONTINUOUS
10
82.6375489999999928
20
-107.5
11
82.657400999999993
21
-107.2477569999999929
0
LINE
8
BLACK
6
CONTINUOUS
10
82.657400999999993
20
-107.2477569999999929
11
82.7164679999999919
21
-107.0017249999999933
0
LINE
8
BLACK
6
CONTINUOUS
10
82.7164679999999919
20
-107.0017249999999933
11
82.813295999999994
21
-106.7679629999999946
0
LINE
8
BLACK
6
CONTINUOUS
10
82.813295999999994
20
-106.7679629999999946
11
82.9454999999999956
21
-106.5522249999999929
0
LINE
8
BLACK
6
CONTINUOUS
10
82.9454999999999956
20
-106.5522249999999929
11
83.1098250000000007
21
-106.3598250000000007
0
LINE
8
BLACK
6
CONTINUOUS
10
83.1098250000000007
20
-106.3598250000000007
11
83.3022249999999929
21
-106.1954999999999956
0
LINE
8
BLACK
6
CONTINUOUS
10
83.3022249999999929
20
-106.1954999999999956
11
83.5179629999999946
21
-106.063295999999994
0
LINE
8
BLACK
6
CONTINUOUS
10
83.5179629999999946
20
-106.063295999999994
11
83.7517249999999933
21
-105.9664679999999919
0
LINE
8
BLACK
6
CONTINUOUS
10
83.7517249999999933
20
-105.9664679999999919
11
83.9977569999999929
21
-105.907400999999993
0
LINE
8
BLACK
6
CONTINUOUS
10
83.9977569999999929
20
-105.907400999999993
11
84.25
21
-105.8875489999999928
0
LINE
8
BLACK
6
CONTINUOUS
10
84.25
20
-105.8875489999999928
11
84.5022429999999929
21
-105.907400999999993
0
LINE
8
BLACK
6
CONTINUOUS
10
125.0007829999999984
20
-105.9166159999999905
11
125.2453919999999954
21
-105.9753410000000002
0
LINE
8
BLACK
6
CONTINUOUS
10
125.2453919999999954
20
-105.9753410000000002
11
125.477801999999997
21
-106.0716089999999951
0
LINE
8
BLACK
6
CONTINUOUS
10
125.477801999999997
20
-106.0716089999999951
11
125.6922909999999973
21
-106.2030479999999955
0
LINE
8
BLACK
6
CONTINUOUS
10
125.6922909999999973
20
-106.2030479999999955
11
125.883578
21
-106.366422
0
LINE
8
BLACK
6
CONTINUOUS
10
125.883578
20
-106.366422
11
126.0469519999999903
21
-106.5577089999999885
0
LINE
8
BLACK
6
CONTINUOUS
10
126.0469519999999903
20
-106.5577089999999885
11
126.1783909999999906
21
-106.7721979999999888
0
LINE
8
BLACK
6
CONTINUOUS
10
126.1783909999999906
20
-106.7721979999999888
11
126.2746589999999998
21
-107.0046079999999904
0
LINE
8
BLACK
6
CONTINUOUS
10
126.2746589999999998
20
-107.0046079999999904
11
126.3333839999999952
21
-107.2492170000000016
0
LINE
8
BLACK
6
CONTINUOUS
10
126.3333839999999952
20
-107.2492170000000016
11
126.3531209999999874
21
-107.5
0
LINE
8
BLACK
6
CONTINUOUS
10
126.3531209999999874
20
-107.5
11
126.3333839999999952
21
-107.7507829999999984
0
LINE
8
BLACK
6
CONTINUOUS
10
126.3333839999999952
20
-107.7507829999999984
11
126.2746589999999998
21
-107.9953919999999954
0
LINE
8
BLACK
6
CONTINUOUS
10
126.2746589999999998
20
-107.9953919999999954
11
126.1783909999999906
21
-108.227801999999997
0
LINE
8
BLACK
6
CONTINUOUS
10
126.1783909999999906
20
-108.227801999999997
11
126.0469519999999903
21
-108.4422909999999973
0
LINE
8
BLACK
6
CONTINUOUS
10
126.0469519999999903
20
-108.4422909999999973
11
125.883578
21
-108.633578
0
LINE
8
BLACK
6
CONTINUOUS
10
125.883578
20
-108.633578
11
125.6922909999999973
21
-108.7969519999999903
0
LINE
8
BLACK
6
CONTINUOUS
10
125.6922909999999973
20
-108.7969519999999903
11
125.477801999999997
21
-108.9283909999999906
0
LINE
8
BLACK
6
CONTINUOUS
10
125.477801999999997
20
-108.9283909999999906
11
125.2453919999999954
21
-109.0246589999999998
0
LINE
8
BLACK
6
CONTINUOUS
10
125.2453919999999954
20
-109.0246589999999998
11
125.0007829999999984
21
-109.0833839999999952
0
LINE
8
BLACK
6
CONTINUOUS
10
125.0007829999999984
20
-109.0833839999999952
11
124.75
21
-109.1031210000000016
0
LINE
8
BLACK
6
CONTINUOUS
10
124.75
20
-109.1031210000000016
11
124.4992169999999874
21
-109.0833839999999952
0
LINE
8
BLACK
6
CONTINUOUS
10
124.4992169999999874
20
-109.0833839999999952
11
124.2546079999999904
21
-109.0246589999999998
0
LINE
8
BLACK
6
CONTINUOUS
10
124.2546079999999904
20
-109.0246589999999998
11
124.0221979999999888
21
-108.9283909999999906
0
LINE
8
BLACK
6
CONTINUOUS
10
124.0221979999999888
20
-108.9283909999999906
11
123.8077089999999885
21
-108.7969519999999903
0
LINE
8
BLACK
6
CONTINUOUS
10
123.8077089999999885
20
-108.7969519999999903
11
123.616422
21
-108.633578
0
LINE
8
BLACK
6
CONTINUOUS
10
123.616422
20
-108.633578
11
123.4530479999999955
21
-108.4422909999999973
0
LINE
8
BLACK
6
CONTINUOUS
10
123.4530479999999955
20
-108.4422909999999973
11
123.3216089999999951
21
-108.227801999999997
0
LINE
8
BLACK
6
CONTINUOUS
10
123.3216089999999951
20
-108.227801999999997
11
123.2253410000000002
21
-107.9953919999999954
0
LINE
8
BLACK
6
CONTINUOUS
10
123.2253410000000002
20
-107.9953919999999954
11
123.1666159999999905
21
-107.7507829999999984
0
LINE
8
BLACK
6
CONTINUOUS
10
123.1666159999999905
20
-107.7507829999999984
11
123.1468789999999984
21
-107.5
0
LINE
8
BLACK
6
CONTINUOUS
10
123.1468789999999984
20
-107.5
11
123.1666159999999905
21
-107.2492170000000016
0
LINE
8
BLACK
6
CONTINUOUS
10
123.1666159999999905
20
-107.2492170000000016
11
123.2253410000000002
21
-107.0046079999999904
0
LINE
8
BLACK
6
CONTINUOUS
10
123.2253410000000002
20
-107.0046079999999904
11
123.3216089999999951
21
-106.7721979999999888
0
LINE
8
BLACK
6
CONTINUOUS
10
123.3216089999999951
20
-106.7721979999999888
11
123.4530479999999955
21
-106.5577089999999885
0
LINE
8
BLACK
6
CONTINUOUS
10
123.4530479999999955
20
-106.5577089999999885
11
123.616422
21
-106.366422
0
LINE
8
BLACK
6
CONTINUOUS
10
123.616422
20
-106.366422
11
123.8077089999999885
21
-106.2030479999999955
0
LINE
8
BLACK
6
CONTINUOUS
10
123.8077089999999885
20
-106.2030479999999955
11
124.0221979999999888
21
-106.0716089999999951
0
LINE
8
BLACK
6
CONTINUOUS
10
124.0221979999999888
20
-106.0716089999999951
11
124.2546079999999904
21
-105.9753410000000002
0
LINE
8
BLACK
6
CONTINUOUS
10
124.2546079999999904
20
-105.9753410000000002
11
124.4992169999999874
21
-105.9166159999999905
0
LINE
8
BLACK
6
CONTINUOUS
10
124.4992169999999874
20
-105.9166159999999905
11
124.75
21
-105.8968789999999984
0
LINE
8
BLACK
6
CONTINUOUS
10
124.75
20
-105.8968789999999984
11
125.0007829999999984
21
-105.9166159999999905
0
LINE
8
BLACK
6
CONTINUOUS
10
140.9425389999999823
20
-105.0201849999999979
11
140.9882939999999962
21
-105.0729889999999926
0
LINE
8
BLACK
6
CONTINUOUS
10
140.9882939999999962
20
-105.0729889999999926
11
140.9994999999999834
21
-105.1244999999999976
0
LINE
8
BLACK
6
CONTINUOUS
10
140.9994999999999834
20
-105.1244999999999976
11
140.9994999999999834
21
-139.8754999999999882
0
LINE
8
BLACK
6
CONTINUOUS
10
140.9994999999999834
20
-139.8754999999999882
11
140.9798150000000021
21
-139.9425389999999823
0
LINE
8
BLACK
6
CONTINUOUS
10
140.9798150000000021
20
-139.9425389999999823
11
140.9270109999999931
21
-139.9882939999999962
0
LINE
8
BLACK
6
CONTINUOUS
10
140.9270109999999931
20
-139.9882939999999962
11
140.8754999999999882
21
-139.9994999999999834
0
LINE
8
BLACK
6
CONTINUOUS
10
140.8754999999999882
20
-139.9994999999999834
11
138.1978220000000022
21
-139.9994999999999834
0
LINE
8
BLACK
6
CONTINUOUS
10
138.1978220000000022
20
-139.9994999999999834
11
138.1307829999999797
21
-139.9798150000000021
0
LINE
8
BLACK
6
CONTINUOUS
10
138.1307829999999797
20
-139.9798150000000021
11
138.0850279999999941
21
-139.9270109999999931
0
LINE
8
BLACK
6
CONTINUOUS
10
138.0850279999999941
20
-139.9270109999999931
11
138.0750840000000039
21
-139.8578530000000057
0
LINE
8
BLACK
6
CONTINUOUS
10
138.0750840000000039
20
-139.8578530000000057
11
138.104108999999994
21
-139.7942970000000003
0
LINE
8
BLACK
6
CONTINUOUS
10
138.104108999999994
20
-139.7942970000000003
11
138.1071989999999801
21
-139.7908630000000016
0
LINE
8
BLACK
6
CONTINUOUS
10
138.1071989999999801
20
-139.7908630000000016
11
138.2231869999999958
21
-139.6666699999999821
0
LINE
8
BLACK
6
CONTINUOUS
10
138.2231869999999958
20
-139.6666699999999821
11
138.2231859999999983
21
-139.6666699999999821
0
LINE
8
BLACK
6
CONTINUOUS
10
138.2231859999999983
20
-139.6666699999999821
11
138.2231889999999908
21
-139.6666679999999872
0
LINE
8
BLACK
6
CONTINUOUS
10
138.2231889999999908
20
-139.6666679999999872
11
138.3889010000000042
21
-139.4319059999999979
0
LINE
8
BLACK
6
CONTINUOUS
10
138.3889010000000042
20
-139.4319059999999979
11
138.5211039999999798
21
-139.1767669999999839
0
LINE
8
BLACK
6
CONTINUOUS
10
138.5211039999999798
20
-139.1767669999999839
11
138.6173339999999996
21
-138.9060020000000009
0
LINE
8
BLACK
6
CONTINUOUS
10
138.6173339999999996
20
-138.9060020000000009
11
138.6757979999999861
21
-138.6246559999999874
0
LINE
8
BLACK
6
CONTINUOUS
10
138.6757979999999861
20
-138.6246559999999874
11
138.6954079999999863
21
-138.3379699999999843
0
LINE
8
BLACK
6
CONTINUOUS
10
138.6954079999999863
20
-138.3379699999999843
11
138.6757979999999861
21
-138.0512839999999812
0
LINE
8
BLACK
6
CONTINUOUS
10
138.6757979999999861
20
-138.0512839999999812
11
138.6173339999999996
21
-137.7699379999999962
0
LINE
8
BLACK
6
CONTINUOUS
10
138.6173339999999996
20
-137.7699379999999962
11
138.6129430000000013
21
-137.7575839999999801
0
LINE
8
BLACK
6
CONTINUOUS
10
138.6129430000000013
20
-137.7575839999999801
11
138.5213980000000049
21
-137.5
0
LINE
8
BLACK
6
CONTINUOUS
10
138.5213980000000049
20
-137.5
11
138.5211050000000057
21
-137.4991760000000056
0
LINE
8
BLACK
6
CONTINUOUS
10
138.5211050000000057
20
-137.4991760000000056
11
138.5211060000000032
21
-137.4991760000000056
0
LINE
8
BLACK
6
CONTINUOUS
10
138.5211060000000032
20
-137.4991760000000056
11
138.3889010000000042
21
-137.2440339999999992
0
LINE
8
BLACK
6
CONTINUOUS
10
138.3889010000000042
20
-137.2440339999999992
11
138.2231869999999958
21
-137.0092689999999891
0
LINE
8
BLACK
6
CONTINUOUS
10
138.2231869999999958
20
-137.0092689999999891
11
138.1364519999999914
21
-136.9163999999999817
0
LINE
8
BLACK
6
CONTINUOUS
10
138.1364519999999914
20
-136.9163999999999817
11
138.0270529999999951
21
-136.7992619999999988
0
LINE
8
BLACK
6
CONTINUOUS
10
138.0270529999999951
20
-136.7992619999999988
11
137.8398669999999981
21
-136.6469749999999976
0
LINE
8
BLACK
6
CONTINUOUS
10
137.8398669999999981
20
-136.6469749999999976
11
137.8041460000000029
21
-136.6179139999999848
0
LINE
8
BLACK
6
CONTINUOUS
10
137.8041460000000029
20
-136.6179139999999848
11
137.5586169999999981
21
-136.4686039999999991
0
LINE
8
BLACK
6
CONTINUOUS
10
137.5586169999999981
20
-136.4686039999999991
11
137.295062999999999
21
-136.3541280000000029
0
LINE
8
BLACK
6
CONTINUOUS
10
137.295062999999999
20
-136.3541280000000029
11
137.295061000000004
21
-136.3541270000000054
0
LINE
8
BLACK
6
CONTINUOUS
10
137.295061000000004
20
-136.3541270000000054
11
137.2950579999999832
21
-136.3541260000000079
0
LINE
8
BLACK
6
CONTINUOUS
10
137.2950579999999832
20
-136.3541260000000079
11
137.1655779999999822
21
-136.3178470000000004
0
LINE
8
BLACK
6
CONTINUOUS
10
137.1655779999999822
20
-136.3178470000000004
11
137.0183639999999912
21
-136.276600000000002
0
LINE
8
BLACK
6
CONTINUOUS
10
137.0183639999999912
20
-136.276600000000002
11
137.0183590000000038
21
-136.2765990000000045
0
LINE
8
BLACK
6
CONTINUOUS
10
137.0183590000000038
20
-136.2765990000000045
11
137.0183580000000063
21
-136.2765990000000045
0
LINE
8
BLACK
6
CONTINUOUS
10
137.0183580000000063
20
-136.2765990000000045
11
136.8636459999999886
21
-136.2553340000000048
0
LINE
8
BLACK
6
CONTINUOUS
10
136.8636459999999886
20
-136.2553340000000048
11
136.7336789999999951
21
-136.2374700000000018
0
LINE
8
BLACK
6
CONTINUOUS
10
136.7336789999999951
20
-136.2374700000000018
11
136.7336779999999976
21
-136.2374700000000018
0
LINE
8
BLACK
6
CONTINUOUS
10
136.7336779999999976
20
-136.2374700000000018
11
136.4463219999999808
21
-136.2374700000000018
0
LINE
8
BLACK
6
CONTINUOUS
10
136.4463219999999808
20
-136.2374700000000018
11
136.4463209999999833
21
-136.2374700000000018
0
LINE
8
BLACK
6
CONTINUOUS
10
136.4463209999999833
20
-136.2374700000000018
11
136.1616420000000005
21
-136.2765990000000045
0
LINE
8
BLACK
6
CONTINUOUS
10
136.1616420000000005
20
-136.2765990000000045
11
136.1616349999999898
21
-136.276600000000002
0
LINE
8
BLACK
6
CONTINUOUS
10
136.1616349999999898
20
-136.276600000000002
11
135.9942409999999882
21
-136.3235019999999906
0
LINE
8
BLACK
6
CONTINUOUS
10
135.9942409999999882
20
-136.3235019999999906
11
135.8849419999999952
21
-136.3541260000000079
0
LINE
8
BLACK
6
CONTINUOUS
10
135.8849419999999952
20
-136.3541260000000079
11
135.8849390000000028
21
-136.3541260000000079
0
LINE
8
BLACK
6
CONTINUOUS
10
135.8849390000000028
20
-136.3541260000000079
11
135.884935999999982
21
-136.3541280000000029
0
LINE
8
BLACK
6
CONTINUOUS
10
135.884935999999982
20
-136.3541280000000029
11
135.8849349999999845
21
-136.3541280000000029
0
LINE
8
BLACK
6
CONTINUOUS
10
135.8849349999999845
20
-136.3541280000000029
11
135.6213819999999828
21
-136.4686039999999991
0
LINE
8
BLACK
6
CONTINUOUS
10
135.6213819999999828
20
-136.4686039999999991
11
135.3758530000000064
21
-136.6179139999999848
0
LINE
8
BLACK
6
CONTINUOUS
10
135.3758530000000064
20
-136.6179139999999848
11
135.1529500000000041
21
-136.7992590000000064
0
LINE
8
BLACK
6
CONTINUOUS
10
135.1529500000000041
20
-136.7992590000000064
11
134.9568119999999851
21
-137.0092689999999891
0
LINE
8
BLACK
6
CONTINUOUS
10
134.9568119999999851
20
-137.0092689999999891
11
134.7910980000000052
21
-137.2440339999999992
0
LINE
8
BLACK
6
CONTINUOUS
10
134.7910980000000052
20
-137.2440339999999992
11
134.6588940000000036
21
-137.4991760000000056
0
LINE
8
BLACK
6
CONTINUOUS
10
134.6588940000000036
20
-137.4991760000000056
11
134.5626670000000047
21
-137.769931999999983
0
LINE
8
BLACK
6
CONTINUOUS
10
134.5626670000000047
20
-137.769931999999983
11
134.5626660000000072
21
-137.7699350000000038
0
LINE
8
BLACK
6
CONTINUOUS
10
134.5626660000000072
20
-137.7699350000000038
11
134.5042009999999948
21
-138.051288999999997
0
LINE
8
BLACK
6
CONTINUOUS
10
134.5042009999999948
20
-138.051288999999997
11
134.4845919999999921
21
-138.3379699999999843
0
LINE
8
BLACK
6
CONTINUOUS
10
134.4845919999999921
20
-138.3379699999999843
11
134.5042009999999948
21
-138.6246500000000026
0
LINE
8
BLACK
6
CONTINUOUS
10
134.5042009999999948
20
-138.6246500000000026
11
134.5042009999999948
21
-138.6246539999999925
0
LINE
8
BLACK
6
CONTINUOUS
10
134.5042009999999948
20
-138.6246539999999925
11
134.5042019999999923
21
-138.6246559999999874
0
LINE
8
BLACK
6
CONTINUOUS
10
134.5042019999999923
20
-138.6246559999999874
11
134.5184429999999907
21
-138.6931859999999972
0
LINE
8
BLACK
6
CONTINUOUS
10
134.5184429999999907
20
-138.6931859999999972
11
134.5626660000000072
21
-138.9060039999999958
0
LINE
8
BLACK
6
CONTINUOUS
10
134.5626660000000072
20
-138.9060039999999958
11
134.5626670000000047
21
-138.9060069999999882
0
LINE
8
BLACK
6
CONTINUOUS
10
134.5626670000000047
20
-138.9060069999999882
11
134.6588940000000036
21
-139.176762999999994
0
LINE
8
BLACK
6
CONTINUOUS
10
134.6588940000000036
20
-139.176762999999994
11
134.6588930000000062
21
-139.176762999999994
0
LINE
8
BLACK
6
CONTINUOUS
10
134.6588930000000062
20
-139.176762999999994
11
134.7910980000000052
21
-139.4319050000000004
0
LINE
8
BLACK
6
CONTINUOUS
10
134.7910980000000052
20
-139.4319050000000004
11
134.9568119999999851
21
-139.6666699999999821
0
LINE
8
BLACK
6
CONTINUOUS
10
134.9568119999999851
20
-139.6666699999999821
11
135.0728009999999983
21
-139.7908630000000016
0
LINE
8
BLACK
6
CONTINUOUS
10
135.0728009999999983
20
-139.7908630000000016
11
135.104173000000003
21
-139.8532940000000053
0
LINE
8
BLACK
6
CONTINUOUS
10
135.104173000000003
20
-139.8532940000000053
11
135.0968129999999974
21
-139.9227750000000015
0
LINE
8
BLACK
6
CONTINUOUS
10
135.0968129999999974
20
-139.9227750000000015
11
135.053055999999998
21
-139.9772459999999796
0
LINE
8
BLACK
6
CONTINUOUS
10
135.053055999999998
20
-139.9772459999999796
11
134.9867959999999982
21
-139.9994140000000016
0
LINE
8
BLACK
6
CONTINUOUS
10
134.9867959999999982
20
-139.9994140000000016
11
134.9821780000000047
21
-139.9994999999999834
0
LINE
8
BLACK
6
CONTINUOUS
10
134.9821780000000047
20
-139.9994999999999834
11
133.606096000000008
21
-139.9994999999999834
0
LINE
8
BLACK
6
CONTINUOUS
10
133.606096000000008
20
-139.9994999999999834
11
133.4788000000000068
21
-140.0336079999999868
0
LINE
8
BLACK
6
CONTINUOUS
10
133.4788000000000068
20
-140.0336079999999868
11
133.3646740000000079
21
-140.0995000000000061
0
LINE
8
BLACK
6
CONTINUOUS
10
133.3646740000000079
20
-140.0995000000000061
11
133.3646709999999871
21
-140.0995020000000011
0
LINE
8
BLACK
6
CONTINUOUS
10
133.3646709999999871
20
-140.0995020000000011
11
133.27149
21
-140.1926829999999882
0
LINE
8
BLACK
6
CONTINUOUS
10
133.27149
20
-140.1926829999999882
11
133.2714880000000051
21
-140.1926859999999806
0
LINE
8
BLACK
6
CONTINUOUS
10
133.2714880000000051
20
-140.1926859999999806
11
133.2055959999999857
21
-140.3068120000000079
0
LINE
8
BLACK
6
CONTINUOUS
10
133.2055959999999857
20
-140.3068120000000079
11
133.1714879999999823
21
-140.4341079999999806
0
LINE
8
BLACK
6
CONTINUOUS
10
133.1714879999999823
20
-140.4341079999999806
11
133.1714879999999823
21
-145.1254999999999882
0
LINE
8
BLACK
6
CONTINUOUS
10
133.1714879999999823
20
-145.1254999999999882
11
133.151803000000001
21
-145.1925389999999823
0
LINE
8
BLACK
6
CONTINUOUS
10
133.151803000000001
20
-145.1925389999999823
11
133.0989989999999921
21
-145.2382939999999962
0
LINE
8
BLACK
6
CONTINUOUS
10
133.0989989999999921
20
-145.2382939999999962
11
133.0474879999999871
21
-145.2494999999999834
0
LINE
8
BLACK
6
CONTINUOUS
10
133.0474879999999871
20
-145.2494999999999834
11
75.8964879999999908
21
-145.2494999999999834
0
LINE
8
BLACK
6
CONTINUOUS
10
75.8964879999999908
20
-145.2494999999999834
11
75.8294489999999968
21
-145.2298150000000021
0
LINE
8
BLACK
6
CONTINUOUS
10
75.8294489999999968
20
-145.2298150000000021
11
75.783693999999997
21
-145.1770109999999931
0
LINE
8
BLACK
6
CONTINUOUS
10
75.783693999999997
20
-145.1770109999999931
11
75.7724879999999956
21
-145.1254999999999882
0
LINE
8
BLACK
6
CONTINUOUS
10
75.7724879999999956
20
-145.1254999999999882
11
75.7724879999999956
21
-141.0999960000000044
0
LINE
8
BLACK
6
CONTINUOUS
10
75.7724879999999956
20
-141.0999960000000044
11
75.7724879999999956
21
-140.434110000000004
0
LINE
8
BLACK
6
CONTINUOUS
10
75.7724879999999956
20
-140.434110000000004
11
75.7724879999999956
21
-140.4341079999999806
0
LINE
8
BLACK
6
CONTINUOUS
10
75.7724879999999956
20
-140.4341079999999806
11
75.7383799999999923
21
-140.3068140000000028
0
LINE
8
BLACK
6
CONTINUOUS
10
75.7383799999999923
20
-140.3068140000000028
11
75.7357259999999997
21
-140.3022179999999821
0
LINE
8
BLACK
6
CONTINUOUS
10
75.7357259999999997
20
-140.3022179999999821
11
75.7211729999999932
21
-140.2770109999999875
0
LINE
8
BLACK
6
CONTINUOUS
10
75.7211729999999932
20
-140.2770109999999875
11
75.6724880000000013
21
-140.1926859999999806
0
LINE
8
BLACK
6
CONTINUOUS
10
75.6724880000000013
20
-140.1926859999999806
11
75.5793019999999984
21
-140.0995000000000061
0
LINE
8
BLACK
6
CONTINUOUS
10
75.5793019999999984
20
-140.0995000000000061
11
75.5222380000000015
21
-140.0665539999999964
0
LINE
8
BLACK
6
CONTINUOUS
10
75.5222380000000015
20
-140.0665539999999964
11
75.4651750000000021
21
-140.0336079999999868
0
LINE
8
BLACK
6
CONTINUOUS
10
75.4651750000000021
20
-140.0336079999999868
11
75.4015270000000015
21
-140.0165539999999851
0
LINE
8
BLACK
6
CONTINUOUS
10
75.4015270000000015
20
-140.0165539999999851
11
75.3378799999999984
21
-139.9994999999999834
0
LINE
8
BLACK
6
CONTINUOUS
10
75.3378799999999984
20
-139.9994999999999834
11
75.3378790000000009
21
-139.9994999999999834
0
LINE
8
BLACK
6
CONTINUOUS
10
75.3378790000000009
20
-139.9994999999999834
11
73.994962000000001
21
-139.9994999999999834
0
LINE
8
BLACK
6
CONTINUOUS
10
73.994962000000001
20
-139.9994999999999834
11
73.9279229999999927
21
-139.9798150000000021
0
LINE
8
BLACK
6
CONTINUOUS
10
73.9279229999999927
20
-139.9798150000000021
11
73.882167999999993
21
-139.9270109999999931
0
LINE
8
BLACK
6
CONTINUOUS
10
73.882167999999993
20
-139.9270109999999931
11
73.8722240000000028
21
-139.8578530000000057
0
LINE
8
BLACK
6
CONTINUOUS
10
73.8722240000000028
20
-139.8578530000000057
11
73.9012489999999929
21
-139.7942970000000003
0
LINE
8
BLACK
6
CONTINUOUS
10
73.9012489999999929
20
-139.7942970000000003
11
73.9043389999999931
21
-139.7908630000000016
0
LINE
8
BLACK
6
CONTINUOUS
10
73.9043389999999931
20
-139.7908630000000016
11
73.9931869999999918
21
-139.6957299999999975
0
LINE
8
BLACK
6
CONTINUOUS
10
73.9931869999999918
20
-139.6957299999999975
11
73.9931859999999944
21
-139.6957299999999975
0
LINE
8
BLACK
6
CONTINUOUS
10
73.9931859999999944
20
-139.6957299999999975
11
73.993189000000001
21
-139.6957280000000026
0
LINE
8
BLACK
6
CONTINUOUS
10
73.993189000000001
20
-139.6957280000000026
11
74.1589010000000002
21
-139.4609659999999849
0
LINE
8
BLACK
6
CONTINUOUS
10
74.1589010000000002
20
-139.4609659999999849
11
74.29110399999999
21
-139.2058269999999993
0
LINE
8
BLACK
6
CONTINUOUS
10
74.29110399999999
20
-139.2058269999999993
11
74.3873339999999956
21
-138.9350619999999878
0
LINE
8
BLACK
6
CONTINUOUS
10
74.3873339999999956
20
-138.9350619999999878
11
74.4457979999999964
21
-138.6537160000000029
0
LINE
8
BLACK
6
CONTINUOUS
10
74.4457979999999964
20
-138.6537160000000029
11
74.4654079999999965
21
-138.3670299999999997
0
LINE
8
BLACK
6
CONTINUOUS
10
74.4654079999999965
20
-138.3670299999999997
11
74.4457979999999964
21
-138.0803439999999966
0
LINE
8
BLACK
6
CONTINUOUS
10
74.4457979999999964
20
-138.0803439999999966
11
74.3873339999999956
21
-137.7989979999999832
0
LINE
8
BLACK
6
CONTINUOUS
10
74.3873339999999956
20
-137.7989979999999832
11
74.3726149999999961
21
-137.7575839999999801
0
LINE
8
BLACK
6
CONTINUOUS
10
74.3726149999999961
20
-137.7575839999999801
11
74.2911050000000017
21
-137.5282359999999926
0
LINE
8
BLACK
6
CONTINUOUS
10
74.2911050000000017
20
-137.5282359999999926
11
74.2911059999999992
21
-137.5282359999999926
0
LINE
8
BLACK
6
CONTINUOUS
10
74.2911059999999992
20
-137.5282359999999926
11
74.1589010000000002
21
-137.2730939999999862
0
LINE
8
BLACK
6
CONTINUOUS
10
74.1589010000000002
20
-137.2730939999999862
11
73.9931869999999918
21
-137.0383290000000045
0
LINE
8
BLACK
6
CONTINUOUS
10
73.9931869999999918
20
-137.0383290000000045
11
73.882914999999997
21
-136.9202579999999898
0
LINE
8
BLACK
6
CONTINUOUS
10
73.882914999999997
20
-136.9202579999999898
11
73.7970529999999911
21
-136.8283219999999858
0
LINE
8
BLACK
6
CONTINUOUS
10
73.7970529999999911
20
-136.8283219999999858
11
73.5741469999999964
21
-136.6469749999999976
0
LINE
8
BLACK
6
CONTINUOUS
10
73.5741469999999964
20
-136.6469749999999976
11
73.5741459999999989
21
-136.6469740000000002
0
LINE
8
BLACK
6
CONTINUOUS
10
73.5741459999999989
20
-136.6469740000000002
11
73.3286169999999942
21
-136.4976639999999861
0
LINE
8
BLACK
6
CONTINUOUS
10
73.3286169999999942
20
-136.4976639999999861
11
73.065062999999995
21
-136.3831879999999899
0
LINE
8
BLACK
6
CONTINUOUS
10
73.065062999999995
20
-136.3831879999999899
11
73.065061
21
-136.3831869999999924
0
LINE
8
BLACK
6
CONTINUOUS
10
73.065061
20
-136.3831869999999924
11
73.0650579999999934
21
-136.3831859999999949
0
LINE
8
BLACK
6
CONTINUOUS
10
73.0650579999999934
20
-136.3831859999999949
11
72.9355779999999925
21
-136.3469069999999874
0
LINE
8
BLACK
6
CONTINUOUS
10
72.9355779999999925
20
-136.3469069999999874
11
72.7883640000000014
21
-136.3056599999999889
0
LINE
8
BLACK
6
CONTINUOUS
10
72.7883640000000014
20
-136.3056599999999889
11
72.7883589999999998
21
-136.3056589999999915
0
LINE
8
BLACK
6
CONTINUOUS
10
72.7883589999999998
20
-136.3056589999999915
11
72.7883580000000023
21
-136.3056589999999915
0
LINE
8
BLACK
6
CONTINUOUS
10
72.7883580000000023
20
-136.3056589999999915
11
72.5769420000000025
21
-136.276600000000002
0
LINE
8
BLACK
6
CONTINUOUS
10
72.5769420000000025
20
-136.276600000000002
11
72.5036789999999911
21
-136.2665299999999888
0
LINE
8
BLACK
6
CONTINUOUS
10
72.5036789999999911
20
-136.2665299999999888
11
72.5036779999999936
21
-136.2665299999999888
0
LINE
8
BLACK
6
CONTINUOUS
10
72.5036779999999936
20
-136.2665299999999888
11
72.216321999999991
21
-136.2665299999999888
0
LINE
8
BLACK
6
CONTINUOUS
10
72.216321999999991
20
-136.2665299999999888
11
72.2163209999999935
21
-136.2665299999999888
0
LINE
8
BLACK
6
CONTINUOUS
10
72.2163209999999935
20
-136.2665299999999888
11
71.9316419999999965
21
-136.3056589999999915
0
LINE
8
BLACK
6
CONTINUOUS
10
71.9316419999999965
20
-136.3056589999999915
11
71.931635
21
-136.3056599999999889
0
LINE
8
BLACK
6
CONTINUOUS
10
71.931635
20
-136.3056599999999889
11
71.7586589999999944
21
-136.3541260000000079
0
LINE
8
BLACK
6
CONTINUOUS
10
71.7586589999999944
20
-136.3541260000000079
11
71.6549419999999913
21
-136.3831859999999949
0
LINE
8
BLACK
6
CONTINUOUS
10
71.6549419999999913
20
-136.3831859999999949
11
71.6549389999999988
21
-136.3831859999999949
0
LINE
8
BLACK
6
CONTINUOUS
10
71.6549389999999988
20
-136.3831859999999949
11
71.6549359999999922
21
-136.3831879999999899
0
LINE
8
BLACK
6
CONTINUOUS
10
71.6549359999999922
20
-136.3831879999999899
11
71.6549349999999947
21
-136.3831879999999899
0
LINE
8
BLACK
6
CONTINUOUS
10
71.6549349999999947
20
-136.3831879999999899
11
71.391381999999993
21
-136.4976639999999861
0
LINE
8
BLACK
6
CONTINUOUS
10
71.391381999999993
20
-136.4976639999999861
11
71.1458530000000025
21
-136.6469740000000002
0
LINE
8
BLACK
6
CONTINUOUS
10
71.1458530000000025
20
-136.6469740000000002
11
70.9229500000000002
21
-136.8283189999999934
0
LINE
8
BLACK
6
CONTINUOUS
10
70.9229500000000002
20
-136.8283189999999934
11
70.7268119999999954
21
-137.0383290000000045
0
LINE
8
BLACK
6
CONTINUOUS
10
70.7268119999999954
20
-137.0383290000000045
11
70.5610980000000012
21
-137.2730939999999862
0
LINE
8
BLACK
6
CONTINUOUS
10
70.5610980000000012
20
-137.2730939999999862
11
70.4288939999999997
21
-137.5282359999999926
0
LINE
8
BLACK
6
CONTINUOUS
10
70.4288939999999997
20
-137.5282359999999926
11
70.3326670000000007
21
-137.7989919999999984
0
LINE
8
BLACK
6
CONTINUOUS
10
70.3326670000000007
20
-137.7989919999999984
11
70.3326660000000032
21
-137.7989949999999908
0
LINE
8
BLACK
6
CONTINUOUS
10
70.3326660000000032
20
-137.7989949999999908
11
70.2742009999999908
21
-138.080348999999984
0
LINE
8
BLACK
6
CONTINUOUS
10
70.2742009999999908
20
-138.080348999999984
11
70.2545920000000024
21
-138.3670299999999997
0
LINE
8
BLACK
6
CONTINUOUS
10
70.2545920000000024
20
-138.3670299999999997
11
70.2742009999999908
21
-138.6537099999999896
0
LINE
8
BLACK
6
CONTINUOUS
10
70.2742009999999908
20
-138.6537099999999896
11
70.3326660000000032
21
-138.9350639999999828
0
LINE
8
BLACK
6
CONTINUOUS
10
70.3326660000000032
20
-138.9350639999999828
11
70.3326670000000007
21
-138.9350670000000036
0
LINE
8
BLACK
6
CONTINUOUS
10
70.3326670000000007
20
-138.9350670000000036
11
70.4288939999999997
21
-139.205822999999981
0
LINE
8
BLACK
6
CONTINUOUS
10
70.4288939999999997
20
-139.205822999999981
11
70.4288930000000022
21
-139.205822999999981
0
LINE
8
BLACK
6
CONTINUOUS
10
70.4288930000000022
20
-139.205822999999981
11
70.5610980000000012
21
-139.4609649999999874
0
LINE
8
BLACK
6
CONTINUOUS
10
70.5610980000000012
20
-139.4609649999999874
11
70.7268119999999954
21
-139.6957299999999975
0
LINE
8
BLACK
6
CONTINUOUS
10
70.7268119999999954
20
-139.6957299999999975
11
70.8156609999999915
21
-139.7908630000000016
0
LINE
8
BLACK
6
CONTINUOUS
10
70.8156609999999915
20
-139.7908630000000016
11
70.8470329999999962
21
-139.8532940000000053
0
LINE
8
BLACK
6
CONTINUOUS
10
70.8470329999999962
20
-139.8532940000000053
11
70.8396729999999906
21
-139.922774000000004
0
LINE
8
BLACK
6
CONTINUOUS
10
70.8396729999999906
20
-139.922774000000004
11
70.7959159999999912
21
-139.9772459999999796
0
LINE
8
BLACK
6
CONTINUOUS
10
70.7959159999999912
20
-139.9772459999999796
11
70.7296570000000031
21
-139.9994140000000016
0
LINE
8
BLACK
6
CONTINUOUS
10
70.7296570000000031
20
-139.9994140000000016
11
70.7250379999999979
21
-139.9994999999999834
0
LINE
8
BLACK
6
CONTINUOUS
10
70.7250379999999979
20
-139.9994999999999834
11
68.1244999999999976
21
-139.9994999999999834
0
LINE
8
BLACK
6
CONTINUOUS
10
68.1244999999999976
20
-139.9994999999999834
11
68.0574610000000035
21
-139.9798150000000021
0
LINE
8
BLACK
6
CONTINUOUS
10
68.0574610000000035
20
-139.9798150000000021
11
68.0117060000000038
21
-139.9270109999999931
0
LINE
8
BLACK
6
CONTINUOUS
10
68.0117060000000038
20
-139.9270109999999931
11
68.0005000000000024
21
-139.8754999999999882
0
LINE
8
BLACK
6
CONTINUOUS
10
68.0005000000000024
20
-139.8754999999999882
11
68.0005000000000024
21
-134.2750000000000057
0
LINE
8
BLACK
6
CONTINUOUS
10
68.0005000000000024
20
-134.2750000000000057
11
68.0005000000000024
21
-126.9370299999999929
0
LINE
8
BLACK
6
CONTINUOUS
10
68.0005000000000024
20
-126.9370299999999929
11
68.0005000000000024
21
-107.5
0
LINE
8
BLACK
6
CONTINUOUS
10
68.0005000000000024
20
-107.5
11
68.0005000000000024
21
-105.1244999999999976
0
LINE
8
BLACK
6
CONTINUOUS
10
68.0005000000000024
20
-105.1244999999999976
11
68.0201849999999979
21
-105.0574609999999893
0
LINE
8
BLACK
6
CONTINUOUS
10
68.0201849999999979
20
-105.0574609999999893
11
68.0729889999999926
21
-105.0117059999999896
0
LINE
8
BLACK
6
CONTINUOUS
10
68.0729889999999926
20
-105.0117059999999896
11
68.1244999999999976
21
-105.0004999999999882
0
LINE
8
BLACK
6
CONTINUOUS
10
68.1244999999999976
20
-105.0004999999999882
11
140.8754999999999882
21
-105.0004999999999882
0
LINE
8
BLACK
6
CONTINUOUS
10
140.8754999999999882
20
-105.0004999999999882
11
140.9425389999999823
21
-105.0201849999999979
0
LINE
8
BLACK
6
CONTINUOUS
10
83.4944349999999957
20
-141.1000029999999867
11
83.5146299999999968
21
-141.279248999999993
0
LINE
8
BLACK
6
CONTINUOUS
10
83.5146299999999968
20
-141.279248999999993
11
83.5146309999999943
21
-141.2792539999999804
0
LINE
8
BLACK
6
CONTINUOUS
10
83.5146309999999943
20
-141.2792539999999804
11
83.5742109999999911
21
-141.4495229999999992
0
LINE
8
BLACK
6
CONTINUOUS
10
83.5742109999999911
20
-141.4495229999999992
11
83.6355729999999937
21
-141.5471789999999999
0
LINE
8
BLACK
6
CONTINUOUS
10
83.6355729999999937
20
-141.5471789999999999
11
83.6701839999999919
21
-141.6022619999999961
0
LINE
8
BLACK
6
CONTINUOUS
10
83.6701839999999919
20
-141.6022619999999961
11
83.7977379999999954
21
-141.7298159999999996
0
LINE
8
BLACK
6
CONTINUOUS
10
83.7977379999999954
20
-141.7298159999999996
11
83.9504779999999897
21
-141.8257889999999861
0
LINE
8
BLACK
6
CONTINUOUS
10
83.9504779999999897
20
-141.8257889999999861
11
83.9504829999999913
21
-141.825792000000007
0
LINE
8
BLACK
6
CONTINUOUS
10
83.9504829999999913
20
-141.825792000000007
11
83.956752999999992
21
-141.8288119999999992
0
LINE
8
BLACK
6
CONTINUOUS
10
83.956752999999992
20
-141.8288119999999992
11
83.9558660000000003
21
-141.8306519999999864
0
LINE
8
BLACK
6
CONTINUOUS
10
83.9558660000000003
20
-141.8306519999999864
11
83.9919390000000021
21
-141.8533070000000009
0
LINE
8
BLACK
6
CONTINUOUS
10
83.9919390000000021
20
-141.8533070000000009
11
85.0215800000000002
21
-142.882947999999999
0
LINE
8
BLACK
6
CONTINUOUS
10
85.0215800000000002
20
-142.882947999999999
11
85.0215839999999901
21
-142.8829509999999914
0
LINE
8
BLACK
6
CONTINUOUS
10
85.0215839999999901
20
-142.8829509999999914
11
85.1444979999999987
21
-142.9650800000000004
0
LINE
8
BLACK
6
CONTINUOUS
10
85.1444979999999987
20
-142.9650800000000004
11
85.1445109999999943
21
-142.9650869999999827
0
LINE
8
BLACK
6
CONTINUOUS
10
85.1445109999999943
20
-142.9650869999999827
11
85.2810819999999978
21
-143.0216560000000072
0
LINE
8
BLACK
6
CONTINUOUS
10
85.2810819999999978
20
-143.0216560000000072
11
85.2810869999999994
21
-143.0216580000000022
0
LINE
8
BLACK
6
CONTINUOUS
10
85.2810869999999994
20
-143.0216580000000022
11
85.2810909999999893
21
-143.0216580000000022
0
LINE
8
BLACK
6
CONTINUOUS
10
85.2810909999999893
20
-143.0216580000000022
11
85.281092000000001
21
-143.0216589999999997
0
LINE
8
BLACK
6
CONTINUOUS
10
85.281092000000001
20
-143.0216589999999997
11
85.4260790000000014
21
-143.0504999999999995
0
LINE
8
BLACK
6
CONTINUOUS
10
85.4260790000000014
20
-143.0504999999999995
11
85.4260819999999939
21
-143.0504999999999995
0
LINE
8
BLACK
6
CONTINUOUS
10
85.4260819999999939
20
-143.0504999999999995
11
128.2739200000000039
21
-143.0504999999999995
0
LINE
8
BLACK
6
CONTINUOUS
10
128.2739200000000039
20
-143.0504999999999995
11
128.3714620000000082
21
-143.0310959999999909
0
LINE
8
BLACK
6
CONTINUOUS
10
128.3714620000000082
20
-143.0310959999999909
11
128.4189130000000034
21
-143.0216580000000022
0
LINE
8
BLACK
6
CONTINUOUS
10
128.4189130000000034
20
-143.0216580000000022
11
128.5554950000000076
21
-142.9650839999999903
0
LINE
8
BLACK
6
CONTINUOUS
10
128.5554950000000076
20
-142.9650839999999903
11
128.6047289999999919
21
-142.9321860000000015
0
LINE
8
BLACK
6
CONTINUOUS
10
128.6047289999999919
20
-142.9321860000000015
11
128.6784159999999986
21
-142.8829519999999889
0
LINE
8
BLACK
6
CONTINUOUS
10
128.6784159999999986
20
-142.8829519999999889
11
132.6829520000000002
21
-138.8784159999999872
0
LINE
8
BLACK
6
CONTINUOUS
10
132.6829520000000002
20
-138.8784159999999872
11
132.7645919999999933
21
-138.7562309999999854
0
LINE
8
BLACK
6
CONTINUOUS
10
132.7645919999999933
20
-138.7562309999999854
11
132.7646090000000072
21
-138.7562069999999892
0
LINE
8
BLACK
6
CONTINUOUS
10
132.7646090000000072
20
-138.7562069999999892
11
132.7650799999999833
21
-138.755502000000007
0
LINE
8
BLACK
6
CONTINUOUS
10
132.7650799999999833
20
-138.755502000000007
11
132.7650859999999966
21
-138.7554899999999805
0
LINE
8
BLACK
6
CONTINUOUS
10
132.7650859999999966
20
-138.7554899999999805
11
132.8072420000000022
21
-138.6537160000000029
0
LINE
8
BLACK
6
CONTINUOUS
10
132.8072420000000022
20
-138.6537160000000029
11
132.8216579999999851
21
-138.6189129999999921
0
LINE
8
BLACK
6
CONTINUOUS
10
132.8216579999999851
20
-138.6189129999999921
11
132.8504999999999825
21
-138.4739179999999976
0
LINE
8
BLACK
6
CONTINUOUS
10
132.8504999999999825
20
-138.4739179999999976
11
132.8504999999999825
21
-133.4260820000000081
0
LINE
8
BLACK
6
CONTINUOUS
10
132.8504999999999825
20
-133.4260820000000081
11
132.8504999999999825
21
-133.4260789999999872
0
LINE
8
BLACK
6
CONTINUOUS
10
132.8504999999999825
20
-133.4260789999999872
11
132.8216589999999826
21
-133.281092000000001
0
LINE
8
BLACK
6
CONTINUOUS
10
132.8216589999999826
20
-133.281092000000001
11
132.8216579999999851
21
-133.2810910000000035
0
LINE
8
BLACK
6
CONTINUOUS
10
132.8216579999999851
20
-133.2810910000000035
11
132.8216579999999851
21
-133.2810869999999852
0
LINE
8
BLACK
6
CONTINUOUS
10
132.8216579999999851
20
-133.2810869999999852
11
132.8137509999999963
21
-133.2619980000000055
0
LINE
8
BLACK
6
CONTINUOUS
10
132.8137509999999963
20
-133.2619980000000055
11
132.7650869999999941
21
-133.1445109999999943
0
LINE
8
BLACK
6
CONTINUOUS
10
132.7650869999999941
20
-133.1445109999999943
11
132.7650799999999833
21
-133.1444979999999987
0
LINE
8
BLACK
6
CONTINUOUS
10
132.7650799999999833
20
-133.1444979999999987
11
132.6829520000000002
21
-133.0215849999999875
0
LINE
8
BLACK
6
CONTINUOUS
10
132.6829520000000002
20
-133.0215849999999875
11
132.6405919999999981
21
-132.9792249999999854
0
LINE
8
BLACK
6
CONTINUOUS
10
132.6405919999999981
20
-132.9792249999999854
11
132.5784160000000043
21
-132.9170489999999916
0
LINE
8
BLACK
6
CONTINUOUS
10
132.5784160000000043
20
-132.9170489999999916
11
132.3284160000000043
21
-132.6670479999999941
0
LINE
8
BLACK
6
CONTINUOUS
10
132.3284160000000043
20
-132.6670479999999941
11
132.3284150000000068
21
-132.6670469999999966
0
LINE
8
BLACK
6
CONTINUOUS
10
132.3284150000000068
20
-132.6670469999999966
11
132.3284139999999809
21
-132.6670459999999991
0
LINE
8
BLACK
6
CONTINUOUS
10
132.3284139999999809
20
-132.6670459999999991
11
132.2509589999999946
21
-132.6152929999999799
0
LINE
8
BLACK
6
CONTINUOUS
10
132.2509589999999946
20
-132.6152929999999799
11
132.2509579999999971
21
-132.6152929999999799
0
LINE
8
BLACK
6
CONTINUOUS
10
132.2509579999999971
20
-132.6152929999999799
11
132.2055009999999982
21
-132.5849189999999851
0
LINE
8
BLACK
6
CONTINUOUS
10
132.2055009999999982
20
-132.5849189999999851
11
132.2054880000000026
21
-132.5849120000000028
0
LINE
8
BLACK
6
CONTINUOUS
10
132.2054880000000026
20
-132.5849120000000028
11
132.068916999999999
21
-132.5283430000000067
0
LINE
8
BLACK
6
CONTINUOUS
10
132.068916999999999
20
-132.5283430000000067
11
132.0689069999999958
21
-132.5283399999999858
0
LINE
8
BLACK
6
CONTINUOUS
10
132.0689069999999958
20
-132.5283399999999858
11
131.9239199999999812
21
-132.4994999999999834
0
LINE
8
BLACK
6
CONTINUOUS
10
131.9239199999999812
20
-132.4994999999999834
11
131.9239179999999863
21
-132.4994999999999834
0
LINE
8
BLACK
6
CONTINUOUS
10
131.9239179999999863
20
-132.4994999999999834
11
130.9501300000000015
21
-132.4994999999999834
0
LINE
8
BLACK
6
CONTINUOUS
10
130.9501300000000015
20
-132.4994999999999834
11
130.8830910000000074
21
-132.4798150000000021
0
LINE
8
BLACK
6
CONTINUOUS
10
130.8830910000000074
20
-132.4798150000000021
11
130.8714650000000006
21
-132.4713529999999935
0
LINE
8
BLACK
6
CONTINUOUS
10
130.8714650000000006
20
-132.4713529999999935
11
130.7738209999999981
21
-132.3912179999999807
0
LINE
8
BLACK
6
CONTINUOUS
10
130.7738209999999981
20
-132.3912179999999807
11
130.7738180000000057
21
-132.3912159999999858
0
LINE
8
BLACK
6
CONTINUOUS
10
130.7738180000000057
20
-132.3912159999999858
11
130.5952549999999803
21
-132.295772999999997
0
LINE
8
BLACK
6
CONTINUOUS
10
130.5952549999999803
20
-132.295772999999997
11
130.4589440000000025
21
-132.2544230000000027
0
LINE
8
BLACK
6
CONTINUOUS
10
130.4589440000000025
20
-132.2544230000000027
11
130.4005060000000071
21
-132.2161260000000027
0
LINE
8
BLACK
6
CONTINUOUS
10
130.4005060000000071
20
-132.2161260000000027
11
130.3720490000000041
21
-132.1523129999999924
0
LINE
8
BLACK
6
CONTINUOUS
10
130.3720490000000041
20
-132.1523129999999924
11
130.3826099999999997
21
-132.0832460000000026
0
LINE
8
BLACK
6
CONTINUOUS
10
130.3826099999999997
20
-132.0832460000000026
11
130.4288349999999923
21
-132.0308530000000076
0
LINE
8
BLACK
6
CONTINUOUS
10
130.4288349999999923
20
-132.0308530000000076
11
130.470751000000007
21
-132.014144999999985
0
LINE
8
BLACK
6
CONTINUOUS
10
130.470751000000007
20
-132.014144999999985
11
130.4764889999999866
21
-132.0130020000000002
0
LINE
8
BLACK
6
CONTINUOUS
10
130.4764889999999866
20
-132.0130020000000002
11
130.4764989999999898
21
-132.0130020000000002
0
LINE
8
BLACK
6
CONTINUOUS
10
130.4764989999999898
20
-132.0130020000000002
11
130.6702539999999999
21
-131.954227000000003
0
LINE
8
BLACK
6
CONTINUOUS
10
130.6702539999999999
20
-131.954227000000003
11
130.8488199999999892
21
-131.8587819999999908
0
LINE
8
BLACK
6
CONTINUOUS
10
130.8488199999999892
20
-131.8587819999999908
11
131.0053340000000048
21
-131.7303339999999992
0
LINE
8
BLACK
6
CONTINUOUS
10
131.0053340000000048
20
-131.7303339999999992
11
131.1337819999999965
21
-131.5738199999999836
0
LINE
8
BLACK
6
CONTINUOUS
10
131.1337819999999965
20
-131.5738199999999836
11
131.2292269999999803
21
-131.3952539999999942
0
LINE
8
BLACK
6
CONTINUOUS
10
131.2292269999999803
20
-131.3952539999999942
11
131.2880020000000059
21
-131.2014989999999841
0
LINE
8
BLACK
6
CONTINUOUS
10
131.2880020000000059
20
-131.2014989999999841
11
131.307848000000007
21
-131.
0
LINE
8
BLACK
6
CONTINUOUS
10
131.307848000000007
20
-131.
11
131.2880020000000059
21
-130.7985009999999875
0
LINE
8
BLACK
6
CONTINUOUS
10
131.2880020000000059
20
-130.7985009999999875
11
131.2292269999999803
21
-130.6047460000000058
0
LINE
8
BLACK
6
CONTINUOUS
10
131.2292269999999803
20
-130.6047460000000058
11
131.2292249999999854
21
-130.6047429999999849
0
LINE
8
BLACK
6
CONTINUOUS
10
131.2292249999999854
20
-130.6047429999999849
11
131.2292249999999854
21
-130.60474099999999
0
LINE
8
BLACK
6
CONTINUOUS
10
131.2292249999999854
20
-130.60474099999999
11
131.133782999999994
21
-130.4261809999999855
0
LINE
8
BLACK
6
CONTINUOUS
10
131.133782999999994
20
-130.4261809999999855
11
131.133780999999999
21
-130.4261779999999931
0
LINE
8
BLACK
6
CONTINUOUS
10
131.133780999999999
20
-130.4261779999999931
11
131.0053340000000048
21
-130.2696650000000034
0
LINE
8
BLACK
6
CONTINUOUS
10
131.0053340000000048
20
-130.2696650000000034
11
130.8488209999999867
21
-130.1412179999999807
0
LINE
8
BLACK
6
CONTINUOUS
10
130.8488209999999867
20
-130.1412179999999807
11
130.8488179999999943
21
-130.1412159999999858
0
LINE
8
BLACK
6
CONTINUOUS
10
130.8488179999999943
20
-130.1412159999999858
11
130.6702599999999848
21
-130.0457749999999919
0
LINE
8
BLACK
6
CONTINUOUS
10
130.6702599999999848
20
-130.0457749999999919
11
130.6702539999999999
21
-130.045772999999997
0
LINE
8
BLACK
6
CONTINUOUS
10
130.6702539999999999
20
-130.045772999999997
11
130.4859600000000057
21
-129.9898680000000013
0
LINE
8
BLACK
6
CONTINUOUS
10
130.4859600000000057
20
-129.9898680000000013
11
130.4275240000000053
21
-129.9515710000000013
0
LINE
8
BLACK
6
CONTINUOUS
10
130.4275240000000053
20
-129.9515710000000013
11
130.3990670000000023
21
-129.8877589999999884
0
LINE
8
BLACK
6
CONTINUOUS
10
130.3990670000000023
20
-129.8877589999999884
11
130.4096279999999979
21
-129.8186919999999986
0
LINE
8
BLACK
6
CONTINUOUS
10
130.4096279999999979
20
-129.8186919999999986
11
130.455851999999993
21
-129.7662980000000061
0
LINE
8
BLACK
6
CONTINUOUS
10
130.455851999999993
20
-129.7662980000000061
11
130.4859600000000057
21
-129.7525479999999902
0
LINE
8
BLACK
6
CONTINUOUS
10
130.4859600000000057
20
-129.7525479999999902
11
130.6452539999999942
21
-129.704227000000003
0
LINE
8
BLACK
6
CONTINUOUS
10
130.6452539999999942
20
-129.704227000000003
11
130.8238199999999836
21
-129.6087819999999908
0
LINE
8
BLACK
6
CONTINUOUS
10
130.8238199999999836
20
-129.6087819999999908
11
130.9803339999999992
21
-129.4803339999999992
0
LINE
8
BLACK
6
CONTINUOUS
10
130.9803339999999992
20
-129.4803339999999992
11
131.1087819999999908
21
-129.3238199999999836
0
LINE
8
BLACK
6
CONTINUOUS
10
131.1087819999999908
20
-129.3238199999999836
11
131.204227000000003
21
-129.1452539999999942
0
LINE
8
BLACK
6
CONTINUOUS
10
131.204227000000003
20
-129.1452539999999942
11
131.2630020000000002
21
-128.9514989999999841
0
LINE
8
BLACK
6
CONTINUOUS
10
131.2630020000000002
20
-128.9514989999999841
11
131.2828480000000013
21
-128.75
0
LINE
8
BLACK
6
CONTINUOUS
10
131.2828480000000013
20
-128.75
11
131.2630020000000002
21
-128.5485009999999875
0
LINE
8
BLACK
6
CONTINUOUS
10
131.2630020000000002
20
-128.5485009999999875
11
131.204227000000003
21
-128.3547460000000058
0
LINE
8
BLACK
6
CONTINUOUS
10
131.204227000000003
20
-128.3547460000000058
11
131.2042250000000081
21
-128.3547429999999849
0
LINE
8
BLACK
6
CONTINUOUS
10
131.2042250000000081
20
-128.3547429999999849
11
131.2042250000000081
21
-128.35474099999999
0
LINE
8
BLACK
6
CONTINUOUS
10
131.2042250000000081
20
-128.35474099999999
11
131.1087829999999883
21
-128.1761809999999855
0
LINE
8
BLACK
6
CONTINUOUS
10
131.1087829999999883
20
-128.1761809999999855
11
131.1087809999999934
21
-128.1761779999999931
0
LINE
8
BLACK
6
CONTINUOUS
10
131.1087809999999934
20
-128.1761779999999931
11
130.9803339999999992
21
-128.0196650000000034
0
LINE
8
BLACK
6
CONTINUOUS
10
130.9803339999999992
20
-128.0196650000000034
11
130.823820999999981
21
-127.891217999999995
0
LINE
8
BLACK
6
CONTINUOUS
10
130.823820999999981
20
-127.891217999999995
11
130.8238179999999886
21
-127.891216
0
LINE
8
BLACK
6
CONTINUOUS
10
130.8238179999999886
20
-127.891216
11
130.6452579999999841
21
-127.7957739999999944
0
LINE
8
BLACK
6
CONTINUOUS
10
130.6452579999999841
20
-127.7957739999999944
11
130.4514969999999892
21
-127.7369969999999881
0
LINE
8
BLACK
6
CONTINUOUS
10
130.4514969999999892
20
-127.7369969999999881
11
130.25
21
-127.7171519999999987
0
LINE
8
BLACK
6
CONTINUOUS
10
130.25
20
-127.7171519999999987
11
130.0485019999999849
21
-127.7369969999999881
0
LINE
8
BLACK
6
CONTINUOUS
10
130.0485019999999849
20
-127.7369969999999881
11
129.85474099999999
21
-127.7957739999999944
0
LINE
8
BLACK
6
CONTINUOUS
10
129.85474099999999
20
-127.7957739999999944
11
129.6761809999999855
21
-127.891216
0
LINE
8
BLACK
6
CONTINUOUS
10
129.6761809999999855
20
-127.891216
11
129.6761779999999931
21
-127.891217999999995
0
LINE
8
BLACK
6
CONTINUOUS
10
129.6761779999999931
20
-127.891217999999995
11
129.5196650000000034
21
-128.0196650000000034
0
LINE
8
BLACK
6
CONTINUOUS
10
129.5196650000000034
20
-128.0196650000000034
11
129.3912179999999807
21
-128.1761779999999931
0
LINE
8
BLACK
6
CONTINUOUS
10
129.3912179999999807
20
-128.1761779999999931
11
129.3912159999999858
21
-128.1761809999999855
0
LINE
8
BLACK
6
CONTINUOUS
10
129.3912159999999858
20
-128.1761809999999855
11
129.2957739999999944
21
-128.35474099999999
0
LINE
8
BLACK
6
CONTINUOUS
10
129.2957739999999944
20
-128.35474099999999
11
129.2369970000000023
21
-128.5485019999999849
0
LINE
8
BLACK
6
CONTINUOUS
10
129.2369970000000023
20
-128.5485019999999849
11
129.2171519999999987
21
-128.75
0
LINE
8
BLACK
6
CONTINUOUS
10
129.2171519999999987
20
-128.75
11
129.2369970000000023
21
-128.9514969999999892
0
LINE
8
BLACK
6
CONTINUOUS
10
129.2369970000000023
20
-128.9514969999999892
11
129.2957739999999944
21
-129.1452579999999841
0
LINE
8
BLACK
6
CONTINUOUS
10
129.2957739999999944
20
-129.1452579999999841
11
129.3912159999999858
21
-129.3238179999999886
0
LINE
8
BLACK
6
CONTINUOUS
10
129.3912159999999858
20
-129.3238179999999886
11
129.3912179999999807
21
-129.323820999999981
0
LINE
8
BLACK
6
CONTINUOUS
10
129.3912179999999807
20
-129.323820999999981
11
129.5196650000000034
21
-129.4803339999999992
0
LINE
8
BLACK
6
CONTINUOUS
10
129.5196650000000034
20
-129.4803339999999992
11
129.6761779999999931
21
-129.6087809999999934
0
LINE
8
BLACK
6
CONTINUOUS
10
129.6761779999999931
20
-129.6087809999999934
11
129.6761809999999855
21
-129.6087829999999883
0
LINE
8
BLACK
6
CONTINUOUS
10
129.6761809999999855
20
-129.6087829999999883
11
129.85474099999999
21
-129.7042250000000081
0
LINE
8
BLACK
6
CONTINUOUS
10
129.85474099999999
20
-129.7042250000000081
11
129.8547429999999849
21
-129.7042250000000081
0
LINE
8
BLACK
6
CONTINUOUS
10
129.8547429999999849
20
-129.7042250000000081
11
129.8547460000000058
21
-129.704227000000003
0
LINE
8
BLACK
6
CONTINUOUS
10
129.8547460000000058
20
-129.704227000000003
11
130.039038000000005
21
-129.7601310000000012
0
LINE
8
BLACK
6
CONTINUOUS
10
130.039038000000005
20
-129.7601310000000012
11
130.0974750000000029
21
-129.7984280000000012
0
LINE
8
BLACK
6
CONTINUOUS
10
130.0974750000000029
20
-129.7984280000000012
11
130.12593099999998
21
-129.8622399999999857
0
LINE
8
BLACK
6
CONTINUOUS
10
130.12593099999998
20
-129.8622399999999857
11
130.1153709999999819
21
-129.9313070000000039
0
LINE
8
BLACK
6
CONTINUOUS
10
130.1153709999999819
20
-129.9313070000000039
11
130.0691469999999867
21
-129.9837009999999964
0
LINE
8
BLACK
6
CONTINUOUS
10
130.0691469999999867
20
-129.9837009999999964
11
130.0390370000000075
21
-129.9974509999999839
0
LINE
8
BLACK
6
CONTINUOUS
10
130.0390370000000075
20
-129.9974509999999839
11
129.8797439999999881
21
-130.045772999999997
0
LINE
8
BLACK
6
CONTINUOUS
10
129.8797439999999881
20
-130.045772999999997
11
129.7011809999999912
21
-130.1412159999999858
0
LINE
8
BLACK
6
CONTINUOUS
10
129.7011809999999912
20
-130.1412159999999858
11
129.7011779999999987
21
-130.1412179999999807
0
LINE
8
BLACK
6
CONTINUOUS
10
129.7011779999999987
20
-130.1412179999999807
11
129.5446649999999806
21
-130.2696650000000034
0
LINE
8
BLACK
6
CONTINUOUS
10
129.5446649999999806
20
-130.2696650000000034
11
129.4162179999999864
21
-130.4261779999999931
0
LINE
8
BLACK
6
CONTINUOUS
10
129.4162179999999864
20
-130.4261779999999931
11
129.4162159999999915
21
-130.4261809999999855
0
LINE
8
BLACK
6
CONTINUOUS
10
129.4162159999999915
20
-130.4261809999999855
11
129.3207740000000001
21
-130.60474099999999
0
LINE
8
BLACK
6
CONTINUOUS
10
129.3207740000000001
20
-130.60474099999999
11
129.261997000000008
21
-130.7985019999999849
0
LINE
8
BLACK
6
CONTINUOUS
10
129.261997000000008
20
-130.7985019999999849
11
129.2421520000000044
21
-131.
0
LINE
8
BLACK
6
CONTINUOUS
10
129.2421520000000044
20
-131.
11
129.261997000000008
21
-131.2014969999999892
0
LINE
8
BLACK
6
CONTINUOUS
10
129.261997000000008
20
-131.2014969999999892
11
129.3207740000000001
21
-131.3952579999999841
0
LINE
8
BLACK
6
CONTINUOUS
10
129.3207740000000001
20
-131.3952579999999841
11
129.4162159999999915
21
-131.5738179999999886
0
LINE
8
BLACK
6
CONTINUOUS
10
129.4162159999999915
20
-131.5738179999999886
11
129.4162179999999864
21
-131.573820999999981
0
LINE
8
BLACK
6
CONTINUOUS
10
129.4162179999999864
20
-131.573820999999981
11
129.5446649999999806
21
-131.7303339999999992
0
LINE
8
BLACK
6
CONTINUOUS
10
129.5446649999999806
20
-131.7303339999999992
11
129.7011779999999987
21
-131.8587809999999934
0
LINE
8
BLACK
6
CONTINUOUS
10
129.7011779999999987
20
-131.8587809999999934
11
129.7011809999999912
21
-131.8587829999999883
0
LINE
8
BLACK
6
CONTINUOUS
10
129.7011809999999912
20
-131.8587829999999883
11
129.8797409999999957
21
-131.9542250000000081
0
LINE
8
BLACK
6
CONTINUOUS
10
129.8797409999999957
20
-131.9542250000000081
11
129.8797429999999906
21
-131.9542250000000081
0
LINE
8
BLACK
6
CONTINUOUS
10
129.8797429999999906
20
-131.9542250000000081
11
129.879745999999983
21
-131.954227000000003
0
LINE
8
BLACK
6
CONTINUOUS
10
129.879745999999983
20
-131.954227000000003
11
130.0160549999999944
21
-131.9955759999999998
0
LINE
8
BLACK
6
CONTINUOUS
10
130.0160549999999944
20
-131.9955759999999998
11
130.0744929999999897
21
-132.0338729999999998
0
LINE
8
BLACK
6
CONTINUOUS
10
130.0744929999999897
20
-132.0338729999999998
11
130.1029489999999953
21
-132.0976849999999843
0
LINE
8
BLACK
6
CONTINUOUS
10
130.1029489999999953
20
-132.0976849999999843
11
130.0923889999999972
21
-132.1667520000000025
0
LINE
8
BLACK
6
CONTINUOUS
10
130.0923889999999972
20
-132.1667520000000025
11
130.046165000000002
21
-132.219145999999995
0
LINE
8
BLACK
6
CONTINUOUS
10
130.046165000000002
20
-132.219145999999995
11
130.0042599999999879
21
-132.2358509999999967
0
LINE
8
BLACK
6
CONTINUOUS
10
130.0042599999999879
20
-132.2358509999999967
11
129.9985120000000052
21
-132.2369939999999815
0
LINE
8
BLACK
6
CONTINUOUS
10
129.9985120000000052
20
-132.2369939999999815
11
129.804741000000007
21
-132.2957739999999944
0
LINE
8
BLACK
6
CONTINUOUS
10
129.804741000000007
20
-132.2957739999999944
11
129.6261810000000025
21
-132.3912159999999858
0
LINE
8
BLACK
6
CONTINUOUS
10
129.6261810000000025
20
-132.3912159999999858
11
129.6261779999999817
21
-132.3912179999999807
0
LINE
8
BLACK
6
CONTINUOUS
10
129.6261779999999817
20
-132.3912179999999807
11
129.469664999999992
21
-132.5196650000000034
0
LINE
8
BLACK
6
CONTINUOUS
10
129.469664999999992
20
-132.5196650000000034
11
129.3412179999999978
21
-132.6761779999999931
0
LINE
8
BLACK
6
CONTINUOUS
10
129.3412179999999978
20
-132.6761779999999931
11
129.3412160000000029
21
-132.6761809999999855
0
LINE
8
BLACK
6
CONTINUOUS
10
129.3412160000000029
20
-132.6761809999999855
11
129.2457739999999831
21
-132.85474099999999
0
LINE
8
BLACK
6
CONTINUOUS
10
129.2457739999999831
20
-132.85474099999999
11
129.186996999999991
21
-133.0485019999999849
0
LINE
8
BLACK
6
CONTINUOUS
10
129.186996999999991
20
-133.0485019999999849
11
129.1671519999999873
21
-133.25
0
LINE
8
BLACK
6
CONTINUOUS
10
129.1671519999999873
20
-133.25
11
129.186996999999991
21
-133.4514969999999892
0
LINE
8
BLACK
6
CONTINUOUS
10
129.186996999999991
20
-133.4514969999999892
11
129.2457739999999831
21
-133.6452579999999841
0
LINE
8
BLACK
6
CONTINUOUS
10
129.2457739999999831
20
-133.6452579999999841
11
129.3412160000000029
21
-133.8238179999999886
0
LINE
8
BLACK
6
CONTINUOUS
10
129.3412160000000029
20
-133.8238179999999886
11
129.3412179999999978
21
-133.823820999999981
0
LINE
8
BLACK
6
CONTINUOUS
10
129.3412179999999978
20
-133.823820999999981
11
129.469664999999992
21
-133.9803339999999992
0
LINE
8
BLACK
6
CONTINUOUS
10
129.469664999999992
20
-133.9803339999999992
11
129.6261779999999817
21
-134.1087809999999934
0
LINE
8
BLACK
6
CONTINUOUS
10
129.6261779999999817
20
-134.1087809999999934
11
129.6261810000000025
21
-134.1087829999999883
0
LINE
8
BLACK
6
CONTINUOUS
10
129.6261810000000025
20
-134.1087829999999883
11
129.804741000000007
21
-134.2042250000000081
0
LINE
8
BLACK
6
CONTINUOUS
10
129.804741000000007
20
-134.2042250000000081
11
129.804743000000002
21
-134.2042250000000081
0
LINE
8
BLACK
6
CONTINUOUS
10
129.804743000000002
20
-134.2042250000000081
11
129.8047459999999944
21
-134.204227000000003
0
LINE
8
BLACK
6
CONTINUOUS
10
129.8047459999999944
20
-134.204227000000003
11
129.9985010000000045
21
-134.2630020000000002
0
LINE
8
BLACK
6
CONTINUOUS
10
129.9985010000000045
20
-134.2630020000000002
11
130.0556990000000042
21
-134.2686349999999891
0
LINE
8
BLACK
6
CONTINUOUS
10
130.0556990000000042
20
-134.2686349999999891
11
130.1204850000000022
21
-134.2947949999999935
0
LINE
8
BLACK
6
CONTINUOUS
10
130.1204850000000022
20
-134.2947949999999935
11
130.1608449999999948
21
-134.3518289999999809
0
LINE
8
BLACK
6
CONTINUOUS
10
130.1608449999999948
20
-134.3518289999999809
11
130.1639619999999979
21
-134.4216289999999958
0
LINE
8
BLACK
6
CONTINUOUS
10
130.1639619999999979
20
-134.4216289999999958
11
130.128848000000005
21
-134.4820339999999987
0
LINE
8
BLACK
6
CONTINUOUS
10
130.128848000000005
20
-134.4820339999999987
11
130.0786630000000059
21
-134.508197999999993
0
LINE
8
BLACK
6
CONTINUOUS
10
130.0786630000000059
20
-134.508197999999993
11
130.0794290000000046
21
-134.5107209999999895
0
LINE
8
BLACK
6
CONTINUOUS
10
130.0794290000000046
20
-134.5107209999999895
11
129.8799419999999998
21
-134.5712350000000015
0
LINE
8
BLACK
6
CONTINUOUS
10
129.8799419999999998
20
-134.5712350000000015
11
129.74624799999998
21
-134.6426950000000033
0
LINE
8
BLACK
6
CONTINUOUS
10
129.74624799999998
20
-134.6426950000000033
11
130.1248170000000073
21
-135.0212640000000022
0
LINE
8
BLACK
6
CONTINUOUS
10
130.1248170000000073
20
-135.0212640000000022
11
130.1385049999999808
21
-135.0155949999999905
0
LINE
8
BLACK
6
CONTINUOUS
10
130.1385049999999808
20
-135.0155949999999905
11
130.2750000000000057
21
-134.9976249999999993
0
LINE
8
BLACK
6
CONTINUOUS
10
130.2750000000000057
20
-134.9976249999999993
11
130.4114950000000022
21
-135.0155949999999905
0
LINE
8
BLACK
6
CONTINUOUS
10
130.4114950000000022
20
-135.0155949999999905
11
130.4251820000000066
21
-135.0212640000000022
0
LINE
8
BLACK
6
CONTINUOUS
10
130.4251820000000066
20
-135.0212640000000022
11
130.803750000000008
21
-134.6426950000000033
0
LINE
8
BLACK
6
CONTINUOUS
10
130.803750000000008
20
-134.6426950000000033
11
130.803750000000008
21
-134.6426940000000059
0
LINE
8
BLACK
6
CONTINUOUS
10
130.803750000000008
20
-134.6426940000000059
11
130.670062999999999
21
-134.5712369999999964
0
LINE
8
BLACK
6
CONTINUOUS
10
130.670062999999999
20
-134.5712369999999964
11
130.4764030000000048
21
-134.5124899999999855
0
LINE
8
BLACK
6
CONTINUOUS
10
130.4764030000000048
20
-134.5124899999999855
11
130.4193319999999972
21
-134.5068689999999947
0
LINE
8
BLACK
6
CONTINUOUS
10
130.4193319999999972
20
-134.5068689999999947
11
130.3545450000000017
21
-134.4807079999999928
0
LINE
8
BLACK
6
CONTINUOUS
10
130.3545450000000017
20
-134.4807079999999928
11
130.314187000000004
21
-134.423673000000008
0
LINE
8
BLACK
6
CONTINUOUS
10
130.314187000000004
20
-134.423673000000008
11
130.3110700000000008
21
-134.353872999999993
0
LINE
8
BLACK
6
CONTINUOUS
10
130.3110700000000008
20
-134.353872999999993
11
130.3461849999999913
21
-134.2934679999999901
0
LINE
8
BLACK
6
CONTINUOUS
10
130.3461849999999913
20
-134.2934679999999901
11
130.3964990000000057
21
-134.2675040000000024
0
LINE
8
BLACK
6
CONTINUOUS
10
130.3964990000000057
20
-134.2675040000000024
11
130.3956699999999955
21
-134.2647699999999986
0
LINE
8
BLACK
6
CONTINUOUS
10
130.3956699999999955
20
-134.2647699999999986
11
130.4014970000000062
21
-134.2630020000000002
0
LINE
8
BLACK
6
CONTINUOUS
10
130.4014970000000062
20
-134.2630020000000002
11
130.4014990000000012
21
-134.2630020000000002
0
LINE
8
BLACK
6
CONTINUOUS
10
130.4014990000000012
20
-134.2630020000000002
11
130.5952539999999829
21
-134.204227000000003
0
LINE
8
BLACK
6
CONTINUOUS
10
130.5952539999999829
20
-134.204227000000003
11
130.7738200000000006
21
-134.1087819999999908
0
LINE
8
BLACK
6
CONTINUOUS
10
130.7738200000000006
20
-134.1087819999999908
11
130.8225809999999854
21
-134.0687639999999874
0
LINE
8
BLACK
6
CONTINUOUS
10
130.8225809999999854
20
-134.0687639999999874
11
130.8714650000000006
21
-134.0286470000000065
0
LINE
8
BLACK
6
CONTINUOUS
10
130.8714650000000006
20
-134.0286470000000065
11
130.9357750000000067
21
-134.0013339999999857
0
LINE
8
BLACK
6
CONTINUOUS
10
130.9357750000000067
20
-134.0013339999999857
11
130.9501300000000015
21
-134.0004999999999882
0
LINE
8
BLACK
6
CONTINUOUS
10
130.9501300000000015
20
-134.0004999999999882
11
131.2254999999999825
21
-134.0004999999999882
0
LINE
8
BLACK
6
CONTINUOUS
10
131.2254999999999825
20
-134.0004999999999882
11
131.292539000000005
21
-134.0201849999999979
0
LINE
8
BLACK
6
CONTINUOUS
10
131.292539000000005
20
-134.0201849999999979
11
131.3382939999999905
21
-134.0729890000000069
0
LINE
8
BLACK
6
CONTINUOUS
10
131.3382939999999905
20
-134.0729890000000069
11
131.3495000000000061
21
-134.1244999999999834
0
LINE
8
BLACK
6
CONTINUOUS
10
131.3495000000000061
20
-134.1244999999999834
11
131.3495000000000061
21
-134.8810059999999851
0
LINE
8
BLACK
6
CONTINUOUS
10
131.3495000000000061
20
-134.8810059999999851
11
131.3298149999999964
21
-134.9480450000000076
0
LINE
8
BLACK
6
CONTINUOUS
10
131.3298149999999964
20
-134.9480450000000076
11
131.2770109999999875
21
-134.9937999999999931
0
LINE
8
BLACK
6
CONTINUOUS
10
131.2770109999999875
20
-134.9937999999999931
11
131.2078530000000001
21
-135.0037439999999833
0
LINE
8
BLACK
6
CONTINUOUS
10
131.2078530000000001
20
-135.0037439999999833
11
131.2073069999999859
21
-135.0036639999999863
0
LINE
8
BLACK
6
CONTINUOUS
10
131.2073069999999859
20
-135.0036639999999863
11
131.1573039999999821
21
-134.9962469999999826
0
LINE
8
BLACK
6
CONTINUOUS
10
131.1573039999999821
20
-134.9962469999999826
11
130.7787339999999858
21
-135.3748159999999814
0
LINE
8
BLACK
6
CONTINUOUS
10
130.7787339999999858
20
-135.3748159999999814
11
130.7844049999999925
21
-135.3885049999999808
0
LINE
8
BLACK
6
CONTINUOUS
10
130.7844049999999925
20
-135.3885049999999808
11
130.8023749999999836
21
-135.5250000000000057
0
LINE
8
BLACK
6
CONTINUOUS
10
130.8023749999999836
20
-135.5250000000000057
11
130.7844049999999925
21
-135.6614950000000022
0
LINE
8
BLACK
6
CONTINUOUS
10
130.7844049999999925
20
-135.6614950000000022
11
130.7787349999999833
21
-135.6751820000000066
0
LINE
8
BLACK
6
CONTINUOUS
10
130.7787349999999833
20
-135.6751820000000066
11
131.1573029999999846
21
-136.053750000000008
0
LINE
8
BLACK
6
CONTINUOUS
10
131.1573029999999846
20
-136.053750000000008
11
131.2073059999999884
21
-136.0463340000000017
0
LINE
8
BLACK
6
CONTINUOUS
10
131.2073059999999884
20
-136.0463340000000017
11
131.2765080000000069
21
-136.0559690000000046
0
LINE
8
BLACK
6
CONTINUOUS
10
131.2765080000000069
20
-136.0559690000000046
11
131.3295149999999865
21
-136.1014879999999891
0
LINE
8
BLACK
6
CONTINUOUS
10
131.3295149999999865
20
-136.1014879999999891
11
131.3494989999999802
21
-136.1684390000000064
0
LINE
8
BLACK
6
CONTINUOUS
10
131.3494989999999802
20
-136.1684390000000064
11
131.3495000000000061
21
-136.1689920000000029
0
LINE
8
BLACK
6
CONTINUOUS
10
131.3495000000000061
20
-136.1689920000000029
11
131.3495000000000061
21
-138.0377699999999948
0
LINE
8
BLACK
6
CONTINUOUS
10
131.3495000000000061
20
-138.0377699999999948
11
131.3298149999999964
21
-138.1048089999999888
0
LINE
8
BLACK
6
CONTINUOUS
10
131.3298149999999964
20
-138.1048089999999888
11
131.3131809999999859
21
-138.1254509999999982
0
LINE
8
BLACK
6
CONTINUOUS
10
131.3131809999999859
20
-138.1254509999999982
11
127.9254509999999954
21
-141.513181000000003
0
LINE
8
BLACK
6
CONTINUOUS
10
127.9254509999999954
20
-141.513181000000003
11
127.8641279999999938
21
-141.5466659999999877
0
LINE
8
BLACK
6
CONTINUOUS
10
127.8641279999999938
20
-141.5466659999999877
11
127.8377699999999919
21
-141.5494999999999948
0
LINE
8
BLACK
6
CONTINUOUS
10
127.8377699999999919
20
-141.5494999999999948
11
124.0362299999999891
21
-141.5494999999999948
0
LINE
8
BLACK
6
CONTINUOUS
10
124.0362299999999891
20
-141.5494999999999948
11
123.969190999999995
21
-141.529814999999985
0
LINE
8
BLACK
6
CONTINUOUS
10
123.969190999999995
20
-141.529814999999985
11
123.9234359999999953
21
-141.4770110000000045
0
LINE
8
BLACK
6
CONTINUOUS
10
123.9234359999999953
20
-141.4770110000000045
11
123.9134919999999909
21
-141.4078529999999887
0
LINE
8
BLACK
6
CONTINUOUS
10
123.9134919999999909
20
-141.4078529999999887
11
123.9425169999999952
21
-141.3442969999999832
0
LINE
8
BLACK
6
CONTINUOUS
10
123.9425169999999952
20
-141.3442969999999832
11
123.9485489999999999
21
-141.3378189999999961
0
LINE
8
BLACK
6
CONTINUOUS
10
123.9485489999999999
20
-141.3378189999999961
11
124.8522600000000011
21
-140.4341079999999806
0
LINE
8
BLACK
6
CONTINUOUS
10
124.8522600000000011
20
-140.4341079999999806
11
127.7002629999999925
21
-137.5861029999999801
0
LINE
8
BLACK
6
CONTINUOUS
10
127.7002629999999925
20
-137.5861029999999801
11
127.7615839999999992
21
-137.5526199999999903
0
LINE
8
BLACK
6
CONTINUOUS
10
127.7615839999999992
20
-137.5526199999999903
11
127.7757819999999924
21
-137.5503829999999823
0
LINE
8
BLACK
6
CONTINUOUS
10
127.7757819999999924
20
-137.5503829999999823
11
127.9014990000000012
21
-137.5380020000000059
0
LINE
8
BLACK
6
CONTINUOUS
10
127.9014990000000012
20
-137.5380020000000059
11
128.0952539999999829
21
-137.4792269999999803
0
LINE
8
BLACK
6
CONTINUOUS
10
128.0952539999999829
20
-137.4792269999999803
11
128.1301969999999812
21
-137.4605499999999836
0
LINE
8
BLACK
6
CONTINUOUS
10
128.1301969999999812
20
-137.4605499999999836
11
128.2738180000000057
21
-137.383782999999994
0
LINE
8
BLACK
6
CONTINUOUS
10
128.2738180000000057
20
-137.383782999999994
11
128.2738209999999981
21
-137.383780999999999
0
LINE
8
BLACK
6
CONTINUOUS
10
128.2738209999999981
20
-137.383780999999999
11
128.3104289999999992
21
-137.3537379999999928
0
LINE
8
BLACK
6
CONTINUOUS
10
128.3104289999999992
20
-137.3537379999999928
11
128.4303339999999878
21
-137.2553340000000048
0
LINE
8
BLACK
6
CONTINUOUS
10
128.4303339999999878
20
-137.2553340000000048
11
128.5587820000000079
21
-137.0988199999999892
0
LINE
8
BLACK
6
CONTINUOUS
10
128.5587820000000079
20
-137.0988199999999892
11
128.6542269999999917
21
-136.9202539999999999
0
LINE
8
BLACK
6
CONTINUOUS
10
128.6542269999999917
20
-136.9202539999999999
11
128.7130019999999888
21
-136.7264989999999898
0
LINE
8
BLACK
6
CONTINUOUS
10
128.7130019999999888
20
-136.7264989999999898
11
128.73284799999999
21
-136.5250000000000057
0
LINE
8
BLACK
6
CONTINUOUS
10
128.73284799999999
20
-136.5250000000000057
11
128.7130019999999888
21
-136.3235009999999932
0
LINE
8
BLACK
6
CONTINUOUS
10
128.7130019999999888
20
-136.3235009999999932
11
128.6542269999999917
21
-136.129745999999983
0
LINE
8
BLACK
6
CONTINUOUS
10
128.6542269999999917
20
-136.129745999999983
11
128.6542249999999967
21
-136.1297429999999906
0
LINE
8
BLACK
6
CONTINUOUS
10
128.6542249999999967
20
-136.1297429999999906
11
128.6542249999999967
21
-136.1297409999999957
0
LINE
8
BLACK
6
CONTINUOUS
10
128.6542249999999967
20
-136.1297409999999957
11
128.5587830000000054
21
-135.9511809999999912
0
LINE
8
BLACK
6
CONTINUOUS
10
128.5587830000000054
20
-135.9511809999999912
11
128.558780999999982
21
-135.9511779999999987
0
LINE
8
BLACK
6
CONTINUOUS
10
128.558780999999982
20
-135.9511779999999987
11
128.4303339999999878
21
-135.7946649999999806
0
LINE
8
BLACK
6
CONTINUOUS
10
128.4303339999999878
20
-135.7946649999999806
11
128.2738209999999981
21
-135.6662179999999864
0
LINE
8
BLACK
6
CONTINUOUS
10
128.2738209999999981
20
-135.6662179999999864
11
128.2738180000000057
21
-135.6662159999999915
0
LINE
8
BLACK
6
CONTINUOUS
10
128.2738180000000057
20
-135.6662159999999915
11
128.0952580000000012
21
-135.5707740000000001
0
LINE
8
BLACK
6
CONTINUOUS
10
128.0952580000000012
20
-135.5707740000000001
11
127.9014899999999955
21
-135.5119949999999847
0
LINE
8
BLACK
6
CONTINUOUS
10
127.9014899999999955
20
-135.5119949999999847
11
127.9006979999999913
21
-135.5118379999999831
0
LINE
8
BLACK
6
CONTINUOUS
10
127.9006979999999913
20
-135.5118379999999831
11
127.900320999999991
21
-135.5116409999999973
0
LINE
8
BLACK
6
CONTINUOUS
10
127.900320999999991
20
-135.5116409999999973
11
127.8956699999999955
21
-135.5102300000000071
0
LINE
8
BLACK
6
CONTINUOUS
10
127.8956699999999955
20
-135.5102300000000071
11
127.8959369999999893
21
-135.5093469999999911
0
LINE
8
BLACK
6
CONTINUOUS
10
127.8959369999999893
20
-135.5093469999999911
11
127.8387879999999939
21
-135.4794499999999857
0
LINE
8
BLACK
6
CONTINUOUS
10
127.8387879999999939
20
-135.4794499999999857
11
127.8042169999999942
21
-135.4187320000000057
0
LINE
8
BLACK
6
CONTINUOUS
10
127.8042169999999942
20
-135.4187320000000057
11
127.8079599999999942
21
-135.3489629999999977
0
LINE
8
BLACK
6
CONTINUOUS
10
127.8079599999999942
20
-135.3489629999999977
11
127.8488299999999924
21
-135.2922930000000008
0
LINE
8
BLACK
6
CONTINUOUS
10
127.8488299999999924
20
-135.2922930000000008
11
127.9127409999999969
21
-135.2668189999999981
0
LINE
8
BLACK
6
CONTINUOUS
10
127.9127409999999969
20
-135.2668189999999981
11
127.9514989999999983
21
-135.2630020000000002
0
LINE
8
BLACK
6
CONTINUOUS
10
127.9514989999999983
20
-135.2630020000000002
11
128.1452539999999942
21
-135.204227000000003
0
LINE
8
BLACK
6
CONTINUOUS
10
128.1452539999999942
20
-135.204227000000003
11
128.2065819999999974
21
-135.1714470000000006
0
LINE
8
BLACK
6
CONTINUOUS
10
128.2065819999999974
20
-135.1714470000000006
11
128.3238179999999886
21
-135.1087829999999883
0
LINE
8
BLACK
6
CONTINUOUS
10
128.3238179999999886
20
-135.1087829999999883
11
128.323820999999981
21
-135.1087809999999934
0
LINE
8
BLACK
6
CONTINUOUS
10
128.323820999999981
20
-135.1087809999999934
11
128.4803339999999992
21
-134.9803339999999992
0
LINE
8
BLACK
6
CONTINUOUS
10
128.4803339999999992
20
-134.9803339999999992
11
128.5112309999999809
21
-134.9426859999999806
0
LINE
8
BLACK
6
CONTINUOUS
10
128.5112309999999809
20
-134.9426859999999806
11
128.6087819999999908
21
-134.8238199999999836
0
LINE
8
BLACK
6
CONTINUOUS
10
128.6087819999999908
20
-134.8238199999999836
11
128.704227000000003
21
-134.6452539999999942
0
LINE
8
BLACK
6
CONTINUOUS
10
128.704227000000003
20
-134.6452539999999942
11
128.7630020000000002
21
-134.4514989999999841
0
LINE
8
BLACK
6
CONTINUOUS
10
128.7630020000000002
20
-134.4514989999999841
11
128.7828480000000013
21
-134.25
0
LINE
8
BLACK
6
CONTINUOUS
10
128.7828480000000013
20
-134.25
11
128.7630020000000002
21
-134.0485009999999875
0
LINE
8
BLACK
6
CONTINUOUS
10
128.7630020000000002
20
-134.0485009999999875
11
128.704227000000003
21
-133.8547460000000058
0
LINE
8
BLACK
6
CONTINUOUS
10
128.704227000000003
20
-133.8547460000000058
11
128.7042250000000081
21
-133.8547429999999849
0
LINE
8
BLACK
6
CONTINUOUS
10
128.7042250000000081
20
-133.8547429999999849
11
128.7042250000000081
21
-133.85474099999999
0
LINE
8
BLACK
6
CONTINUOUS
10
128.7042250000000081
20
-133.85474099999999
11
128.6087829999999883
21
-133.6761809999999855
0
LINE
8
BLACK
6
CONTINUOUS
10
128.6087829999999883
20
-133.6761809999999855
11
128.6087809999999934
21
-133.6761779999999931
0
LINE
8
BLACK
6
CONTINUOUS
10
128.6087809999999934
20
-133.6761779999999931
11
128.4803339999999992
21
-133.5196650000000034
0
LINE
8
BLACK
6
CONTINUOUS
10
128.4803339999999992
20
-133.5196650000000034
11
128.323820999999981
21
-133.3912179999999807
0
LINE
8
BLACK
6
CONTINUOUS
10
128.323820999999981
20
-133.3912179999999807
11
128.3238179999999886
21
-133.3912159999999858
0
LINE
8
BLACK
6
CONTINUOUS
10
128.3238179999999886
20
-133.3912159999999858
11
128.1452579999999841
21
-133.2957739999999944
0
LINE
8
BLACK
6
CONTINUOUS
10
128.1452579999999841
20
-133.2957739999999944
11
127.9514969999999892
21
-133.2369970000000023
0
LINE
8
BLACK
6
CONTINUOUS
10
127.9514969999999892
20
-133.2369970000000023
11
127.9127389999999878
21
-133.2331800000000044
0
LINE
8
BLACK
6
CONTINUOUS
10
127.9127389999999878
20
-133.2331800000000044
11
127.8479529999999897
21
-133.207018000000005
0
LINE
8
BLACK
6
CONTINUOUS
10
127.8479529999999897
20
-133.207018000000005
11
127.8075939999999946
21
-133.1499829999999918
0
LINE
8
BLACK
6
CONTINUOUS
10
127.8075939999999946
20
-133.1499829999999918
11
127.8044779999999889
21
-133.0801830000000052
0
LINE
8
BLACK
6
CONTINUOUS
10
127.8044779999999889
20
-133.0801830000000052
11
127.8395939999999911
21
-133.0197789999999998
0
LINE
8
BLACK
6
CONTINUOUS
10
127.8395939999999911
20
-133.0197789999999998
11
127.8959309999999903
21
-132.9906310000000076
0
LINE
8
BLACK
6
CONTINUOUS
10
127.8959309999999903
20
-132.9906310000000076
11
127.8956699999999955
21
-132.9897699999999929
0
LINE
8
BLACK
6
CONTINUOUS
10
127.8956699999999955
20
-132.9897699999999929
11
127.9003289999999993
21
-132.9883559999999818
0
LINE
8
BLACK
6
CONTINUOUS
10
127.9003289999999993
20
-132.9883559999999818
11
127.9007149999999911
21
-132.9881570000000011
0
LINE
8
BLACK
6
CONTINUOUS
10
127.9007149999999911
20
-132.9881570000000011
11
127.9014809999999898
21
-132.988002999999992
0
LINE
8
BLACK
6
CONTINUOUS
10
127.9014809999999898
20
-132.988002999999992
11
127.9014990000000012
21
-132.9880019999999945
0
LINE
8
BLACK
6
CONTINUOUS
10
127.9014990000000012
20
-132.9880019999999945
11
128.0952539999999829
21
-132.9292269999999974
0
LINE
8
BLACK
6
CONTINUOUS
10
128.0952539999999829
20
-132.9292269999999974
11
128.2738200000000006
21
-132.8337819999999851
0
LINE
8
BLACK
6
CONTINUOUS
10
128.2738200000000006
20
-132.8337819999999851
11
128.4303339999999878
21
-132.7053339999999935
0
LINE
8
BLACK
6
CONTINUOUS
10
128.4303339999999878
20
-132.7053339999999935
11
128.5587820000000079
21
-132.5488200000000063
0
LINE
8
BLACK
6
CONTINUOUS
10
128.5587820000000079
20
-132.5488200000000063
11
128.616297000000003
21
-132.4412159999999972
0
LINE
8
BLACK
6
CONTINUOUS
10
128.616297000000003
20
-132.4412159999999972
11
128.6542249999999967
21
-132.3702580000000069
0
LINE
8
BLACK
6
CONTINUOUS
10
128.6542249999999967
20
-132.3702580000000069
11
128.6542249999999967
21
-132.370256999999981
0
LINE
8
BLACK
6
CONTINUOUS
10
128.6542249999999967
20
-132.370256999999981
11
128.6542269999999917
21
-132.3702539999999885
0
LINE
8
BLACK
6
CONTINUOUS
10
128.6542269999999917
20
-132.3702539999999885
11
128.7130019999999888
21
-132.1764990000000068
0
LINE
8
BLACK
6
CONTINUOUS
10
128.7130019999999888
20
-132.1764990000000068
11
128.73284799999999
21
-131.9749999999999943
0
LINE
8
BLACK
6
CONTINUOUS
10
128.73284799999999
20
-131.9749999999999943
11
128.7130019999999888
21
-131.7735009999999818
0
LINE
8
BLACK
6
CONTINUOUS
10
128.7130019999999888
20
-131.7735009999999818
11
128.6542269999999917
21
-131.5797460000000001
0
LINE
8
BLACK
6
CONTINUOUS
10
128.6542269999999917
20
-131.5797460000000001
11
128.6542249999999967
21
-131.5797430000000077
0
LINE
8
BLACK
6
CONTINUOUS
10
128.6542249999999967
20
-131.5797430000000077
11
128.6542249999999967
21
-131.5797409999999843
0
LINE
8
BLACK
6
CONTINUOUS
10
128.6542249999999967
20
-131.5797409999999843
11
128.5587830000000054
21
-131.4011810000000082
0
LINE
8
BLACK
6
CONTINUOUS
10
128.5587830000000054
20
-131.4011810000000082
11
128.558780999999982
21
-131.4011779999999874
0
LINE
8
BLACK
6
CONTINUOUS
10
128.558780999999982
20
-131.4011779999999874
11
128.4303339999999878
21
-131.2446649999999977
0
LINE
8
BLACK
6
CONTINUOUS
10
128.4303339999999878
20
-131.2446649999999977
11
128.2738209999999981
21
-131.1162180000000035
0
LINE
8
BLACK
6
CONTINUOUS
10
128.2738209999999981
20
-131.1162180000000035
11
128.2738180000000057
21
-131.1162159999999801
0
LINE
8
BLACK
6
CONTINUOUS
10
128.2738180000000057
20
-131.1162159999999801
11
128.0952549999999803
21
-131.0207729999999913
0
LINE
8
BLACK
6
CONTINUOUS
10
128.0952549999999803
20
-131.0207729999999913
11
127.9896679999999947
21
-130.9887429999999995
0
LINE
8
BLACK
6
CONTINUOUS
10
127.9896679999999947
20
-130.9887429999999995
11
127.9312299999999993
21
-130.9504459999999995
0
LINE
8
BLACK
6
CONTINUOUS
10
127.9312299999999993
20
-130.9504459999999995
11
127.9027729999999963
21
-130.8866329999999891
0
LINE
8
BLACK
6
CONTINUOUS
10
127.9027729999999963
20
-130.8866329999999891
11
127.9133339999999919
21
-130.8175659999999993
0
LINE
8
BLACK
6
CONTINUOUS
10
127.9133339999999919
20
-130.8175659999999993
11
127.9595589999999987
21
-130.7651730000000043
0
LINE
8
BLACK
6
CONTINUOUS
10
127.9595589999999987
20
-130.7651730000000043
11
127.9896600000000007
21
-130.7514249999999834
0
LINE
8
BLACK
6
CONTINUOUS
10
127.9896600000000007
20
-130.7514249999999834
11
128.1452539999999942
21
-130.704227000000003
0
LINE
8
BLACK
6
CONTINUOUS
10
128.1452539999999942
20
-130.704227000000003
11
128.3238199999999836
21
-130.6087819999999908
0
LINE
8
BLACK
6
CONTINUOUS
10
128.3238199999999836
20
-130.6087819999999908
11
128.4803339999999992
21
-130.4803339999999992
0
LINE
8
BLACK
6
CONTINUOUS
10
128.4803339999999992
20
-130.4803339999999992
11
128.6087819999999908
21
-130.3238199999999836
0
LINE
8
BLACK
6
CONTINUOUS
10
128.6087819999999908
20
-130.3238199999999836
11
128.704227000000003
21
-130.1452539999999942
0
LINE
8
BLACK
6
CONTINUOUS
10
128.704227000000003
20
-130.1452539999999942
11
128.7630020000000002
21
-129.9514989999999841
0
LINE
8
BLACK
6
CONTINUOUS
10
128.7630020000000002
20
-129.9514989999999841
11
128.7828480000000013
21
-129.75
0
LINE
8
BLACK
6
CONTINUOUS
10
128.7828480000000013
20
-129.75
11
128.7630020000000002
21
-129.5485009999999875
0
LINE
8
BLACK
6
CONTINUOUS
10
128.7630020000000002
20
-129.5485009999999875
11
128.704227000000003
21
-129.3547460000000058
0
LINE
8
BLACK
6
CONTINUOUS
10
128.704227000000003
20
-129.3547460000000058
11
128.7042250000000081
21
-129.3547429999999849
0
LINE
8
BLACK
6
CONTINUOUS
10
128.7042250000000081
20
-129.3547429999999849
11
128.7042250000000081
21
-129.35474099999999
0
LINE
8
BLACK
6
CONTINUOUS
10
128.7042250000000081
20
-129.35474099999999
11
128.6087829999999883
21
-129.1761809999999855
0
LINE
8
BLACK
6
CONTINUOUS
10
128.6087829999999883
20
-129.1761809999999855
11
128.6087809999999934
21
-129.1761779999999931
0
LINE
8
BLACK
6
CONTINUOUS
10
128.6087809999999934
20
-129.1761779999999931
11
128.4803339999999992
21
-129.0196650000000034
0
LINE
8
BLACK
6
CONTINUOUS
10
128.4803339999999992
20
-129.0196650000000034
11
128.323820999999981
21
-128.8912179999999807
0
LINE
8
BLACK
6
CONTINUOUS
10
128.323820999999981
20
-128.8912179999999807
11
128.3238179999999886
21
-128.8912159999999858
0
LINE
8
BLACK
6
CONTINUOUS
10
128.3238179999999886
20
-128.8912159999999858
11
128.1452579999999841
21
-128.7957739999999944
0
LINE
8
BLACK
6
CONTINUOUS
10
128.1452579999999841
20
-128.7957739999999944
11
127.9514969999999892
21
-128.7369970000000023
0
LINE
8
BLACK
6
CONTINUOUS
10
127.9514969999999892
20
-128.7369970000000023
11
127.75
21
-128.7171519999999987
0
LINE
8
BLACK
6
CONTINUOUS
10
127.75
20
-128.7171519999999987
11
127.5485019999999992
21
-128.7369970000000023
0
LINE
8
BLACK
6
CONTINUOUS
10
127.5485019999999992
20
-128.7369970000000023
11
127.35474099999999
21
-128.7957739999999944
0
LINE
8
BLACK
6
CONTINUOUS
10
127.35474099999999
20
-128.7957739999999944
11
127.1761809999999997
21
-128.8912159999999858
0
LINE
8
BLACK
6
CONTINUOUS
10
127.1761809999999997
20
-128.8912159999999858
11
127.1761779999999931
21
-128.8912179999999807
0
LINE
8
BLACK
6
CONTINUOUS
10
127.1761779999999931
20
-128.8912179999999807
11
127.0196649999999892
21
-129.0196650000000034
0
LINE
8
BLACK
6
CONTINUOUS
10
127.0196649999999892
20
-129.0196650000000034
11
126.891217999999995
21
-129.1761779999999931
0
LINE
8
BLACK
6
CONTINUOUS
10
126.891217999999995
20
-129.1761779999999931
11
126.891216
21
-129.1761809999999855
0
LINE
8
BLACK
6
CONTINUOUS
10
126.891216
20
-129.1761809999999855
11
126.7957739999999944
21
-129.35474099999999
0
LINE
8
BLACK
6
CONTINUOUS
10
126.7957739999999944
20
-129.35474099999999
11
126.7369969999999881
21
-129.5485019999999849
0
LINE
8
BLACK
6
CONTINUOUS
10
126.7369969999999881
20
-129.5485019999999849
11
126.7171519999999987
21
-129.75
0
LINE
8
BLACK
6
CONTINUOUS
10
126.7171519999999987
20
-129.75
11
126.7369969999999881
21
-129.9514969999999892
0
LINE
8
BLACK
6
CONTINUOUS
10
126.7369969999999881
20
-129.9514969999999892
11
126.7957739999999944
21
-130.1452579999999841
0
LINE
8
BLACK
6
CONTINUOUS
10
126.7957739999999944
20
-130.1452579999999841
11
126.891216
21
-130.3238179999999886
0
LINE
8
BLACK
6
CONTINUOUS
10
126.891216
20
-130.3238179999999886
11
126.891217999999995
21
-130.323820999999981
0
LINE
8
BLACK
6
CONTINUOUS
10
126.891217999999995
20
-130.323820999999981
11
127.0196649999999892
21
-130.4803339999999992
0
LINE
8
BLACK
6
CONTINUOUS
10
127.0196649999999892
20
-130.4803339999999992
11
127.1761779999999931
21
-130.6087809999999934
0
LINE
8
BLACK
6
CONTINUOUS
10
127.1761779999999931
20
-130.6087809999999934
11
127.1761809999999997
21
-130.6087829999999883
0
LINE
8
BLACK
6
CONTINUOUS
10
127.1761809999999997
20
-130.6087829999999883
11
127.35474099999999
21
-130.7042250000000081
0
LINE
8
BLACK
6
CONTINUOUS
10
127.35474099999999
20
-130.7042250000000081
11
127.3547429999999991
21
-130.7042250000000081
0
LINE
8
BLACK
6
CONTINUOUS
10
127.3547429999999991
20
-130.7042250000000081
11
127.3547459999999916
21
-130.704227000000003
0
LINE
8
BLACK
6
CONTINUOUS
10
127.3547459999999916
20
-130.704227000000003
11
127.4603309999999965
21
-130.7362559999999974
0
LINE
8
BLACK
6
CONTINUOUS
10
127.4603309999999965
20
-130.7362559999999974
11
127.5187689999999918
21
-130.7745529999999974
0
LINE
8
BLACK
6
CONTINUOUS
10
127.5187689999999918
20
-130.7745529999999974
11
127.5472249999999974
21
-130.8383649999999818
0
LINE
8
BLACK
6
CONTINUOUS
10
127.5472249999999974
20
-130.8383649999999818
11
127.5366649999999993
21
-130.907432
0
LINE
8
BLACK
6
CONTINUOUS
10
127.5366649999999993
20
-130.907432
11
127.4904409999999899
21
-130.9598259999999925
0
LINE
8
BLACK
6
CONTINUOUS
10
127.4904409999999899
20
-130.9598259999999925
11
127.4603309999999965
21
-130.97357599999998
0
LINE
8
BLACK
6
CONTINUOUS
10
127.4603309999999965
20
-130.97357599999998
11
127.3047439999999995
21
-131.0207729999999913
0
LINE
8
BLACK
6
CONTINUOUS
10
127.3047439999999995
20
-131.0207729999999913
11
127.1261809999999883
21
-131.1162159999999801
0
LINE
8
BLACK
6
CONTINUOUS
10
127.1261809999999883
20
-131.1162159999999801
11
127.1261779999999959
21
-131.1162180000000035
0
LINE
8
BLACK
6
CONTINUOUS
10
127.1261779999999959
20
-131.1162180000000035
11
126.969664999999992
21
-131.2446649999999977
0
LINE
8
BLACK
6
CONTINUOUS
10
126.969664999999992
20
-131.2446649999999977
11
126.8412179999999978
21
-131.4011779999999874
0
LINE
8
BLACK
6
CONTINUOUS
10
126.8412179999999978
20
-131.4011779999999874
11
126.8412159999999886
21
-131.4011810000000082
0
LINE
8
BLACK
6
CONTINUOUS
10
126.8412159999999886
20
-131.4011810000000082
11
126.7457739999999973
21
-131.5797409999999843
0
LINE
8
BLACK
6
CONTINUOUS
10
126.7457739999999973
20
-131.5797409999999843
11
126.686996999999991
21
-131.7735020000000077
0
LINE
8
BLACK
6
CONTINUOUS
10
126.686996999999991
20
-131.7735020000000077
11
126.6671519999999873
21
-131.9749999999999943
0
LINE
8
BLACK
6
CONTINUOUS
10
126.6671519999999873
20
-131.9749999999999943
11
126.686996999999991
21
-132.1764969999999835
0
LINE
8
BLACK
6
CONTINUOUS
10
126.686996999999991
20
-132.1764969999999835
11
126.7457739999999973
21
-132.3702580000000069
0
LINE
8
BLACK
6
CONTINUOUS
10
126.7457739999999973
20
-132.3702580000000069
11
126.8412159999999886
21
-132.5488179999999829
0
LINE
8
BLACK
6
CONTINUOUS
10
126.8412159999999886
20
-132.5488179999999829
11
126.8412179999999978
21
-132.5488210000000038
0
LINE
8
BLACK
6
CONTINUOUS
10
126.8412179999999978
20
-132.5488210000000038
11
126.969664999999992
21
-132.7053339999999935
0
LINE
8
BLACK
6
CONTINUOUS
10
126.969664999999992
20
-132.7053339999999935
11
127.1261779999999959
21
-132.8337809999999877
0
LINE
8
BLACK
6
CONTINUOUS
10
127.1261779999999959
20
-132.8337809999999877
11
127.1261809999999883
21
-132.8337829999999826
0
LINE
8
BLACK
6
CONTINUOUS
10
127.1261809999999883
20
-132.8337829999999826
11
127.3047409999999928
21
-132.9292250000000024
0
LINE
8
BLACK
6
CONTINUOUS
10
127.3047409999999928
20
-132.9292250000000024
11
127.3047429999999878
21
-132.9292250000000024
0
LINE
8
BLACK
6
CONTINUOUS
10
127.3047429999999878
20
-132.9292250000000024
11
127.3047459999999944
21
-132.9292269999999974
0
LINE
8
BLACK
6
CONTINUOUS
10
127.3047459999999944
20
-132.9292269999999974
11
127.4985009999999903
21
-132.9880019999999945
0
LINE
8
BLACK
6
CONTINUOUS
10
127.4985009999999903
20
-132.9880019999999945
11
127.5372569999999968
21
-132.9918189999999925
0
LINE
8
BLACK
6
CONTINUOUS
10
127.5372569999999968
20
-132.9918189999999925
11
127.6020449999999897
21
-133.0179789999999969
0
LINE
8
BLACK
6
CONTINUOUS
10
127.6020449999999897
20
-133.0179789999999969
11
127.6424039999999991
21
-133.0750129999999842
0
LINE
8
BLACK
6
CONTINUOUS
10
127.6424039999999991
20
-133.0750129999999842
11
127.645520999999988
21
-133.1448129999999992
0
LINE
8
BLACK
6
CONTINUOUS
10
127.645520999999988
20
-133.1448129999999992
11
127.610406999999995
21
-133.2052180000000021
0
LINE
8
BLACK
6
CONTINUOUS
10
127.610406999999995
20
-133.2052180000000021
11
127.5540689999999984
21
-133.2343709999999817
0
LINE
8
BLACK
6
CONTINUOUS
10
127.5540689999999984
20
-133.2343709999999817
11
127.5543299999999931
21
-133.2352300000000014
0
LINE
8
BLACK
6
CONTINUOUS
10
127.5543299999999931
20
-133.2352300000000014
11
127.5496909999999957
21
-133.2366370000000018
0
LINE
8
BLACK
6
CONTINUOUS
10
127.5496909999999957
20
-133.2366370000000018
11
127.5493049999999897
21
-133.23683699999998
0
LINE
8
BLACK
6
CONTINUOUS
10
127.5493049999999897
20
-133.23683699999998
11
127.5485119999999881
21
-133.2369939999999815
0
LINE
8
BLACK
6
CONTINUOUS
10
127.5485119999999881
20
-133.2369939999999815
11
127.35474099999999
21
-133.2957739999999944
0
LINE
8
BLACK
6
CONTINUOUS
10
127.35474099999999
20
-133.2957739999999944
11
127.1761809999999997
21
-133.3912159999999858
0
LINE
8
BLACK
6
CONTINUOUS
10
127.1761809999999997
20
-133.3912159999999858
11
127.1761779999999931
21
-133.3912179999999807
0
LINE
8
BLACK
6
CONTINUOUS
10
127.1761779999999931
20
-133.3912179999999807
11
127.0196649999999892
21
-133.5196650000000034
0
LINE
8
BLACK
6
CONTINUOUS
10
127.0196649999999892
20
-133.5196650000000034
11
126.891217999999995
21
-133.6761779999999931
0
LINE
8
BLACK
6
CONTINUOUS
10
126.891217999999995
20
-133.6761779999999931
11
126.891216
21
-133.6761809999999855
0
LINE
8
BLACK
6
CONTINUOUS
10
126.891216
20
-133.6761809999999855
11
126.7957739999999944
21
-133.85474099999999
0
LINE
8
BLACK
6
CONTINUOUS
10
126.7957739999999944
20
-133.85474099999999
11
126.7369969999999881
21
-134.0485019999999849
0
LINE
8
BLACK
6
CONTINUOUS
10
126.7369969999999881
20
-134.0485019999999849
11
126.7171519999999987
21
-134.25
0
LINE
8
BLACK
6
CONTINUOUS
10
126.7171519999999987
20
-134.25
11
126.7369969999999881
21
-134.4514969999999892
0
LINE
8
BLACK
6
CONTINUOUS
10
126.7369969999999881
20
-134.4514969999999892
11
126.7957739999999944
21
-134.6452579999999841
0
LINE
8
BLACK
6
CONTINUOUS
10
126.7957739999999944
20
-134.6452579999999841
11
126.891216
21
-134.8238179999999886
0
LINE
8
BLACK
6
CONTINUOUS
10
126.891216
20
-134.8238179999999886
11
126.891217999999995
21
-134.823820999999981
0
LINE
8
BLACK
6
CONTINUOUS
10
126.891217999999995
20
-134.823820999999981
11
127.0196649999999892
21
-134.9803339999999992
0
LINE
8
BLACK
6
CONTINUOUS
10
127.0196649999999892
20
-134.9803339999999992
11
127.1761779999999931
21
-135.1087809999999934
0
LINE
8
BLACK
6
CONTINUOUS
10
127.1761779999999931
20
-135.1087809999999934
11
127.1761809999999997
21
-135.1087829999999883
0
LINE
8
BLACK
6
CONTINUOUS
10
127.1761809999999997
20
-135.1087829999999883
11
127.35474099999999
21
-135.2042249999999797
0
LINE
8
BLACK
6
CONTINUOUS
10
127.35474099999999
20
-135.2042249999999797
11
127.3547429999999991
21
-135.2042249999999797
0
LINE
8
BLACK
6
CONTINUOUS
10
127.3547429999999991
20
-135.2042249999999797
11
127.3547459999999916
21
-135.204227000000003
0
LINE
8
BLACK
6
CONTINUOUS
10
127.3547459999999916
20
-135.204227000000003
11
127.5485009999999875
21
-135.2630020000000002
0
LINE
8
BLACK
6
CONTINUOUS
10
127.5485009999999875
20
-135.2630020000000002
11
127.5485139999999973
21
-135.2630029999999977
0
LINE
8
BLACK
6
CONTINUOUS
10
127.5485139999999973
20
-135.2630029999999977
11
127.54928799999999
21
-135.2631580000000042
0
LINE
8
BLACK
6
CONTINUOUS
10
127.54928799999999
20
-135.2631580000000042
11
127.5496629999999953
21
-135.2633539999999925
0
LINE
8
BLACK
6
CONTINUOUS
10
127.5496629999999953
20
-135.2633539999999925
11
127.5543299999999931
21
-135.2647699999999986
0
LINE
8
BLACK
6
CONTINUOUS
10
127.5543299999999931
20
-135.2647699999999986
11
127.5540609999999901
21
-135.2656539999999836
0
LINE
8
BLACK
6
CONTINUOUS
10
127.5540609999999901
20
-135.2656539999999836
11
127.6112009999999941
21
-135.2955389999999909
0
LINE
8
BLACK
6
CONTINUOUS
10
127.6112009999999941
20
-135.2955389999999909
11
127.6457789999999903
21
-135.3562529999999811
0
LINE
8
BLACK
6
CONTINUOUS
10
127.6457789999999903
20
-135.3562529999999811
11
127.642043000000001
21
-135.4260229999999865
0
LINE
8
BLACK
6
CONTINUOUS
10
127.642043000000001
20
-135.4260229999999865
11
127.6011809999999969
21
-135.4826970000000017
0
LINE
8
BLACK
6
CONTINUOUS
10
127.6011809999999969
20
-135.4826970000000017
11
127.5372599999999892
21
-135.5081799999999816
0
LINE
8
BLACK
6
CONTINUOUS
10
127.5372599999999892
20
-135.5081799999999816
11
127.4985019999999878
21
-135.511997000000008
0
LINE
8
BLACK
6
CONTINUOUS
10
127.4985019999999878
20
-135.511997000000008
11
127.3047409999999928
21
-135.5707740000000001
0
LINE
8
BLACK
6
CONTINUOUS
10
127.3047409999999928
20
-135.5707740000000001
11
127.1261809999999883
21
-135.6662159999999915
0
LINE
8
BLACK
6
CONTINUOUS
10
127.1261809999999883
20
-135.6662159999999915
11
127.1261779999999959
21
-135.6662179999999864
0
LINE
8
BLACK
6
CONTINUOUS
10
127.1261779999999959
20
-135.6662179999999864
11
126.969664999999992
21
-135.7946649999999806
0
LINE
8
BLACK
6
CONTINUOUS
10
126.969664999999992
20
-135.7946649999999806
11
126.8412179999999978
21
-135.9511779999999987
0
LINE
8
BLACK
6
CONTINUOUS
10
126.8412179999999978
20
-135.9511779999999987
11
126.8412159999999886
21
-135.9511809999999912
0
LINE
8
BLACK
6
CONTINUOUS
10
126.8412159999999886
20
-135.9511809999999912
11
126.7457739999999973
21
-136.1297409999999957
0
LINE
8
BLACK
6
CONTINUOUS
10
126.7457739999999973
20
-136.1297409999999957
11
126.686996999999991
21
-136.3235019999999906
0
LINE
8
BLACK
6
CONTINUOUS
10
126.686996999999991
20
-136.3235019999999906
11
126.6746149999999886
21
-136.4492119999999886
0
LINE
8
BLACK
6
CONTINUOUS
10
126.6746149999999886
20
-136.4492119999999886
11
126.6484529999999893
21
-136.5139989999999841
0
LINE
8
BLACK
6
CONTINUOUS
10
126.6484529999999893
20
-136.5139989999999841
11
126.6388929999999959
21
-136.5247369999999876
0
LINE
8
BLACK
6
CONTINUOUS
10
126.6388929999999959
20
-136.5247369999999876
11
122.8504509999999925
21
-140.3131809999999859
0
LINE
8
BLACK
6
CONTINUOUS
10
122.8504509999999925
20
-140.3131809999999859
11
122.7891279999999909
21
-140.346665999999999
0
LINE
8
BLACK
6
CONTINUOUS
10
122.7891279999999909
20
-140.346665999999999
11
122.7627699999999891
21
-140.3495000000000061
0
LINE
8
BLACK
6
CONTINUOUS
10
122.7627699999999891
20
-140.3495000000000061
11
101.6168679999999966
21
-140.3495000000000061
0
LINE
8
BLACK
6
CONTINUOUS
10
101.6168679999999966
20
-140.3495000000000061
11
101.5498289999999884
21
-140.3298149999999964
0
LINE
8
BLACK
6
CONTINUOUS
10
101.5498289999999884
20
-140.3298149999999964
11
101.5040739999999886
21
-140.2770109999999875
0
LINE
8
BLACK
6
CONTINUOUS
10
101.5040739999999886
20
-140.2770109999999875
11
101.4935789999999969
21
-140.2122439999999983
0
LINE
8
BLACK
6
CONTINUOUS
10
101.4935789999999969
20
-140.2122439999999983
11
101.4956820000000022
21
-140.1926829999999882
0
LINE
8
BLACK
6
CONTINUOUS
10
101.4956820000000022
20
-140.1926829999999882
11
101.5005000000000024
21
-140.1478730000000041
0
LINE
8
BLACK
6
CONTINUOUS
10
101.5005000000000024
20
-140.1478730000000041
11
101.5004989999999907
21
-139.1244989999999859
0
LINE
8
BLACK
6
CONTINUOUS
10
101.5004989999999907
20
-139.1244989999999859
11
101.5201829999999887
21
-139.0574609999999893
0
LINE
8
BLACK
6
CONTINUOUS
10
101.5201829999999887
20
-139.0574609999999893
11
101.5729869999999977
21
-139.0117060000000038
0
LINE
8
BLACK
6
CONTINUOUS
10
101.5729869999999977
20
-139.0117060000000038
11
101.6244990000000001
21
-139.0004999999999882
0
LINE
8
BLACK
6
CONTINUOUS
10
101.6244990000000001
20
-139.0004999999999882
11
116.565889999999996
21
-139.0004999999999882
0
LINE
8
BLACK
6
CONTINUOUS
10
116.565889999999996
20
-139.0004999999999882
11
116.565891999999991
21
-139.0004999999999882
0
LINE
8
BLACK
6
CONTINUOUS
10
116.565891999999991
20
-139.0004999999999882
11
116.6931859999999972
21
-138.9663919999999848
0
LINE
8
BLACK
6
CONTINUOUS
10
116.6931859999999972
20
-138.9663919999999848
11
116.807313999999991
21
-138.9004999999999939
0
LINE
8
BLACK
6
CONTINUOUS
10
116.807313999999991
20
-138.9004999999999939
11
116.9004999999999939
21
-138.807313999999991
0
LINE
8
BLACK
6
CONTINUOUS
10
116.9004999999999939
20
-138.807313999999991
11
116.966391999999999
21
-138.6931859999999972
0
LINE
8
BLACK
6
CONTINUOUS
10
116.966391999999999
20
-138.6931859999999972
11
116.966391999999999
21
-138.6931849999999997
0
LINE
8
BLACK
6
CONTINUOUS
10
116.966391999999999
20
-138.6931849999999997
11
116.9704559999999987
21
-138.6861470000000054
0
LINE
8
BLACK
6
CONTINUOUS
10
116.9704559999999987
20
-138.6861470000000054
11
116.9709859999999964
21
-138.6864530000000002
0
LINE
8
BLACK
6
CONTINUOUS
10
116.9709859999999964
20
-138.6864530000000002
11
116.993118999999993
21
-138.6533249999999953
0
LINE
8
BLACK
6
CONTINUOUS
10
116.993118999999993
20
-138.6533249999999953
11
117.1013549999999981
21
-138.5450879999999927
0
LINE
8
BLACK
6
CONTINUOUS
10
117.1013549999999981
20
-138.5450879999999927
11
117.054081999999994
21
-138.4858099999999865
0
LINE
8
BLACK
6
CONTINUOUS
10
117.054081999999994
20
-138.4858099999999865
11
116.9233040000000017
21
-138.2592970000000037
0
LINE
8
BLACK
6
CONTINUOUS
10
116.9233040000000017
20
-138.2592970000000037
11
116.8277479999999997
21
-138.0158219999999858
0
LINE
8
BLACK
6
CONTINUOUS
10
116.8277479999999997
20
-138.0158219999999858
11
116.7695459999999912
21
-137.7608239999999853
0
LINE
8
BLACK
6
CONTINUOUS
10
116.7695459999999912
20
-137.7608239999999853
11
116.75
21
-137.5
0
LINE
8
BLACK
6
CONTINUOUS
10
116.75
20
-137.5
11
116.7695459999999912
21
-137.2391759999999863
0
LINE
8
BLACK
6
CONTINUOUS
10
116.7695459999999912
20
-137.2391759999999863
11
116.8277479999999997
21
-136.9841779999999858
0
LINE
8
BLACK
6
CONTINUOUS
10
116.8277479999999997
20
-136.9841779999999858
11
116.9233040000000017
21
-136.7407029999999963
0
LINE
8
BLACK
6
CONTINUOUS
10
116.9233040000000017
20
-136.7407029999999963
11
117.054081999999994
21
-136.514189999999985
0
LINE
8
BLACK
6
CONTINUOUS
10
117.054081999999994
20
-136.514189999999985
11
117.2171589999999952
21
-136.3096979999999974
0
LINE
8
BLACK
6
CONTINUOUS
10
117.2171589999999952
20
-136.3096979999999974
11
117.408892999999992
21
-136.1317949999999826
0
LINE
8
BLACK
6
CONTINUOUS
10
117.408892999999992
20
-136.1317949999999826
11
117.625
21
-135.9844559999999944
0
LINE
8
BLACK
6
CONTINUOUS
10
117.625
20
-135.9844559999999944
11
117.8606529999999992
21
-135.8709709999999973
0
LINE
8
BLACK
6
CONTINUOUS
10
117.8606529999999992
20
-135.8709709999999973
11
118.1105879999999928
21
-135.7938759999999832
0
LINE
8
BLACK
6
CONTINUOUS
10
118.1105879999999928
20
-135.7938759999999832
11
118.3692219999999935
21
-135.7548929999999814
0
LINE
8
BLACK
6
CONTINUOUS
10
118.3692219999999935
20
-135.7548929999999814
11
118.6307779999999923
21
-135.7548929999999814
0
LINE
8
BLACK
6
CONTINUOUS
10
118.6307779999999923
20
-135.7548929999999814
11
118.889411999999993
21
-135.7938759999999832
0
LINE
8
BLACK
6
CONTINUOUS
10
118.889411999999993
20
-135.7938759999999832
11
119.1393470000000008
21
-135.8709709999999973
0
LINE
8
BLACK
6
CONTINUOUS
10
119.1393470000000008
20
-135.8709709999999973
11
119.375
21
-135.9844559999999944
0
LINE
8
BLACK
6
CONTINUOUS
10
119.375
20
-135.9844559999999944
11
119.5456449999999933
21
-136.1007999999999925
0
LINE
8
BLACK
6
CONTINUOUS
10
119.5456449999999933
20
-136.1007999999999925
11
119.859626999999989
21
-135.78681899999998
0
LINE
8
BLACK
6
CONTINUOUS
10
119.859626999999989
20
-135.78681899999998
11
119.9209499999999906
21
-135.7533339999999953
0
LINE
8
BLACK
6
CONTINUOUS
10
119.9209499999999906
20
-135.7533339999999953
11
119.9473079999999925
21
-135.7504999999999882
0
LINE
8
BLACK
6
CONTINUOUS
10
119.9473079999999925
20
-135.7504999999999882
11
120.4878779999999949
21
-135.7504999999999882
0
LINE
8
BLACK
6
CONTINUOUS
10
120.4878779999999949
20
-135.7504999999999882
11
120.4878799999999899
21
-135.7504999999999882
0
LINE
8
BLACK
6
CONTINUOUS
10
120.4878799999999899
20
-135.7504999999999882
11
120.6151739999999961
21
-135.7163919999999848
0
LINE
8
BLACK
6
CONTINUOUS
10
120.6151739999999961
20
-135.7163919999999848
11
120.7293019999999899
21
-135.6504999999999939
0
LINE
8
BLACK
6
CONTINUOUS
10
120.7293019999999899
20
-135.6504999999999939
11
120.8224879999999928
21
-135.557313999999991
0
LINE
8
BLACK
6
CONTINUOUS
10
120.8224879999999928
20
-135.557313999999991
11
120.8883799999999979
21
-135.4431859999999972
0
LINE
8
BLACK
6
CONTINUOUS
10
120.8883799999999979
20
-135.4431859999999972
11
120.9224880000000013
21
-135.315891999999991
0
LINE
8
BLACK
6
CONTINUOUS
10
120.9224880000000013
20
-135.315891999999991
11
120.9224880000000013
21
-126.9079699999999917
0
LINE
8
BLACK
6
CONTINUOUS
10
120.9224880000000013
20
-126.9079699999999917
11
120.9224880000000013
21
-112.4342019999999991
0
LINE
8
BLACK
6
CONTINUOUS
10
120.9224880000000013
20
-112.4342019999999991
11
120.8883799999999979
21
-112.3069079999999929
0
LINE
8
BLACK
6
CONTINUOUS
10
120.8883799999999979
20
-112.3069079999999929
11
120.8224879999999928
21
-112.1927799999999991
0
LINE
8
BLACK
6
CONTINUOUS
10
120.8224879999999928
20
-112.1927799999999991
11
120.7293019999999899
21
-112.0995939999999962
0
LINE
8
BLACK
6
CONTINUOUS
10
120.7293019999999899
20
-112.0995939999999962
11
120.672237999999993
21
-112.0666480000000007
0
LINE
8
BLACK
6
CONTINUOUS
10
120.672237999999993
20
-112.0666480000000007
11
120.6151749999999936
21
-112.033701999999991
0
LINE
8
BLACK
6
CONTINUOUS
10
120.6151749999999936
20
-112.033701999999991
11
120.551526999999993
21
-112.0166479999999893
0
LINE
8
BLACK
6
CONTINUOUS
10
120.551526999999993
20
-112.0166479999999893
11
120.4878799999999899
21
-111.9995940000000019
0
LINE
8
BLACK
6
CONTINUOUS
10
120.4878799999999899
20
-111.9995940000000019
11
120.4878789999999924
21
-111.9995940000000019
0
LINE
8
BLACK
6
CONTINUOUS
10
120.4878789999999924
20
-111.9995940000000019
11
118.5534009999999938
21
-111.9995940000000019
0
LINE
8
BLACK
6
CONTINUOUS
10
118.5534009999999938
20
-111.9995940000000019
11
118.4977699999999885
21
-111.9832579999999922
0
LINE
8
BLACK
6
CONTINUOUS
10
118.4977699999999885
20
-111.9832579999999922
11
118.4736779999999925
21
-111.9966009999999983
0
LINE
8
BLACK
6
CONTINUOUS
10
118.4736779999999925
20
-111.9966009999999983
11
118.446598999999992
21
-111.9995940000000019
0
LINE
8
BLACK
6
CONTINUOUS
10
118.446598999999992
20
-111.9995940000000019
11
116.8629819999999881
21
-111.9995940000000019
0
LINE
8
BLACK
6
CONTINUOUS
10
116.8629819999999881
20
-111.9995940000000019
11
116.7959429999999941
21
-111.9799089999999921
0
LINE
8
BLACK
6
CONTINUOUS
10
116.7959429999999941
20
-111.9799089999999921
11
116.7501879999999943
21
-111.9271049999999974
0
LINE
8
BLACK
6
CONTINUOUS
10
116.7501879999999943
20
-111.9271049999999974
11
116.7389819999999929
21
-111.8755939999999924
0
LINE
8
BLACK
6
CONTINUOUS
10
116.7389819999999929
20
-111.8755939999999924
11
116.7389819999999929
21
-110.9588249999999903
0
LINE
8
BLACK
6
CONTINUOUS
10
116.7389819999999929
20
-110.9588249999999903
11
116.7586669999999884
21
-110.8917859999999962
0
LINE
8
BLACK
6
CONTINUOUS
10
116.7586669999999884
20
-110.8917859999999962
11
116.7753009999999989
21
-110.871144000000001
0
LINE
8
BLACK
6
CONTINUOUS
10
116.7753009999999989
20
-110.871144000000001
11
117.1013549999999981
21
-110.5450889999999902
0
LINE
8
BLACK
6
CONTINUOUS
10
117.1013549999999981
20
-110.5450889999999902
11
117.054081999999994
21
-110.4858100000000007
0
LINE
8
BLACK
6
CONTINUOUS
10
117.054081999999994
20
-110.4858100000000007
11
116.9233040000000017
21
-110.2592969999999895
0
LINE
8
BLACK
6
CONTINUOUS
10
116.9233040000000017
20
-110.2592969999999895
11
116.8277479999999997
21
-110.015822
0
LINE
8
BLACK
6
CONTINUOUS
10
116.8277479999999997
20
-110.015822
11
116.7695459999999912
21
-109.7608239999999995
0
LINE
8
BLACK
6
CONTINUOUS
10
116.7695459999999912
20
-109.7608239999999995
11
116.75
21
-109.5
0
LINE
8
BLACK
6
CONTINUOUS
10
116.75
20
-109.5
11
116.7695459999999912
21
-109.2391760000000005
0
LINE
8
BLACK
6
CONTINUOUS
10
116.7695459999999912
20
-109.2391760000000005
11
116.8277479999999997
21
-108.984178
0
LINE
8
BLACK
6
CONTINUOUS
10
116.8277479999999997
20
-108.984178
11
116.9233040000000017
21
-108.7407029999999963
0
LINE
8
BLACK
6
CONTINUOUS
10
116.9233040000000017
20
-108.7407029999999963
11
117.054081999999994
21
-108.5141899999999993
0
LINE
8
BLACK
6
CONTINUOUS
10
117.054081999999994
20
-108.5141899999999993
11
117.1013559999999956
21
-108.4549099999999981
0
LINE
8
BLACK
6
CONTINUOUS
10
117.1013559999999956
20
-108.4549099999999981
11
116.7404049999999955
21
-108.0939589999999981
0
LINE
8
BLACK
6
CONTINUOUS
10
116.7404049999999955
20
-108.0939589999999981
11
116.7404030000000006
21
-108.0939589999999981
0
LINE
8
BLACK
6
CONTINUOUS
10
116.7404030000000006
20
-108.0939589999999981
11
116.7111309999999946
21
-108.1273389999999921
0
LINE
8
BLACK
6
CONTINUOUS
10
116.7111309999999946
20
-108.1273389999999921
11
116.711125999999993
21
-108.1273459999999886
0
LINE
8
BLACK
6
CONTINUOUS
10
116.711125999999993
20
-108.1273459999999886
11
116.5472649999999959
21
-108.3725799999999992
0
LINE
8
BLACK
6
CONTINUOUS
10
116.5472649999999959
20
-108.3725799999999992
11
116.5472579999999994
21
-108.3725929999999948
0
LINE
8
BLACK
6
CONTINUOUS
10
116.5472579999999994
20
-108.3725929999999948
11
116.4168119999999931
21
-108.6371109999999902
0
LINE
8
BLACK
6
CONTINUOUS
10
116.4168119999999931
20
-108.6371109999999902
11
116.3220049999999901
21
-108.9163999999999959
0
LINE
8
BLACK
6
CONTINUOUS
10
116.3220049999999901
20
-108.9163999999999959
11
116.3220010000000002
21
-108.9164150000000006
0
LINE
8
BLACK
6
CONTINUOUS
10
116.3220010000000002
20
-108.9164150000000006
11
116.2644639999999896
21
-109.2056749999999994
0
LINE
8
BLACK
6
CONTINUOUS
10
116.2644639999999896
20
-109.2056749999999994
11
116.2644619999999946
21
-109.2056869999999975
0
LINE
8
BLACK
6
CONTINUOUS
10
116.2644619999999946
20
-109.2056869999999975
11
116.2451719999999966
21
-109.5
0
LINE
8
BLACK
6
CONTINUOUS
10
116.2451719999999966
20
-109.5
11
116.2644619999999946
21
-109.7943119999999908
0
LINE
8
BLACK
6
CONTINUOUS
10
116.2644619999999946
20
-109.7943119999999908
11
116.2644639999999896
21
-109.7943239999999889
0
LINE
8
BLACK
6
CONTINUOUS
10
116.2644639999999896
20
-109.7943239999999889
11
116.3220010000000002
21
-110.0835840000000019
0
LINE
8
BLACK
6
CONTINUOUS
10
116.3220010000000002
20
-110.0835840000000019
11
116.3220049999999901
21
-110.0835989999999924
0
LINE
8
BLACK
6
CONTINUOUS
10
116.3220049999999901
20
-110.0835989999999924
11
116.3726860000000016
21
-110.2328969999999941
0
LINE
8
BLACK
6
CONTINUOUS
10
116.3726860000000016
20
-110.2328969999999941
11
116.3755960000000016
21
-110.3027060000000006
0
LINE
8
BLACK
6
CONTINUOUS
10
116.3755960000000016
20
-110.3027060000000006
11
116.3403019999999941
21
-110.3630059999999986
0
LINE
8
BLACK
6
CONTINUOUS
10
116.3403019999999941
20
-110.3630059999999986
11
116.2780099999999948
21
-110.394652999999991
0
LINE
8
BLACK
6
CONTINUOUS
10
116.2780099999999948
20
-110.394652999999991
11
116.2552669999999893
21
-110.3967559999999963
0
LINE
8
BLACK
6
CONTINUOUS
10
116.2552669999999893
20
-110.3967559999999963
11
115.1098789999999923
21
-110.3967559999999963
0
LINE
8
BLACK
6
CONTINUOUS
10
115.1098789999999923
20
-110.3967559999999963
11
115.0428399999999982
21
-110.3770710000000008
0
LINE
8
BLACK
6
CONTINUOUS
10
115.0428399999999982
20
-110.3770710000000008
11
114.9970849999999984
21
-110.3242669999999919
0
LINE
8
BLACK
6
CONTINUOUS
10
114.9970849999999984
20
-110.3242669999999919
11
114.9858789999999971
21
-110.2727560000000011
0
LINE
8
BLACK
6
CONTINUOUS
10
114.9858789999999971
20
-110.2727560000000011
11
114.9858789999999971
21
-108.427109999999999
0
LINE
8
BLACK
6
CONTINUOUS
10
114.9858789999999971
20
-108.427109999999999
11
114.9858789999999971
21
-108.4271079999999898
0
LINE
8
BLACK
6
CONTINUOUS
10
114.9858789999999971
20
-108.4271079999999898
11
114.9517709999999937
21
-108.2998139999999978
0
LINE
8
BLACK
6
CONTINUOUS
10
114.9517709999999937
20
-108.2998139999999978
11
114.8858789999999885
21
-108.1856859999999898
0
LINE
8
BLACK
6
CONTINUOUS
10
114.8858789999999885
20
-108.1856859999999898
11
114.7926929999999999
21
-108.0925000000000011
0
LINE
8
BLACK
6
CONTINUOUS
10
114.7926929999999999
20
-108.0925000000000011
11
114.7356289999999888
21
-108.0595539999999914
0
LINE
8
BLACK
6
CONTINUOUS
10
114.7356289999999888
20
-108.0595539999999914
11
114.6785659999999893
21
-108.026607999999996
0
LINE
8
BLACK
6
CONTINUOUS
10
114.6785659999999893
20
-108.026607999999996
11
114.6149179999999888
21
-108.0095539999999943
0
LINE
8
BLACK
6
CONTINUOUS
10
114.6149179999999888
20
-108.0095539999999943
11
114.5512709999999998
21
-107.9924999999999926
0
LINE
8
BLACK
6
CONTINUOUS
10
114.5512709999999998
20
-107.9924999999999926
11
94.565891999999991
21
-107.9924999999999926
0
LINE
8
BLACK
6
CONTINUOUS
10
94.565891999999991
20
-107.9924999999999926
11
94.4341079999999948
21
-107.9924999999999926
0
LINE
8
BLACK
6
CONTINUOUS
10
94.4341079999999948
20
-107.9924999999999926
11
94.3068119999999936
21
-108.026607999999996
0
LINE
8
BLACK
6
CONTINUOUS
10
94.3068119999999936
20
-108.026607999999996
11
94.1926859999999948
21
-108.0925000000000011
0
LINE
8
BLACK
6
CONTINUOUS
10
94.1926859999999948
20
-108.0925000000000011
11
94.1926830000000024
21
-108.0925019999999961
0
LINE
8
BLACK
6
CONTINUOUS
10
94.1926830000000024
20
-108.0925019999999961
11
94.0995020000000011
21
-108.1856829999999974
0
LINE
8
BLACK
6
CONTINUOUS
10
94.0995020000000011
20
-108.1856829999999974
11
94.0994999999999919
21
-108.1856859999999898
0
LINE
8
BLACK
6
CONTINUOUS
10
94.0994999999999919
20
-108.1856859999999898
11
94.033608000000001
21
-108.2998119999999886
0
LINE
8
BLACK
6
CONTINUOUS
10
94.033608000000001
20
-108.2998119999999886
11
93.9994999999999976
21
-108.4271079999999898
0
LINE
8
BLACK
6
CONTINUOUS
10
93.9994999999999976
20
-108.4271079999999898
11
93.9994999999999976
21
-110.2727560000000011
0
LINE
8
BLACK
6
CONTINUOUS
10
93.9994999999999976
20
-110.2727560000000011
11
93.9798150000000021
21
-110.3397949999999952
0
LINE
8
BLACK
6
CONTINUOUS
10
93.9798150000000021
20
-110.3397949999999952
11
93.9270109999999931
21
-110.385549999999995
0
LINE
8
BLACK
6
CONTINUOUS
10
93.9270109999999931
20
-110.385549999999995
11
93.8755000000000024
21
-110.3967559999999963
0
LINE
8
BLACK
6
CONTINUOUS
10
93.8755000000000024
20
-110.3967559999999963
11
92.7447329999999965
21
-110.3967559999999963
0
LINE
8
BLACK
6
CONTINUOUS
10
92.7447329999999965
20
-110.3967559999999963
11
92.6776940000000025
21
-110.3770710000000008
0
LINE
8
BLACK
6
CONTINUOUS
10
92.6776940000000025
20
-110.3770710000000008
11
92.6319390000000027
21
-110.3242669999999919
0
LINE
8
BLACK
6
CONTINUOUS
10
92.6319390000000027
20
-110.3242669999999919
11
92.6219949999999983
21
-110.2551089999999903
0
LINE
8
BLACK
6
CONTINUOUS
10
92.6219949999999983
20
-110.2551089999999903
11
92.6273139999999984
21
-110.2328969999999941
0
LINE
8
BLACK
6
CONTINUOUS
10
92.6273139999999984
20
-110.2328969999999941
11
92.6779939999999982
21
-110.0835989999999924
0
LINE
8
BLACK
6
CONTINUOUS
10
92.6779939999999982
20
-110.0835989999999924
11
92.6779980000000023
21
-110.0835840000000019
0
LINE
8
BLACK
6
CONTINUOUS
10
92.6779980000000023
20
-110.0835840000000019
11
92.7355349999999987
21
-109.7943239999999889
0
LINE
8
BLACK
6
CONTINUOUS
10
92.7355349999999987
20
-109.7943239999999889
11
92.7355369999999937
21
-109.7943119999999908
0
LINE
8
BLACK
6
CONTINUOUS
10
92.7355369999999937
20
-109.7943119999999908
11
92.7548269999999917
21
-109.5
0
LINE
8
BLACK
6
CONTINUOUS
10
92.7548269999999917
20
-109.5
11
92.7355369999999937
21
-109.2056869999999975
0
LINE
8
BLACK
6
CONTINUOUS
10
92.7355369999999937
20
-109.2056869999999975
11
92.7355349999999987
21
-109.2056749999999994
0
LINE
8
BLACK
6
CONTINUOUS
10
92.7355349999999987
20
-109.2056749999999994
11
92.6779980000000023
21
-108.9164150000000006
0
LINE
8
BLACK
6
CONTINUOUS
10
92.6779980000000023
20
-108.9164150000000006
11
92.6779939999999982
21
-108.9163999999999959
0
LINE
8
BLACK
6
CONTINUOUS
10
92.6779939999999982
20
-108.9163999999999959
11
92.5831869999999952
21
-108.6371109999999902
0
LINE
8
BLACK
6
CONTINUOUS
10
92.5831869999999952
20
-108.6371109999999902
11
92.452740999999989
21
-108.3725929999999948
0
LINE
8
BLACK
6
CONTINUOUS
10
92.452740999999989
20
-108.3725929999999948
11
92.4527339999999924
21
-108.3725799999999992
0
LINE
8
BLACK
6
CONTINUOUS
10
92.4527339999999924
20
-108.3725799999999992
11
92.2888760000000019
21
-108.1273499999999927
0
LINE
8
BLACK
6
CONTINUOUS
10
92.2888760000000019
20
-108.1273499999999927
11
92.2595929999999953
21
-108.0939580000000007
0
LINE
8
BLACK
6
CONTINUOUS
10
92.2595929999999953
20
-108.0939580000000007
11
91.8986419999999953
21
-108.454907999999989
0
LINE
8
BLACK
6
CONTINUOUS
10
91.8986419999999953
20
-108.454907999999989
11
91.9459179999999918
21
-108.5141899999999993
0
LINE
8
BLACK
6
CONTINUOUS
10
91.9459179999999918
20
-108.5141899999999993
11
92.0766959999999983
21
-108.7407029999999963
0
LINE
8
BLACK
6
CONTINUOUS
10
92.0766959999999983
20
-108.7407029999999963
11
92.1722520000000003
21
-108.984178
0
LINE
8
BLACK
6
CONTINUOUS
10
92.1722520000000003
20
-108.984178
11
92.2304539999999946
21
-109.2391760000000005
0
LINE
8
BLACK
6
CONTINUOUS
10
92.2304539999999946
20
-109.2391760000000005
11
92.25
21
-109.5
0
LINE
8
BLACK
6
CONTINUOUS
10
92.25
20
-109.5
11
92.2304539999999946
21
-109.7608239999999995
0
LINE
8
BLACK
6
CONTINUOUS
10
92.2304539999999946
20
-109.7608239999999995
11
92.1722520000000003
21
-110.015822
0
LINE
8
BLACK
6
CONTINUOUS
10
92.1722520000000003
20
-110.015822
11
92.0766959999999983
21
-110.2592969999999895
0
LINE
8
BLACK
6
CONTINUOUS
10
92.0766959999999983
20
-110.2592969999999895
11
91.9459179999999918
21
-110.4858100000000007
0
LINE
8
BLACK
6
CONTINUOUS
10
91.9459179999999918
20
-110.4858100000000007
11
91.7828409999999906
21
-110.6903019999999884
0
LINE
8
BLACK
6
CONTINUOUS
10
91.7828409999999906
20
-110.6903019999999884
11
91.5911069999999938
21
-110.868204999999989
0
LINE
8
BLACK
6
CONTINUOUS
10
91.5911069999999938
20
-110.868204999999989
11
91.375
21
-111.0155439999999913
0
LINE
8
BLACK
6
CONTINUOUS
10
91.375
20
-111.0155439999999913
11
91.1393470000000008
21
-111.1290289999999885
0
LINE
8
BLACK
6
CONTINUOUS
10
91.1393470000000008
20
-111.1290289999999885
11
90.889411999999993
21
-111.2061239999999884
0
LINE
8
BLACK
6
CONTINUOUS
10
90.889411999999993
20
-111.2061239999999884
11
90.6307779999999923
21
-111.2451069999999902
0
LINE
8
BLACK
6
CONTINUOUS
10
90.6307779999999923
20
-111.2451069999999902
11
90.3692219999999935
21
-111.2451069999999902
0
LINE
8
BLACK
6
CONTINUOUS
10
90.3692219999999935
20
-111.2451069999999902
11
90.1105879999999928
21
-111.2061239999999884
0
LINE
8
BLACK
6
CONTINUOUS
10
90.1105879999999928
20
-111.2061239999999884
11
89.8606529999999992
21
-111.1290289999999885
0
LINE
8
BLACK
6
CONTINUOUS
10
89.8606529999999992
20
-111.1290289999999885
11
89.625
21
-111.0155439999999913
0
LINE
8
BLACK
6
CONTINUOUS
10
89.625
20
-111.0155439999999913
11
89.4543520000000001
21
-110.8991979999999984
0
LINE
8
BLACK
6
CONTINUOUS
10
89.4543520000000001
20
-110.8991979999999984
11
89.0939580000000007
21
-111.2595929999999953
0
LINE
8
BLACK
6
CONTINUOUS
10
89.0939580000000007
20
-111.2595929999999953
11
89.1273499999999927
21
-111.2888760000000019
0
LINE
8
BLACK
6
CONTINUOUS
10
89.1273499999999927
20
-111.2888760000000019
11
89.3725799999999992
21
-111.4527339999999924
0
LINE
8
BLACK
6
CONTINUOUS
10
89.3725799999999992
20
-111.4527339999999924
11
89.3725929999999948
21
-111.452740999999989
0
LINE
8
BLACK
6
CONTINUOUS
10
89.3725929999999948
20
-111.452740999999989
11
89.6371109999999902
21
-111.5831869999999952
0
LINE
8
BLACK
6
CONTINUOUS
10
89.6371109999999902
20
-111.5831869999999952
11
89.9163999999999959
21
-111.6779939999999982
0
LINE
8
BLACK
6
CONTINUOUS
10
89.9163999999999959
20
-111.6779939999999982
11
89.9164150000000006
21
-111.6779979999999881
0
LINE
8
BLACK
6
CONTINUOUS
10
89.9164150000000006
20
-111.6779979999999881
11
90.2056749999999994
21
-111.7355349999999987
0
LINE
8
BLACK
6
CONTINUOUS
10
90.2056749999999994
20
-111.7355349999999987
11
90.2056869999999975
21
-111.7355369999999937
0
LINE
8
BLACK
6
CONTINUOUS
10
90.2056869999999975
20
-111.7355369999999937
11
90.5
21
-111.7548269999999917
0
LINE
8
BLACK
6
CONTINUOUS
10
90.5
20
-111.7548269999999917
11
90.7943119999999908
21
-111.7355369999999937
0
LINE
8
BLACK
6
CONTINUOUS
10
90.7943119999999908
20
-111.7355369999999937
11
90.7943239999999889
21
-111.7355349999999987
0
LINE
8
BLACK
6
CONTINUOUS
10
90.7943239999999889
20
-111.7355349999999987
11
91.0835840000000019
21
-111.6779979999999881
0
LINE
8
BLACK
6
CONTINUOUS
10
91.0835840000000019
20
-111.6779979999999881
11
91.0835989999999924
21
-111.6779939999999982
0
LINE
8
BLACK
6
CONTINUOUS
10
91.0835989999999924
20
-111.6779939999999982
11
91.3628879999999981
21
-111.5831869999999952
0
LINE
8
BLACK
6
CONTINUOUS
10
91.3628879999999981
20
-111.5831869999999952
11
91.6274059999999935
21
-111.452740999999989
0
LINE
8
BLACK
6
CONTINUOUS
10
91.6274059999999935
20
-111.452740999999989
11
91.6274189999999891
21
-111.4527339999999924
0
LINE
8
BLACK
6
CONTINUOUS
10
91.6274189999999891
20
-111.4527339999999924
11
91.8726529999999997
21
-111.2888729999999953
0
LINE
8
BLACK
6
CONTINUOUS
10
91.8726529999999997
20
-111.2888729999999953
11
91.9404600000000016
21
-111.2294089999999898
0
LINE
8
BLACK
6
CONTINUOUS
10
91.9404600000000016
20
-111.2294089999999898
11
92.0038419999999917
21
-111.2000060000000019
0
LINE
8
BLACK
6
CONTINUOUS
10
92.0038419999999917
20
-111.2000060000000019
11
92.073057999999989
21
-111.2095379999999949
0
LINE
8
BLACK
6
CONTINUOUS
10
92.073057999999989
20
-111.2095379999999949
11
92.1261329999999958
21
-111.2549779999999942
0
LINE
8
BLACK
6
CONTINUOUS
10
92.1261329999999958
20
-111.2549779999999942
11
92.1462169999999929
21
-111.3218990000000019
0
LINE
8
BLACK
6
CONTINUOUS
10
92.1462169999999929
20
-111.3218990000000019
11
92.1462190000000021
21
-111.3226370000000003
0
LINE
8
BLACK
6
CONTINUOUS
10
92.1462190000000021
20
-111.3226370000000003
11
92.1462190000000021
21
-111.8755939999999924
0
LINE
8
BLACK
6
CONTINUOUS
10
92.1462190000000021
20
-111.8755939999999924
11
92.1265339999999924
21
-111.9426330000000007
0
LINE
8
BLACK
6
CONTINUOUS
10
92.1265339999999924
20
-111.9426330000000007
11
92.0737299999999976
21
-111.9883880000000005
0
LINE
8
BLACK
6
CONTINUOUS
10
92.0737299999999976
20
-111.9883880000000005
11
92.0222189999999927
21
-111.9995940000000019
0
LINE
8
BLACK
6
CONTINUOUS
10
92.0222189999999927
20
-111.9995940000000019
11
90.9472019999999901
21
-111.9995940000000019
0
LINE
8
BLACK
6
CONTINUOUS
10
90.9472019999999901
20
-111.9995940000000019
11
90.8199059999999889
21
-112.033701999999991
0
LINE
8
BLACK
6
CONTINUOUS
10
90.8199059999999889
20
-112.033701999999991
11
90.7057799999999901
21
-112.0995939999999962
0
LINE
8
BLACK
6
CONTINUOUS
10
90.7057799999999901
20
-112.0995939999999962
11
90.7057769999999977
21
-112.0995959999999911
0
LINE
8
BLACK
6
CONTINUOUS
10
90.7057769999999977
20
-112.0995959999999911
11
90.6125959999999964
21
-112.1927769999999924
0
LINE
8
BLACK
6
CONTINUOUS
10
90.6125959999999964
20
-112.1927769999999924
11
90.6125940000000014
21
-112.1927799999999991
0
LINE
8
BLACK
6
CONTINUOUS
10
90.6125940000000014
20
-112.1927799999999991
11
90.5467019999999962
21
-112.3069059999999979
0
LINE
8
BLACK
6
CONTINUOUS
10
90.5467019999999962
20
-112.3069059999999979
11
90.5125939999999929
21
-112.4342019999999991
0
LINE
8
BLACK
6
CONTINUOUS
10
90.5125939999999929
20
-112.4342019999999991
11
90.5125939999999929
21
-115.9022019999999884
0
LINE
8
BLACK
6
CONTINUOUS
10
90.5125939999999929
20
-115.9022019999999884
11
90.4929089999999974
21
-115.9692409999999967
0
LINE
8
BLACK
6
CONTINUOUS
10
90.4929089999999974
20
-115.9692409999999967
11
90.4401050000000026
21
-116.0149959999999965
0
LINE
8
BLACK
6
CONTINUOUS
10
90.4401050000000026
20
-116.0149959999999965
11
90.370947000000001
21
-116.0249400000000009
0
LINE
8
BLACK
6
CONTINUOUS
10
90.370947000000001
20
-116.0249400000000009
11
90.3073909999999955
21
-115.9959149999999966
0
LINE
8
BLACK
6
CONTINUOUS
10
90.3073909999999955
20
-115.9959149999999966
11
90.2893279999999976
21
-115.9765139999999946
0
LINE
8
BLACK
6
CONTINUOUS
10
90.2893279999999976
20
-115.9765139999999946
11
90.2825459999999964
21
-115.9674539999999894
0
LINE
8
BLACK
6
CONTINUOUS
10
90.2825459999999964
20
-115.9674539999999894
11
90.2825440000000015
21
-115.9674529999999919
0
LINE
8
BLACK
6
CONTINUOUS
10
90.2825440000000015
20
-115.9674529999999919
11
90.2825440000000015
21
-115.9674519999999944
0
LINE
8
BLACK
6
CONTINUOUS
10
90.2825440000000015
20
-115.9674519999999944
11
90.1673349999999942
21
-115.8812059999999917
0
LINE
8
BLACK
6
CONTINUOUS
10
90.1673349999999942
20
-115.8812059999999917
11
90.1673279999999977
21
-115.8812020000000018
0
LINE
8
BLACK
6
CONTINUOUS
10
90.1673279999999977
20
-115.8812020000000018
11
90.0324820000000017
21
-115.8309079999999938
0
LINE
8
BLACK
6
CONTINUOUS
10
90.0324820000000017
20
-115.8309079999999938
11
90.0324829999999992
21
-115.8309079999999938
0
LINE
8
BLACK
6
CONTINUOUS
10
90.0324829999999992
20
-115.8309079999999938
11
89.9728829999999959
21
-115.8245009999999979
0
LINE
8
BLACK
6
CONTINUOUS
10
89.9728829999999959
20
-115.8245009999999979
11
89.972881000000001
21
-115.8245000000000005
0
LINE
8
BLACK
6
CONTINUOUS
10
89.972881000000001
20
-115.8245000000000005
11
89.9728729999999928
21
-115.8245000000000005
0
LINE
8
BLACK
6
CONTINUOUS
10
89.9728729999999928
20
-115.8245000000000005
11
89.9728640000000013
21
-115.8245000000000005
0
LINE
8
BLACK
6
CONTINUOUS
10
89.9728640000000013
20
-115.8245000000000005
11
89.0271290000000022
21
-115.8245000000000005
0
LINE
8
BLACK
6
CONTINUOUS
10
89.0271290000000022
20
-115.8245000000000005
11
89.0271229999999889
21
-115.8245009999999979
0
LINE
8
BLACK
6
CONTINUOUS
10
89.0271229999999889
20
-115.8245009999999979
11
88.9675159999999892
21
-115.8309079999999938
0
LINE
8
BLACK
6
CONTINUOUS
10
88.9675159999999892
20
-115.8309079999999938
11
88.8326709999999906
21
-115.8812020000000018
0
LINE
8
BLACK
6
CONTINUOUS
10
88.8326709999999906
20
-115.8812020000000018
11
88.8326639999999941
21
-115.8812059999999917
0
LINE
8
BLACK
6
CONTINUOUS
10
88.8326639999999941
20
-115.8812059999999917
11
88.7174550000000011
21
-115.9674519999999944
0
LINE
8
BLACK
6
CONTINUOUS
10
88.7174550000000011
20
-115.9674519999999944
11
88.7174519999999944
21
-115.9674550000000011
0
LINE
8
BLACK
6
CONTINUOUS
10
88.7174519999999944
20
-115.9674550000000011
11
88.6312059999999917
21
-116.0826639999999941
0
LINE
8
BLACK
6
CONTINUOUS
10
88.6312059999999917
20
-116.0826639999999941
11
88.6312020000000018
21
-116.0826709999999906
0
LINE
8
BLACK
6
CONTINUOUS
10
88.6312020000000018
20
-116.0826709999999906
11
88.5809079999999938
21
-116.2175170000000008
0
LINE
8
BLACK
6
CONTINUOUS
10
88.5809079999999938
20
-116.2175170000000008
11
88.5745009999999979
21
-116.2771159999999924
0
LINE
8
BLACK
6
CONTINUOUS
10
88.5745009999999979
20
-116.2771159999999924
11
88.5745000000000005
21
-116.2771350000000012
0
LINE
8
BLACK
6
CONTINUOUS
10
88.5745000000000005
20
-116.2771350000000012
11
88.5745000000000005
21
-117.2228700000000003
0
LINE
8
BLACK
6
CONTINUOUS
10
88.5745000000000005
20
-117.2228700000000003
11
88.5745009999999979
21
-117.2228759999999994
0
LINE
8
BLACK
6
CONTINUOUS
10
88.5745009999999979
20
-117.2228759999999994
11
88.5809079999999938
21
-117.2824829999999992
0
LINE
8
BLACK
6
CONTINUOUS
10
88.5809079999999938
20
-117.2824829999999992
11
88.6180990000000008
21
-117.3821949999999958
0
LINE
8
BLACK
6
CONTINUOUS
10
88.6180990000000008
20
-117.3821949999999958
11
88.6230829999999941
21
-117.4518869999999993
0
LINE
8
BLACK
6
CONTINUOUS
10
88.6230829999999941
20
-117.4518869999999993
11
88.6198479999999904
21
-117.4638449999999921
0
LINE
8
BLACK
6
CONTINUOUS
10
88.6198479999999904
20
-117.4638449999999921
11
88.5897399999999919
21
-117.5565110000000004
0
LINE
8
BLACK
6
CONTINUOUS
10
88.5897399999999919
20
-117.5565110000000004
11
88.589737999999997
21
-117.5565159999999878
0
LINE
8
BLACK
6
CONTINUOUS
10
88.589737999999997
20
-117.5565159999999878
11
88.5694019999999966
21
-117.75
0
LINE
8
BLACK
6
CONTINUOUS
10
88.5694019999999966
20
-117.75
11
88.589737999999997
21
-117.9434830000000005
0
LINE
8
BLACK
6
CONTINUOUS
10
88.589737999999997
20
-117.9434830000000005
11
88.6498559999999998
21
-118.1285099999999915
0
LINE
8
BLACK
6
CONTINUOUS
10
88.6498559999999998
20
-118.1285099999999915
11
88.6498569999999972
21
-118.1285109999999889
0
LINE
8
BLACK
6
CONTINUOUS
10
88.6498569999999972
20
-118.1285109999999889
11
88.6844919999999917
21
-118.1884999999999906
0
LINE
8
BLACK
6
CONTINUOUS
10
88.6844919999999917
20
-118.1884999999999906
11
88.7009649999999965
21
-118.2563999999999993
0
LINE
8
BLACK
6
CONTINUOUS
10
88.7009649999999965
20
-118.2563999999999993
11
88.6844919999999917
21
-118.3125
0
LINE
8
BLACK
6
CONTINUOUS
10
88.6844919999999917
20
-118.3125
11
88.6503170000000011
21
-118.3716919999999959
0
LINE
8
BLACK
6
CONTINUOUS
10
88.6503170000000011
20
-118.3716919999999959
11
88.6503159999999895
21
-118.3716929999999934
0
LINE
8
BLACK
6
CONTINUOUS
10
88.6503159999999895
20
-118.3716929999999934
11
88.608627999999996
21
-118.4999989999999883
0
LINE
8
BLACK
6
CONTINUOUS
10
88.608627999999996
20
-118.4999989999999883
11
88.608627999999996
21
-118.5
0
LINE
8
BLACK
6
CONTINUOUS
10
88.608627999999996
20
-118.5
11
88.9174409999999966
21
-118.5
0
LINE
8
BLACK
6
CONTINUOUS
10
88.9174409999999966
20
-118.5
11
88.9844799999999907
21
-118.5196849999999955
0
LINE
8
BLACK
6
CONTINUOUS
10
88.9844799999999907
20
-118.5196849999999955
11
88.9903269999999935
21
-118.5236819999999938
0
LINE
8
BLACK
6
CONTINUOUS
10
88.9903269999999935
20
-118.5236819999999938
11
89.0347019999999958
21
-118.5559229999999928
0
LINE
8
BLACK
6
CONTINUOUS
10
89.0347019999999958
20
-118.5559229999999928
11
89.1029259999999965
21
-118.5862969999999876
0
LINE
8
BLACK
6
CONTINUOUS
10
89.1029259999999965
20
-118.5862969999999876
11
89.1105620000000016
21
-118.5896959999999893
0
LINE
8
BLACK
6
CONTINUOUS
10
89.1105620000000016
20
-118.5896959999999893
11
89.1561679999999939
21
-118.5001910000000009
0
LINE
8
BLACK
6
CONTINUOUS
10
89.1561679999999939
20
-118.5001910000000009
11
89.2501910000000009
21
-118.4061679999999939
0
LINE
8
BLACK
6
CONTINUOUS
10
89.2501910000000009
20
-118.4061679999999939
11
89.3686679999999996
21
-118.3458009999999945
0
LINE
8
BLACK
6
CONTINUOUS
10
89.3686679999999996
20
-118.3458009999999945
11
89.5
21
-118.3249999999999886
0
LINE
8
BLACK
6
CONTINUOUS
10
89.5
20
-118.3249999999999886
11
89.6313320000000004
21
-118.3458009999999945
0
LINE
8
BLACK
6
CONTINUOUS
10
89.6313320000000004
20
-118.3458009999999945
11
89.7498089999999991
21
-118.4061679999999939
0
LINE
8
BLACK
6
CONTINUOUS
10
89.7498089999999991
20
-118.4061679999999939
11
89.8438319999999919
21
-118.5001910000000009
0
LINE
8
BLACK
6
CONTINUOUS
10
89.8438319999999919
20
-118.5001910000000009
11
89.9041989999999913
21
-118.6186679999999996
0
LINE
8
BLACK
6
CONTINUOUS
10
89.9041989999999913
20
-118.6186679999999996
11
89.9249999999999972
21
-118.75
0
LINE
8
BLACK
6
CONTINUOUS
10
89.9249999999999972
20
-118.75
11
89.9041989999999913
21
-118.8813320000000004
0
LINE
8
BLACK
6
CONTINUOUS
10
89.9041989999999913
20
-118.8813320000000004
11
89.8438319999999919
21
-118.9998089999999991
0
LINE
8
BLACK
6
CONTINUOUS
10
89.8438319999999919
20
-118.9998089999999991
11
89.75
21
-119.093640999999991
0
LINE
8
BLACK
6
CONTINUOUS
10
89.75
20
-119.093640999999991
11
89.75
21
-119.6425239999999945
0
LINE
8
BLACK
6
CONTINUOUS
10
89.75
20
-119.6425239999999945
11
89.7874119999999891
21
-119.634572999999989
0
LINE
8
BLACK
6
CONTINUOUS
10
89.7874119999999891
20
-119.634572999999989
11
89.9650489999999934
21
-119.5554839999999928
0
LINE
8
BLACK
6
CONTINUOUS
10
89.9650489999999934
20
-119.5554839999999928
11
90.1223569999999938
21
-119.4411920000000009
0
LINE
8
BLACK
6
CONTINUOUS
10
90.1223569999999938
20
-119.4411920000000009
11
90.1223600000000005
21
-119.4411899999999918
0
LINE
8
BLACK
6
CONTINUOUS
10
90.1223600000000005
20
-119.4411899999999918
11
90.2524629999999917
21
-119.296693999999988
0
LINE
8
BLACK
6
CONTINUOUS
10
90.2524629999999917
20
-119.296693999999988
11
90.2812069999999949
21
-119.2469099999999997
0
LINE
8
BLACK
6
CONTINUOUS
10
90.2812069999999949
20
-119.2469099999999997
11
90.3317729999999983
21
-119.1986950000000007
0
LINE
8
BLACK
6
CONTINUOUS
10
90.3317729999999983
20
-119.1986950000000007
11
90.4003799999999984
21
-119.1854709999999926
0
LINE
8
BLACK
6
CONTINUOUS
10
90.4003799999999984
20
-119.1854709999999926
11
90.4652449999999959
21
-119.2114389999999986
0
LINE
8
BLACK
6
CONTINUOUS
10
90.4652449999999959
20
-119.2114389999999986
11
90.5057740000000024
21
-119.2683529999999905
0
LINE
8
BLACK
6
CONTINUOUS
10
90.5057740000000024
20
-119.2683529999999905
11
90.5125939999999929
21
-119.3089099999999974
0
LINE
8
BLACK
6
CONTINUOUS
10
90.5125939999999929
20
-119.3089099999999974
11
90.5125939999999929
21
-120.364420999999993
0
LINE
8
BLACK
6
CONTINUOUS
10
90.5125939999999929
20
-120.364420999999993
11
90.4929089999999974
21
-120.4314600000000013
0
LINE
8
BLACK
6
CONTINUOUS
10
90.4929089999999974
20
-120.4314600000000013
11
90.4401050000000026
21
-120.4772150000000011
0
LINE
8
BLACK
6
CONTINUOUS
10
90.4401050000000026
20
-120.4772150000000011
11
90.3893289999999894
21
-120.4884189999999933
0
LINE
8
BLACK
6
CONTINUOUS
10
90.3893289999999894
20
-120.4884189999999933
11
88.5207679999999897
21
-120.4994979999999885
0
LINE
8
BLACK
6
CONTINUOUS
10
88.5207679999999897
20
-120.4994979999999885
11
88.520032999999998
21
-120.4994999999999976
0
LINE
8
BLACK
6
CONTINUOUS
10
88.520032999999998
20
-120.4994999999999976
11
88.4560269999999917
21
-120.4994999999999976
0
LINE
8
BLACK
6
CONTINUOUS
10
88.4560269999999917
20
-120.4994999999999976
11
88.4549870000000027
21
-120.4996429999999918
0
LINE
8
BLACK
6
CONTINUOUS
10
88.4549870000000027
20
-120.4996429999999918
11
88.4542900000000003
21
-120.4997359999999986
0
LINE
8
BLACK
6
CONTINUOUS
10
88.4542900000000003
20
-120.4997359999999986
11
88.4532009999999929
21
-120.4998789999999929
0
LINE
8
BLACK
6
CONTINUOUS
10
88.4532009999999929
20
-120.4998789999999929
11
88.391413
21
-120.5168269999999922
0
LINE
8
BLACK
6
CONTINUOUS
10
88.391413
20
-120.5168269999999922
11
88.3907090000000011
21
-120.5170179999999931
0
LINE
8
BLACK
6
CONTINUOUS
10
88.3907090000000011
20
-120.5170179999999931
11
88.3287409999999937
21
-120.5336229999999915
0
LINE
8
BLACK
6
CONTINUOUS
10
88.3287409999999937
20
-120.5336229999999915
11
88.3278150000000011
21
-120.5340139999999991
0
LINE
8
BLACK
6
CONTINUOUS
10
88.3278150000000011
20
-120.5340139999999991
11
88.3271289999999993
21
-120.5342999999999876
0
LINE
8
BLACK
6
CONTINUOUS
10
88.3271289999999993
20
-120.5342999999999876
11
88.3261059999999958
21
-120.5347229999999996
0
LINE
8
BLACK
6
CONTINUOUS
10
88.3261059999999958
20
-120.5347229999999996
11
88.2708099999999973
21
-120.5670849999999916
0
LINE
8
BLACK
6
CONTINUOUS
10
88.2708099999999973
20
-120.5670849999999916
11
88.2701809999999938
21
-120.5674509999999913
0
LINE
8
BLACK
6
CONTINUOUS
10
88.2701809999999938
20
-120.5674509999999913
11
88.2146079999999984
21
-120.599536999999998
0
LINE
8
BLACK
6
CONTINUOUS
10
88.2146079999999984
20
-120.599536999999998
11
88.2138319999999965
21
-120.6001409999999936
0
LINE
8
BLACK
6
CONTINUOUS
10
88.2138319999999965
20
-120.6001409999999936
11
88.2132249999999942
21
-120.600609999999989
0
LINE
8
BLACK
6
CONTINUOUS
10
88.2132249999999942
20
-120.600609999999989
11
88.2123569999999972
21
-120.6012750000000011
0
LINE
8
BLACK
6
CONTINUOUS
10
88.2123569999999972
20
-120.6012750000000011
11
88.1672009999999915
21
-120.6469680000000011
0
LINE
8
BLACK
6
CONTINUOUS
10
88.1672009999999915
20
-120.6469680000000011
11
88.166686999999996
21
-120.6474860000000007
0
LINE
8
BLACK
6
CONTINUOUS
10
88.166686999999996
20
-120.6474860000000007
11
88.1214319999999987
21
-120.6927419999999955
0
LINE
8
BLACK
6
CONTINUOUS
10
88.1214319999999987
20
-120.6927419999999955
11
88.1208099999999916
21
-120.693563999999995
0
LINE
8
BLACK
6
CONTINUOUS
10
88.1208099999999916
20
-120.693563999999995
11
88.1203309999999931
21
-120.694192000000001
0
LINE
8
BLACK
6
CONTINUOUS
10
88.1203309999999931
20
-120.694192000000001
11
88.1197109999999952
21
-120.6949979999999982
0
LINE
8
BLACK
6
CONTINUOUS
10
88.1197109999999952
20
-120.6949979999999982
11
88.0880269999999967
21
-120.7506349999999884
0
LINE
8
BLACK
6
CONTINUOUS
10
88.0880269999999967
20
-120.7506349999999884
11
88.0876629999999921
21
-120.751269999999991
0
LINE
8
BLACK
6
CONTINUOUS
10
88.0876629999999921
20
-120.751269999999991
11
88.0555590000000024
21
-120.8068759999999884
0
LINE
8
BLACK
6
CONTINUOUS
10
88.0555590000000024
20
-120.8068759999999884
11
88.055183999999997
21
-120.8077989999999886
0
LINE
8
BLACK
6
CONTINUOUS
10
88.055183999999997
20
-120.8077989999999886
11
88.0548900000000003
21
-120.8085149999999999
0
LINE
8
BLACK
6
CONTINUOUS
10
88.0548900000000003
20
-120.8085149999999999
11
88.054475999999994
21
-120.8095129999999955
0
LINE
8
BLACK
6
CONTINUOUS
10
88.054475999999994
20
-120.8095129999999955
11
88.038220999999993
21
-120.8716450000000009
0
LINE
8
BLACK
6
CONTINUOUS
10
88.038220999999993
20
-120.8716450000000009
11
88.0380339999999961
21
-120.8723519999999922
0
LINE
8
BLACK
6
CONTINUOUS
10
88.0380339999999961
20
-120.8723519999999922
11
88.0214699999999937
21
-120.9341689999999971
0
LINE
8
BLACK
6
CONTINUOUS
10
88.0214699999999937
20
-120.9341689999999971
11
88.021333999999996
21
-120.9352579999999904
0
LINE
8
BLACK
6
CONTINUOUS
10
88.021333999999996
20
-120.9352579999999904
11
88.0212420000000009
21
-120.935970999999995
0
LINE
8
BLACK
6
CONTINUOUS
10
88.0212420000000009
20
-120.935970999999995
11
88.0211049999999915
21
-120.9370069999999942
0
LINE
8
BLACK
6
CONTINUOUS
10
88.0211049999999915
20
-120.9370069999999942
11
88.0214859999999959
21
-121.0011939999999981
0
LINE
8
BLACK
6
CONTINUOUS
10
88.0214859999999959
20
-121.0011939999999981
11
88.0214879999999908
21
-121.0019289999999899
0
LINE
8
BLACK
6
CONTINUOUS
10
88.0214879999999908
20
-121.0019289999999899
11
88.0214879999999908
21
-128.2119419999999934
0
LINE
8
BLACK
6
CONTINUOUS
10
88.0214879999999908
20
-128.2119419999999934
11
88.0213119999999947
21
-128.2146689999999865
0
LINE
8
BLACK
6
CONTINUOUS
10
88.0213119999999947
20
-128.2146689999999865
11
88.0214879999999908
21
-128.2866159999999809
0
LINE
8
BLACK
6
CONTINUOUS
10
88.0214879999999908
20
-128.2866159999999809
11
88.0214879999999908
21
-128.3581669999999804
0
LINE
8
BLACK
6
CONTINUOUS
10
88.0214879999999908
20
-128.3581669999999804
11
88.0216679999999911
21
-128.3608820000000037
0
LINE
8
BLACK
6
CONTINUOUS
10
88.0216679999999911
20
-128.3608820000000037
11
88.0385059999999982
21
-135.2504150000000038
0
LINE
8
BLACK
6
CONTINUOUS
10
88.0385059999999982
20
-135.2504150000000038
11
88.0385059999999982
21
-135.3159080000000074
0
LINE
8
BLACK
6
CONTINUOUS
10
88.0385059999999982
20
-135.3159080000000074
11
88.0385440000000017
21
-135.3161910000000034
0
LINE
8
BLACK
6
CONTINUOUS
10
88.0385440000000017
20
-135.3161910000000034
11
88.0385919999999942
21
-135.3165520000000015
0
LINE
8
BLACK
6
CONTINUOUS
10
88.0385919999999942
20
-135.3165520000000015
11
88.0386629999999997
21
-135.3170949999999948
0
LINE
8
BLACK
6
CONTINUOUS
10
88.0386629999999997
20
-135.3170949999999948
11
88.0556380000000019
21
-135.3798319999999933
0
LINE
8
BLACK
6
CONTINUOUS
10
88.0556380000000019
20
-135.3798319999999933
11
88.0557170000000013
21
-135.3801249999999925
0
LINE
8
BLACK
6
CONTINUOUS
10
88.0557170000000013
20
-135.3801249999999925
11
88.0726169999999939
21
-135.4431989999999928
0
LINE
8
BLACK
6
CONTINUOUS
10
88.0726169999999939
20
-135.4431989999999928
11
88.0727869999999911
21
-135.4436059999999884
0
LINE
8
BLACK
6
CONTINUOUS
10
88.0727869999999911
20
-135.4436059999999884
11
88.0728969999999975
21
-135.4438719999999989
0
LINE
8
BLACK
6
CONTINUOUS
10
88.0728969999999975
20
-135.4438719999999989
11
88.0730789999999928
21
-135.444312999999994
0
LINE
8
BLACK
6
CONTINUOUS
10
88.0730789999999928
20
-135.444312999999994
11
88.1059279999999916
21
-135.5008880000000033
0
LINE
8
BLACK
6
CONTINUOUS
10
88.1059279999999916
20
-135.5008880000000033
11
88.1060039999999987
21
-135.5010189999999852
0
LINE
8
BLACK
6
CONTINUOUS
10
88.1060039999999987
20
-135.5010189999999852
11
88.1385059999999925
21
-135.557313999999991
0
LINE
8
BLACK
6
CONTINUOUS
10
88.1385059999999925
20
-135.557313999999991
11
88.1385149999999982
21
-135.5573289999999815
0
LINE
8
BLACK
6
CONTINUOUS
10
88.1385149999999982
20
-135.5573289999999815
11
88.1389080000000007
21
-135.5578390000000013
0
LINE
8
BLACK
6
CONTINUOUS
10
88.1389080000000007
20
-135.5578390000000013
11
88.1390930000000026
21
-135.5580789999999922
0
LINE
8
BLACK
6
CONTINUOUS
10
88.1390930000000026
20
-135.5580789999999922
11
88.1392510000000016
21
-135.5582849999999837
0
LINE
8
BLACK
6
CONTINUOUS
10
88.1392510000000016
20
-135.5582849999999837
11
88.1855559999999912
21
-135.6043640000000039
0
LINE
8
BLACK
6
CONTINUOUS
10
88.1855559999999912
20
-135.6043640000000039
11
88.2316979999999944
21
-135.6505060000000071
0
LINE
8
BLACK
6
CONTINUOUS
10
88.2316979999999944
20
-135.6505060000000071
11
88.2320239999999956
21
-135.6507550000000037
0
LINE
8
BLACK
6
CONTINUOUS
10
88.2320239999999956
20
-135.6507550000000037
11
88.232254999999995
21
-135.6509319999999832
0
LINE
8
BLACK
6
CONTINUOUS
10
88.232254999999995
20
-135.6509319999999832
11
88.232656999999989
21
-135.6512400000000014
0
LINE
8
BLACK
6
CONTINUOUS
10
88.232656999999989
20
-135.6512400000000014
11
88.2326679999999897
21
-135.6512459999999862
0
LINE
8
BLACK
6
CONTINUOUS
10
88.2326679999999897
20
-135.6512459999999862
11
88.2326719999999938
21
-135.6512500000000045
0
LINE
8
BLACK
6
CONTINUOUS
10
88.2326719999999938
20
-135.6512500000000045
11
88.289094999999989
21
-135.6836419999999919
0
LINE
8
BLACK
6
CONTINUOUS
10
88.289094999999989
20
-135.6836419999999919
11
88.2893109999999979
21
-135.6838679999999897
0
LINE
8
BLACK
6
CONTINUOUS
10
88.2893109999999979
20
-135.6838679999999897
11
88.2893559999999979
21
-135.6837919999999826
0
LINE
8
BLACK
6
CONTINUOUS
10
88.2893559999999979
20
-135.6837919999999826
11
88.3458339999999964
21
-135.716399999999993
0
LINE
8
BLACK
6
CONTINUOUS
10
88.3458339999999964
20
-135.716399999999993
11
88.3464000000000027
21
-135.7166330000000016
0
LINE
8
BLACK
6
CONTINUOUS
10
88.3464000000000027
20
-135.7166330000000016
11
88.3465970000000027
21
-135.7167139999999961
0
LINE
8
BLACK
6
CONTINUOUS
10
88.3465970000000027
20
-135.7167139999999961
11
88.34695099999999
21
-135.7168599999999969
0
LINE
8
BLACK
6
CONTINUOUS
10
88.34695099999999
20
-135.7168599999999969
11
88.3469580000000008
21
-135.7168609999999944
0
LINE
8
BLACK
6
CONTINUOUS
10
88.3469580000000008
20
-135.7168609999999944
11
88.3469599999999957
21
-135.7168629999999894
0
LINE
8
BLACK
6
CONTINUOUS
10
88.3469599999999957
20
-135.7168629999999894
11
88.4102359999999976
21
-135.7336520000000064
0
LINE
8
BLACK
6
CONTINUOUS
10
88.4102359999999976
20
-135.7336520000000064
11
88.4731139999999954
21
-135.7504999999999882
0
LINE
8
BLACK
6
CONTINUOUS
10
88.4731139999999954
20
-135.7504999999999882
11
88.473117000000002
21
-135.7504999999999882
0
LINE
8
BLACK
6
CONTINUOUS
10
88.473117000000002
20
-135.7504999999999882
11
88.4731280000000027
21
-135.7505029999999806
0
LINE
8
BLACK
6
CONTINUOUS
10
88.4731280000000027
20
-135.7505029999999806
11
88.4737389999999948
21
-135.7505819999999801
0
LINE
8
BLACK
6
CONTINUOUS
10
88.4737389999999948
20
-135.7505819999999801
11
88.4740690000000001
21
-135.7506249999999852
0
LINE
8
BLACK
6
CONTINUOUS
10
88.4740690000000001
20
-135.7506249999999852
11
88.4743279999999999
21
-135.7506589999999846
0
LINE
8
BLACK
6
CONTINUOUS
10
88.4743279999999999
20
-135.7506589999999846
11
88.4743330000000014
21
-135.7506579999999872
0
LINE
8
BLACK
6
CONTINUOUS
10
88.4743330000000014
20
-135.7506579999999872
11
88.4743369999999913
21
-135.7506599999999821
0
LINE
8
BLACK
6
CONTINUOUS
10
88.4743369999999913
20
-135.7506599999999821
11
88.5396640000000019
21
-135.7504999999999882
0
LINE
8
BLACK
6
CONTINUOUS
10
88.5396640000000019
20
-135.7504999999999882
11
88.5398209999999892
21
-135.7504999999999882
0
LINE
8
BLACK
6
CONTINUOUS
10
88.5398209999999892
20
-135.7504999999999882
11
89.0526919999999933
21
-135.7504999999999882
0
LINE
8
BLACK
6
CONTINUOUS
10
89.0526919999999933
20
-135.7504999999999882
11
89.1197310000000016
21
-135.7701849999999979
0
LINE
8
BLACK
6
CONTINUOUS
10
89.1197310000000016
20
-135.7701849999999979
11
89.1403729999999968
21
-135.78681899999998
0
LINE
8
BLACK
6
CONTINUOUS
10
89.1403729999999968
20
-135.78681899999998
11
89.4543529999999976
21
-136.1007999999999925
0
LINE
8
BLACK
6
CONTINUOUS
10
89.4543529999999976
20
-136.1007999999999925
11
89.625
21
-135.9844559999999944
0
LINE
8
BLACK
6
CONTINUOUS
10
89.625
20
-135.9844559999999944
11
89.8606529999999992
21
-135.8709709999999973
0
LINE
8
BLACK
6
CONTINUOUS
10
89.8606529999999992
20
-135.8709709999999973
11
90.1105879999999928
21
-135.7938759999999832
0
LINE
8
BLACK
6
CONTINUOUS
10
90.1105879999999928
20
-135.7938759999999832
11
90.3692219999999935
21
-135.7548929999999814
0
LINE
8
BLACK
6
CONTINUOUS
10
90.3692219999999935
20
-135.7548929999999814
11
90.6307779999999923
21
-135.7548929999999814
0
LINE
8
BLACK
6
CONTINUOUS
10
90.6307779999999923
20
-135.7548929999999814
11
90.889411999999993
21
-135.7938759999999832
0
LINE
8
BLACK
6
CONTINUOUS
10
90.889411999999993
20
-135.7938759999999832
11
91.1393470000000008
21
-135.8709709999999973
0
LINE
8
BLACK
6
CONTINUOUS
10
91.1393470000000008
20
-135.8709709999999973
11
91.375
21
-135.9844559999999944
0
LINE
8
BLACK
6
CONTINUOUS
10
91.375
20
-135.9844559999999944
11
91.5911069999999938
21
-136.1317949999999826
0
LINE
8
BLACK
6
CONTINUOUS
10
91.5911069999999938
20
-136.1317949999999826
11
91.7828409999999906
21
-136.3096979999999974
0
LINE
8
BLACK
6
CONTINUOUS
10
91.7828409999999906
20
-136.3096979999999974
11
91.9459179999999918
21
-136.514189999999985
0
LINE
8
BLACK
6
CONTINUOUS
10
91.9459179999999918
20
-136.514189999999985
11
92.0766959999999983
21
-136.7407029999999963
0
LINE
8
BLACK
6
CONTINUOUS
10
92.0766959999999983
20
-136.7407029999999963
11
92.1722520000000003
21
-136.9841779999999858
0
LINE
8
BLACK
6
CONTINUOUS
10
92.1722520000000003
20
-136.9841779999999858
11
92.2304539999999946
21
-137.2391759999999863
0
LINE
8
BLACK
6
CONTINUOUS
10
92.2304539999999946
20
-137.2391759999999863
11
92.25
21
-137.5
0
LINE
8
BLACK
6
CONTINUOUS
10
92.25
20
-137.5
11
92.2304539999999946
21
-137.7608239999999853
0
LINE
8
BLACK
6
CONTINUOUS
10
92.2304539999999946
20
-137.7608239999999853
11
92.1722520000000003
21
-138.0158219999999858
0
LINE
8
BLACK
6
CONTINUOUS
10
92.1722520000000003
20
-138.0158219999999858
11
92.0766959999999983
21
-138.2592970000000037
0
LINE
8
BLACK
6
CONTINUOUS
10
92.0766959999999983
20
-138.2592970000000037
11
91.9459179999999918
21
-138.4858099999999865
0
LINE
8
BLACK
6
CONTINUOUS
10
91.9459179999999918
20
-138.4858099999999865
11
91.8986429999999928
21
-138.5450899999999876
0
LINE
8
BLACK
6
CONTINUOUS
10
91.8986429999999928
20
-138.5450899999999876
11
92.2595929999999953
21
-138.9060389999999927
0
LINE
8
BLACK
6
CONTINUOUS
10
92.2595929999999953
20
-138.9060389999999927
11
92.2604339999999894
21
-138.9050809999999956
0
LINE
8
BLACK
6
CONTINUOUS
10
92.2604339999999894
20
-138.9050809999999956
11
92.3194349999999986
21
-138.8676559999999824
0
LINE
8
BLACK
6
CONTINUOUS
10
92.3194349999999986
20
-138.8676559999999824
11
92.3893039999999957
21
-138.8680709999999863
0
LINE
8
BLACK
6
CONTINUOUS
10
92.3893039999999957
20
-138.8680709999999863
11
92.4359469999999988
21
-138.8959339999999827
0
LINE
8
BLACK
6
CONTINUOUS
10
92.4359469999999988
20
-138.8959339999999827
11
92.436239999999998
21
-138.8955530000000067
0
LINE
8
BLACK
6
CONTINUOUS
10
92.436239999999998
20
-138.8955530000000067
11
92.439510999999996
21
-138.8980630000000076
0
LINE
8
BLACK
6
CONTINUOUS
10
92.439510999999996
20
-138.8980630000000076
11
92.4413440000000008
21
-138.8991579999999999
0
LINE
8
BLACK
6
CONTINUOUS
10
92.4413440000000008
20
-138.8991579999999999
11
92.4426859999999948
21
-138.9004999999999939
0
LINE
8
BLACK
6
CONTINUOUS
10
92.4426859999999948
20
-138.9004999999999939
11
92.5568140000000028
21
-138.9663919999999848
0
LINE
8
BLACK
6
CONTINUOUS
10
92.5568140000000028
20
-138.9663919999999848
11
92.6841079999999948
21
-139.0004999999999882
0
LINE
8
BLACK
6
CONTINUOUS
10
92.6841079999999948
20
-139.0004999999999882
11
94.6777560000000022
21
-139.0004999999999882
0
LINE
8
BLACK
6
CONTINUOUS
10
94.6777560000000022
20
-139.0004999999999882
11
94.7447949999999963
21
-139.0201849999999979
0
LINE
8
BLACK
6
CONTINUOUS
10
94.7447949999999963
20
-139.0201849999999979
11
94.7905499999999961
21
-139.0729890000000069
0
LINE
8
BLACK
6
CONTINUOUS
10
94.7905499999999961
20
-139.0729890000000069
11
94.801045000000002
21
-139.1377520000000061
0
LINE
8
BLACK
6
CONTINUOUS
10
94.801045000000002
20
-139.1377520000000061
11
94.7994999999999948
21
-139.1521270000000072
0
LINE
8
BLACK
6
CONTINUOUS
10
94.7994999999999948
20
-139.1521270000000072
11
94.7994999999999948
21
-139.1521329999999921
0
LINE
8
BLACK
6
CONTINUOUS
10
94.7994999999999948
20
-139.1521329999999921
11
94.7994999999999948
21
-139.1521339999999896
0
LINE
8
BLACK
6
CONTINUOUS
10
94.7994999999999948
20
-139.1521339999999896
11
94.7994999999999948
21
-140.1894240000000025
0
LINE
8
BLACK
6
CONTINUOUS
10
94.7994999999999948
20
-140.1894240000000025
11
94.7798149999999993
21
-140.2564629999999966
0
LINE
8
BLACK
6
CONTINUOUS
10
94.7798149999999993
20
-140.2564629999999966
11
94.7270109999999903
21
-140.3022179999999821
0
LINE
8
BLACK
6
CONTINUOUS
10
94.7270109999999903
20
-140.3022179999999821
11
94.6616169999999926
21
-140.3126440000000059
0
LINE
8
BLACK
6
CONTINUOUS
10
94.6616169999999926
20
-140.3126440000000059
11
94.5000039999999899
21
-140.2944349999999929
0
LINE
8
BLACK
6
CONTINUOUS
10
94.5000039999999899
20
-140.2944349999999929
11
94.4999959999999959
21
-140.2944349999999929
0
LINE
8
BLACK
6
CONTINUOUS
10
94.4999959999999959
20
-140.2944349999999929
11
94.3207499999999897
21
-140.314629999999994
0
LINE
8
BLACK
6
CONTINUOUS
10
94.3207499999999897
20
-140.314629999999994
11
94.3207450000000023
21
-140.3146309999999914
0
LINE
8
BLACK
6
CONTINUOUS
10
94.3207450000000023
20
-140.3146309999999914
11
94.1504759999999976
21
-140.3742110000000025
0
LINE
8
BLACK
6
CONTINUOUS
10
94.1504759999999976
20
-140.3742110000000025
11
93.9977370000000008
21
-140.4701839999999891
0
LINE
8
BLACK
6
CONTINUOUS
10
93.9977370000000008
20
-140.4701839999999891
11
93.8701839999999947
21
-140.5977369999999951
0
LINE
8
BLACK
6
CONTINUOUS
10
93.8701839999999947
20
-140.5977369999999951
11
93.774210999999994
21
-140.7504759999999919
0
LINE
8
BLACK
6
CONTINUOUS
10
93.774210999999994
20
-140.7504759999999919
11
93.7146309999999971
21
-140.9207449999999824
0
LINE
8
BLACK
6
CONTINUOUS
10
93.7146309999999971
20
-140.9207449999999824
11
93.7146299999999997
21
-140.9207499999999982
0
LINE
8
BLACK
6
CONTINUOUS
10
93.7146299999999997
20
-140.9207499999999982
11
93.6944349999999986
21
-141.0999960000000044
0
LINE
8
BLACK
6
CONTINUOUS
10
93.6944349999999986
20
-141.0999960000000044
11
93.6944349999999986
21
-141.1000029999999867
0
LINE
8
BLACK
6
CONTINUOUS
10
93.6944349999999986
20
-141.1000029999999867
11
93.7146299999999997
21
-141.279248999999993
0
LINE
8
BLACK
6
CONTINUOUS
10
93.7146299999999997
20
-141.279248999999993
11
93.7146329999999921
21
-141.2792619999999886
0
LINE
8
BLACK
6
CONTINUOUS
10
93.7146329999999921
20
-141.2792619999999886
11
93.7514740000000018
21
-141.3845450000000028
0
LINE
8
BLACK
6
CONTINUOUS
10
93.7514740000000018
20
-141.3845450000000028
11
93.7550359999999898
21
-141.4543239999999855
0
LINE
8
BLACK
6
CONTINUOUS
10
93.7550359999999898
20
-141.4543239999999855
11
93.7203080000000028
21
-141.5149509999999964
0
LINE
8
BLACK
6
CONTINUOUS
10
93.7203080000000028
20
-141.5149509999999964
11
93.6583139999999901
21
-141.5471789999999999
0
LINE
8
BLACK
6
CONTINUOUS
10
93.6583139999999901
20
-141.5471789999999999
11
93.6344330000000014
21
-141.5494999999999948
0
LINE
8
BLACK
6
CONTINUOUS
10
93.6344330000000014
20
-141.5494999999999948
11
85.8622289999999992
21
-141.5494999999999948
0
LINE
8
BLACK
6
CONTINUOUS
10
85.8622289999999992
20
-141.5494999999999948
11
85.795189999999991
21
-141.529814999999985
0
LINE
8
BLACK
6
CONTINUOUS
10
85.795189999999991
20
-141.529814999999985
11
85.7745479999999958
21
-141.513181000000003
0
LINE
8
BLACK
6
CONTINUOUS
10
85.7745479999999958
20
-141.513181000000003
11
85.0533080000000012
21
-140.7919399999999825
0
LINE
8
BLACK
6
CONTINUOUS
10
85.0533080000000012
20
-140.7919399999999825
11
85.0306429999999978
21
-140.7558699999999874
0
LINE
8
BLACK
6
CONTINUOUS
10
85.0306429999999978
20
-140.7558699999999874
11
85.0288120000000021
21
-140.7567530000000033
0
LINE
8
BLACK
6
CONTINUOUS
10
85.0288120000000021
20
-140.7567530000000033
11
85.0257919999999956
21
-140.7504830000000027
0
LINE
8
BLACK
6
CONTINUOUS
10
85.0257919999999956
20
-140.7504830000000027
11
84.9298149999999907
21
-140.5977369999999951
0
LINE
8
BLACK
6
CONTINUOUS
10
84.9298149999999907
20
-140.5977369999999951
11
84.8022619999999989
21
-140.4701839999999891
0
LINE
8
BLACK
6
CONTINUOUS
10
84.8022619999999989
20
-140.4701839999999891
11
84.6495230000000021
21
-140.3742110000000025
0
LINE
8
BLACK
6
CONTINUOUS
10
84.6495230000000021
20
-140.3742110000000025
11
84.4792539999999974
21
-140.3146309999999914
0
LINE
8
BLACK
6
CONTINUOUS
10
84.4792539999999974
20
-140.3146309999999914
11
84.4792489999999958
21
-140.314629999999994
0
LINE
8
BLACK
6
CONTINUOUS
10
84.4792489999999958
20
-140.314629999999994
11
84.3000040000000013
21
-140.2944349999999929
0
LINE
8
BLACK
6
CONTINUOUS
10
84.3000040000000013
20
-140.2944349999999929
11
84.299995999999993
21
-140.2944349999999929
0
LINE
8
BLACK
6
CONTINUOUS
10
84.299995999999993
20
-140.2944349999999929
11
84.120750000000001
21
-140.314629999999994
0
LINE
8
BLACK
6
CONTINUOUS
10
84.120750000000001
20
-140.314629999999994
11
84.1207449999999994
21
-140.3146309999999914
0
LINE
8
BLACK
6
CONTINUOUS
10
84.1207449999999994
20
-140.3146309999999914
11
83.9504759999999948
21
-140.3742110000000025
0
LINE
8
BLACK
6
CONTINUOUS
10
83.9504759999999948
20
-140.3742110000000025
11
83.7977369999999979
21
-140.4701839999999891
0
LINE
8
BLACK
6
CONTINUOUS
10
83.7977369999999979
20
-140.4701839999999891
11
83.6701839999999919
21
-140.5977369999999951
0
LINE
8
BLACK
6
CONTINUOUS
10
83.6701839999999919
20
-140.5977369999999951
11
83.5742109999999911
21
-140.7504759999999919
0
LINE
8
BLACK
6
CONTINUOUS
10
83.5742109999999911
20
-140.7504759999999919
11
83.5146309999999943
21
-140.9207449999999824
0
LINE
8
BLACK
6
CONTINUOUS
10
83.5146309999999943
20
-140.9207449999999824
11
83.5146299999999968
21
-140.9207499999999982
0
LINE
8
BLACK
6
CONTINUOUS
10
83.5146299999999968
20
-140.9207499999999982
11
83.4944349999999957
21
-141.0999960000000044
0
LINE
8
BLACK
6
CONTINUOUS
10
83.4944349999999957
20
-141.0999960000000044
11
83.4944349999999957
21
-141.1000029999999867
0
LINE
8
BLACK
6
CONTINUOUS
10
89.0939580000000007
20
-139.2595929999999953
11
89.1273499999999927
21
-139.2888759999999877
0
LINE
8
BLACK
6
CONTINUOUS
10
89.1273499999999927
20
-139.2888759999999877
11
89.3725799999999992
21
-139.4527339999999924
0
LINE
8
BLACK
6
CONTINUOUS
10
89.3725799999999992
20
-139.4527339999999924
11
89.3725929999999948
21
-139.4527410000000032
0
LINE
8
BLACK
6
CONTINUOUS
10
89.3725929999999948
20
-139.4527410000000032
11
89.6371109999999902
21
-139.583186999999981
0
LINE
8
BLACK
6
CONTINUOUS
10
89.6371109999999902
20
-139.583186999999981
11
89.9163999999999959
21
-139.677993999999984
0
LINE
8
BLACK
6
CONTINUOUS
10
89.9163999999999959
20
-139.677993999999984
11
89.9164150000000006
21
-139.6779980000000023
0
LINE
8
BLACK
6
CONTINUOUS
10
89.9164150000000006
20
-139.6779980000000023
11
90.2056749999999994
21
-139.7355349999999987
0
LINE
8
BLACK
6
CONTINUOUS
10
90.2056749999999994
20
-139.7355349999999987
11
90.2056869999999975
21
-139.7355369999999937
0
LINE
8
BLACK
6
CONTINUOUS
10
90.2056869999999975
20
-139.7355369999999937
11
90.5
21
-139.7548270000000059
0
LINE
8
BLACK
6
CONTINUOUS
10
90.5
20
-139.7548270000000059
11
90.7943119999999908
21
-139.7355369999999937
0
LINE
8
BLACK
6
CONTINUOUS
10
90.7943119999999908
20
-139.7355369999999937
11
90.7943239999999889
21
-139.7355349999999987
0
LINE
8
BLACK
6
CONTINUOUS
10
90.7943239999999889
20
-139.7355349999999987
11
91.0835840000000019
21
-139.6779980000000023
0
LINE
8
BLACK
6
CONTINUOUS
10
91.0835840000000019
20
-139.6779980000000023
11
91.0835989999999924
21
-139.677993999999984
0
LINE
8
BLACK
6
CONTINUOUS
10
91.0835989999999924
20
-139.677993999999984
11
91.3628879999999981
21
-139.583186999999981
0
LINE
8
BLACK
6
CONTINUOUS
10
91.3628879999999981
20
-139.583186999999981
11
91.6274059999999935
21
-139.4527410000000032
0
LINE
8
BLACK
6
CONTINUOUS
10
91.6274059999999935
20
-139.4527410000000032
11
91.6274189999999891
21
-139.4527339999999924
0
LINE
8
BLACK
6
CONTINUOUS
10
91.6274189999999891
20
-139.4527339999999924
11
91.8726479999999981
21
-139.2888769999999852
0
LINE
8
BLACK
6
CONTINUOUS
10
91.8726479999999981
20
-139.2888769999999852
11
91.9060389999999927
21
-139.2595929999999953
0
LINE
8
BLACK
6
CONTINUOUS
10
91.9060389999999927
20
-139.2595929999999953
11
91.5456459999999907
21
-138.8991989999999817
0
LINE
8
BLACK
6
CONTINUOUS
10
91.5456459999999907
20
-138.8991989999999817
11
91.375
21
-139.0155440000000056
0
LINE
8
BLACK
6
CONTINUOUS
10
91.375
20
-139.0155440000000056
11
91.1393470000000008
21
-139.1290290000000027
0
LINE
8
BLACK
6
CONTINUOUS
10
91.1393470000000008
20
-139.1290290000000027
11
90.889411999999993
21
-139.2061239999999884
0
LINE
8
BLACK
6
CONTINUOUS
10
90.889411999999993
20
-139.2061239999999884
11
90.6307779999999923
21
-139.2451069999999902
0
LINE
8
BLACK
6
CONTINUOUS
10
90.6307779999999923
20
-139.2451069999999902
11
90.3692219999999935
21
-139.2451069999999902
0
LINE
8
BLACK
6
CONTINUOUS
10
90.3692219999999935
20
-139.2451069999999902
11
90.1105879999999928
21
-139.2061239999999884
0
LINE
8
BLACK
6
CONTINUOUS
10
90.1105879999999928
20
-139.2061239999999884
11
89.8606529999999992
21
-139.1290290000000027
0
LINE
8
BLACK
6
CONTINUOUS
10
89.8606529999999992
20
-139.1290290000000027
11
89.625
21
-139.0155440000000056
0
LINE
8
BLACK
6
CONTINUOUS
10
89.625
20
-139.0155440000000056
11
89.4543520000000001
21
-138.8991979999999842
0
LINE
8
BLACK
6
CONTINUOUS
10
89.4543520000000001
20
-138.8991979999999842
11
89.0939580000000007
21
-139.2595929999999953
0
LINE
8
BLACK
6
CONTINUOUS
10
117.0939580000000007
20
-139.2595929999999953
11
117.1273499999999927
21
-139.2888759999999877
0
LINE
8
BLACK
6
CONTINUOUS
10
117.1273499999999927
20
-139.2888759999999877
11
117.3725799999999992
21
-139.4527339999999924
0
LINE
8
BLACK
6
CONTINUOUS
10
117.3725799999999992
20
-139.4527339999999924
11
117.3725929999999948
21
-139.4527410000000032
0
LINE
8
BLACK
6
CONTINUOUS
10
117.3725929999999948
20
-139.4527410000000032
11
117.6371109999999902
21
-139.583186999999981
0
LINE
8
BLACK
6
CONTINUOUS
10
117.6371109999999902
20
-139.583186999999981
11
117.9163999999999959
21
-139.677993999999984
0
LINE
8
BLACK
6
CONTINUOUS
10
117.9163999999999959
20
-139.677993999999984
11
117.9164150000000006
21
-139.6779980000000023
0
LINE
8
BLACK
6
CONTINUOUS
10
117.9164150000000006
20
-139.6779980000000023
11
118.2056749999999994
21
-139.7355349999999987
0
LINE
8
BLACK
6
CONTINUOUS
10
118.2056749999999994
20
-139.7355349999999987
11
118.2056869999999975
21
-139.7355369999999937
0
LINE
8
BLACK
6
CONTINUOUS
10
118.2056869999999975
20
-139.7355369999999937
11
118.5
21
-139.7548270000000059
0
LINE
8
BLACK
6
CONTINUOUS
10
118.5
20
-139.7548270000000059
11
118.7943119999999908
21
-139.7355369999999937
0
LINE
8
BLACK
6
CONTINUOUS
10
118.7943119999999908
20
-139.7355369999999937
11
118.7943239999999889
21
-139.7355349999999987
0
LINE
8
BLACK
6
CONTINUOUS
10
118.7943239999999889
20
-139.7355349999999987
11
119.0835839999999877
21
-139.6779980000000023
0
LINE
8
BLACK
6
CONTINUOUS
10
119.0835839999999877
20
-139.6779980000000023
11
119.0835989999999924
21
-139.677993999999984
0
LINE
8
BLACK
6
CONTINUOUS
10
119.0835989999999924
20
-139.677993999999984
11
119.3628879999999981
21
-139.583186999999981
0
LINE
8
BLACK
6
CONTINUOUS
10
119.3628879999999981
20
-139.583186999999981
11
119.6274059999999935
21
-139.4527410000000032
0
LINE
8
BLACK
6
CONTINUOUS
10
119.6274059999999935
20
-139.4527410000000032
11
119.6274189999999891
21
-139.4527339999999924
0
LINE
8
BLACK
6
CONTINUOUS
10
119.6274189999999891
20
-139.4527339999999924
11
119.8726479999999981
21
-139.2888769999999852
0
LINE
8
BLACK
6
CONTINUOUS
10
119.8726479999999981
20
-139.2888769999999852
11
119.9060389999999927
21
-139.2595929999999953
0
LINE
8
BLACK
6
CONTINUOUS
10
119.9060389999999927
20
-139.2595929999999953
11
119.5456459999999907
21
-138.8991989999999817
0
LINE
8
BLACK
6
CONTINUOUS
10
119.5456459999999907
20
-138.8991989999999817
11
119.375
21
-139.0155440000000056
0
LINE
8
BLACK
6
CONTINUOUS
10
119.375
20
-139.0155440000000056
11
119.1393470000000008
21
-139.1290290000000027
0
LINE
8
BLACK
6
CONTINUOUS
10
119.1393470000000008
20
-139.1290290000000027
11
118.889411999999993
21
-139.2061239999999884
0
LINE
8
BLACK
6
CONTINUOUS
10
118.889411999999993
20
-139.2061239999999884
11
118.6307779999999923
21
-139.2451069999999902
0
LINE
8
BLACK
6
CONTINUOUS
10
118.6307779999999923
20
-139.2451069999999902
11
118.3692219999999935
21
-139.2451069999999902
0
LINE
8
BLACK
6
CONTINUOUS
10
118.3692219999999935
20
-139.2451069999999902
11
118.1105879999999928
21
-139.2061239999999884
0
LINE
8
BLACK
6
CONTINUOUS
10
118.1105879999999928
20
-139.2061239999999884
11
117.8606529999999992
21
-139.1290290000000027
0
LINE
8
BLACK
6
CONTINUOUS
10
117.8606529999999992
20
-139.1290290000000027
11
117.625
21
-139.0155440000000056
0
LINE
8
BLACK
6
CONTINUOUS
10
117.625
20
-139.0155440000000056
11
117.4543520000000001
21
-138.8991979999999842
0
LINE
8
BLACK
6
CONTINUOUS
10
117.4543520000000001
20
-138.8991979999999842
11
117.0939580000000007
21
-139.2595929999999953
0
LINE
8
BLACK
6
CONTINUOUS
10
88.7111309999999946
20
-136.1273390000000063
11
88.711125999999993
21
-136.1273459999999886
0
LINE
8
BLACK
6
CONTINUOUS
10
88.711125999999993
20
-136.1273459999999886
11
88.5472649999999959
21
-136.3725799999999992
0
LINE
8
BLACK
6
CONTINUOUS
10
88.5472649999999959
20
-136.3725799999999992
11
88.5472579999999994
21
-136.3725929999999948
0
LINE
8
BLACK
6
CONTINUOUS
10
88.5472579999999994
20
-136.3725929999999948
11
88.4168119999999931
21
-136.6371110000000044
0
LINE
8
BLACK
6
CONTINUOUS
10
88.4168119999999931
20
-136.6371110000000044
11
88.3220049999999901
21
-136.9163999999999817
0
LINE
8
BLACK
6
CONTINUOUS
10
88.3220049999999901
20
-136.9163999999999817
11
88.3220010000000002
21
-136.9164150000000006
0
LINE
8
BLACK
6
CONTINUOUS
10
88.3220010000000002
20
-136.9164150000000006
11
88.2644639999999896
21
-137.2056749999999852
0
LINE
8
BLACK
6
CONTINUOUS
10
88.2644639999999896
20
-137.2056749999999852
11
88.2644619999999946
21
-137.2056869999999833
0
LINE
8
BLACK
6
CONTINUOUS
10
88.2644619999999946
20
-137.2056869999999833
11
88.2451719999999966
21
-137.5
0
LINE
8
BLACK
6
CONTINUOUS
10
88.2451719999999966
20
-137.5
11
88.2644619999999946
21
-137.7943119999999908
0
LINE
8
BLACK
6
CONTINUOUS
10
88.2644619999999946
20
-137.7943119999999908
11
88.2644639999999896
21
-137.7943239999999889
0
LINE
8
BLACK
6
CONTINUOUS
10
88.2644639999999896
20
-137.7943239999999889
11
88.3220010000000002
21
-138.0835840000000019
0
LINE
8
BLACK
6
CONTINUOUS
10
88.3220010000000002
20
-138.0835840000000019
11
88.3220049999999901
21
-138.0835989999999924
0
LINE
8
BLACK
6
CONTINUOUS
10
88.3220049999999901
20
-138.0835989999999924
11
88.4168119999999931
21
-138.3628879999999981
0
LINE
8
BLACK
6
CONTINUOUS
10
88.4168119999999931
20
-138.3628879999999981
11
88.5472579999999994
21
-138.6274060000000077
0
LINE
8
BLACK
6
CONTINUOUS
10
88.5472579999999994
20
-138.6274060000000077
11
88.5472649999999959
21
-138.6274190000000033
0
LINE
8
BLACK
6
CONTINUOUS
10
88.5472649999999959
20
-138.6274190000000033
11
88.7111230000000006
21
-138.8726489999999956
0
LINE
8
BLACK
6
CONTINUOUS
10
88.7111230000000006
20
-138.8726489999999956
11
88.7404049999999955
21
-138.9060399999999902
0
LINE
8
BLACK
6
CONTINUOUS
10
88.7404049999999955
20
-138.9060399999999902
11
89.1013549999999981
21
-138.5450889999999902
0
LINE
8
BLACK
6
CONTINUOUS
10
89.1013549999999981
20
-138.5450889999999902
11
89.054081999999994
21
-138.4858099999999865
0
LINE
8
BLACK
6
CONTINUOUS
10
89.054081999999994
20
-138.4858099999999865
11
88.9233040000000017
21
-138.2592970000000037
0
LINE
8
BLACK
6
CONTINUOUS
10
88.9233040000000017
20
-138.2592970000000037
11
88.8277479999999997
21
-138.0158219999999858
0
LINE
8
BLACK
6
CONTINUOUS
10
88.8277479999999997
20
-138.0158219999999858
11
88.7695459999999912
21
-137.7608239999999853
0
LINE
8
BLACK
6
CONTINUOUS
10
88.7695459999999912
20
-137.7608239999999853
11
88.75
21
-137.5
0
LINE
8
BLACK
6
CONTINUOUS
10
88.75
20
-137.5
11
88.7695459999999912
21
-137.2391759999999863
0
LINE
8
BLACK
6
CONTINUOUS
10
88.7695459999999912
20
-137.2391759999999863
11
88.8277479999999997
21
-136.9841779999999858
0
LINE
8
BLACK
6
CONTINUOUS
10
88.8277479999999997
20
-136.9841779999999858
11
88.9233040000000017
21
-136.7407029999999963
0
LINE
8
BLACK
6
CONTINUOUS
10
88.9233040000000017
20
-136.7407029999999963
11
89.054081999999994
21
-136.514189999999985
0
LINE
8
BLACK
6
CONTINUOUS
10
89.054081999999994
20
-136.514189999999985
11
89.1013559999999956
21
-136.4549089999999865
0
LINE
8
BLACK
6
CONTINUOUS
10
89.1013559999999956
20
-136.4549089999999865
11
88.7404049999999955
21
-136.0939589999999839
0
LINE
8
BLACK
6
CONTINUOUS
10
88.7404049999999955
20
-136.0939589999999839
11
88.7404030000000006
21
-136.0939589999999839
0
LINE
8
BLACK
6
CONTINUOUS
10
88.7404030000000006
20
-136.0939589999999839
11
88.7111309999999946
21
-136.1273390000000063
0
LINE
8
BLACK
6
CONTINUOUS
10
119.8986419999999953
20
-136.454907999999989
11
119.9459179999999918
21
-136.514189999999985
0
LINE
8
BLACK
6
CONTINUOUS
10
119.9459179999999918
20
-136.514189999999985
11
120.0766959999999983
21
-136.7407029999999963
0
LINE
8
BLACK
6
CONTINUOUS
10
120.0766959999999983
20
-136.7407029999999963
11
120.1722520000000003
21
-136.9841779999999858
0
LINE
8
BLACK
6
CONTINUOUS
10
120.1722520000000003
20
-136.9841779999999858
11
120.2304539999999946
21
-137.2391759999999863
0
LINE
8
BLACK
6
CONTINUOUS
10
120.2304539999999946
20
-137.2391759999999863
11
120.25
21
-137.5
0
LINE
8
BLACK
6
CONTINUOUS
10
120.25
20
-137.5
11
120.2304539999999946
21
-137.7608239999999853
0
LINE
8
BLACK
6
CONTINUOUS
10
120.2304539999999946
20
-137.7608239999999853
11
120.1722520000000003
21
-138.0158219999999858
0
LINE
8
BLACK
6
CONTINUOUS
10
120.1722520000000003
20
-138.0158219999999858
11
120.0766959999999983
21
-138.2592970000000037
0
LINE
8
BLACK
6
CONTINUOUS
10
120.0766959999999983
20
-138.2592970000000037
11
119.9459179999999918
21
-138.4858099999999865
0
LINE
8
BLACK
6
CONTINUOUS
10
119.9459179999999918
20
-138.4858099999999865
11
119.8986429999999928
21
-138.5450899999999876
0
LINE
8
BLACK
6
CONTINUOUS
10
119.8986429999999928
20
-138.5450899999999876
11
120.2595929999999953
21
-138.9060389999999927
0
LINE
8
BLACK
6
CONTINUOUS
10
120.2595929999999953
20
-138.9060389999999927
11
120.2888769999999994
21
-138.8726479999999981
0
LINE
8
BLACK
6
CONTINUOUS
10
120.2888769999999994
20
-138.8726479999999981
11
120.4527339999999924
21
-138.6274190000000033
0
LINE
8
BLACK
6
CONTINUOUS
10
120.4527339999999924
20
-138.6274190000000033
11
120.452740999999989
21
-138.6274060000000077
0
LINE
8
BLACK
6
CONTINUOUS
10
120.452740999999989
20
-138.6274060000000077
11
120.5831869999999952
21
-138.3628879999999981
0
LINE
8
BLACK
6
CONTINUOUS
10
120.5831869999999952
20
-138.3628879999999981
11
120.6779939999999982
21
-138.0835989999999924
0
LINE
8
BLACK
6
CONTINUOUS
10
120.6779939999999982
20
-138.0835989999999924
11
120.6779979999999881
21
-138.0835840000000019
0
LINE
8
BLACK
6
CONTINUOUS
10
120.6779979999999881
20
-138.0835840000000019
11
120.7355349999999987
21
-137.7943239999999889
0
LINE
8
BLACK
6
CONTINUOUS
10
120.7355349999999987
20
-137.7943239999999889
11
120.7355369999999937
21
-137.7943119999999908
0
LINE
8
BLACK
6
CONTINUOUS
10
120.7355369999999937
20
-137.7943119999999908
11
120.7548269999999917
21
-137.5
0
LINE
8
BLACK
6
CONTINUOUS
10
120.7548269999999917
20
-137.5
11
120.7355369999999937
21
-137.2056869999999833
0
LINE
8
BLACK
6
CONTINUOUS
10
120.7355369999999937
20
-137.2056869999999833
11
120.7355349999999987
21
-137.2056749999999852
0
LINE
8
BLACK
6
CONTINUOUS
10
120.7355349999999987
20
-137.2056749999999852
11
120.6779979999999881
21
-136.9164150000000006
0
LINE
8
BLACK
6
CONTINUOUS
10
120.6779979999999881
20
-136.9164150000000006
11
120.6779939999999982
21
-136.9163999999999817
0
LINE
8
BLACK
6
CONTINUOUS
10
120.6779939999999982
20
-136.9163999999999817
11
120.5831869999999952
21
-136.6371110000000044
0
LINE
8
BLACK
6
CONTINUOUS
10
120.5831869999999952
20
-136.6371110000000044
11
120.452740999999989
21
-136.3725929999999948
0
LINE
8
BLACK
6
CONTINUOUS
10
120.452740999999989
20
-136.3725929999999948
11
120.4527339999999924
21
-136.3725799999999992
0
LINE
8
BLACK
6
CONTINUOUS
10
120.4527339999999924
20
-136.3725799999999992
11
120.2888759999999877
21
-136.127350000000007
0
LINE
8
BLACK
6
CONTINUOUS
10
120.2888759999999877
20
-136.127350000000007
11
120.2595929999999953
21
-136.0939579999999864
0
LINE
8
BLACK
6
CONTINUOUS
10
120.2595929999999953
20
-136.0939579999999864
11
119.8986419999999953
21
-136.454907999999989
0
LINE
8
BLACK
6
CONTINUOUS
10
77.6619969999999995
20
-134.4764969999999948
11
77.7207739999999916
21
-134.6702579999999898
0
LINE
8
BLACK
6
CONTINUOUS
10
77.7207739999999916
20
-134.6702579999999898
11
77.8162159999999972
21
-134.8488179999999943
0
LINE
8
BLACK
6
CONTINUOUS
10
77.8162159999999972
20
-134.8488179999999943
11
77.8162179999999921
21
-134.8488209999999867
0
LINE
8
BLACK
6
CONTINUOUS
10
77.8162179999999921
20
-134.8488209999999867
11
77.9446650000000005
21
-135.0053340000000048
0
LINE
8
BLACK
6
CONTINUOUS
10
77.9446650000000005
20
-135.0053340000000048
11
78.1011779999999902
21
-135.133780999999999
0
LINE
8
BLACK
6
CONTINUOUS
10
78.1011779999999902
20
-135.133780999999999
11
78.1011809999999969
21
-135.133782999999994
0
LINE
8
BLACK
6
CONTINUOUS
10
78.1011809999999969
20
-135.133782999999994
11
78.2797410000000013
21
-135.2292249999999854
0
LINE
8
BLACK
6
CONTINUOUS
10
78.2797410000000013
20
-135.2292249999999854
11
78.2797429999999963
21
-135.2292249999999854
0
LINE
8
BLACK
6
CONTINUOUS
10
78.2797429999999963
20
-135.2292249999999854
11
78.2797460000000029
21
-135.2292269999999803
0
LINE
8
BLACK
6
CONTINUOUS
10
78.2797460000000029
20
-135.2292269999999803
11
78.4640380000000022
21
-135.2851310000000069
0
LINE
8
BLACK
6
CONTINUOUS
10
78.4640380000000022
20
-135.2851310000000069
11
78.522475
21
-135.3234280000000069
0
LINE
8
BLACK
6
CONTINUOUS
10
78.522475
20
-135.3234280000000069
11
78.5509309999999914
21
-135.3872399999999914
0
LINE
8
BLACK
6
CONTINUOUS
10
78.5509309999999914
20
-135.3872399999999914
11
78.5403709999999933
21
-135.4563069999999811
0
LINE
8
BLACK
6
CONTINUOUS
10
78.5403709999999933
20
-135.4563069999999811
11
78.4941469999999981
21
-135.5087010000000021
0
LINE
8
BLACK
6
CONTINUOUS
10
78.4941469999999981
20
-135.5087010000000021
11
78.4640369999999905
21
-135.5224509999999896
0
LINE
8
BLACK
6
CONTINUOUS
10
78.4640369999999905
20
-135.5224509999999896
11
78.3047439999999995
21
-135.5707730000000026
0
LINE
8
BLACK
6
CONTINUOUS
10
78.3047439999999995
20
-135.5707730000000026
11
78.1261810000000025
21
-135.6662159999999915
0
LINE
8
BLACK
6
CONTINUOUS
10
78.1261810000000025
20
-135.6662159999999915
11
78.1261779999999959
21
-135.6662179999999864
0
LINE
8
BLACK
6
CONTINUOUS
10
78.1261779999999959
20
-135.6662179999999864
11
77.969664999999992
21
-135.7946649999999806
0
LINE
8
BLACK
6
CONTINUOUS
10
77.969664999999992
20
-135.7946649999999806
11
77.8412179999999978
21
-135.9511779999999987
0
LINE
8
BLACK
6
CONTINUOUS
10
77.8412179999999978
20
-135.9511779999999987
11
77.8412160000000029
21
-135.9511809999999912
0
LINE
8
BLACK
6
CONTINUOUS
10
77.8412160000000029
20
-135.9511809999999912
11
77.7457739999999973
21
-136.1297409999999957
0
LINE
8
BLACK
6
CONTINUOUS
10
77.7457739999999973
20
-136.1297409999999957
11
77.686996999999991
21
-136.3235019999999906
0
LINE
8
BLACK
6
CONTINUOUS
10
77.686996999999991
20
-136.3235019999999906
11
77.6671520000000015
21
-136.5250000000000057
0
LINE
8
BLACK
6
CONTINUOUS
10
77.6671520000000015
20
-136.5250000000000057
11
77.686996999999991
21
-136.7264969999999948
0
LINE
8
BLACK
6
CONTINUOUS
10
77.686996999999991
20
-136.7264969999999948
11
77.7457739999999973
21
-136.9202579999999898
0
LINE
8
BLACK
6
CONTINUOUS
10
77.7457739999999973
20
-136.9202579999999898
11
77.8412160000000029
21
-137.0988179999999943
0
LINE
8
BLACK
6
CONTINUOUS
10
77.8412160000000029
20
-137.0988179999999943
11
77.8412179999999978
21
-137.0988209999999867
0
LINE
8
BLACK
6
CONTINUOUS
10
77.8412179999999978
20
-137.0988209999999867
11
77.969664999999992
21
-137.2553340000000048
0
LINE
8
BLACK
6
CONTINUOUS
10
77.969664999999992
20
-137.2553340000000048
11
78.1261779999999959
21
-137.383780999999999
0
LINE
8
BLACK
6
CONTINUOUS
10
78.1261779999999959
20
-137.383780999999999
11
78.1261810000000025
21
-137.383782999999994
0
LINE
8
BLACK
6
CONTINUOUS
10
78.1261810000000025
20
-137.383782999999994
11
78.3047409999999928
21
-137.4792249999999854
0
LINE
8
BLACK
6
CONTINUOUS
10
78.3047409999999928
20
-137.4792249999999854
11
78.304743000000002
21
-137.4792249999999854
0
LINE
8
BLACK
6
CONTINUOUS
10
78.304743000000002
20
-137.4792249999999854
11
78.3047459999999944
21
-137.4792269999999803
0
LINE
8
BLACK
6
CONTINUOUS
10
78.3047459999999944
20
-137.4792269999999803
11
78.4985009999999903
21
-137.5380020000000059
0
LINE
8
BLACK
6
CONTINUOUS
10
78.4985009999999903
20
-137.5380020000000059
11
78.7000000000000028
21
-137.557848000000007
0
LINE
8
BLACK
6
CONTINUOUS
10
78.7000000000000028
20
-137.557848000000007
11
78.9014990000000012
21
-137.5380020000000059
0
LINE
8
BLACK
6
CONTINUOUS
10
78.9014990000000012
20
-137.5380020000000059
11
79.0952539999999971
21
-137.4792269999999803
0
LINE
8
BLACK
6
CONTINUOUS
10
79.0952539999999971
20
-137.4792269999999803
11
79.1301969999999955
21
-137.4605499999999836
0
LINE
8
BLACK
6
CONTINUOUS
10
79.1301969999999955
20
-137.4605499999999836
11
79.2738179999999915
21
-137.383782999999994
0
LINE
8
BLACK
6
CONTINUOUS
10
79.2738179999999915
20
-137.383782999999994
11
79.2738209999999981
21
-137.383780999999999
0
LINE
8
BLACK
6
CONTINUOUS
10
79.2738209999999981
20
-137.383780999999999
11
79.3104289999999992
21
-137.3537379999999928
0
LINE
8
BLACK
6
CONTINUOUS
10
79.3104289999999992
20
-137.3537379999999928
11
79.430334000000002
21
-137.2553340000000048
0
LINE
8
BLACK
6
CONTINUOUS
10
79.430334000000002
20
-137.2553340000000048
11
79.5587819999999937
21
-137.0988199999999892
0
LINE
8
BLACK
6
CONTINUOUS
10
79.5587819999999937
20
-137.0988199999999892
11
79.6542269999999917
21
-136.9202539999999999
0
LINE
8
BLACK
6
CONTINUOUS
10
79.6542269999999917
20
-136.9202539999999999
11
79.713002000000003
21
-136.7264989999999898
0
LINE
8
BLACK
6
CONTINUOUS
10
79.713002000000003
20
-136.7264989999999898
11
79.73284799999999
21
-136.5250000000000057
0
LINE
8
BLACK
6
CONTINUOUS
10
79.73284799999999
20
-136.5250000000000057
11
79.713002000000003
21
-136.3235009999999932
0
LINE
8
BLACK
6
CONTINUOUS
10
79.713002000000003
20
-136.3235009999999932
11
79.6542269999999917
21
-136.129745999999983
0
LINE
8
BLACK
6
CONTINUOUS
10
79.6542269999999917
20
-136.129745999999983
11
79.6542249999999967
21
-136.1297429999999906
0
LINE
8
BLACK
6
CONTINUOUS
10
79.6542249999999967
20
-136.1297429999999906
11
79.6542249999999967
21
-136.1297409999999957
0
LINE
8
BLACK
6
CONTINUOUS
10
79.6542249999999967
20
-136.1297409999999957
11
79.5587829999999911
21
-135.9511809999999912
0
LINE
8
BLACK
6
CONTINUOUS
10
79.5587829999999911
20
-135.9511809999999912
11
79.5587809999999962
21
-135.9511779999999987
0
LINE
8
BLACK
6
CONTINUOUS
10
79.5587809999999962
20
-135.9511779999999987
11
79.430334000000002
21
-135.7946649999999806
0
LINE
8
BLACK
6
CONTINUOUS
10
79.430334000000002
20
-135.7946649999999806
11
79.2738209999999981
21
-135.6662179999999864
0
LINE
8
BLACK
6
CONTINUOUS
10
79.2738209999999981
20
-135.6662179999999864
11
79.2738179999999915
21
-135.6662159999999915
0
LINE
8
BLACK
6
CONTINUOUS
10
79.2738179999999915
20
-135.6662159999999915
11
79.0952599999999961
21
-135.5707749999999976
0
LINE
8
BLACK
6
CONTINUOUS
10
79.0952599999999961
20
-135.5707749999999976
11
79.0952539999999971
21
-135.5707730000000026
0
LINE
8
BLACK
6
CONTINUOUS
10
79.0952539999999971
20
-135.5707730000000026
11
78.9109600000000029
21
-135.514868000000007
0
LINE
8
BLACK
6
CONTINUOUS
10
78.9109600000000029
20
-135.514868000000007
11
78.8525240000000025
21
-135.476571000000007
0
LINE
8
BLACK
6
CONTINUOUS
10
78.8525240000000025
20
-135.476571000000007
11
78.8240669999999994
21
-135.4127589999999941
0
LINE
8
BLACK
6
CONTINUOUS
10
78.8240669999999994
20
-135.4127589999999941
11
78.834627999999995
21
-135.3436920000000043
0
LINE
8
BLACK
6
CONTINUOUS
10
78.834627999999995
20
-135.3436920000000043
11
78.8808519999999902
21
-135.2912979999999834
0
LINE
8
BLACK
6
CONTINUOUS
10
78.8808519999999902
20
-135.2912979999999834
11
78.9109600000000029
21
-135.2775479999999959
0
LINE
8
BLACK
6
CONTINUOUS
10
78.9109600000000029
20
-135.2775479999999959
11
79.0702539999999914
21
-135.2292269999999803
0
LINE
8
BLACK
6
CONTINUOUS
10
79.0702539999999914
20
-135.2292269999999803
11
79.2488199999999949
21
-135.1337819999999965
0
LINE
8
BLACK
6
CONTINUOUS
10
79.2488199999999949
20
-135.1337819999999965
11
79.4053339999999963
21
-135.0053340000000048
0
LINE
8
BLACK
6
CONTINUOUS
10
79.4053339999999963
20
-135.0053340000000048
11
79.5337820000000022
21
-134.8488199999999892
0
LINE
8
BLACK
6
CONTINUOUS
10
79.5337820000000022
20
-134.8488199999999892
11
79.6292270000000002
21
-134.6702539999999999
0
LINE
8
BLACK
6
CONTINUOUS
10
79.6292270000000002
20
-134.6702539999999999
11
79.6880019999999973
21
-134.4764989999999898
0
LINE
8
BLACK
6
CONTINUOUS
10
79.6880019999999973
20
-134.4764989999999898
11
79.7078479999999985
21
-134.2750000000000057
0
LINE
8
BLACK
6
CONTINUOUS
10
79.7078479999999985
20
-134.2750000000000057
11
79.6880019999999973
21
-134.0735009999999932
0
LINE
8
BLACK
6
CONTINUOUS
10
79.6880019999999973
20
-134.0735009999999932
11
79.6292270000000002
21
-133.879745999999983
0
LINE
8
BLACK
6
CONTINUOUS
10
79.6292270000000002
20
-133.879745999999983
11
79.629224999999991
21
-133.8797429999999906
0
LINE
8
BLACK
6
CONTINUOUS
10
79.629224999999991
20
-133.8797429999999906
11
79.629224999999991
21
-133.8797409999999957
0
LINE
8
BLACK
6
CONTINUOUS
10
79.629224999999991
20
-133.8797409999999957
11
79.5337829999999997
21
-133.7011809999999912
0
LINE
8
BLACK
6
CONTINUOUS
10
79.5337829999999997
20
-133.7011809999999912
11
79.5337809999999905
21
-133.7011779999999987
0
LINE
8
BLACK
6
CONTINUOUS
10
79.5337809999999905
20
-133.7011779999999987
11
79.4053339999999963
21
-133.5446649999999806
0
LINE
8
BLACK
6
CONTINUOUS
10
79.4053339999999963
20
-133.5446649999999806
11
79.2488209999999924
21
-133.4162179999999864
0
LINE
8
BLACK
6
CONTINUOUS
10
79.2488209999999924
20
-133.4162179999999864
11
79.248818
21
-133.4162159999999915
0
LINE
8
BLACK
6
CONTINUOUS
10
79.248818
20
-133.4162159999999915
11
79.0702550000000031
21
-133.3207730000000026
0
LINE
8
BLACK
6
CONTINUOUS
10
79.0702550000000031
20
-133.3207730000000026
11
78.9339439999999968
21
-133.27942299999998
0
LINE
8
BLACK
6
CONTINUOUS
10
78.9339439999999968
20
-133.27942299999998
11
78.8755060000000014
21
-133.24112599999998
0
LINE
8
BLACK
6
CONTINUOUS
10
78.8755060000000014
20
-133.24112599999998
11
78.8470489999999984
21
-133.1773129999999981
0
LINE
8
BLACK
6
CONTINUOUS
10
78.8470489999999984
20
-133.1773129999999981
11
78.857609999999994
21
-133.1082459999999799
0
LINE
8
BLACK
6
CONTINUOUS
10
78.857609999999994
20
-133.1082459999999799
11
78.9038350000000008
21
-133.0558529999999848
0
LINE
8
BLACK
6
CONTINUOUS
10
78.9038350000000008
20
-133.0558529999999848
11
78.9457510000000013
21
-133.0391449999999907
0
LINE
8
BLACK
6
CONTINUOUS
10
78.9457510000000013
20
-133.0391449999999907
11
78.9514889999999951
21
-133.0380020000000059
0
LINE
8
BLACK
6
CONTINUOUS
10
78.9514889999999951
20
-133.0380020000000059
11
78.9514989999999983
21
-133.0380020000000059
0
LINE
8
BLACK
6
CONTINUOUS
10
78.9514989999999983
20
-133.0380020000000059
11
79.1452539999999942
21
-132.9792269999999803
0
LINE
8
BLACK
6
CONTINUOUS
10
79.1452539999999942
20
-132.9792269999999803
11
79.3238199999999978
21
-132.8837819999999965
0
LINE
8
BLACK
6
CONTINUOUS
10
79.3238199999999978
20
-132.8837819999999965
11
79.4803339999999992
21
-132.7553340000000048
0
LINE
8
BLACK
6
CONTINUOUS
10
79.4803339999999992
20
-132.7553340000000048
11
79.6087819999999908
21
-132.5988199999999892
0
LINE
8
BLACK
6
CONTINUOUS
10
79.6087819999999908
20
-132.5988199999999892
11
79.704227000000003
21
-132.4202539999999999
0
LINE
8
BLACK
6
CONTINUOUS
10
79.704227000000003
20
-132.4202539999999999
11
79.7630020000000002
21
-132.2264989999999898
0
LINE
8
BLACK
6
CONTINUOUS
10
79.7630020000000002
20
-132.2264989999999898
11
79.7828480000000013
21
-132.0250000000000057
0
LINE
8
BLACK
6
CONTINUOUS
10
79.7828480000000013
20
-132.0250000000000057
11
79.7630020000000002
21
-131.8235009999999932
0
LINE
8
BLACK
6
CONTINUOUS
10
79.7630020000000002
20
-131.8235009999999932
11
79.704227000000003
21
-131.629745999999983
0
LINE
8
BLACK
6
CONTINUOUS
10
79.704227000000003
20
-131.629745999999983
11
79.7042249999999939
21
-131.6297429999999906
0
LINE
8
BLACK
6
CONTINUOUS
10
79.7042249999999939
20
-131.6297429999999906
11
79.7042249999999939
21
-131.6297409999999957
0
LINE
8
BLACK
6
CONTINUOUS
10
79.7042249999999939
20
-131.6297409999999957
11
79.6087830000000025
21
-131.4511809999999912
0
LINE
8
BLACK
6
CONTINUOUS
10
79.6087830000000025
20
-131.4511809999999912
11
79.6087809999999934
21
-131.4511779999999987
0
LINE
8
BLACK
6
CONTINUOUS
10
79.6087809999999934
20
-131.4511779999999987
11
79.4803339999999992
21
-131.2946649999999806
0
LINE
8
BLACK
6
CONTINUOUS
10
79.4803339999999992
20
-131.2946649999999806
11
79.3238209999999953
21
-131.1662179999999864
0
LINE
8
BLACK
6
CONTINUOUS
10
79.3238209999999953
20
-131.1662179999999864
11
79.3238180000000028
21
-131.1662159999999915
0
LINE
8
BLACK
6
CONTINUOUS
10
79.3238180000000028
20
-131.1662159999999915
11
79.1452579999999983
21
-131.0707740000000001
0
LINE
8
BLACK
6
CONTINUOUS
10
79.1452579999999983
20
-131.0707740000000001
11
78.9514970000000034
21
-131.011997000000008
0
LINE
8
BLACK
6
CONTINUOUS
10
78.9514970000000034
20
-131.011997000000008
11
78.8942989999999895
21
-131.0063639999999907
0
LINE
8
BLACK
6
CONTINUOUS
10
78.8942989999999895
20
-131.0063639999999907
11
78.829511999999994
21
-130.9802029999999888
0
LINE
8
BLACK
6
CONTINUOUS
10
78.829511999999994
20
-130.9802029999999888
11
78.7891539999999964
21
-130.923168000000004
0
LINE
8
BLACK
6
CONTINUOUS
10
78.7891539999999964
20
-130.923168000000004
11
78.7860369999999932
21
-130.853367999999989
0
LINE
8
BLACK
6
CONTINUOUS
10
78.7860369999999932
20
-130.853367999999989
11
78.8211519999999979
21
-130.7929629999999861
0
LINE
8
BLACK
6
CONTINUOUS
10
78.8211519999999979
20
-130.7929629999999861
11
78.871420999999998
21
-130.7670819999999878
0
LINE
8
BLACK
6
CONTINUOUS
10
78.871420999999998
20
-130.7670819999999878
11
78.8705709999999982
21
-130.7642789999999877
0
LINE
8
BLACK
6
CONTINUOUS
10
78.8705709999999982
20
-130.7642789999999877
11
79.0700609999999955
21
-130.7037629999999808
0
LINE
8
BLACK
6
CONTINUOUS
10
79.0700609999999955
20
-130.7037629999999808
11
79.2037509999999969
21
-130.6323030000000074
0
LINE
8
BLACK
6
CONTINUOUS
10
79.2037509999999969
20
-130.6323030000000074
11
78.8251829999999956
21
-130.253735000000006
0
LINE
8
BLACK
6
CONTINUOUS
10
78.8251829999999956
20
-130.253735000000006
11
78.8114949999999936
21
-130.2594049999999868
0
LINE
8
BLACK
6
CONTINUOUS
10
78.8114949999999936
20
-130.2594049999999868
11
78.6749999999999972
21
-130.2773750000000064
0
LINE
8
BLACK
6
CONTINUOUS
10
78.6749999999999972
20
-130.2773750000000064
11
78.5385050000000007
21
-130.2594049999999868
0
LINE
8
BLACK
6
CONTINUOUS
10
78.5385050000000007
20
-130.2594049999999868
11
78.5248169999999988
21
-130.253735000000006
0
LINE
8
BLACK
6
CONTINUOUS
10
78.5248169999999988
20
-130.253735000000006
11
78.1462470000000025
21
-130.6323040000000049
0
LINE
8
BLACK
6
CONTINUOUS
10
78.1462470000000025
20
-130.6323040000000049
11
78.2799359999999922
21
-130.7037619999999833
0
LINE
8
BLACK
6
CONTINUOUS
10
78.2799359999999922
20
-130.7037619999999833
11
78.473596999999998
21
-130.7625089999999943
0
LINE
8
BLACK
6
CONTINUOUS
10
78.473596999999998
20
-130.7625089999999943
11
78.5306649999999991
21
-130.7681299999999851
0
LINE
8
BLACK
6
CONTINUOUS
10
78.5306649999999991
20
-130.7681299999999851
11
78.5954519999999945
21
-130.7942899999999895
0
LINE
8
BLACK
6
CONTINUOUS
10
78.5954519999999945
20
-130.7942899999999895
11
78.6358120000000014
21
-130.8513240000000053
0
LINE
8
BLACK
6
CONTINUOUS
10
78.6358120000000014
20
-130.8513240000000053
11
78.6389289999999903
21
-130.9211239999999918
0
LINE
8
BLACK
6
CONTINUOUS
10
78.6389289999999903
20
-130.9211239999999918
11
78.6038149999999973
21
-130.9815289999999948
0
LINE
8
BLACK
6
CONTINUOUS
10
78.6038149999999973
20
-130.9815289999999948
11
78.5535539999999912
21
-131.0076719999999852
0
LINE
8
BLACK
6
CONTINUOUS
10
78.5535539999999912
20
-131.0076719999999852
11
78.5543299999999931
21
-131.0102300000000071
0
LINE
8
BLACK
6
CONTINUOUS
10
78.5543299999999931
20
-131.0102300000000071
11
78.5485010000000017
21
-131.011997000000008
0
LINE
8
BLACK
6
CONTINUOUS
10
78.5485010000000017
20
-131.011997000000008
11
78.5485010000000017
21
-131.0119980000000055
0
LINE
8
BLACK
6
CONTINUOUS
10
78.5485010000000017
20
-131.0119980000000055
11
78.5195739999999915
21
-131.0207729999999913
0
LINE
8
BLACK
6
CONTINUOUS
10
78.5195739999999915
20
-131.0207729999999913
11
78.35474099999999
21
-131.0707740000000001
0
LINE
8
BLACK
6
CONTINUOUS
10
78.35474099999999
20
-131.0707740000000001
11
78.1761809999999997
21
-131.1662159999999915
0
LINE
8
BLACK
6
CONTINUOUS
10
78.1761809999999997
20
-131.1662159999999915
11
78.1761779999999931
21
-131.1662179999999864
0
LINE
8
BLACK
6
CONTINUOUS
10
78.1761779999999931
20
-131.1662179999999864
11
78.0196650000000034
21
-131.2946649999999806
0
LINE
8
BLACK
6
CONTINUOUS
10
78.0196650000000034
20
-131.2946649999999806
11
77.891217999999995
21
-131.4511779999999987
0
LINE
8
BLACK
6
CONTINUOUS
10
77.891217999999995
20
-131.4511779999999987
11
77.891216
21
-131.4511809999999912
0
LINE
8
BLACK
6
CONTINUOUS
10
77.891216
20
-131.4511809999999912
11
77.7957739999999944
21
-131.6297409999999957
0
LINE
8
BLACK
6
CONTINUOUS
10
77.7957739999999944
20
-131.6297409999999957
11
77.7369970000000023
21
-131.8235019999999906
0
LINE
8
BLACK
6
CONTINUOUS
10
77.7369970000000023
20
-131.8235019999999906
11
77.7171519999999987
21
-132.0250000000000057
0
LINE
8
BLACK
6
CONTINUOUS
10
77.7171519999999987
20
-132.0250000000000057
11
77.7369970000000023
21
-132.2264969999999948
0
LINE
8
BLACK
6
CONTINUOUS
10
77.7369970000000023
20
-132.2264969999999948
11
77.7957739999999944
21
-132.4202579999999898
0
LINE
8
BLACK
6
CONTINUOUS
10
77.7957739999999944
20
-132.4202579999999898
11
77.891216
21
-132.5988179999999943
0
LINE
8
BLACK
6
CONTINUOUS
10
77.891216
20
-132.5988179999999943
11
77.891217999999995
21
-132.5988209999999867
0
LINE
8
BLACK
6
CONTINUOUS
10
77.891217999999995
20
-132.5988209999999867
11
78.0196650000000034
21
-132.7553340000000048
0
LINE
8
BLACK
6
CONTINUOUS
10
78.0196650000000034
20
-132.7553340000000048
11
78.1761779999999931
21
-132.883780999999999
0
LINE
8
BLACK
6
CONTINUOUS
10
78.1761779999999931
20
-132.883780999999999
11
78.1761809999999997
21
-132.883782999999994
0
LINE
8
BLACK
6
CONTINUOUS
10
78.1761809999999997
20
-132.883782999999994
11
78.35474099999999
21
-132.9792249999999854
0
LINE
8
BLACK
6
CONTINUOUS
10
78.35474099999999
20
-132.9792249999999854
11
78.3547429999999991
21
-132.9792249999999854
0
LINE
8
BLACK
6
CONTINUOUS
10
78.3547429999999991
20
-132.9792249999999854
11
78.3547459999999916
21
-132.9792269999999803
0
LINE
8
BLACK
6
CONTINUOUS
10
78.3547459999999916
20
-132.9792269999999803
11
78.4910550000000029
21
-133.0205760000000055
0
LINE
8
BLACK
6
CONTINUOUS
10
78.4910550000000029
20
-133.0205760000000055
11
78.5494929999999982
21
-133.0588730000000055
0
LINE
8
BLACK
6
CONTINUOUS
10
78.5494929999999982
20
-133.0588730000000055
11
78.5779489999999896
21
-133.1226849999999899
0
LINE
8
BLACK
6
CONTINUOUS
10
78.5779489999999896
20
-133.1226849999999899
11
78.5673889999999915
21
-133.1917520000000081
0
LINE
8
BLACK
6
CONTINUOUS
10
78.5673889999999915
20
-133.1917520000000081
11
78.5211649999999963
21
-133.2441460000000006
0
LINE
8
BLACK
6
CONTINUOUS
10
78.5211649999999963
20
-133.2441460000000006
11
78.4792599999999965
21
-133.2608510000000024
0
LINE
8
BLACK
6
CONTINUOUS
10
78.4792599999999965
20
-133.2608510000000024
11
78.4735119999999995
21
-133.2619939999999872
0
LINE
8
BLACK
6
CONTINUOUS
10
78.4735119999999995
20
-133.2619939999999872
11
78.2797410000000013
21
-133.3207740000000001
0
LINE
8
BLACK
6
CONTINUOUS
10
78.2797410000000013
20
-133.3207740000000001
11
78.1011809999999969
21
-133.4162159999999915
0
LINE
8
BLACK
6
CONTINUOUS
10
78.1011809999999969
20
-133.4162159999999915
11
78.1011779999999902
21
-133.4162179999999864
0
LINE
8
BLACK
6
CONTINUOUS
10
78.1011779999999902
20
-133.4162179999999864
11
77.9446650000000005
21
-133.5446649999999806
0
LINE
8
BLACK
6
CONTINUOUS
10
77.9446650000000005
20
-133.5446649999999806
11
77.8162179999999921
21
-133.7011779999999987
0
LINE
8
BLACK
6
CONTINUOUS
10
77.8162179999999921
20
-133.7011779999999987
11
77.8162159999999972
21
-133.7011809999999912
0
LINE
8
BLACK
6
CONTINUOUS
10
77.8162159999999972
20
-133.7011809999999912
11
77.7207739999999916
21
-133.8797409999999957
0
LINE
8
BLACK
6
CONTINUOUS
10
77.7207739999999916
20
-133.8797409999999957
11
77.6619969999999995
21
-134.0735019999999906
0
LINE
8
BLACK
6
CONTINUOUS
10
77.6619969999999995
20
-134.0735019999999906
11
77.6421519999999958
21
-134.2750000000000057
0
LINE
8
BLACK
6
CONTINUOUS
10
77.6421519999999958
20
-134.2750000000000057
11
77.6619969999999995
21
-134.4764969999999948
0
LINE
8
BLACK
6
CONTINUOUS
10
130.4114950000000022
20
-136.0344049999999925
11
130.2750000000000057
21
-136.0523749999999836
0
LINE
8
BLACK
6
CONTINUOUS
10
130.2750000000000057
20
-136.0523749999999836
11
130.1385049999999808
21
-136.0344049999999925
0
LINE
8
BLACK
6
CONTINUOUS
10
130.1385049999999808
20
-136.0344049999999925
11
130.1248170000000073
21
-136.0287349999999833
0
LINE
8
BLACK
6
CONTINUOUS
10
130.1248170000000073
20
-136.0287349999999833
11
129.7462469999999826
21
-136.4073039999999821
0
LINE
8
BLACK
6
CONTINUOUS
10
129.7462469999999826
20
-136.4073039999999821
11
129.8799359999999865
21
-136.478761999999989
0
LINE
8
BLACK
6
CONTINUOUS
10
129.8799359999999865
20
-136.478761999999989
11
130.0735959999999807
21
-136.537509
0
LINE
8
BLACK
6
CONTINUOUS
10
130.0735959999999807
20
-136.537509
11
130.2750000000000057
21
-136.557344999999998
0
LINE
8
BLACK
6
CONTINUOUS
10
130.2750000000000057
20
-136.557344999999998
11
130.4764030000000048
21
-136.537509
0
LINE
8
BLACK
6
CONTINUOUS
10
130.4764030000000048
20
-136.537509
11
130.670061000000004
21
-136.4787629999999865
0
LINE
8
BLACK
6
CONTINUOUS
10
130.670061000000004
20
-136.4787629999999865
11
130.8037510000000054
21
-136.4073029999999846
0
LINE
8
BLACK
6
CONTINUOUS
10
130.8037510000000054
20
-136.4073029999999846
11
130.4251830000000041
21
-136.0287349999999833
0
LINE
8
BLACK
6
CONTINUOUS
10
130.4251830000000041
20
-136.0287349999999833
11
130.4114950000000022
21
-136.0344049999999925
0
LINE
8
BLACK
6
CONTINUOUS
10
129.3212350000000015
20
-135.1299419999999998
11
129.2624899999999855
21
-135.3235959999999807
0
LINE
8
BLACK
6
CONTINUOUS
10
129.2624899999999855
20
-135.3235959999999807
11
129.2426539999999875
21
-135.5250000000000057
0
LINE
8
BLACK
6
CONTINUOUS
10
129.2426539999999875
20
-135.5250000000000057
11
129.2624899999999855
21
-135.7264030000000048
0
LINE
8
BLACK
6
CONTINUOUS
10
129.2624899999999855
20
-135.7264030000000048
11
129.3212369999999964
21
-135.920062999999999
0
LINE
8
BLACK
6
CONTINUOUS
10
129.3212369999999964
20
-135.920062999999999
11
129.3926940000000059
21
-136.053750000000008
0
LINE
8
BLACK
6
CONTINUOUS
10
129.3926940000000059
20
-136.053750000000008
11
129.3926950000000033
21
-136.053750000000008
0
LINE
8
BLACK
6
CONTINUOUS
10
129.3926950000000033
20
-136.053750000000008
11
129.7712640000000022
21
-135.6751809999999807
0
LINE
8
BLACK
6
CONTINUOUS
10
129.7712640000000022
20
-135.6751809999999807
11
129.7655949999999905
21
-135.6614950000000022
0
LINE
8
BLACK
6
CONTINUOUS
10
129.7655949999999905
20
-135.6614950000000022
11
129.7476249999999993
21
-135.5250000000000057
0
LINE
8
BLACK
6
CONTINUOUS
10
129.7476249999999993
20
-135.5250000000000057
11
129.7655949999999905
21
-135.3885049999999808
0
LINE
8
BLACK
6
CONTINUOUS
10
129.7655949999999905
20
-135.3885049999999808
11
129.7712640000000022
21
-135.3748170000000073
0
LINE
8
BLACK
6
CONTINUOUS
10
129.7712640000000022
20
-135.3748170000000073
11
129.3926950000000033
21
-134.99624799999998
0
LINE
8
BLACK
6
CONTINUOUS
10
129.3926950000000033
20
-134.99624799999998
11
129.3212350000000015
21
-135.1299419999999998
0
LINE
8
BLACK
6
CONTINUOUS
10
68.6611019999999996
20
-107.7871059999999943
11
68.6611019999999996
21
-107.7871099999999984
0
LINE
8
BLACK
6
CONTINUOUS
10
68.6611019999999996
20
-107.7871099999999984
11
68.6611029999999971
21
-107.7871119999999934
0
LINE
8
BLACK
6
CONTINUOUS
10
68.6611029999999971
20
-107.7871119999999934
11
68.6613540000000029
21
-107.7883190000000013
0
LINE
8
BLACK
6
CONTINUOUS
10
68.6613540000000029
20
-107.7883190000000013
11
68.7196539999999914
21
-108.068877999999998
0
LINE
8
BLACK
6
CONTINUOUS
10
68.7196539999999914
20
-108.068877999999998
11
68.719655000000003
21
-108.0688809999999904
0
LINE
8
BLACK
6
CONTINUOUS
10
68.719655000000003
20
-108.0688809999999904
11
68.8160249999999962
21
-108.3400389999999902
0
LINE
8
BLACK
6
CONTINUOUS
10
68.8160249999999962
20
-108.3400389999999902
11
68.8160239999999988
21
-108.3400389999999902
0
LINE
8
BLACK
6
CONTINUOUS
10
68.8160239999999988
20
-108.3400389999999902
11
68.9484259999999978
21
-108.595562000000001
0
LINE
8
BLACK
6
CONTINUOUS
10
68.9484259999999978
20
-108.595562000000001
11
68.9484300000000019
21
-108.5955680000000001
0
LINE
8
BLACK
6
CONTINUOUS
10
68.9484300000000019
20
-108.5955680000000001
11
69.114381999999992
21
-108.8306690000000003
0
LINE
8
BLACK
6
CONTINUOUS
10
69.114381999999992
20
-108.8306690000000003
11
69.310814999999991
21
-109.0409969999999902
0
LINE
8
BLACK
6
CONTINUOUS
10
69.310814999999991
20
-109.0409969999999902
11
69.5340419999999995
21
-109.2226050000000015
0
LINE
8
BLACK
6
CONTINUOUS
10
69.5340419999999995
20
-109.2226050000000015
11
69.5340460000000036
21
-109.2226079999999939
0
LINE
8
BLACK
6
CONTINUOUS
10
69.5340460000000036
20
-109.2226079999999939
11
69.5340479999999985
21
-109.2226089999999914
0
LINE
8
BLACK
6
CONTINUOUS
10
69.5340479999999985
20
-109.2226089999999914
11
69.534048999999996
21
-109.2226099999999889
0
LINE
8
BLACK
6
CONTINUOUS
10
69.534048999999996
20
-109.2226099999999889
11
69.6569920000000025
21
-109.2973739999999907
0
LINE
8
BLACK
6
CONTINUOUS
10
69.6569920000000025
20
-109.2973739999999907
11
69.7799389999999988
21
-109.3721400000000017
0
LINE
8
BLACK
6
CONTINUOUS
10
69.7799389999999988
20
-109.3721400000000017
11
69.8387029999999953
21
-109.3976629999999943
0
LINE
8
BLACK
6
CONTINUOUS
10
69.8387029999999953
20
-109.3976629999999943
11
69.924902000000003
21
-109.435104999999993
0
LINE
8
BLACK
6
CONTINUOUS
10
69.924902000000003
20
-109.435104999999993
11
69.9785480000000035
21
-109.4798660000000012
0
LINE
8
BLACK
6
CONTINUOUS
10
69.9785480000000035
20
-109.4798660000000012
11
69.9994779999999963
21
-109.5465269999999975
0
LINE
8
BLACK
6
CONTINUOUS
10
69.9994779999999963
20
-109.5465269999999975
11
69.9994999999999976
21
-109.5488379999999893
0
LINE
8
BLACK
6
CONTINUOUS
10
69.9994999999999976
20
-109.5488379999999893
11
69.9994999999999976
21
-118.3239179999999919
0
LINE
8
BLACK
6
CONTINUOUS
10
69.9994999999999976
20
-118.3239179999999919
11
69.9994999999999976
21
-118.3239200000000011
0
LINE
8
BLACK
6
CONTINUOUS
10
69.9994999999999976
20
-118.3239200000000011
11
69.9994990000000001
21
-118.3239200000000011
0
LINE
8
BLACK
6
CONTINUOUS
10
69.9994990000000001
20
-118.3239200000000011
11
70.02834
21
-118.4689070000000015
0
LINE
8
BLACK
6
CONTINUOUS
10
70.02834
20
-118.4689070000000015
11
70.0283429999999925
21
-118.4689169999999905
0
LINE
8
BLACK
6
CONTINUOUS
10
70.0283429999999925
20
-118.4689169999999905
11
70.0849130000000002
21
-118.605489999999989
0
LINE
8
BLACK
6
CONTINUOUS
10
70.0849130000000002
20
-118.605489999999989
11
70.0849139999999977
21
-118.6054910000000007
0
LINE
8
BLACK
6
CONTINUOUS
10
70.0849139999999977
20
-118.6054910000000007
11
70.0849159999999927
21
-118.6054949999999906
0
LINE
8
BLACK
6
CONTINUOUS
10
70.0849159999999927
20
-118.6054949999999906
11
70.1046649999999971
21
-118.63505099999999
0
LINE
8
BLACK
6
CONTINUOUS
10
70.1046649999999971
20
-118.63505099999999
11
70.1629719999999963
21
-118.7223159999999922
0
LINE
8
BLACK
6
CONTINUOUS
10
70.1629719999999963
20
-118.7223159999999922
11
70.1670489999999916
21
-118.7284169999999932
0
LINE
8
BLACK
6
CONTINUOUS
10
70.1670489999999916
20
-118.7284169999999932
11
70.1670500000000033
21
-118.7284179999999907
0
LINE
8
BLACK
6
CONTINUOUS
10
70.1670500000000033
20
-118.7284179999999907
11
80.1888929999999931
21
-128.7502599999999973
0
LINE
8
BLACK
6
CONTINUOUS
10
80.1888929999999931
20
-128.7502599999999973
11
80.222377999999992
21
-128.8115829999999846
0
LINE
8
BLACK
6
CONTINUOUS
10
80.222377999999992
20
-128.8115829999999846
11
80.224615
21
-128.8257859999999937
0
LINE
8
BLACK
6
CONTINUOUS
10
80.224615
20
-128.8257859999999937
11
80.2369970000000023
21
-128.9514969999999892
0
LINE
8
BLACK
6
CONTINUOUS
10
80.2369970000000023
20
-128.9514969999999892
11
80.2957739999999944
21
-129.1452579999999841
0
LINE
8
BLACK
6
CONTINUOUS
10
80.2957739999999944
20
-129.1452579999999841
11
80.391216
21
-129.3238179999999886
0
LINE
8
BLACK
6
CONTINUOUS
10
80.391216
20
-129.3238179999999886
11
80.391217999999995
21
-129.323820999999981
0
LINE
8
BLACK
6
CONTINUOUS
10
80.391217999999995
20
-129.323820999999981
11
80.5196650000000034
21
-129.4803339999999992
0
LINE
8
BLACK
6
CONTINUOUS
10
80.5196650000000034
20
-129.4803339999999992
11
80.6761779999999931
21
-129.6087809999999934
0
LINE
8
BLACK
6
CONTINUOUS
10
80.6761779999999931
20
-129.6087809999999934
11
80.6761809999999997
21
-129.6087829999999883
0
LINE
8
BLACK
6
CONTINUOUS
10
80.6761809999999997
20
-129.6087829999999883
11
80.85474099999999
21
-129.7042250000000081
0
LINE
8
BLACK
6
CONTINUOUS
10
80.85474099999999
20
-129.7042250000000081
11
80.8547429999999991
21
-129.7042250000000081
0
LINE
8
BLACK
6
CONTINUOUS
10
80.8547429999999991
20
-129.7042250000000081
11
80.8547459999999916
21
-129.704227000000003
0
LINE
8
BLACK
6
CONTINUOUS
10
80.8547459999999916
20
-129.704227000000003
11
81.0485010000000017
21
-129.7630020000000002
0
LINE
8
BLACK
6
CONTINUOUS
10
81.0485010000000017
20
-129.7630020000000002
11
81.0485139999999973
21
-129.7630029999999977
0
LINE
8
BLACK
6
CONTINUOUS
10
81.0485139999999973
20
-129.7630029999999977
11
81.04928799999999
21
-129.7631580000000042
0
LINE
8
BLACK
6
CONTINUOUS
10
81.04928799999999
20
-129.7631580000000042
11
81.0496629999999953
21
-129.7633539999999925
0
LINE
8
BLACK
6
CONTINUOUS
10
81.0496629999999953
20
-129.7633539999999925
11
81.0543299999999931
21
-129.7647699999999986
0
LINE
8
BLACK
6
CONTINUOUS
10
81.0543299999999931
20
-129.7647699999999986
11
81.0540609999999901
21
-129.7656539999999836
0
LINE
8
BLACK
6
CONTINUOUS
10
81.0540609999999901
20
-129.7656539999999836
11
81.1112009999999941
21
-129.7955389999999909
0
LINE
8
BLACK
6
CONTINUOUS
10
81.1112009999999941
20
-129.7955389999999909
11
81.1457789999999903
21
-129.8562529999999811
0
LINE
8
BLACK
6
CONTINUOUS
10
81.1457789999999903
20
-129.8562529999999811
11
81.142043000000001
21
-129.9260229999999865
0
LINE
8
BLACK
6
CONTINUOUS
10
81.142043000000001
20
-129.9260229999999865
11
81.1011809999999969
21
-129.9826970000000017
0
LINE
8
BLACK
6
CONTINUOUS
10
81.1011809999999969
20
-129.9826970000000017
11
81.0372600000000034
21
-130.0081799999999816
0
LINE
8
BLACK
6
CONTINUOUS
10
81.0372600000000034
20
-130.0081799999999816
11
80.998502000000002
21
-130.011997000000008
0
LINE
8
BLACK
6
CONTINUOUS
10
80.998502000000002
20
-130.011997000000008
11
80.8047409999999928
21
-130.0707740000000001
0
LINE
8
BLACK
6
CONTINUOUS
10
80.8047409999999928
20
-130.0707740000000001
11
80.6261810000000025
21
-130.1662159999999915
0
LINE
8
BLACK
6
CONTINUOUS
10
80.6261810000000025
20
-130.1662159999999915
11
80.6261779999999959
21
-130.1662179999999864
0
LINE
8
BLACK
6
CONTINUOUS
10
80.6261779999999959
20
-130.1662179999999864
11
80.469664999999992
21
-130.2946649999999806
0
LINE
8
BLACK
6
CONTINUOUS
10
80.469664999999992
20
-130.2946649999999806
11
80.3412179999999978
21
-130.4511779999999987
0
LINE
8
BLACK
6
CONTINUOUS
10
80.3412179999999978
20
-130.4511779999999987
11
80.3412160000000029
21
-130.4511809999999912
0
LINE
8
BLACK
6
CONTINUOUS
10
80.3412160000000029
20
-130.4511809999999912
11
80.2457739999999973
21
-130.6297409999999957
0
LINE
8
BLACK
6
CONTINUOUS
10
80.2457739999999973
20
-130.6297409999999957
11
80.186996999999991
21
-130.8235019999999906
0
LINE
8
BLACK
6
CONTINUOUS
10
80.186996999999991
20
-130.8235019999999906
11
80.1671520000000015
21
-131.0250000000000057
0
LINE
8
BLACK
6
CONTINUOUS
10
80.1671520000000015
20
-131.0250000000000057
11
80.186996999999991
21
-131.2264969999999948
0
LINE
8
BLACK
6
CONTINUOUS
10
80.186996999999991
20
-131.2264969999999948
11
80.2457739999999973
21
-131.4202579999999898
0
LINE
8
BLACK
6
CONTINUOUS
10
80.2457739999999973
20
-131.4202579999999898
11
80.3412160000000029
21
-131.5988179999999943
0
LINE
8
BLACK
6
CONTINUOUS
10
80.3412160000000029
20
-131.5988179999999943
11
80.3412179999999978
21
-131.5988209999999867
0
LINE
8
BLACK
6
CONTINUOUS
10
80.3412179999999978
20
-131.5988209999999867
11
80.469664999999992
21
-131.7553340000000048
0
LINE
8
BLACK
6
CONTINUOUS
10
80.469664999999992
20
-131.7553340000000048
11
80.6261779999999959
21
-131.883780999999999
0
LINE
8
BLACK
6
CONTINUOUS
10
80.6261779999999959
20
-131.883780999999999
11
80.6261810000000025
21
-131.883782999999994
0
LINE
8
BLACK
6
CONTINUOUS
10
80.6261810000000025
20
-131.883782999999994
11
80.8047409999999928
21
-131.9792249999999854
0
LINE
8
BLACK
6
CONTINUOUS
10
80.8047409999999928
20
-131.9792249999999854
11
80.804743000000002
21
-131.9792249999999854
0
LINE
8
BLACK
6
CONTINUOUS
10
80.804743000000002
20
-131.9792249999999854
11
80.8047459999999944
21
-131.9792269999999803
0
LINE
8
BLACK
6
CONTINUOUS
10
80.8047459999999944
20
-131.9792269999999803
11
80.9985009999999903
21
-132.0380020000000059
0
LINE
8
BLACK
6
CONTINUOUS
10
80.9985009999999903
20
-132.0380020000000059
11
81.0372569999999968
21
-132.0418190000000038
0
LINE
8
BLACK
6
CONTINUOUS
10
81.0372569999999968
20
-132.0418190000000038
11
81.1020449999999897
21
-132.0679790000000082
0
LINE
8
BLACK
6
CONTINUOUS
10
81.1020449999999897
20
-132.0679790000000082
11
81.1424039999999991
21
-132.1250129999999956
0
LINE
8
BLACK
6
CONTINUOUS
10
81.1424039999999991
20
-132.1250129999999956
11
81.1455210000000022
21
-132.1948129999999821
0
LINE
8
BLACK
6
CONTINUOUS
10
81.1455210000000022
20
-132.1948129999999821
11
81.110406999999995
21
-132.2552179999999851
0
LINE
8
BLACK
6
CONTINUOUS
10
81.110406999999995
20
-132.2552179999999851
11
81.0540689999999984
21
-132.284370999999993
0
LINE
8
BLACK
6
CONTINUOUS
10
81.0540689999999984
20
-132.284370999999993
11
81.0543299999999931
21
-132.2852299999999843
0
LINE
8
BLACK
6
CONTINUOUS
10
81.0543299999999931
20
-132.2852299999999843
11
81.0496909999999957
21
-132.2866369999999847
0
LINE
8
BLACK
6
CONTINUOUS
10
81.0496909999999957
20
-132.2866369999999847
11
81.0493049999999897
21
-132.2868369999999913
0
LINE
8
BLACK
6
CONTINUOUS
10
81.0493049999999897
20
-132.2868369999999913
11
81.0485120000000023
21
-132.2869939999999929
0
LINE
8
BLACK
6
CONTINUOUS
10
81.0485120000000023
20
-132.2869939999999929
11
80.85474099999999
21
-132.3457740000000058
0
LINE
8
BLACK
6
CONTINUOUS
10
80.85474099999999
20
-132.3457740000000058
11
80.6761809999999997
21
-132.4412159999999972
0
LINE
8
BLACK
6
CONTINUOUS
10
80.6761809999999997
20
-132.4412159999999972
11
80.6761779999999931
21
-132.4412179999999921
0
LINE
8
BLACK
6
CONTINUOUS
10
80.6761779999999931
20
-132.4412179999999921
11
80.5196650000000034
21
-132.5696649999999863
0
LINE
8
BLACK
6
CONTINUOUS
10
80.5196650000000034
20
-132.5696649999999863
11
80.391217999999995
21
-132.7261780000000044
0
LINE
8
BLACK
6
CONTINUOUS
10
80.391217999999995
20
-132.7261780000000044
11
80.391216
21
-132.7261809999999969
0
LINE
8
BLACK
6
CONTINUOUS
10
80.391216
20
-132.7261809999999969
11
80.2957739999999944
21
-132.9047410000000013
0
LINE
8
BLACK
6
CONTINUOUS
10
80.2957739999999944
20
-132.9047410000000013
11
80.2369970000000023
21
-133.0985019999999963
0
LINE
8
BLACK
6
CONTINUOUS
10
80.2369970000000023
20
-133.0985019999999963
11
80.2171519999999987
21
-133.2999999999999829
0
LINE
8
BLACK
6
CONTINUOUS
10
80.2171519999999987
20
-133.2999999999999829
11
80.2369970000000023
21
-133.5014970000000005
0
LINE
8
BLACK
6
CONTINUOUS
10
80.2369970000000023
20
-133.5014970000000005
11
80.2957739999999944
21
-133.6952579999999955
0
LINE
8
BLACK
6
CONTINUOUS
10
80.2957739999999944
20
-133.6952579999999955
11
80.391216
21
-133.873818
0
LINE
8
BLACK
6
CONTINUOUS
10
80.391216
20
-133.873818
11
80.391217999999995
21
-133.8738209999999924
0
LINE
8
BLACK
6
CONTINUOUS
10
80.391217999999995
20
-133.8738209999999924
11
80.5196650000000034
21
-134.0303339999999821
0
LINE
8
BLACK
6
CONTINUOUS
10
80.5196650000000034
20
-134.0303339999999821
11
80.6761779999999931
21
-134.1587810000000047
0
LINE
8
BLACK
6
CONTINUOUS
10
80.6761779999999931
20
-134.1587810000000047
11
80.6761809999999997
21
-134.1587829999999997
0
LINE
8
BLACK
6
CONTINUOUS
10
80.6761809999999997
20
-134.1587829999999997
11
80.85474099999999
21
-134.254224999999991
0
LINE
8
BLACK
6
CONTINUOUS
10
80.85474099999999
20
-134.254224999999991
11
80.8547429999999991
21
-134.254224999999991
0
LINE
8
BLACK
6
CONTINUOUS
10
80.8547429999999991
20
-134.254224999999991
11
80.8547459999999916
21
-134.254226999999986
0
LINE
8
BLACK
6
CONTINUOUS
10
80.8547459999999916
20
-134.254226999999986
11
80.9603309999999965
21
-134.2862559999999803
0
LINE
8
BLACK
6
CONTINUOUS
10
80.9603309999999965
20
-134.2862559999999803
11
81.0187689999999918
21
-134.3245529999999803
0
LINE
8
BLACK
6
CONTINUOUS
10
81.0187689999999918
20
-134.3245529999999803
11
81.0472249999999974
21
-134.3883649999999932
0
LINE
8
BLACK
6
CONTINUOUS
10
81.0472249999999974
20
-134.3883649999999932
11
81.0366649999999993
21
-134.457431999999983
0
LINE
8
BLACK
6
CONTINUOUS
10
81.0366649999999993
20
-134.457431999999983
11
80.9904409999999899
21
-134.5098260000000039
0
LINE
8
BLACK
6
CONTINUOUS
10
80.9904409999999899
20
-134.5098260000000039
11
80.9603309999999965
21
-134.5235759999999914
0
LINE
8
BLACK
6
CONTINUOUS
10
80.9603309999999965
20
-134.5235759999999914
11
80.8047439999999995
21
-134.5707730000000026
0
LINE
8
BLACK
6
CONTINUOUS
10
80.8047439999999995
20
-134.5707730000000026
11
80.6261810000000025
21
-134.6662159999999915
0
LINE
8
BLACK
6
CONTINUOUS
10
80.6261810000000025
20
-134.6662159999999915
11
80.6261779999999959
21
-134.6662179999999864
0
LINE
8
BLACK
6
CONTINUOUS
10
80.6261779999999959
20
-134.6662179999999864
11
80.469664999999992
21
-134.7946649999999806
0
LINE
8
BLACK
6
CONTINUOUS
10
80.469664999999992
20
-134.7946649999999806
11
80.3412179999999978
21
-134.9511779999999987
0
LINE
8
BLACK
6
CONTINUOUS
10
80.3412179999999978
20
-134.9511779999999987
11
80.3412160000000029
21
-134.9511809999999912
0
LINE
8
BLACK
6
CONTINUOUS
10
80.3412160000000029
20
-134.9511809999999912
11
80.2457739999999973
21
-135.1297409999999957
0
LINE
8
BLACK
6
CONTINUOUS
10
80.2457739999999973
20
-135.1297409999999957
11
80.186996999999991
21
-135.3235019999999906
0
LINE
8
BLACK
6
CONTINUOUS
10
80.186996999999991
20
-135.3235019999999906
11
80.1671520000000015
21
-135.5250000000000057
0
LINE
8
BLACK
6
CONTINUOUS
10
80.1671520000000015
20
-135.5250000000000057
11
80.186996999999991
21
-135.7264969999999948
0
LINE
8
BLACK
6
CONTINUOUS
10
80.186996999999991
20
-135.7264969999999948
11
80.2457739999999973
21
-135.9202579999999898
0
LINE
8
BLACK
6
CONTINUOUS
10
80.2457739999999973
20
-135.9202579999999898
11
80.3412160000000029
21
-136.0988179999999943
0
LINE
8
BLACK
6
CONTINUOUS
10
80.3412160000000029
20
-136.0988179999999943
11
80.3412179999999978
21
-136.0988209999999867
0
LINE
8
BLACK
6
CONTINUOUS
10
80.3412179999999978
20
-136.0988209999999867
11
80.469664999999992
21
-136.2553340000000048
0
LINE
8
BLACK
6
CONTINUOUS
10
80.469664999999992
20
-136.2553340000000048
11
80.6261779999999959
21
-136.383780999999999
0
LINE
8
BLACK
6
CONTINUOUS
10
80.6261779999999959
20
-136.383780999999999
11
80.6261810000000025
21
-136.383782999999994
0
LINE
8
BLACK
6
CONTINUOUS
10
80.6261810000000025
20
-136.383782999999994
11
80.8047409999999928
21
-136.4792249999999854
0
LINE
8
BLACK
6
CONTINUOUS
10
80.8047409999999928
20
-136.4792249999999854
11
80.804743000000002
21
-136.4792249999999854
0
LINE
8
BLACK
6
CONTINUOUS
10
80.804743000000002
20
-136.4792249999999854
11
80.8047459999999944
21
-136.4792269999999803
0
LINE
8
BLACK
6
CONTINUOUS
10
80.8047459999999944
20
-136.4792269999999803
11
80.9985009999999903
21
-136.5380020000000059
0
LINE
8
BLACK
6
CONTINUOUS
10
80.9985009999999903
20
-136.5380020000000059
11
81.2000000000000028
21
-136.557848000000007
0
LINE
8
BLACK
6
CONTINUOUS
10
81.2000000000000028
20
-136.557848000000007
11
81.4014990000000012
21
-136.5380020000000059
0
LINE
8
BLACK
6
CONTINUOUS
10
81.4014990000000012
20
-136.5380020000000059
11
81.5952539999999971
21
-136.4792269999999803
0
LINE
8
BLACK
6
CONTINUOUS
10
81.5952539999999971
20
-136.4792269999999803
11
81.615128999999996
21
-136.4686039999999991
0
LINE
8
BLACK
6
CONTINUOUS
10
81.615128999999996
20
-136.4686039999999991
11
81.7738179999999915
21
-136.383782999999994
0
LINE
8
BLACK
6
CONTINUOUS
10
81.7738179999999915
20
-136.383782999999994
11
81.7738209999999981
21
-136.383780999999999
0
LINE
8
BLACK
6
CONTINUOUS
10
81.7738209999999981
20
-136.383780999999999
11
81.787469999999999
21
-136.3725799999999992
0
LINE
8
BLACK
6
CONTINUOUS
10
81.787469999999999
20
-136.3725799999999992
11
81.930334000000002
21
-136.2553340000000048
0
LINE
8
BLACK
6
CONTINUOUS
10
81.930334000000002
20
-136.2553340000000048
11
82.0587819999999937
21
-136.0988199999999892
0
LINE
8
BLACK
6
CONTINUOUS
10
82.0587819999999937
20
-136.0988199999999892
11
82.1542269999999917
21
-135.9202539999999999
0
LINE
8
BLACK
6
CONTINUOUS
10
82.1542269999999917
20
-135.9202539999999999
11
82.213002000000003
21
-135.7264989999999898
0
LINE
8
BLACK
6
CONTINUOUS
10
82.213002000000003
20
-135.7264989999999898
11
82.23284799999999
21
-135.5250000000000057
0
LINE
8
BLACK
6
CONTINUOUS
10
82.23284799999999
20
-135.5250000000000057
11
82.213002000000003
21
-135.3235009999999932
0
LINE
8
BLACK
6
CONTINUOUS
10
82.213002000000003
20
-135.3235009999999932
11
82.1542269999999917
21
-135.129745999999983
0
LINE
8
BLACK
6
CONTINUOUS
10
82.1542269999999917
20
-135.129745999999983
11
82.1542249999999967
21
-135.1297429999999906
0
LINE
8
BLACK
6
CONTINUOUS
10
82.1542249999999967
20
-135.1297429999999906
11
82.1542249999999967
21
-135.1297409999999957
0
LINE
8
BLACK
6
CONTINUOUS
10
82.1542249999999967
20
-135.1297409999999957
11
82.0587829999999911
21
-134.9511809999999912
0
LINE
8
BLACK
6
CONTINUOUS
10
82.0587829999999911
20
-134.9511809999999912
11
82.0587809999999962
21
-134.9511779999999987
0
LINE
8
BLACK
6
CONTINUOUS
10
82.0587809999999962
20
-134.9511779999999987
11
81.930334000000002
21
-134.7946649999999806
0
LINE
8
BLACK
6
CONTINUOUS
10
81.930334000000002
20
-134.7946649999999806
11
81.7738209999999981
21
-134.6662179999999864
0
LINE
8
BLACK
6
CONTINUOUS
10
81.7738209999999981
20
-134.6662179999999864
11
81.7738179999999915
21
-134.6662159999999915
0
LINE
8
BLACK
6
CONTINUOUS
10
81.7738179999999915
20
-134.6662159999999915
11
81.5952549999999945
21
-134.5707730000000026
0
LINE
8
BLACK
6
CONTINUOUS
10
81.5952549999999945
20
-134.5707730000000026
11
81.4896679999999947
21
-134.5387429999999824
0
LINE
8
BLACK
6
CONTINUOUS
10
81.4896679999999947
20
-134.5387429999999824
11
81.4312299999999993
21
-134.5004459999999824
0
LINE
8
BLACK
6
CONTINUOUS
10
81.4312299999999993
20
-134.5004459999999824
11
81.4027729999999963
21
-134.4366330000000005
0
LINE
8
BLACK
6
CONTINUOUS
10
81.4027729999999963
20
-134.4366330000000005
11
81.4133339999999919
21
-134.3675659999999823
0
LINE
8
BLACK
6
CONTINUOUS
10
81.4133339999999919
20
-134.3675659999999823
11
81.4595589999999987
21
-134.3151729999999873
0
LINE
8
BLACK
6
CONTINUOUS
10
81.4595589999999987
20
-134.3151729999999873
11
81.4896600000000007
21
-134.3014249999999947
0
LINE
8
BLACK
6
CONTINUOUS
10
81.4896600000000007
20
-134.3014249999999947
11
81.6452539999999942
21
-134.254226999999986
0
LINE
8
BLACK
6
CONTINUOUS
10
81.6452539999999942
20
-134.254226999999986
11
81.8238199999999978
21
-134.1587820000000022
0
LINE
8
BLACK
6
CONTINUOUS
10
81.8238199999999978
20
-134.1587820000000022
11
81.9803339999999992
21
-134.0303339999999821
0
LINE
8
BLACK
6
CONTINUOUS
10
81.9803339999999992
20
-134.0303339999999821
11
82.1087819999999908
21
-133.8738199999999949
0
LINE
8
BLACK
6
CONTINUOUS
10
82.1087819999999908
20
-133.8738199999999949
11
82.204227000000003
21
-133.6952540000000056
0
LINE
8
BLACK
6
CONTINUOUS
10
82.204227000000003
20
-133.6952540000000056
11
82.2630020000000002
21
-133.5014989999999955
0
LINE
8
BLACK
6
CONTINUOUS
10
82.2630020000000002
20
-133.5014989999999955
11
82.2828480000000013
21
-133.2999999999999829
0
LINE
8
BLACK
6
CONTINUOUS
10
82.2828480000000013
20
-133.2999999999999829
11
82.2630020000000002
21
-133.0985009999999988
0
LINE
8
BLACK
6
CONTINUOUS
10
82.2630020000000002
20
-133.0985009999999988
11
82.204227000000003
21
-132.9047459999999887
0
LINE
8
BLACK
6
CONTINUOUS
10
82.204227000000003
20
-132.9047459999999887
11
82.2042249999999939
21
-132.9047429999999963
0
LINE
8
BLACK
6
CONTINUOUS
10
82.2042249999999939
20
-132.9047429999999963
11
82.2042249999999939
21
-132.9047410000000013
0
LINE
8
BLACK
6
CONTINUOUS
10
82.2042249999999939
20
-132.9047410000000013
11
82.1087830000000025
21
-132.7261809999999969
0
LINE
8
BLACK
6
CONTINUOUS
10
82.1087830000000025
20
-132.7261809999999969
11
82.1087809999999934
21
-132.7261780000000044
0
LINE
8
BLACK
6
CONTINUOUS
10
82.1087809999999934
20
-132.7261780000000044
11
81.9803339999999992
21
-132.5696649999999863
0
LINE
8
BLACK
6
CONTINUOUS
10
81.9803339999999992
20
-132.5696649999999863
11
81.8238209999999953
21
-132.4412179999999921
0
LINE
8
BLACK
6
CONTINUOUS
10
81.8238209999999953
20
-132.4412179999999921
11
81.8238180000000028
21
-132.4412159999999972
0
LINE
8
BLACK
6
CONTINUOUS
10
81.8238180000000028
20
-132.4412159999999972
11
81.6452579999999983
21
-132.3457740000000058
0
LINE
8
BLACK
6
CONTINUOUS
10
81.6452579999999983
20
-132.3457740000000058
11
81.4514970000000034
21
-132.2869969999999853
0
LINE
8
BLACK
6
CONTINUOUS
10
81.4514970000000034
20
-132.2869969999999853
11
81.412739000000002
21
-132.2831799999999873
0
LINE
8
BLACK
6
CONTINUOUS
10
81.412739000000002
20
-132.2831799999999873
11
81.3479529999999897
21
-132.257017999999988
0
LINE
8
BLACK
6
CONTINUOUS
10
81.3479529999999897
20
-132.257017999999988
11
81.3075939999999946
21
-132.1999830000000031
0
LINE
8
BLACK
6
CONTINUOUS
10
81.3075939999999946
20
-132.1999830000000031
11
81.3044780000000031
21
-132.1301829999999882
0
LINE
8
BLACK
6
CONTINUOUS
10
81.3044780000000031
20
-132.1301829999999882
11
81.3395939999999911
21
-132.0697789999999827
0
LINE
8
BLACK
6
CONTINUOUS
10
81.3395939999999911
20
-132.0697789999999827
11
81.3959309999999903
21
-132.0406309999999905
0
LINE
8
BLACK
6
CONTINUOUS
10
81.3959309999999903
20
-132.0406309999999905
11
81.3956699999999955
21
-132.0397700000000043
0
LINE
8
BLACK
6
CONTINUOUS
10
81.3956699999999955
20
-132.0397700000000043
11
81.4003289999999993
21
-132.0383559999999932
0
LINE
8
BLACK
6
CONTINUOUS
10
81.4003289999999993
20
-132.0383559999999932
11
81.4007149999999911
21
-132.038156999999984
0
LINE
8
BLACK
6
CONTINUOUS
10
81.4007149999999911
20
-132.038156999999984
11
81.4014809999999898
21
-132.0380030000000033
0
LINE
8
BLACK
6
CONTINUOUS
10
81.4014809999999898
20
-132.0380030000000033
11
81.4014990000000012
21
-132.0380020000000059
0
LINE
8
BLACK
6
CONTINUOUS
10
81.4014990000000012
20
-132.0380020000000059
11
81.5952539999999971
21
-131.9792269999999803
0
LINE
8
BLACK
6
CONTINUOUS
10
81.5952539999999971
20
-131.9792269999999803
11
81.7738200000000006
21
-131.8837819999999965
0
LINE
8
BLACK
6
CONTINUOUS
10
81.7738200000000006
20
-131.8837819999999965
11
81.930334000000002
21
-131.7553340000000048
0
LINE
8
BLACK
6
CONTINUOUS
10
81.930334000000002
20
-131.7553340000000048
11
82.0587819999999937
21
-131.5988199999999892
0
LINE
8
BLACK
6
CONTINUOUS
10
82.0587819999999937
20
-131.5988199999999892
11
82.1542269999999917
21
-131.4202539999999999
0
LINE
8
BLACK
6
CONTINUOUS
10
82.1542269999999917
20
-131.4202539999999999
11
82.213002000000003
21
-131.2264989999999898
0
LINE
8
BLACK
6
CONTINUOUS
10
82.213002000000003
20
-131.2264989999999898
11
82.23284799999999
21
-131.0250000000000057
0
LINE
8
BLACK
6
CONTINUOUS
10
82.23284799999999
20
-131.0250000000000057
11
82.213002000000003
21
-130.8235009999999932
0
LINE
8
BLACK
6
CONTINUOUS
10
82.213002000000003
20
-130.8235009999999932
11
82.1542269999999917
21
-130.629745999999983
0
LINE
8
BLACK
6
CONTINUOUS
10
82.1542269999999917
20
-130.629745999999983
11
82.1542249999999967
21
-130.6297429999999906
0
LINE
8
BLACK
6
CONTINUOUS
10
82.1542249999999967
20
-130.6297429999999906
11
82.1542249999999967
21
-130.6297409999999957
0
LINE
8
BLACK
6
CONTINUOUS
10
82.1542249999999967
20
-130.6297409999999957
11
82.0587829999999911
21
-130.4511809999999912
0
LINE
8
BLACK
6
CONTINUOUS
10
82.0587829999999911
20
-130.4511809999999912
11
82.0587809999999962
21
-130.4511779999999987
0
LINE
8
BLACK
6
CONTINUOUS
10
82.0587809999999962
20
-130.4511779999999987
11
81.930334000000002
21
-130.2946649999999806
0
LINE
8
BLACK
6
CONTINUOUS
10
81.930334000000002
20
-130.2946649999999806
11
81.7738209999999981
21
-130.1662179999999864
0
LINE
8
BLACK
6
CONTINUOUS
10
81.7738209999999981
20
-130.1662179999999864
11
81.7738179999999915
21
-130.1662159999999915
0
LINE
8
BLACK
6
CONTINUOUS
10
81.7738179999999915
20
-130.1662159999999915
11
81.5952580000000012
21
-130.0707740000000001
0
LINE
8
BLACK
6
CONTINUOUS
10
81.5952580000000012
20
-130.0707740000000001
11
81.4014899999999955
21
-130.0119949999999847
0
LINE
8
BLACK
6
CONTINUOUS
10
81.4014899999999955
20
-130.0119949999999847
11
81.4006979999999913
21
-130.0118379999999831
0
LINE
8
BLACK
6
CONTINUOUS
10
81.4006979999999913
20
-130.0118379999999831
11
81.400320999999991
21
-130.0116409999999973
0
LINE
8
BLACK
6
CONTINUOUS
10
81.400320999999991
20
-130.0116409999999973
11
81.3956699999999955
21
-130.0102300000000071
0
LINE
8
BLACK
6
CONTINUOUS
10
81.3956699999999955
20
-130.0102300000000071
11
81.3959369999999893
21
-130.0093469999999911
0
LINE
8
BLACK
6
CONTINUOUS
10
81.3959369999999893
20
-130.0093469999999911
11
81.3387879999999939
21
-129.9794499999999857
0
LINE
8
BLACK
6
CONTINUOUS
10
81.3387879999999939
20
-129.9794499999999857
11
81.3042169999999942
21
-129.9187320000000057
0
LINE
8
BLACK
6
CONTINUOUS
10
81.3042169999999942
20
-129.9187320000000057
11
81.3079599999999942
21
-129.8489629999999977
0
LINE
8
BLACK
6
CONTINUOUS
10
81.3079599999999942
20
-129.8489629999999977
11
81.3488299999999924
21
-129.7922930000000008
0
LINE
8
BLACK
6
CONTINUOUS
10
81.3488299999999924
20
-129.7922930000000008
11
81.4127409999999969
21
-129.7668189999999981
0
LINE
8
BLACK
6
CONTINUOUS
10
81.4127409999999969
20
-129.7668189999999981
11
81.4514989999999983
21
-129.7630020000000002
0
LINE
8
BLACK
6
CONTINUOUS
10
81.4514989999999983
20
-129.7630020000000002
11
81.6452539999999942
21
-129.704227000000003
0
LINE
8
BLACK
6
CONTINUOUS
10
81.6452539999999942
20
-129.704227000000003
11
81.8238199999999978
21
-129.6087819999999908
0
LINE
8
BLACK
6
CONTINUOUS
10
81.8238199999999978
20
-129.6087819999999908
11
81.9803339999999992
21
-129.4803339999999992
0
LINE
8
BLACK
6
CONTINUOUS
10
81.9803339999999992
20
-129.4803339999999992
11
82.1087819999999908
21
-129.3238199999999836
0
LINE
8
BLACK
6
CONTINUOUS
10
82.1087819999999908
20
-129.3238199999999836
11
82.204227000000003
21
-129.1452539999999942
0
LINE
8
BLACK
6
CONTINUOUS
10
82.204227000000003
20
-129.1452539999999942
11
82.2630020000000002
21
-128.9514989999999841
0
LINE
8
BLACK
6
CONTINUOUS
10
82.2630020000000002
20
-128.9514989999999841
11
82.2828480000000013
21
-128.75
0
LINE
8
BLACK
6
CONTINUOUS
10
82.2828480000000013
20
-128.75
11
82.2630020000000002
21
-128.5485009999999875
0
LINE
8
BLACK
6
CONTINUOUS
10
82.2630020000000002
20
-128.5485009999999875
11
82.204227000000003
21
-128.3547460000000058
0
LINE
8
BLACK
6
CONTINUOUS
10
82.204227000000003
20
-128.3547460000000058
11
82.2042249999999939
21
-128.3547429999999849
0
LINE
8
BLACK
6
CONTINUOUS
10
82.2042249999999939
20
-128.3547429999999849
11
82.2042249999999939
21
-128.35474099999999
0
LINE
8
BLACK
6
CONTINUOUS
10
82.2042249999999939
20
-128.35474099999999
11
82.1087830000000025
21
-128.1761809999999855
0
LINE
8
BLACK
6
CONTINUOUS
10
82.1087830000000025
20
-128.1761809999999855
11
82.1087809999999934
21
-128.1761779999999931
0
LINE
8
BLACK
6
CONTINUOUS
10
82.1087809999999934
20
-128.1761779999999931
11
81.9803339999999992
21
-128.0196650000000034
0
LINE
8
BLACK
6
CONTINUOUS
10
81.9803339999999992
20
-128.0196650000000034
11
81.8238209999999953
21
-127.891217999999995
0
LINE
8
BLACK
6
CONTINUOUS
10
81.8238209999999953
20
-127.891217999999995
11
81.8238180000000028
21
-127.891216
0
LINE
8
BLACK
6
CONTINUOUS
10
81.8238180000000028
20
-127.891216
11
81.6452579999999983
21
-127.7957739999999944
0
LINE
8
BLACK
6
CONTINUOUS
10
81.6452579999999983
20
-127.7957739999999944
11
81.4514970000000034
21
-127.7369969999999881
0
LINE
8
BLACK
6
CONTINUOUS
10
81.4514970000000034
20
-127.7369969999999881
11
81.3257859999999937
21
-127.724615
0
LINE
8
BLACK
6
CONTINUOUS
10
81.3257859999999937
20
-127.724615
11
81.2609989999999982
21
-127.6984530000000007
0
LINE
8
BLACK
6
CONTINUOUS
10
81.2609989999999982
20
-127.6984530000000007
11
81.2502599999999973
21
-127.6888929999999931
0
LINE
8
BLACK
6
CONTINUOUS
10
81.2502599999999973
20
-127.6888929999999931
11
72.5613680000000016
21
-119.
0
LINE
8
BLACK
6
CONTINUOUS
10
72.5613680000000016
20
-119.
11
71.5368189999999942
21
-117.9754509999999925
0
LINE
8
BLACK
6
CONTINUOUS
10
71.5368189999999942
20
-117.9754509999999925
11
71.5033339999999953
21
-117.9141279999999909
0
LINE
8
BLACK
6
CONTINUOUS
10
71.5033339999999953
20
-117.9141279999999909
11
71.5005000000000024
21
-117.8877699999999891
0
LINE
8
BLACK
6
CONTINUOUS
10
71.5005000000000024
20
-117.8877699999999891
11
71.5005000000000024
21
-109.5488379999999893
0
LINE
8
BLACK
6
CONTINUOUS
10
71.5005000000000024
20
-109.5488379999999893
11
71.5201849999999979
21
-109.4817989999999952
0
LINE
8
BLACK
6
CONTINUOUS
10
71.5201849999999979
20
-109.4817989999999952
11
71.5729889999999926
21
-109.4360439999999954
0
LINE
8
BLACK
6
CONTINUOUS
10
71.5729889999999926
20
-109.4360439999999954
11
71.5750099999999918
21
-109.435141999999999
0
LINE
8
BLACK
6
CONTINUOUS
10
71.5750099999999918
20
-109.435141999999999
11
71.7009460000000018
21
-109.380441999999988
0
LINE
8
BLACK
6
CONTINUOUS
10
71.7009460000000018
20
-109.380441999999988
11
71.7200600000000037
21
-109.3721400000000017
0
LINE
8
BLACK
6
CONTINUOUS
10
71.7200600000000037
20
-109.3721400000000017
11
71.7200610000000012
21
-109.37213899999999
0
LINE
8
BLACK
6
CONTINUOUS
10
71.7200610000000012
20
-109.37213899999999
11
71.7200639999999936
21
-109.3721379999999925
0
LINE
8
BLACK
6
CONTINUOUS
10
71.7200639999999936
20
-109.3721379999999925
11
71.9659509999999898
21
-109.2226099999999889
0
LINE
8
BLACK
6
CONTINUOUS
10
71.9659509999999898
20
-109.2226099999999889
11
72.1891880000000015
21
-109.0409939999999978
0
LINE
8
BLACK
6
CONTINUOUS
10
72.1891880000000015
20
-109.0409939999999978
11
72.3856150000000014
21
-108.8306719999999927
0
LINE
8
BLACK
6
CONTINUOUS
10
72.3856150000000014
20
-108.8306719999999927
11
72.5515740000000022
21
-108.5955609999999893
0
LINE
8
BLACK
6
CONTINUOUS
10
72.5515740000000022
20
-108.5955609999999893
11
72.6839729999999946
21
-108.3400429999999943
0
LINE
8
BLACK
6
CONTINUOUS
10
72.6839729999999946
20
-108.3400429999999943
11
72.7803459999999944
21
-108.0688759999999888
0
LINE
8
BLACK
6
CONTINUOUS
10
72.7803459999999944
20
-108.0688759999999888
11
72.8388970000000029
21
-107.7871119999999934
0
LINE
8
BLACK
6
CONTINUOUS
10
72.8388970000000029
20
-107.7871119999999934
11
72.8585360000000009
21
-107.5
0
LINE
8
BLACK
6
CONTINUOUS
10
72.8585360000000009
20
-107.5
11
72.8388970000000029
21
-107.2128879999999924
0
LINE
8
BLACK
6
CONTINUOUS
10
72.8388970000000029
20
-107.2128879999999924
11
72.7803459999999944
21
-106.931123999999997
0
LINE
8
BLACK
6
CONTINUOUS
10
72.7803459999999944
20
-106.931123999999997
11
72.6839739999999921
21
-106.6599599999999981
0
LINE
8
BLACK
6
CONTINUOUS
10
72.6839739999999921
20
-106.6599599999999981
11
72.6839750000000038
21
-106.6599599999999981
0
LINE
8
BLACK
6
CONTINUOUS
10
72.6839750000000038
20
-106.6599599999999981
11
72.5515729999999905
21
-106.4044370000000015
0
LINE
8
BLACK
6
CONTINUOUS
10
72.5515729999999905
20
-106.4044370000000015
11
72.5515690000000006
21
-106.4044309999999882
0
LINE
8
BLACK
6
CONTINUOUS
10
72.5515690000000006
20
-106.4044309999999882
11
72.3856169999999963
21
-106.1693300000000022
0
LINE
8
BLACK
6
CONTINUOUS
10
72.3856169999999963
20
-106.1693300000000022
11
72.1891839999999974
21
-105.9590019999999981
0
LINE
8
BLACK
6
CONTINUOUS
10
72.1891839999999974
20
-105.9590019999999981
11
71.9659570000000031
21
-105.777394000000001
0
LINE
8
BLACK
6
CONTINUOUS
10
71.9659570000000031
20
-105.777394000000001
11
71.965952999999999
21
-105.7773909999999944
0
LINE
8
BLACK
6
CONTINUOUS
10
71.965952999999999
20
-105.7773909999999944
11
71.720058999999992
21
-105.6278590000000008
0
LINE
8
BLACK
6
CONTINUOUS
10
71.720058999999992
20
-105.6278590000000008
11
71.4561070000000029
21
-105.5132089999999891
0
LINE
8
BLACK
6
CONTINUOUS
10
71.4561070000000029
20
-105.5132089999999891
11
71.179000000000002
21
-105.4355669999999918
0
LINE
8
BLACK
6
CONTINUOUS
10
71.179000000000002
20
-105.4355669999999918
11
71.1789950000000005
21
-105.4355659999999943
0
LINE
8
BLACK
6
CONTINUOUS
10
71.1789950000000005
20
-105.4355659999999943
11
71.178994000000003
21
-105.4355659999999943
0
LINE
8
BLACK
6
CONTINUOUS
10
71.178994000000003
20
-105.4355659999999943
11
71.0364429999999913
21
-105.4159719999999965
0
LINE
8
BLACK
6
CONTINUOUS
10
71.0364429999999913
20
-105.4159719999999965
11
70.8938929999999914
21
-105.396378999999996
0
LINE
8
BLACK
6
CONTINUOUS
10
70.8938929999999914
20
-105.396378999999996
11
70.8938919999999939
21
-105.396378999999996
0
LINE
8
BLACK
6
CONTINUOUS
10
70.8938919999999939
20
-105.396378999999996
11
70.6061079999999919
21
-105.396378999999996
0
LINE
8
BLACK
6
CONTINUOUS
10
70.6061079999999919
20
-105.396378999999996
11
70.6061069999999944
21
-105.396378999999996
0
LINE
8
BLACK
6
CONTINUOUS
10
70.6061069999999944
20
-105.396378999999996
11
70.321005999999997
21
-105.4355659999999943
0
LINE
8
BLACK
6
CONTINUOUS
10
70.321005999999997
20
-105.4355659999999943
11
70.3209990000000005
21
-105.4355669999999918
0
LINE
8
BLACK
6
CONTINUOUS
10
70.3209990000000005
20
-105.4355669999999918
11
70.0438919999999996
21
-105.5132089999999891
0
LINE
8
BLACK
6
CONTINUOUS
10
70.0438919999999996
20
-105.5132089999999891
11
69.7799399999999963
21
-105.6278590000000008
0
LINE
8
BLACK
6
CONTINUOUS
10
69.7799399999999963
20
-105.6278590000000008
11
69.5340460000000036
21
-105.7773909999999944
0
LINE
8
BLACK
6
CONTINUOUS
10
69.5340460000000036
20
-105.7773909999999944
11
69.5340419999999995
21
-105.777394000000001
0
LINE
8
BLACK
6
CONTINUOUS
10
69.5340419999999995
20
-105.777394000000001
11
69.310814999999991
21
-105.9590019999999981
0
LINE
8
BLACK
6
CONTINUOUS
10
69.310814999999991
20
-105.9590019999999981
11
69.114381999999992
21
-106.1693300000000022
0
LINE
8
BLACK
6
CONTINUOUS
10
69.114381999999992
20
-106.1693300000000022
11
68.9484300000000019
21
-106.4044309999999882
0
LINE
8
BLACK
6
CONTINUOUS
10
68.9484300000000019
20
-106.4044309999999882
11
68.9484259999999978
21
-106.4044370000000015
0
LINE
8
BLACK
6
CONTINUOUS
10
68.9484259999999978
20
-106.4044370000000015
11
68.8160249999999962
21
-106.6599599999999981
0
LINE
8
BLACK
6
CONTINUOUS
10
68.8160249999999962
20
-106.6599599999999981
11
68.719655000000003
21
-106.9311179999999979
0
LINE
8
BLACK
6
CONTINUOUS
10
68.719655000000003
20
-106.9311179999999979
11
68.7196539999999914
21
-106.9311209999999903
0
LINE
8
BLACK
6
CONTINUOUS
10
68.7196539999999914
20
-106.9311209999999903
11
68.6611019999999996
21
-107.212892999999994
0
LINE
8
BLACK
6
CONTINUOUS
10
68.6611019999999996
20
-107.212892999999994
11
68.6414639999999991
21
-107.5
0
LINE
8
BLACK
6
CONTINUOUS
10
68.6414639999999991
20
-107.5
11
68.6611019999999996
21
-107.7871059999999943
0
LINE
8
BLACK
6
CONTINUOUS
10
79.1787339999999915
20
-129.5998160000000041
11
79.1844049999999982
21
-129.6135050000000035
0
LINE
8
BLACK
6
CONTINUOUS
10
79.1844049999999982
20
-129.6135050000000035
11
79.2023749999999893
21
-129.75
0
LINE
8
BLACK
6
CONTINUOUS
10
79.2023749999999893
20
-129.75
11
79.1844049999999982
21
-129.8864949999999965
0
LINE
8
BLACK
6
CONTINUOUS
10
79.1844049999999982
20
-129.8864949999999965
11
79.1787350000000032
21
-129.9001820000000009
0
LINE
8
BLACK
6
CONTINUOUS
10
79.1787350000000032
20
-129.9001820000000009
11
79.557304000000002
21
-130.2787509999999997
0
LINE
8
BLACK
6
CONTINUOUS
10
79.557304000000002
20
-130.2787509999999997
11
79.6287629999999922
21
-130.1450609999999983
0
LINE
8
BLACK
6
CONTINUOUS
10
79.6287629999999922
20
-130.1450609999999983
11
79.6875089999999915
21
-129.9514029999999991
0
LINE
8
BLACK
6
CONTINUOUS
10
79.6875089999999915
20
-129.9514029999999991
11
79.7073449999999895
21
-129.75
0
LINE
8
BLACK
6
CONTINUOUS
10
79.7073449999999895
20
-129.75
11
79.6875089999999915
21
-129.5485960000000034
0
LINE
8
BLACK
6
CONTINUOUS
10
79.6875089999999915
20
-129.5485960000000034
11
79.6287619999999947
21
-129.3549359999999808
0
LINE
8
BLACK
6
CONTINUOUS
10
79.6287619999999947
20
-129.3549359999999808
11
79.557304000000002
21
-129.2212470000000053
0
LINE
8
BLACK
6
CONTINUOUS
10
79.557304000000002
20
-129.2212470000000053
11
79.1787339999999915
21
-129.5998160000000041
0
LINE
8
BLACK
6
CONTINUOUS
10
77.721234999999993
20
-129.3549419999999941
11
77.6624899999999911
21
-129.5485960000000034
0
LINE
8
BLACK
6
CONTINUOUS
10
77.6624899999999911
20
-129.5485960000000034
11
77.6426539999999932
21
-129.75
0
LINE
8
BLACK
6
CONTINUOUS
10
77.6426539999999932
20
-129.75
11
77.6624899999999911
21
-129.9514029999999991
0
LINE
8
BLACK
6
CONTINUOUS
10
77.6624899999999911
20
-129.9514029999999991
11
77.7212370000000021
21
-130.1450629999999933
0
LINE
8
BLACK
6
CONTINUOUS
10
77.7212370000000021
20
-130.1450629999999933
11
77.7926939999999973
21
-130.2787500000000023
0
LINE
8
BLACK
6
CONTINUOUS
10
77.7926939999999973
20
-130.2787500000000023
11
77.7926949999999948
21
-130.2787500000000023
0
LINE
8
BLACK
6
CONTINUOUS
10
77.7926949999999948
20
-130.2787500000000023
11
78.1712639999999936
21
-129.9001810000000035
0
LINE
8
BLACK
6
CONTINUOUS
10
78.1712639999999936
20
-129.9001810000000035
11
78.1655949999999962
21
-129.8864949999999965
0
LINE
8
BLACK
6
CONTINUOUS
10
78.1655949999999962
20
-129.8864949999999965
11
78.1476249999999908
21
-129.75
0
LINE
8
BLACK
6
CONTINUOUS
10
78.1476249999999908
20
-129.75
11
78.1655949999999962
21
-129.6135050000000035
0
LINE
8
BLACK
6
CONTINUOUS
10
78.1655949999999962
20
-129.6135050000000035
11
78.1712639999999936
21
-129.5998170000000016
0
LINE
8
BLACK
6
CONTINUOUS
10
78.1712639999999936
20
-129.5998170000000016
11
77.7926949999999948
21
-129.2212480000000028
0
LINE
8
BLACK
6
CONTINUOUS
10
77.7926949999999948
20
-129.2212480000000028
11
77.721234999999993
21
-129.3549419999999941
0
LINE
8
BLACK
6
CONTINUOUS
10
78.4735960000000006
20
-128.7374900000000082
11
78.2799419999999913
21
-128.7962349999999958
0
LINE
8
BLACK
6
CONTINUOUS
10
78.2799419999999913
20
-128.7962349999999958
11
78.1462479999999999
21
-128.8676949999999977
0
LINE
8
BLACK
6
CONTINUOUS
10
78.1462479999999999
20
-128.8676949999999977
11
78.5248169999999988
21
-129.2462639999999965
0
LINE
8
BLACK
6
CONTINUOUS
10
78.5248169999999988
20
-129.2462639999999965
11
78.5385050000000007
21
-129.2405949999999848
0
LINE
8
BLACK
6
CONTINUOUS
10
78.5385050000000007
20
-129.2405949999999848
11
78.6749999999999972
21
-129.2226249999999936
0
LINE
8
BLACK
6
CONTINUOUS
10
78.6749999999999972
20
-129.2226249999999936
11
78.8114949999999936
21
-129.2405949999999848
0
LINE
8
BLACK
6
CONTINUOUS
10
78.8114949999999936
20
-129.2405949999999848
11
78.8251819999999981
21
-129.2462639999999965
0
LINE
8
BLACK
6
CONTINUOUS
10
78.8251819999999981
20
-129.2462639999999965
11
79.2037499999999994
21
-128.8676949999999977
0
LINE
8
BLACK
6
CONTINUOUS
10
79.2037499999999994
20
-128.8676949999999977
11
79.2037499999999994
21
-128.8676940000000002
0
LINE
8
BLACK
6
CONTINUOUS
10
79.2037499999999994
20
-128.8676940000000002
11
79.0700629999999904
21
-128.7962369999999908
0
LINE
8
BLACK
6
CONTINUOUS
10
79.0700629999999904
20
-128.7962369999999908
11
78.8764029999999963
21
-128.7374900000000082
0
LINE
8
BLACK
6
CONTINUOUS
10
78.8764029999999963
20
-128.7374900000000082
11
78.6749999999999972
21
-128.7176539999999818
0
LINE
8
BLACK
6
CONTINUOUS
10
78.6749999999999972
20
-128.7176539999999818
11
78.4735960000000006
21
-128.7374900000000082
0
LINE
8
BLACK
6
CONTINUOUS
10
88.6503159999999895
20
-119.1283059999999949
11
88.6503170000000011
21
-119.1283069999999924
0
LINE
8
BLACK
6
CONTINUOUS
10
88.6503170000000011
20
-119.1283069999999924
11
88.7475359999999966
21
-119.296693999999988
0
LINE
8
BLACK
6
CONTINUOUS
10
88.7475359999999966
20
-119.296693999999988
11
88.7475349999999992
21
-119.296693999999988
0
LINE
8
BLACK
6
CONTINUOUS
10
88.7475349999999992
20
-119.296693999999988
11
88.8776390000000021
21
-119.4411899999999918
0
LINE
8
BLACK
6
CONTINUOUS
10
88.8776390000000021
20
-119.4411899999999918
11
88.8776419999999945
21
-119.4411920000000009
0
LINE
8
BLACK
6
CONTINUOUS
10
88.8776419999999945
20
-119.4411920000000009
11
89.0349499999999949
21
-119.5554839999999928
0
LINE
8
BLACK
6
CONTINUOUS
10
89.0349499999999949
20
-119.5554839999999928
11
89.2125869999999992
21
-119.634572999999989
0
LINE
8
BLACK
6
CONTINUOUS
10
89.2125869999999992
20
-119.634572999999989
11
89.2499990000000025
21
-119.6425239999999945
0
LINE
8
BLACK
6
CONTINUOUS
10
89.2499990000000025
20
-119.6425239999999945
11
89.25
21
-119.6425239999999945
0
LINE
8
BLACK
6
CONTINUOUS
10
89.25
20
-119.6425239999999945
11
89.25
21
-119.093640999999991
0
LINE
8
BLACK
6
CONTINUOUS
10
89.25
20
-119.093640999999991
11
89.1563589999999948
21
-119.
0
LINE
8
BLACK
6
CONTINUOUS
10
89.1563589999999948
20
-119.
11
88.608627999999996
21
-119.
0
LINE
8
BLACK
6
CONTINUOUS
10
88.608627999999996
20
-119.
11
88.6503159999999895
21
-119.1283059999999949
0
LINE
8
BLACK
6
CONTINUOUS
10
117.0939580000000007
20
-111.2595929999999953
11
117.1273499999999927
21
-111.2888760000000019
0
LINE
8
BLACK
6
CONTINUOUS
10
117.1273499999999927
20
-111.2888760000000019
11
117.3725799999999992
21
-111.4527339999999924
0
LINE
8
BLACK
6
CONTINUOUS
10
117.3725799999999992
20
-111.4527339999999924
11
117.3725929999999948
21
-111.452740999999989
0
LINE
8
BLACK
6
CONTINUOUS
10
117.3725929999999948
20
-111.452740999999989
11
117.6371109999999902
21
-111.5831869999999952
0
LINE
8
BLACK
6
CONTINUOUS
10
117.6371109999999902
20
-111.5831869999999952
11
117.9163999999999959
21
-111.6779939999999982
0
LINE
8
BLACK
6
CONTINUOUS
10
117.9163999999999959
20
-111.6779939999999982
11
117.9164150000000006
21
-111.6779979999999881
0
LINE
8
BLACK
6
CONTINUOUS
10
117.9164150000000006
20
-111.6779979999999881
11
118.2056749999999994
21
-111.7355349999999987
0
LINE
8
BLACK
6
CONTINUOUS
10
118.2056749999999994
20
-111.7355349999999987
11
118.2056869999999975
21
-111.7355369999999937
0
LINE
8
BLACK
6
CONTINUOUS
10
118.2056869999999975
20
-111.7355369999999937
11
118.454708999999994
21
-111.7518589999999961
0
LINE
8
BLACK
6
CONTINUOUS
10
118.454708999999994
20
-111.7518589999999961
11
118.5000379999999893
21
-111.7684589999999929
0
LINE
8
BLACK
6
CONTINUOUS
10
118.5000379999999893
20
-111.7684589999999929
11
118.5184659999999894
21
-111.7566169999999914
0
LINE
8
BLACK
6
CONTINUOUS
10
118.5184659999999894
20
-111.7566169999999914
11
118.5452909999999918
21
-111.7518589999999961
0
LINE
8
BLACK
6
CONTINUOUS
10
118.5452909999999918
20
-111.7518589999999961
11
118.7943119999999908
21
-111.7355369999999937
0
LINE
8
BLACK
6
CONTINUOUS
10
118.7943119999999908
20
-111.7355369999999937
11
118.7943239999999889
21
-111.7355349999999987
0
LINE
8
BLACK
6
CONTINUOUS
10
118.7943239999999889
20
-111.7355349999999987
11
119.0835839999999877
21
-111.6779979999999881
0
LINE
8
BLACK
6
CONTINUOUS
10
119.0835839999999877
20
-111.6779979999999881
11
119.0835989999999924
21
-111.6779939999999982
0
LINE
8
BLACK
6
CONTINUOUS
10
119.0835989999999924
20
-111.6779939999999982
11
119.3628879999999981
21
-111.5831869999999952
0
LINE
8
BLACK
6
CONTINUOUS
10
119.3628879999999981
20
-111.5831869999999952
11
119.6274059999999935
21
-111.452740999999989
0
LINE
8
BLACK
6
CONTINUOUS
10
119.6274059999999935
20
-111.452740999999989
11
119.6274189999999891
21
-111.4527339999999924
0
LINE
8
BLACK
6
CONTINUOUS
10
119.6274189999999891
20
-111.4527339999999924
11
119.8726479999999981
21
-111.2888769999999994
0
LINE
8
BLACK
6
CONTINUOUS
10
119.8726479999999981
20
-111.2888769999999994
11
119.9060389999999927
21
-111.2595929999999953
0
LINE
8
BLACK
6
CONTINUOUS
10
119.9060389999999927
20
-111.2595929999999953
11
119.5456459999999907
21
-110.8991989999999959
0
LINE
8
BLACK
6
CONTINUOUS
10
119.5456459999999907
20
-110.8991989999999959
11
119.375
21
-111.0155439999999913
0
LINE
8
BLACK
6
CONTINUOUS
10
119.375
20
-111.0155439999999913
11
119.1393470000000008
21
-111.1290289999999885
0
LINE
8
BLACK
6
CONTINUOUS
10
119.1393470000000008
20
-111.1290289999999885
11
118.889411999999993
21
-111.2061239999999884
0
LINE
8
BLACK
6
CONTINUOUS
10
118.889411999999993
20
-111.2061239999999884
11
118.6307779999999923
21
-111.2451069999999902
0
LINE
8
BLACK
6
CONTINUOUS
10
118.6307779999999923
20
-111.2451069999999902
11
118.3692219999999935
21
-111.2451069999999902
0
LINE
8
BLACK
6
CONTINUOUS
10
118.3692219999999935
20
-111.2451069999999902
11
118.1105879999999928
21
-111.2061239999999884
0
LINE
8
BLACK
6
CONTINUOUS
10
118.1105879999999928
20
-111.2061239999999884
11
117.8606529999999992
21
-111.1290289999999885
0
LINE
8
BLACK
6
CONTINUOUS
10
117.8606529999999992
20
-111.1290289999999885
11
117.625
21
-111.0155439999999913
0
LINE
8
BLACK
6
CONTINUOUS
10
117.625
20
-111.0155439999999913
11
117.4543520000000001
21
-110.8991979999999984
0
LINE
8
BLACK
6
CONTINUOUS
10
117.4543520000000001
20
-110.8991979999999984
11
117.0939580000000007
21
-111.2595929999999953
0
LINE
8
BLACK
6
CONTINUOUS
10
88.7111309999999946
20
-108.1273389999999921
11
88.711125999999993
21
-108.1273459999999886
0
LINE
8
BLACK
6
CONTINUOUS
10
88.711125999999993
20
-108.1273459999999886
11
88.5472649999999959
21
-108.3725799999999992
0
LINE
8
BLACK
6
CONTINUOUS
10
88.5472649999999959
20
-108.3725799999999992
11
88.5472579999999994
21
-108.3725929999999948
0
LINE
8
BLACK
6
CONTINUOUS
10
88.5472579999999994
20
-108.3725929999999948
11
88.4168119999999931
21
-108.6371109999999902
0
LINE
8
BLACK
6
CONTINUOUS
10
88.4168119999999931
20
-108.6371109999999902
11
88.3220049999999901
21
-108.9163999999999959
0
LINE
8
BLACK
6
CONTINUOUS
10
88.3220049999999901
20
-108.9163999999999959
11
88.3220010000000002
21
-108.9164150000000006
0
LINE
8
BLACK
6
CONTINUOUS
10
88.3220010000000002
20
-108.9164150000000006
11
88.2644639999999896
21
-109.2056749999999994
0
LINE
8
BLACK
6
CONTINUOUS
10
88.2644639999999896
20
-109.2056749999999994
11
88.2644619999999946
21
-109.2056869999999975
0
LINE
8
BLACK
6
CONTINUOUS
10
88.2644619999999946
20
-109.2056869999999975
11
88.2451719999999966
21
-109.5
0
LINE
8
BLACK
6
CONTINUOUS
10
88.2451719999999966
20
-109.5
11
88.2644619999999946
21
-109.7943119999999908
0
LINE
8
BLACK
6
CONTINUOUS
10
88.2644619999999946
20
-109.7943119999999908
11
88.2644639999999896
21
-109.7943239999999889
0
LINE
8
BLACK
6
CONTINUOUS
10
88.2644639999999896
20
-109.7943239999999889
11
88.3220010000000002
21
-110.0835840000000019
0
LINE
8
BLACK
6
CONTINUOUS
10
88.3220010000000002
20
-110.0835840000000019
11
88.3220049999999901
21
-110.0835989999999924
0
LINE
8
BLACK
6
CONTINUOUS
10
88.3220049999999901
20
-110.0835989999999924
11
88.4168119999999931
21
-110.3628879999999981
0
LINE
8
BLACK
6
CONTINUOUS
10
88.4168119999999931
20
-110.3628879999999981
11
88.5472579999999994
21
-110.6274059999999935
0
LINE
8
BLACK
6
CONTINUOUS
10
88.5472579999999994
20
-110.6274059999999935
11
88.5472649999999959
21
-110.6274189999999891
0
LINE
8
BLACK
6
CONTINUOUS
10
88.5472649999999959
20
-110.6274189999999891
11
88.7111230000000006
21
-110.8726489999999956
0
LINE
8
BLACK
6
CONTINUOUS
10
88.7111230000000006
20
-110.8726489999999956
11
88.7404049999999955
21
-110.9060399999999902
0
LINE
8
BLACK
6
CONTINUOUS
10
88.7404049999999955
20
-110.9060399999999902
11
89.1013549999999981
21
-110.5450889999999902
0
LINE
8
BLACK
6
CONTINUOUS
10
89.1013549999999981
20
-110.5450889999999902
11
89.054081999999994
21
-110.4858100000000007
0
LINE
8
BLACK
6
CONTINUOUS
10
89.054081999999994
20
-110.4858100000000007
11
88.9233040000000017
21
-110.2592969999999895
0
LINE
8
BLACK
6
CONTINUOUS
10
88.9233040000000017
20
-110.2592969999999895
11
88.8277479999999997
21
-110.015822
0
LINE
8
BLACK
6
CONTINUOUS
10
88.8277479999999997
20
-110.015822
11
88.7695459999999912
21
-109.7608239999999995
0
LINE
8
BLACK
6
CONTINUOUS
10
88.7695459999999912
20
-109.7608239999999995
11
88.75
21
-109.5
0
LINE
8
BLACK
6
CONTINUOUS
10
88.75
20
-109.5
11
88.7695459999999912
21
-109.2391760000000005
0
LINE
8
BLACK
6
CONTINUOUS
10
88.7695459999999912
20
-109.2391760000000005
11
88.8277479999999997
21
-108.984178
0
LINE
8
BLACK
6
CONTINUOUS
10
88.8277479999999997
20
-108.984178
11
88.9233040000000017
21
-108.7407029999999963
0
LINE
8
BLACK
6
CONTINUOUS
10
88.9233040000000017
20
-108.7407029999999963
11
89.054081999999994
21
-108.5141899999999993
0
LINE
8
BLACK
6
CONTINUOUS
10
89.054081999999994
20
-108.5141899999999993
11
89.1013559999999956
21
-108.4549090000000007
0
LINE
8
BLACK
6
CONTINUOUS
10
89.1013559999999956
20
-108.4549090000000007
11
88.7404049999999955
21
-108.0939589999999981
0
LINE
8
BLACK
6
CONTINUOUS
10
88.7404049999999955
20
-108.0939589999999981
11
88.7404030000000006
21
-108.0939589999999981
0
LINE
8
BLACK
6
CONTINUOUS
10
88.7404030000000006
20
-108.0939589999999981
11
88.7111309999999946
21
-108.1273389999999921
0
LINE
8
BLACK
6
CONTINUOUS
10
119.8986419999999953
20
-108.454907999999989
11
119.9459179999999918
21
-108.5141899999999993
0
LINE
8
BLACK
6
CONTINUOUS
10
119.9459179999999918
20
-108.5141899999999993
11
120.0766959999999983
21
-108.7407029999999963
0
LINE
8
BLACK
6
CONTINUOUS
10
120.0766959999999983
20
-108.7407029999999963
11
120.1722520000000003
21
-108.984178
0
LINE
8
BLACK
6
CONTINUOUS
10
120.1722520000000003
20
-108.984178
11
120.2304539999999946
21
-109.2391760000000005
0
LINE
8
BLACK
6
CONTINUOUS
10
120.2304539999999946
20
-109.2391760000000005
11
120.25
21
-109.5
0
LINE
8
BLACK
6
CONTINUOUS
10
120.25
20
-109.5
11
120.2304539999999946
21
-109.7608239999999995
0
LINE
8
BLACK
6
CONTINUOUS
10
120.2304539999999946
20
-109.7608239999999995
11
120.1722520000000003
21
-110.015822
0
LINE
8
BLACK
6
CONTINUOUS
10
120.1722520000000003
20
-110.015822
11
120.0766959999999983
21
-110.2592969999999895
0
LINE
8
BLACK
6
CONTINUOUS
10
120.0766959999999983
20
-110.2592969999999895
11
119.9459179999999918
21
-110.4858100000000007
0
LINE
8
BLACK
6
CONTINUOUS
10
119.9459179999999918
20
-110.4858100000000007
11
119.8986429999999928
21
-110.5450900000000019
0
LINE
8
BLACK
6
CONTINUOUS
10
119.8986429999999928
20
-110.5450900000000019
11
120.2595929999999953
21
-110.9060389999999927
0
LINE
8
BLACK
6
CONTINUOUS
10
120.2595929999999953
20
-110.9060389999999927
11
120.2888769999999994
21
-110.8726479999999981
0
LINE
8
BLACK
6
CONTINUOUS
10
120.2888769999999994
20
-110.8726479999999981
11
120.4527339999999924
21
-110.6274189999999891
0
LINE
8
BLACK
6
CONTINUOUS
10
120.4527339999999924
20
-110.6274189999999891
11
120.452740999999989
21
-110.6274059999999935
0
LINE
8
BLACK
6
CONTINUOUS
10
120.452740999999989
20
-110.6274059999999935
11
120.5831869999999952
21
-110.3628879999999981
0
LINE
8
BLACK
6
CONTINUOUS
10
120.5831869999999952
20
-110.3628879999999981
11
120.6779939999999982
21
-110.0835989999999924
0
LINE
8
BLACK
6
CONTINUOUS
10
120.6779939999999982
20
-110.0835989999999924
11
120.6779979999999881
21
-110.0835840000000019
0
LINE
8
BLACK
6
CONTINUOUS
10
120.6779979999999881
20
-110.0835840000000019
11
120.7355349999999987
21
-109.7943239999999889
0
LINE
8
BLACK
6
CONTINUOUS
10
120.7355349999999987
20
-109.7943239999999889
11
120.7355369999999937
21
-109.7943119999999908
0
LINE
8
BLACK
6
CONTINUOUS
10
120.7355369999999937
20
-109.7943119999999908
11
120.7548269999999917
21
-109.5
0
LINE
8
BLACK
6
CONTINUOUS
10
120.7548269999999917
20
-109.5
11
120.7355369999999937
21
-109.2056869999999975
0
LINE
8
BLACK
6
CONTINUOUS
10
120.7355369999999937
20
-109.2056869999999975
11
120.7355349999999987
21
-109.2056749999999994
0
LINE
8
BLACK
6
CONTINUOUS
10
120.7355349999999987
20
-109.2056749999999994
11
120.6779979999999881
21
-108.9164150000000006
0
LINE
8
BLACK
6
CONTINUOUS
10
120.6779979999999881
20
-108.9164150000000006
11
120.6779939999999982
21
-108.9163999999999959
0
LINE
8
BLACK
6
CONTINUOUS
10
120.6779939999999982
20
-108.9163999999999959
11
120.5831869999999952
21
-108.6371109999999902
0
LINE
8
BLACK
6
CONTINUOUS
10
120.5831869999999952
20
-108.6371109999999902
11
120.452740999999989
21
-108.3725929999999948
0
LINE
8
BLACK
6
CONTINUOUS
10
120.452740999999989
20
-108.3725929999999948
11
120.4527339999999924
21
-108.3725799999999992
0
LINE
8
BLACK
6
CONTINUOUS
10
120.4527339999999924
20
-108.3725799999999992
11
120.2888759999999877
21
-108.1273499999999927
0
LINE
8
BLACK
6
CONTINUOUS
10
120.2888759999999877
20
-108.1273499999999927
11
120.2595929999999953
21
-108.0939580000000007
0
LINE
8
BLACK
6
CONTINUOUS
10
120.2595929999999953
20
-108.0939580000000007
11
119.8986419999999953
21
-108.454907999999989
0
LINE
8
BLACK
6
CONTINUOUS
10
136.9433479999999861
20
-109.1602029999999957
11
136.9433479999999861
21
-109.1602039999999931
0
LINE
8
BLACK
6
CONTINUOUS
10
136.9433479999999861
20
-109.1602039999999931
11
137.0289379999999824
21
-109.2298359999999917
0
LINE
8
BLACK
6
CONTINUOUS
10
137.0289379999999824
20
-109.2298359999999917
11
137.0289429999999982
21
-109.2298389999999984
0
LINE
8
BLACK
6
CONTINUOUS
10
137.0289429999999982
20
-109.2298389999999984
11
137.2758709999999951
21
-109.3800009999999929
0
LINE
8
BLACK
6
CONTINUOUS
10
137.2758709999999951
20
-109.3800009999999929
11
137.5409249999999872
21
-109.4951289999999915
0
LINE
8
BLACK
6
CONTINUOUS
10
137.5409249999999872
20
-109.4951289999999915
11
137.8191989999999976
21
-109.5730980000000017
0
LINE
8
BLACK
6
CONTINUOUS
10
137.8191989999999976
20
-109.5730980000000017
11
137.8192049999999824
21
-109.5730989999999991
0
LINE
8
BLACK
6
CONTINUOUS
10
137.8192049999999824
20
-109.5730989999999991
11
138.1055029999999988
21
-109.612450999999993
0
LINE
8
BLACK
6
CONTINUOUS
10
138.1055029999999988
20
-109.612450999999993
11
138.3944970000000012
21
-109.612450999999993
0
LINE
8
BLACK
6
CONTINUOUS
10
138.3944970000000012
20
-109.612450999999993
11
138.6807939999999917
21
-109.5730989999999991
0
LINE
8
BLACK
6
CONTINUOUS
10
138.6807939999999917
20
-109.5730989999999991
11
138.680800000000005
21
-109.5730980000000017
0
LINE
8
BLACK
6
CONTINUOUS
10
138.680800000000005
20
-109.5730980000000017
11
138.9590739999999869
21
-109.4951289999999915
0
LINE
8
BLACK
6
CONTINUOUS
10
138.9590739999999869
20
-109.4951289999999915
11
139.2241280000000074
21
-109.3800009999999929
0
LINE
8
BLACK
6
CONTINUOUS
10
139.2241280000000074
20
-109.3800009999999929
11
139.471053999999981
21
-109.2298409999999933
0
LINE
8
BLACK
6
CONTINUOUS
10
139.471053999999981
20
-109.2298409999999933
11
139.5566499999999905
21
-109.1602029999999957
0
LINE
8
BLACK
6
CONTINUOUS
10
139.5566499999999905
20
-109.1602029999999957
11
139.1994860000000074
21
-108.8030380000000008
0
LINE
8
BLACK
6
CONTINUOUS
10
139.1994860000000074
20
-108.8030380000000008
11
139.1977750000000071
21
-108.8044999999999902
0
LINE
8
BLACK
6
CONTINUOUS
10
139.1977750000000071
20
-108.8044999999999902
11
138.9820369999999912
21
-108.9367039999999918
0
LINE
8
BLACK
6
CONTINUOUS
10
138.9820369999999912
20
-108.9367039999999918
11
138.7482750000000067
21
-109.0335319999999939
0
LINE
8
BLACK
6
CONTINUOUS
10
138.7482750000000067
20
-109.0335319999999939
11
138.5022429999999929
21
-109.0925989999999928
0
LINE
8
BLACK
6
CONTINUOUS
10
138.5022429999999929
20
-109.0925989999999928
11
138.25
21
-109.112450999999993
0
LINE
8
BLACK
6
CONTINUOUS
10
138.25
20
-109.112450999999993
11
137.9977570000000071
21
-109.0925989999999928
0
LINE
8
BLACK
6
CONTINUOUS
10
137.9977570000000071
20
-109.0925989999999928
11
137.7517249999999933
21
-109.0335319999999939
0
LINE
8
BLACK
6
CONTINUOUS
10
137.7517249999999933
20
-109.0335319999999939
11
137.5179629999999804
21
-108.9367039999999918
0
LINE
8
BLACK
6
CONTINUOUS
10
137.5179629999999804
20
-108.9367039999999918
11
137.3022249999999929
21
-108.8044999999999902
0
LINE
8
BLACK
6
CONTINUOUS
10
137.3022249999999929
20
-108.8044999999999902
11
137.3005129999999951
21
-108.8030369999999891
0
LINE
8
BLACK
6
CONTINUOUS
10
137.3005129999999951
20
-108.8030369999999891
11
136.9433479999999861
21
-109.1602029999999957
0
LINE
8
BLACK
6
CONTINUOUS
10
119.3628879999999981
20
-107.4168119999999931
11
119.0835989999999924
21
-107.3220049999999901
0
LINE
8
BLACK
6
CONTINUOUS
10
119.0835989999999924
20
-107.3220049999999901
11
119.0835839999999877
21
-107.3220010000000002
0
LINE
8
BLACK
6
CONTINUOUS
10
119.0835839999999877
20
-107.3220010000000002
11
118.7943239999999889
21
-107.2644639999999896
0
LINE
8
BLACK
6
CONTINUOUS
10
118.7943239999999889
20
-107.2644639999999896
11
118.7943119999999908
21
-107.2644619999999946
0
LINE
8
BLACK
6
CONTINUOUS
10
118.7943119999999908
20
-107.2644619999999946
11
118.5
21
-107.2451719999999966
0
LINE
8
BLACK
6
CONTINUOUS
10
118.5
20
-107.2451719999999966
11
118.2056869999999975
21
-107.2644619999999946
0
LINE
8
BLACK
6
CONTINUOUS
10
118.2056869999999975
20
-107.2644619999999946
11
118.2056749999999994
21
-107.2644639999999896
0
LINE
8
BLACK
6
CONTINUOUS
10
118.2056749999999994
20
-107.2644639999999896
11
117.9164150000000006
21
-107.3220010000000002
0
LINE
8
BLACK
6
CONTINUOUS
10
117.9164150000000006
20
-107.3220010000000002
11
117.9163999999999959
21
-107.3220049999999901
0
LINE
8
BLACK
6
CONTINUOUS
10
117.9163999999999959
20
-107.3220049999999901
11
117.6371109999999902
21
-107.4168119999999931
0
LINE
8
BLACK
6
CONTINUOUS
10
117.6371109999999902
20
-107.4168119999999931
11
117.3725929999999948
21
-107.5472579999999994
0
LINE
8
BLACK
6
CONTINUOUS
10
117.3725929999999948
20
-107.5472579999999994
11
117.3725799999999992
21
-107.5472649999999959
0
LINE
8
BLACK
6
CONTINUOUS
10
117.3725799999999992
20
-107.5472649999999959
11
117.1273459999999886
21
-107.711125999999993
0
LINE
8
BLACK
6
CONTINUOUS
10
117.1273459999999886
20
-107.711125999999993
11
117.1273389999999921
21
-107.7111309999999946
0
LINE
8
BLACK
6
CONTINUOUS
10
117.1273389999999921
20
-107.7111309999999946
11
117.0939589999999981
21
-107.7404030000000006
0
LINE
8
BLACK
6
CONTINUOUS
10
117.0939589999999981
20
-107.7404030000000006
11
117.0939589999999981
21
-107.7404049999999955
0
LINE
8
BLACK
6
CONTINUOUS
10
117.0939589999999981
20
-107.7404049999999955
11
117.454353999999995
21
-108.1007999999999925
0
LINE
8
BLACK
6
CONTINUOUS
10
117.454353999999995
20
-108.1007999999999925
11
117.625
21
-107.9844559999999944
0
LINE
8
BLACK
6
CONTINUOUS
10
117.625
20
-107.9844559999999944
11
117.8606529999999992
21
-107.8709709999999973
0
LINE
8
BLACK
6
CONTINUOUS
10
117.8606529999999992
20
-107.8709709999999973
11
118.1105879999999928
21
-107.7938759999999974
0
LINE
8
BLACK
6
CONTINUOUS
10
118.1105879999999928
20
-107.7938759999999974
11
118.3692219999999935
21
-107.7548929999999956
0
LINE
8
BLACK
6
CONTINUOUS
10
118.3692219999999935
20
-107.7548929999999956
11
118.6307779999999923
21
-107.7548929999999956
0
LINE
8
BLACK
6
CONTINUOUS
10
118.6307779999999923
20
-107.7548929999999956
11
118.889411999999993
21
-107.7938759999999974
0
LINE
8
BLACK
6
CONTINUOUS
10
118.889411999999993
20
-107.7938759999999974
11
119.1393470000000008
21
-107.8709709999999973
0
LINE
8
BLACK
6
CONTINUOUS
10
119.1393470000000008
20
-107.8709709999999973
11
119.375
21
-107.9844559999999944
0
LINE
8
BLACK
6
CONTINUOUS
10
119.375
20
-107.9844559999999944
11
119.5456449999999933
21
-108.100798999999995
0
LINE
8
BLACK
6
CONTINUOUS
10
119.5456449999999933
20
-108.100798999999995
11
119.9060399999999902
21
-107.7404049999999955
0
LINE
8
BLACK
6
CONTINUOUS
10
119.9060399999999902
20
-107.7404049999999955
11
119.8726489999999956
21
-107.7111230000000006
0
LINE
8
BLACK
6
CONTINUOUS
10
119.8726489999999956
20
-107.7111230000000006
11
119.6274189999999891
21
-107.5472649999999959
0
LINE
8
BLACK
6
CONTINUOUS
10
119.6274189999999891
20
-107.5472649999999959
11
119.6274059999999935
21
-107.5472579999999994
0
LINE
8
BLACK
6
CONTINUOUS
10
119.6274059999999935
20
-107.5472579999999994
11
119.5315760000000012
21
-107.5
0
LINE
8
BLACK
6
CONTINUOUS
10
119.5315760000000012
20
-107.5
11
119.3628879999999981
21
-107.4168119999999931
0
LINE
8
BLACK
6
CONTINUOUS
10
82.1518370000000004
20
-107.7883859999999885
11
82.1518379999999979
21
-107.7883879999999976
0
LINE
8
BLACK
6
CONTINUOUS
10
82.1518379999999979
20
-107.7883879999999976
11
82.2106449999999995
21
-108.0713870000000014
0
LINE
8
BLACK
6
CONTINUOUS
10
82.2106449999999995
20
-108.0713870000000014
11
82.2106500000000011
21
-108.0714040000000011
0
LINE
8
BLACK
6
CONTINUOUS
10
82.2106500000000011
20
-108.0714040000000011
11
82.3073759999999908
21
-108.3435649999999981
0
LINE
8
BLACK
6
CONTINUOUS
10
82.3073759999999908
20
-108.3435649999999981
11
82.3074489999999912
21
-108.3437689999999947
0
LINE
8
BLACK
6
CONTINUOUS
10
82.3074489999999912
20
-108.3437689999999947
11
82.4404349999999937
21
-108.6004209999999972
0
LINE
8
BLACK
6
CONTINUOUS
10
82.4404349999999937
20
-108.6004209999999972
11
82.6071299999999979
21
-108.8365739999999988
0
LINE
8
BLACK
6
CONTINUOUS
10
82.6071299999999979
20
-108.8365739999999988
11
82.6071340000000021
21
-108.8365779999999887
0
LINE
8
BLACK
6
CONTINUOUS
10
82.6071340000000021
20
-108.8365779999999887
11
82.6071340000000021
21
-108.8365790000000004
0
LINE
8
BLACK
6
CONTINUOUS
10
82.6071340000000021
20
-108.8365790000000004
11
82.688289999999995
21
-108.9234749999999963
0
LINE
8
BLACK
6
CONTINUOUS
10
82.688289999999995
20
-108.9234749999999963
11
82.7980479999999943
21
-109.0409969999999902
0
LINE
8
BLACK
6
CONTINUOUS
10
82.7980479999999943
20
-109.0409969999999902
11
82.8044319999999914
21
-109.0478319999999997
0
LINE
8
BLACK
6
CONTINUOUS
10
82.8044319999999914
20
-109.0478319999999997
11
83.0286490000000015
21
-109.230245999999994
0
LINE
8
BLACK
6
CONTINUOUS
10
83.0286490000000015
20
-109.230245999999994
11
83.0286589999999904
21
-109.2302529999999905
0
LINE
8
BLACK
6
CONTINUOUS
10
83.0286589999999904
20
-109.2302529999999905
11
83.2756349999999941
21
-109.380441999999988
0
LINE
8
BLACK
6
CONTINUOUS
10
83.2756349999999941
20
-109.380441999999988
11
83.5407569999999993
21
-109.4956009999999935
0
LINE
8
BLACK
6
CONTINUOUS
10
83.5407569999999993
20
-109.4956009999999935
11
83.5407620000000009
21
-109.4956029999999885
0
LINE
8
BLACK
6
CONTINUOUS
10
83.5407620000000009
20
-109.4956029999999885
11
83.8191029999999984
21
-109.5735899999999958
0
LINE
8
BLACK
6
CONTINUOUS
10
83.8191029999999984
20
-109.5735899999999958
11
84.0375909999999919
21
-109.6036209999999897
0
LINE
8
BLACK
6
CONTINUOUS
10
84.0375909999999919
20
-109.6036209999999897
11
84.1054689999999994
21
-109.6129509999999954
0
LINE
8
BLACK
6
CONTINUOUS
10
84.1054689999999994
20
-109.6129509999999954
11
84.1054699999999968
21
-109.6129509999999954
0
LINE
8
BLACK
6
CONTINUOUS
10
84.1054699999999968
20
-109.6129509999999954
11
84.3945310000000006
21
-109.6129509999999954
0
LINE
8
BLACK
6
CONTINUOUS
10
84.3945310000000006
20
-109.6129509999999954
11
84.4254040000000003
21
-109.6087069999999954
0
LINE
8
BLACK
6
CONTINUOUS
10
84.4254040000000003
20
-109.6087069999999954
11
84.6808970000000016
21
-109.5735899999999958
0
LINE
8
BLACK
6
CONTINUOUS
10
84.6808970000000016
20
-109.5735899999999958
11
84.9592379999999991
21
-109.4956029999999885
0
LINE
8
BLACK
6
CONTINUOUS
10
84.9592379999999991
20
-109.4956029999999885
11
85.2243659999999892
21
-109.3804409999999905
0
LINE
8
BLACK
6
CONTINUOUS
10
85.2243659999999892
20
-109.3804409999999905
11
85.471344000000002
21
-109.2302509999999955
0
LINE
8
BLACK
6
CONTINUOUS
10
85.471344000000002
20
-109.2302509999999955
11
85.695571000000001
21
-109.047828999999993
0
LINE
8
BLACK
6
CONTINUOUS
10
85.695571000000001
20
-109.047828999999993
11
85.8928700000000021
21
-108.8365739999999988
0
LINE
8
BLACK
6
CONTINUOUS
10
85.8928700000000021
20
-108.8365739999999988
11
86.0595649999999921
21
-108.6004209999999972
0
LINE
8
BLACK
6
CONTINUOUS
10
86.0595649999999921
20
-108.6004209999999972
11
86.1925509999999946
21
-108.3437689999999947
0
LINE
8
BLACK
6
CONTINUOUS
10
86.1925509999999946
20
-108.3437689999999947
11
86.2893509999999964
21
-108.0713989999999995
0
LINE
8
BLACK
6
CONTINUOUS
10
86.2893509999999964
20
-108.0713989999999995
11
86.2893519999999938
21
-108.0713919999999888
0
LINE
8
BLACK
6
CONTINUOUS
10
86.2893519999999938
20
-108.0713919999999888
11
86.289354000000003
21
-108.0713870000000014
0
LINE
8
BLACK
6
CONTINUOUS
10
86.289354000000003
20
-108.0713870000000014
11
86.334620000000001
21
-107.8535529999999909
0
LINE
8
BLACK
6
CONTINUOUS
10
86.334620000000001
20
-107.8535529999999909
11
86.3481620000000021
21
-107.7883859999999885
0
LINE
8
BLACK
6
CONTINUOUS
10
86.3481620000000021
20
-107.7883859999999885
11
86.3678879999999936
21
-107.5
0
LINE
8
BLACK
6
CONTINUOUS
10
86.3678879999999936
20
-107.5
11
86.3494239999999991
21
-107.2300759999999968
0
LINE
8
BLACK
6
CONTINUOUS
10
86.3494239999999991
20
-107.2300759999999968
11
86.3481620000000021
21
-107.2116129999999998
0
LINE
8
BLACK
6
CONTINUOUS
10
86.3481620000000021
20
-107.2116129999999998
11
86.3481609999999904
21
-107.2116109999999907
0
LINE
8
BLACK
6
CONTINUOUS
10
86.3481609999999904
20
-107.2116109999999907
11
86.3474750000000029
21
-107.2083109999999948
0
LINE
8
BLACK
6
CONTINUOUS
10
86.3474750000000029
20
-107.2083109999999948
11
86.3096579999999989
21
-107.0263219999999933
0
LINE
8
BLACK
6
CONTINUOUS
10
86.3096579999999989
20
-107.0263219999999933
11
86.289354000000003
21
-106.9286120000000011
0
LINE
8
BLACK
6
CONTINUOUS
10
86.289354000000003
20
-106.9286120000000011
11
86.2893490000000014
21
-106.9285950000000014
0
LINE
8
BLACK
6
CONTINUOUS
10
86.2893490000000014
20
-106.9285950000000014
11
86.1925509999999946
21
-106.6562319999999886
0
LINE
8
BLACK
6
CONTINUOUS
10
86.1925509999999946
20
-106.6562319999999886
11
86.1925509999999946
21
-106.6562309999999911
0
LINE
8
BLACK
6
CONTINUOUS
10
86.1925509999999946
20
-106.6562309999999911
11
86.0595649999999921
21
-106.3995789999999886
0
LINE
8
BLACK
6
CONTINUOUS
10
86.0595649999999921
20
-106.3995789999999886
11
85.8928700000000021
21
-106.1634260000000012
0
LINE
8
BLACK
6
CONTINUOUS
10
85.8928700000000021
20
-106.1634260000000012
11
85.8928650000000005
21
-106.1634200000000021
0
LINE
8
BLACK
6
CONTINUOUS
10
85.8928650000000005
20
-106.1634200000000021
11
85.7019540000000006
21
-105.9590060000000022
0
LINE
8
BLACK
6
CONTINUOUS
10
85.7019540000000006
20
-105.9590060000000022
11
85.695571000000001
21
-105.9521709999999928
0
LINE
8
BLACK
6
CONTINUOUS
10
85.695571000000001
20
-105.9521709999999928
11
85.6955689999999919
21
-105.9521699999999953
0
LINE
8
BLACK
6
CONTINUOUS
10
85.6955689999999919
20
-105.9521699999999953
11
85.6955669999999969
21
-105.9521669999999887
0
LINE
8
BLACK
6
CONTINUOUS
10
85.6955669999999969
20
-105.9521669999999887
11
85.471350000000001
21
-105.7697529999999944
0
LINE
8
BLACK
6
CONTINUOUS
10
85.471350000000001
20
-105.7697529999999944
11
85.4713399999999979
21
-105.7697459999999978
0
LINE
8
BLACK
6
CONTINUOUS
10
85.4713399999999979
20
-105.7697459999999978
11
85.2243639999999942
21
-105.6195570000000004
0
LINE
8
BLACK
6
CONTINUOUS
10
85.2243639999999942
20
-105.6195570000000004
11
84.9592420000000033
21
-105.5043979999999948
0
LINE
8
BLACK
6
CONTINUOUS
10
84.9592420000000033
20
-105.5043979999999948
11
84.6809030000000007
21
-105.4264110000000016
0
LINE
8
BLACK
6
CONTINUOUS
10
84.6809030000000007
20
-105.4264110000000016
11
84.6808979999999991
21
-105.42640999999999
0
LINE
8
BLACK
6
CONTINUOUS
10
84.6808979999999991
20
-105.42640999999999
11
84.6808970000000016
21
-105.42640999999999
0
LINE
8
BLACK
6
CONTINUOUS
10
84.6808970000000016
20
-105.42640999999999
11
84.5377129999999966
21
-105.4067289999999986
0
LINE
8
BLACK
6
CONTINUOUS
10
84.5377129999999966
20
-105.4067289999999986
11
84.3945310000000006
21
-105.3870489999999904
0
LINE
8
BLACK
6
CONTINUOUS
10
84.3945310000000006
20
-105.3870489999999904
11
84.3945300000000032
21
-105.3870489999999904
0
LINE
8
BLACK
6
CONTINUOUS
10
84.3945300000000032
20
-105.3870489999999904
11
84.1054699999999968
21
-105.3870489999999904
0
LINE
8
BLACK
6
CONTINUOUS
10
84.1054699999999968
20
-105.3870489999999904
11
84.1054689999999994
21
-105.3870489999999904
0
LINE
8
BLACK
6
CONTINUOUS
10
84.1054689999999994
20
-105.3870489999999904
11
83.8191029999999984
21
-105.42640999999999
0
LINE
8
BLACK
6
CONTINUOUS
10
83.8191029999999984
20
-105.42640999999999
11
83.8190960000000018
21
-105.4264110000000016
0
LINE
8
BLACK
6
CONTINUOUS
10
83.8190960000000018
20
-105.4264110000000016
11
83.5407569999999993
21
-105.5043979999999948
0
LINE
8
BLACK
6
CONTINUOUS
10
83.5407569999999993
20
-105.5043979999999948
11
83.2756349999999941
21
-105.6195570000000004
0
LINE
8
BLACK
6
CONTINUOUS
10
83.2756349999999941
20
-105.6195570000000004
11
83.0286589999999904
21
-105.7697459999999978
0
LINE
8
BLACK
6
CONTINUOUS
10
83.0286589999999904
20
-105.7697459999999978
11
83.0286490000000015
21
-105.7697529999999944
0
LINE
8
BLACK
6
CONTINUOUS
10
83.0286490000000015
20
-105.7697529999999944
11
82.8044319999999914
21
-105.9521669999999887
0
LINE
8
BLACK
6
CONTINUOUS
10
82.8044319999999914
20
-105.9521669999999887
11
82.6071340000000021
21
-106.1634200000000021
0
LINE
8
BLACK
6
CONTINUOUS
10
82.6071340000000021
20
-106.1634200000000021
11
82.6071340000000021
21
-106.1634209999999996
0
LINE
8
BLACK
6
CONTINUOUS
10
82.6071340000000021
20
-106.1634209999999996
11
82.4404349999999937
21
-106.3995779999999911
0
LINE
8
BLACK
6
CONTINUOUS
10
82.4404349999999937
20
-106.3995779999999911
11
82.3074479999999937
21
-106.6562319999999886
0
LINE
8
BLACK
6
CONTINUOUS
10
82.3074479999999937
20
-106.6562319999999886
11
82.2106500000000011
21
-106.9285950000000014
0
LINE
8
BLACK
6
CONTINUOUS
10
82.2106500000000011
20
-106.9285950000000014
11
82.2106449999999995
21
-106.9286120000000011
0
LINE
8
BLACK
6
CONTINUOUS
10
82.2106449999999995
20
-106.9286120000000011
11
82.1518379999999979
21
-107.2116109999999907
0
LINE
8
BLACK
6
CONTINUOUS
10
82.1518379999999979
20
-107.2116109999999907
11
82.1518370000000004
21
-107.2116129999999998
0
LINE
8
BLACK
6
CONTINUOUS
10
82.1518370000000004
20
-107.2116129999999998
11
82.1321119999999922
21
-107.5
0
LINE
8
BLACK
6
CONTINUOUS
10
82.1321119999999922
20
-107.5
11
82.1518370000000004
21
-107.7883859999999885
0
LINE
8
BLACK
6
CONTINUOUS
10
122.6611019999999996
20
-107.7871059999999943
11
122.6611019999999996
21
-107.7871099999999984
0
LINE
8
BLACK
6
CONTINUOUS
10
122.6611019999999996
20
-107.7871099999999984
11
122.6611029999999971
21
-107.7871119999999934
0
LINE
8
BLACK
6
CONTINUOUS
10
122.6611029999999971
20
-107.7871119999999934
11
122.6613539999999887
21
-107.7883190000000013
0
LINE
8
BLACK
6
CONTINUOUS
10
122.6613539999999887
20
-107.7883190000000013
11
122.7196539999999914
21
-108.068877999999998
0
LINE
8
BLACK
6
CONTINUOUS
10
122.7196539999999914
20
-108.068877999999998
11
122.7196549999999888
21
-108.0688809999999904
0
LINE
8
BLACK
6
CONTINUOUS
10
122.7196549999999888
20
-108.0688809999999904
11
122.8160249999999962
21
-108.3400389999999902
0
LINE
8
BLACK
6
CONTINUOUS
10
122.8160249999999962
20
-108.3400389999999902
11
122.8160239999999988
21
-108.3400389999999902
0
LINE
8
BLACK
6
CONTINUOUS
10
122.8160239999999988
20
-108.3400389999999902
11
122.9484259999999978
21
-108.595562000000001
0
LINE
8
BLACK
6
CONTINUOUS
10
122.9484259999999978
20
-108.595562000000001
11
122.9484299999999877
21
-108.5955680000000001
0
LINE
8
BLACK
6
CONTINUOUS
10
122.9484299999999877
20
-108.5955680000000001
11
123.114381999999992
21
-108.8306690000000003
0
LINE
8
BLACK
6
CONTINUOUS
10
123.114381999999992
20
-108.8306690000000003
11
123.310814999999991
21
-109.0409969999999902
0
LINE
8
BLACK
6
CONTINUOUS
10
123.310814999999991
20
-109.0409969999999902
11
123.5340419999999995
21
-109.2226050000000015
0
LINE
8
BLACK
6
CONTINUOUS
10
123.5340419999999995
20
-109.2226050000000015
11
123.5340459999999894
21
-109.2226079999999939
0
LINE
8
BLACK
6
CONTINUOUS
10
123.5340459999999894
20
-109.2226079999999939
11
123.5340479999999985
21
-109.2226089999999914
0
LINE
8
BLACK
6
CONTINUOUS
10
123.5340479999999985
20
-109.2226089999999914
11
123.534048999999996
21
-109.2226099999999889
0
LINE
8
BLACK
6
CONTINUOUS
10
123.534048999999996
20
-109.2226099999999889
11
123.7799359999999922
21
-109.3721379999999925
0
LINE
8
BLACK
6
CONTINUOUS
10
123.7799359999999922
20
-109.3721379999999925
11
123.7799380000000014
21
-109.37213899999999
0
LINE
8
BLACK
6
CONTINUOUS
10
123.7799380000000014
20
-109.37213899999999
11
123.7799399999999963
21
-109.3721400000000017
0
LINE
8
BLACK
6
CONTINUOUS
10
123.7799399999999963
20
-109.3721400000000017
11
123.9559079999999938
21
-109.4485729999999961
0
LINE
8
BLACK
6
CONTINUOUS
10
123.9559079999999938
20
-109.4485729999999961
11
124.0438939999999945
21
-109.4867909999999966
0
LINE
8
BLACK
6
CONTINUOUS
10
124.0438939999999945
20
-109.4867909999999966
11
124.321005999999997
21
-109.5644339999999914
0
LINE
8
BLACK
6
CONTINUOUS
10
124.321005999999997
20
-109.5644339999999914
11
124.5716549999999927
21
-109.5988849999999957
0
LINE
8
BLACK
6
CONTINUOUS
10
124.5716549999999927
20
-109.5988849999999957
11
124.6061069999999944
21
-109.6036209999999897
0
LINE
8
BLACK
6
CONTINUOUS
10
124.6061069999999944
20
-109.6036209999999897
11
124.6061079999999919
21
-109.6036209999999897
0
LINE
8
BLACK
6
CONTINUOUS
10
124.6061079999999919
20
-109.6036209999999897
11
124.8938929999999914
21
-109.6036209999999897
0
LINE
8
BLACK
6
CONTINUOUS
10
124.8938929999999914
20
-109.6036209999999897
11
124.9246299999999934
21
-109.5993959999999987
0
LINE
8
BLACK
6
CONTINUOUS
10
124.9246299999999934
20
-109.5993959999999987
11
125.1789939999999888
21
-109.5644339999999914
0
LINE
8
BLACK
6
CONTINUOUS
10
125.1789939999999888
20
-109.5644339999999914
11
125.4561059999999912
21
-109.4867909999999966
0
LINE
8
BLACK
6
CONTINUOUS
10
125.4561059999999912
20
-109.4867909999999966
11
125.7200639999999936
21
-109.3721379999999925
0
LINE
8
BLACK
6
CONTINUOUS
10
125.7200639999999936
20
-109.3721379999999925
11
125.9659509999999898
21
-109.2226099999999889
0
LINE
8
BLACK
6
CONTINUOUS
10
125.9659509999999898
20
-109.2226099999999889
11
126.1891879999999873
21
-109.0409939999999978
0
LINE
8
BLACK
6
CONTINUOUS
10
126.1891879999999873
20
-109.0409939999999978
11
126.3856150000000014
21
-108.8306719999999927
0
LINE
8
BLACK
6
CONTINUOUS
10
126.3856150000000014
20
-108.8306719999999927
11
126.551573999999988
21
-108.5955609999999893
0
LINE
8
BLACK
6
CONTINUOUS
10
126.551573999999988
20
-108.5955609999999893
11
126.6839729999999946
21
-108.3400429999999943
0
LINE
8
BLACK
6
CONTINUOUS
10
126.6839729999999946
20
-108.3400429999999943
11
126.7803459999999944
21
-108.0688759999999888
0
LINE
8
BLACK
6
CONTINUOUS
10
126.7803459999999944
20
-108.0688759999999888
11
126.8388969999999887
21
-107.7871119999999934
0
LINE
8
BLACK
6
CONTINUOUS
10
126.8388969999999887
20
-107.7871119999999934
11
126.8585360000000009
21
-107.5
0
LINE
8
BLACK
6
CONTINUOUS
10
126.8585360000000009
20
-107.5
11
126.8388969999999887
21
-107.2128879999999924
0
LINE
8
BLACK
6
CONTINUOUS
10
126.8388969999999887
20
-107.2128879999999924
11
126.7803459999999944
21
-106.931123999999997
0
LINE
8
BLACK
6
CONTINUOUS
10
126.7803459999999944
20
-106.931123999999997
11
126.6839739999999921
21
-106.6599599999999981
0
LINE
8
BLACK
6
CONTINUOUS
10
126.6839739999999921
20
-106.6599599999999981
11
126.6839749999999896
21
-106.6599599999999981
0
LINE
8
BLACK
6
CONTINUOUS
10
126.6839749999999896
20
-106.6599599999999981
11
126.5515729999999905
21
-106.4044370000000015
0
LINE
8
BLACK
6
CONTINUOUS
10
126.5515729999999905
20
-106.4044370000000015
11
126.5515690000000006
21
-106.4044309999999882
0
LINE
8
BLACK
6
CONTINUOUS
10
126.5515690000000006
20
-106.4044309999999882
11
126.3856169999999963
21
-106.1693300000000022
0
LINE
8
BLACK
6
CONTINUOUS
10
126.3856169999999963
20
-106.1693300000000022
11
126.1891839999999974
21
-105.9590019999999981
0
LINE
8
BLACK
6
CONTINUOUS
10
126.1891839999999974
20
-105.9590019999999981
11
125.9659569999999889
21
-105.777394000000001
0
LINE
8
BLACK
6
CONTINUOUS
10
125.9659569999999889
20
-105.777394000000001
11
125.965952999999999
21
-105.7773909999999944
0
LINE
8
BLACK
6
CONTINUOUS
10
125.965952999999999
20
-105.7773909999999944
11
125.720058999999992
21
-105.6278590000000008
0
LINE
8
BLACK
6
CONTINUOUS
10
125.720058999999992
20
-105.6278590000000008
11
125.4561069999999887
21
-105.5132089999999891
0
LINE
8
BLACK
6
CONTINUOUS
10
125.4561069999999887
20
-105.5132089999999891
11
125.1789999999999878
21
-105.4355669999999918
0
LINE
8
BLACK
6
CONTINUOUS
10
125.1789999999999878
20
-105.4355669999999918
11
125.1789950000000005
21
-105.4355659999999943
0
LINE
8
BLACK
6
CONTINUOUS
10
125.1789950000000005
20
-105.4355659999999943
11
125.1789939999999888
21
-105.4355659999999943
0
LINE
8
BLACK
6
CONTINUOUS
10
125.1789939999999888
20
-105.4355659999999943
11
125.0364429999999913
21
-105.4159719999999965
0
LINE
8
BLACK
6
CONTINUOUS
10
125.0364429999999913
20
-105.4159719999999965
11
124.8938929999999914
21
-105.396378999999996
0
LINE
8
BLACK
6
CONTINUOUS
10
124.8938929999999914
20
-105.396378999999996
11
124.8938919999999939
21
-105.396378999999996
0
LINE
8
BLACK
6
CONTINUOUS
10
124.8938919999999939
20
-105.396378999999996
11
124.6061079999999919
21
-105.396378999999996
0
LINE
8
BLACK
6
CONTINUOUS
10
124.6061079999999919
20
-105.396378999999996
11
124.6061069999999944
21
-105.396378999999996
0
LINE
8
BLACK
6
CONTINUOUS
10
124.6061069999999944
20
-105.396378999999996
11
124.321005999999997
21
-105.4355659999999943
0
LINE
8
BLACK
6
CONTINUOUS
10
124.321005999999997
20
-105.4355659999999943
11
124.3209990000000005
21
-105.4355669999999918
0
LINE
8
BLACK
6
CONTINUOUS
10
124.3209990000000005
20
-105.4355669999999918
11
124.0438919999999996
21
-105.5132089999999891
0
LINE
8
BLACK
6
CONTINUOUS
10
124.0438919999999996
20
-105.5132089999999891
11
123.7799399999999963
21
-105.6278590000000008
0
LINE
8
BLACK
6
CONTINUOUS
10
123.7799399999999963
20
-105.6278590000000008
11
123.5340459999999894
21
-105.7773909999999944
0
LINE
8
BLACK
6
CONTINUOUS
10
123.5340459999999894
20
-105.7773909999999944
11
123.5340419999999995
21
-105.777394000000001
0
LINE
8
BLACK
6
CONTINUOUS
10
123.5340419999999995
20
-105.777394000000001
11
123.310814999999991
21
-105.9590019999999981
0
LINE
8
BLACK
6
CONTINUOUS
10
123.310814999999991
20
-105.9590019999999981
11
123.114381999999992
21
-106.1693300000000022
0
LINE
8
BLACK
6
CONTINUOUS
10
123.114381999999992
20
-106.1693300000000022
11
122.9484299999999877
21
-106.4044309999999882
0
LINE
8
BLACK
6
CONTINUOUS
10
122.9484299999999877
20
-106.4044309999999882
11
122.9484259999999978
21
-106.4044370000000015
0
LINE
8
BLACK
6
CONTINUOUS
10
122.9484259999999978
20
-106.4044370000000015
11
122.8160249999999962
21
-106.6599599999999981
0
LINE
8
BLACK
6
CONTINUOUS
10
122.8160249999999962
20
-106.6599599999999981
11
122.7196549999999888
21
-106.9311179999999979
0
LINE
8
BLACK
6
CONTINUOUS
10
122.7196549999999888
20
-106.9311179999999979
11
122.7196539999999914
21
-106.9311209999999903
0
LINE
8
BLACK
6
CONTINUOUS
10
122.7196539999999914
20
-106.9311209999999903
11
122.6611019999999996
21
-107.212892999999994
0
LINE
8
BLACK
6
CONTINUOUS
10
122.6611019999999996
20
-107.212892999999994
11
122.6414639999999991
21
-107.5
0
LINE
8
BLACK
6
CONTINUOUS
10
122.6414639999999991
20
-107.5
11
122.6611019999999996
21
-107.7871059999999943
0
LINE
8
BLACK
6
CONTINUOUS
10
139.5530379999999866
20
-106.5505129999999951
11
139.5544999999999902
21
-106.5522249999999929
0
LINE
8
BLACK
6
CONTINUOUS
10
139.5544999999999902
20
-106.5522249999999929
11
139.6867039999999918
21
-106.7679629999999946
0
LINE
8
BLACK
6
CONTINUOUS
10
139.6867039999999918
20
-106.7679629999999946
11
139.7835319999999797
21
-107.0017249999999933
0
LINE
8
BLACK
6
CONTINUOUS
10
139.7835319999999797
20
-107.0017249999999933
11
139.842599000000007
21
-107.2477569999999929
0
LINE
8
BLACK
6
CONTINUOUS
10
139.842599000000007
20
-107.2477569999999929
11
139.862450999999993
21
-107.5
0
LINE
8
BLACK
6
CONTINUOUS
10
139.862450999999993
20
-107.5
11
139.842599000000007
21
-107.7522429999999929
0
LINE
8
BLACK
6
CONTINUOUS
10
139.842599000000007
20
-107.7522429999999929
11
139.7835319999999797
21
-107.9982749999999925
0
LINE
8
BLACK
6
CONTINUOUS
10
139.7835319999999797
20
-107.9982749999999925
11
139.6867039999999918
21
-108.2320369999999912
0
LINE
8
BLACK
6
CONTINUOUS
10
139.6867039999999918
20
-108.2320369999999912
11
139.5544999999999902
21
-108.4477749999999929
0
LINE
8
BLACK
6
CONTINUOUS
10
139.5544999999999902
20
-108.4477749999999929
11
139.5530389999999841
21
-108.4494849999999957
0
LINE
8
BLACK
6
CONTINUOUS
10
139.5530389999999841
20
-108.4494849999999957
11
139.9120639999999867
21
-108.8085099999999983
0
LINE
8
BLACK
6
CONTINUOUS
10
139.9120639999999867
20
-108.8085099999999983
11
139.9120649999999841
21
-108.8085099999999983
0
LINE
8
BLACK
6
CONTINUOUS
10
139.9120649999999841
20
-108.8085099999999983
11
140.0591359999999952
21
-108.6001599999999883
0
LINE
8
BLACK
6
CONTINUOUS
10
140.0591359999999952
20
-108.6001599999999883
11
140.1920920000000024
21
-108.3435649999999981
0
LINE
8
BLACK
6
CONTINUOUS
10
140.1920920000000024
20
-108.3435649999999981
11
140.288866999999982
21
-108.0712690000000009
0
LINE
8
BLACK
6
CONTINUOUS
10
140.288866999999982
20
-108.0712690000000009
11
140.2888719999999978
21
-108.0712529999999987
0
LINE
8
BLACK
6
CONTINUOUS
10
140.2888719999999978
20
-108.0712529999999987
11
140.3476650000000063
21
-107.7883190000000013
0
LINE
8
BLACK
6
CONTINUOUS
10
140.3476650000000063
20
-107.7883190000000013
11
140.3476660000000038
21
-107.7883169999999922
0
LINE
8
BLACK
6
CONTINUOUS
10
140.3476660000000038
20
-107.7883169999999922
11
140.367385999999982
21
-107.5
0
LINE
8
BLACK
6
CONTINUOUS
10
140.367385999999982
20
-107.5
11
140.3476660000000038
21
-107.2116819999999962
0
LINE
8
BLACK
6
CONTINUOUS
10
140.3476660000000038
20
-107.2116819999999962
11
140.3476650000000063
21
-107.2116800000000012
0
LINE
8
BLACK
6
CONTINUOUS
10
140.3476650000000063
20
-107.2116800000000012
11
140.2888719999999978
21
-106.9287459999999896
0
LINE
8
BLACK
6
CONTINUOUS
10
140.2888719999999978
20
-106.9287459999999896
11
140.288866999999982
21
-106.9287300000000016
0
LINE
8
BLACK
6
CONTINUOUS
10
140.288866999999982
20
-106.9287300000000016
11
140.1920920000000024
21
-106.6564339999999902
0
LINE
8
BLACK
6
CONTINUOUS
10
140.1920920000000024
20
-106.6564339999999902
11
140.0591359999999952
21
-106.3998390000000001
0
LINE
8
BLACK
6
CONTINUOUS
10
140.0591359999999952
20
-106.3998390000000001
11
139.9120649999999841
21
-106.1914879999999926
0
LINE
8
BLACK
6
CONTINUOUS
10
139.9120649999999841
20
-106.1914879999999926
11
139.9120639999999867
21
-106.1914879999999926
0
LINE
8
BLACK
6
CONTINUOUS
10
139.9120639999999867
20
-106.1914879999999926
11
139.5530379999999866
21
-106.5505129999999951
0
LINE
8
BLACK
6
CONTINUOUS
10
90.2056869999999975
20
-107.2644619999999946
11
90.2056749999999994
21
-107.2644639999999896
0
LINE
8
BLACK
6
CONTINUOUS
10
90.2056749999999994
20
-107.2644639999999896
11
89.9164150000000006
21
-107.3220010000000002
0
LINE
8
BLACK
6
CONTINUOUS
10
89.9164150000000006
20
-107.3220010000000002
11
89.9163999999999959
21
-107.3220049999999901
0
LINE
8
BLACK
6
CONTINUOUS
10
89.9163999999999959
20
-107.3220049999999901
11
89.6371109999999902
21
-107.4168119999999931
0
LINE
8
BLACK
6
CONTINUOUS
10
89.6371109999999902
20
-107.4168119999999931
11
89.3725929999999948
21
-107.5472579999999994
0
LINE
8
BLACK
6
CONTINUOUS
10
89.3725929999999948
20
-107.5472579999999994
11
89.3725799999999992
21
-107.5472649999999959
0
LINE
8
BLACK
6
CONTINUOUS
10
89.3725799999999992
20
-107.5472649999999959
11
89.1273460000000028
21
-107.711125999999993
0
LINE
8
BLACK
6
CONTINUOUS
10
89.1273460000000028
20
-107.711125999999993
11
89.1273389999999921
21
-107.7111309999999946
0
LINE
8
BLACK
6
CONTINUOUS
10
89.1273389999999921
20
-107.7111309999999946
11
89.0939589999999981
21
-107.7404030000000006
0
LINE
8
BLACK
6
CONTINUOUS
10
89.0939589999999981
20
-107.7404030000000006
11
89.0939589999999981
21
-107.7404049999999955
0
LINE
8
BLACK
6
CONTINUOUS
10
89.0939589999999981
20
-107.7404049999999955
11
89.454353999999995
21
-108.1007999999999925
0
LINE
8
BLACK
6
CONTINUOUS
10
89.454353999999995
20
-108.1007999999999925
11
89.625
21
-107.9844559999999944
0
LINE
8
BLACK
6
CONTINUOUS
10
89.625
20
-107.9844559999999944
11
89.8606529999999992
21
-107.8709709999999973
0
LINE
8
BLACK
6
CONTINUOUS
10
89.8606529999999992
20
-107.8709709999999973
11
90.1105879999999928
21
-107.7938759999999974
0
LINE
8
BLACK
6
CONTINUOUS
10
90.1105879999999928
20
-107.7938759999999974
11
90.3692219999999935
21
-107.7548929999999956
0
LINE
8
BLACK
6
CONTINUOUS
10
90.3692219999999935
20
-107.7548929999999956
11
90.6307779999999923
21
-107.7548929999999956
0
LINE
8
BLACK
6
CONTINUOUS
10
90.6307779999999923
20
-107.7548929999999956
11
90.889411999999993
21
-107.7938759999999974
0
LINE
8
BLACK
6
CONTINUOUS
10
90.889411999999993
20
-107.7938759999999974
11
91.1393470000000008
21
-107.8709709999999973
0
LINE
8
BLACK
6
CONTINUOUS
10
91.1393470000000008
20
-107.8709709999999973
11
91.375
21
-107.9844559999999944
0
LINE
8
BLACK
6
CONTINUOUS
10
91.375
20
-107.9844559999999944
11
91.5456449999999933
21
-108.100798999999995
0
LINE
8
BLACK
6
CONTINUOUS
10
91.5456449999999933
20
-108.100798999999995
11
91.9060399999999902
21
-107.7404049999999955
0
LINE
8
BLACK
6
CONTINUOUS
10
91.9060399999999902
20
-107.7404049999999955
11
91.8726489999999956
21
-107.7111230000000006
0
LINE
8
BLACK
6
CONTINUOUS
10
91.8726489999999956
20
-107.7111230000000006
11
91.6274189999999891
21
-107.5472649999999959
0
LINE
8
BLACK
6
CONTINUOUS
10
91.6274189999999891
20
-107.5472649999999959
11
91.6274059999999935
21
-107.5472579999999994
0
LINE
8
BLACK
6
CONTINUOUS
10
91.6274059999999935
20
-107.5472579999999994
11
91.3628879999999981
21
-107.4168119999999931
0
LINE
8
BLACK
6
CONTINUOUS
10
91.3628879999999981
20
-107.4168119999999931
11
91.0835989999999924
21
-107.3220049999999901
0
LINE
8
BLACK
6
CONTINUOUS
10
91.0835989999999924
20
-107.3220049999999901
11
91.0835840000000019
21
-107.3220010000000002
0
LINE
8
BLACK
6
CONTINUOUS
10
91.0835840000000019
20
-107.3220010000000002
11
90.7943239999999889
21
-107.2644639999999896
0
LINE
8
BLACK
6
CONTINUOUS
10
90.7943239999999889
20
-107.2644639999999896
11
90.7943119999999908
21
-107.2644619999999946
0
LINE
8
BLACK
6
CONTINUOUS
10
90.7943119999999908
20
-107.2644619999999946
11
90.5
21
-107.2451719999999966
0
LINE
8
BLACK
6
CONTINUOUS
10
90.5
20
-107.2451719999999966
11
90.2056869999999975
21
-107.2644619999999946
0
LINE
8
BLACK
6
CONTINUOUS
10
137.8192049999999824
20
-105.4268999999999892
11
137.8191989999999976
21
-105.4269010000000009
0
LINE
8
BLACK
6
CONTINUOUS
10
137.8191989999999976
20
-105.4269010000000009
11
137.5409249999999872
21
-105.5048699999999968
0
LINE
8
BLACK
6
CONTINUOUS
10
137.5409249999999872
20
-105.5048699999999968
11
137.2758709999999951
21
-105.6199979999999954
0
LINE
8
BLACK
6
CONTINUOUS
10
137.2758709999999951
20
-105.6199979999999954
11
137.0289459999999906
21
-105.770157999999995
0
LINE
8
BLACK
6
CONTINUOUS
10
137.0289459999999906
20
-105.770157999999995
11
137.0289439999999956
21
-105.7701589999999925
0
LINE
8
BLACK
6
CONTINUOUS
10
137.0289439999999956
20
-105.7701589999999925
11
136.9433479999999861
21
-105.8397949999999952
0
LINE
8
BLACK
6
CONTINUOUS
10
136.9433479999999861
20
-105.8397949999999952
11
137.3005139999999926
21
-106.1969610000000017
0
LINE
8
BLACK
6
CONTINUOUS
10
137.3005139999999926
20
-106.1969610000000017
11
137.3022249999999929
21
-106.1954999999999956
0
LINE
8
BLACK
6
CONTINUOUS
10
137.3022249999999929
20
-106.1954999999999956
11
137.5179629999999804
21
-106.063295999999994
0
LINE
8
BLACK
6
CONTINUOUS
10
137.5179629999999804
20
-106.063295999999994
11
137.7517249999999933
21
-105.9664679999999919
0
LINE
8
BLACK
6
CONTINUOUS
10
137.7517249999999933
20
-105.9664679999999919
11
137.9977570000000071
21
-105.907400999999993
0
LINE
8
BLACK
6
CONTINUOUS
10
137.9977570000000071
20
-105.907400999999993
11
138.25
21
-105.8875489999999928
0
LINE
8
BLACK
6
CONTINUOUS
10
138.25
20
-105.8875489999999928
11
138.5022429999999929
21
-105.907400999999993
0
LINE
8
BLACK
6
CONTINUOUS
10
138.5022429999999929
20
-105.907400999999993
11
138.7482750000000067
21
-105.9664679999999919
0
LINE
8
BLACK
6
CONTINUOUS
10
138.7482750000000067
20
-105.9664679999999919
11
138.9820369999999912
21
-106.063295999999994
0
LINE
8
BLACK
6
CONTINUOUS
10
138.9820369999999912
20
-106.063295999999994
11
139.1977750000000071
21
-106.1954999999999956
0
LINE
8
BLACK
6
CONTINUOUS
10
139.1977750000000071
20
-106.1954999999999956
11
139.199483999999984
21
-106.19695999999999
0
LINE
8
BLACK
6
CONTINUOUS
10
139.199483999999984
20
-106.19695999999999
11
139.5566499999999905
21
-105.8397949999999952
0
LINE
8
BLACK
6
CONTINUOUS
10
139.5566499999999905
20
-105.8397949999999952
11
139.471053999999981
21
-105.770157999999995
0
LINE
8
BLACK
6
CONTINUOUS
10
139.471053999999981
20
-105.770157999999995
11
139.2241280000000074
21
-105.6199979999999954
0
LINE
8
BLACK
6
CONTINUOUS
10
139.2241280000000074
20
-105.6199979999999954
11
138.9590739999999869
21
-105.5048699999999968
0
LINE
8
BLACK
6
CONTINUOUS
10
138.9590739999999869
20
-105.5048699999999968
11
138.680800000000005
21
-105.4269010000000009
0
LINE
8
BLACK
6
CONTINUOUS
10
138.680800000000005
20
-105.4269010000000009
11
138.6807939999999917
21
-105.4268999999999892
0
LINE
8
BLACK
6
CONTINUOUS
10
138.6807939999999917
20
-105.4268999999999892
11
138.3944970000000012
21
-105.3875489999999928
0
LINE
8
BLACK
6
CONTINUOUS
10
138.3944970000000012
20
-105.3875489999999928
11
138.1055029999999988
21
-105.3875489999999928
0
LINE
8
BLACK
6
CONTINUOUS
10
138.1055029999999988
20
-105.3875489999999928
11
137.8192049999999824
21
-105.4268999999999892
0
LINE
8
BLACK
6
CONTINUOUS
10
70.2742009999999908
20
-127.223709999999997
11
70.3326660000000032
21
-127.5050639999999902
0
LINE
8
BLACK
6
CONTINUOUS
10
70.3326660000000032
20
-127.5050639999999902
11
70.3326670000000007
21
-127.5050669999999968
0
LINE
8
BLACK
6
CONTINUOUS
10
70.3326670000000007
20
-127.5050669999999968
11
70.4288939999999997
21
-127.7758229999999884
0
LINE
8
BLACK
6
CONTINUOUS
10
70.4288939999999997
20
-127.7758229999999884
11
70.4288930000000022
21
-127.7758229999999884
0
LINE
8
BLACK
6
CONTINUOUS
10
70.4288930000000022
20
-127.7758229999999884
11
70.5610980000000012
21
-128.0309649999999806
0
LINE
8
BLACK
6
CONTINUOUS
10
70.5610980000000012
20
-128.0309649999999806
11
70.7268119999999954
21
-128.2657299999999907
0
LINE
8
BLACK
6
CONTINUOUS
10
70.7268119999999954
20
-128.2657299999999907
11
70.807107000000002
21
-128.3517039999999838
0
LINE
8
BLACK
6
CONTINUOUS
10
70.807107000000002
20
-128.3517039999999838
11
70.9229469999999935
21
-128.4757380000000069
0
LINE
8
BLACK
6
CONTINUOUS
10
70.9229469999999935
20
-128.4757380000000069
11
71.1458530000000025
21
-128.657084999999995
0
LINE
8
BLACK
6
CONTINUOUS
10
71.1458530000000025
20
-128.657084999999995
11
71.3746739999999988
21
-128.7962349999999958
0
LINE
8
BLACK
6
CONTINUOUS
10
71.3746739999999988
20
-128.7962349999999958
11
71.391381999999993
21
-128.8063949999999807
0
LINE
8
BLACK
6
CONTINUOUS
10
71.391381999999993
20
-128.8063949999999807
11
71.5325109999999995
21
-128.8676949999999977
0
LINE
8
BLACK
6
CONTINUOUS
10
71.5325109999999995
20
-128.8676949999999977
11
71.6549419999999913
21
-128.9208739999999977
0
LINE
8
BLACK
6
CONTINUOUS
10
71.6549419999999913
20
-128.9208739999999977
11
71.9316419999999965
21
-128.9984010000000012
0
LINE
8
BLACK
6
CONTINUOUS
10
71.9316419999999965
20
-128.9984010000000012
11
72.181919999999991
21
-129.0328010000000063
0
LINE
8
BLACK
6
CONTINUOUS
10
72.181919999999991
20
-129.0328010000000063
11
72.2163209999999935
21
-129.0375300000000038
0
LINE
8
BLACK
6
CONTINUOUS
10
72.2163209999999935
20
-129.0375300000000038
11
72.216321999999991
21
-129.0375300000000038
0
LINE
8
BLACK
6
CONTINUOUS
10
72.216321999999991
20
-129.0375300000000038
11
72.5036789999999911
21
-129.0375300000000038
0
LINE
8
BLACK
6
CONTINUOUS
10
72.5036789999999911
20
-129.0375300000000038
11
72.5343699999999956
21
-129.0333109999999976
0
LINE
8
BLACK
6
CONTINUOUS
10
72.5343699999999956
20
-129.0333109999999976
11
72.7883580000000023
21
-128.9984010000000012
0
LINE
8
BLACK
6
CONTINUOUS
10
72.7883580000000023
20
-128.9984010000000012
11
73.0650579999999934
21
-128.9208739999999977
0
LINE
8
BLACK
6
CONTINUOUS
10
73.0650579999999934
20
-128.9208739999999977
11
73.1874909999999943
21
-128.8676940000000002
0
LINE
8
BLACK
6
CONTINUOUS
10
73.1874909999999943
20
-128.8676940000000002
11
73.3286169999999942
21
-128.8063949999999807
0
LINE
8
BLACK
6
CONTINUOUS
10
73.3286169999999942
20
-128.8063949999999807
11
73.3286200000000008
21
-128.8063929999999857
0
LINE
8
BLACK
6
CONTINUOUS
10
73.3286200000000008
20
-128.8063929999999857
11
73.3286250000000024
21
-128.8063909999999908
0
LINE
8
BLACK
6
CONTINUOUS
10
73.3286250000000024
20
-128.8063909999999908
11
73.5741469999999964
21
-128.657084999999995
0
LINE
8
BLACK
6
CONTINUOUS
10
73.5741469999999964
20
-128.657084999999995
11
73.7970529999999911
21
-128.4757380000000069
0
LINE
8
BLACK
6
CONTINUOUS
10
73.7970529999999911
20
-128.4757380000000069
11
73.993189000000001
21
-128.2657279999999957
0
LINE
8
BLACK
6
CONTINUOUS
10
73.993189000000001
20
-128.2657279999999957
11
74.1589010000000002
21
-128.0309660000000065
0
LINE
8
BLACK
6
CONTINUOUS
10
74.1589010000000002
20
-128.0309660000000065
11
74.29110399999999
21
-127.7758269999999925
0
LINE
8
BLACK
6
CONTINUOUS
10
74.29110399999999
20
-127.7758269999999925
11
74.3873339999999956
21
-127.5050619999999952
0
LINE
8
BLACK
6
CONTINUOUS
10
74.3873339999999956
20
-127.5050619999999952
11
74.4457979999999964
21
-127.223715999999996
0
LINE
8
BLACK
6
CONTINUOUS
10
74.4457979999999964
20
-127.223715999999996
11
74.4654079999999965
21
-126.9370299999999929
0
LINE
8
BLACK
6
CONTINUOUS
10
74.4654079999999965
20
-126.9370299999999929
11
74.4457979999999964
21
-126.6503439999999898
0
LINE
8
BLACK
6
CONTINUOUS
10
74.4457979999999964
20
-126.6503439999999898
11
74.3873339999999956
21
-126.3689979999999906
0
LINE
8
BLACK
6
CONTINUOUS
10
74.3873339999999956
20
-126.3689979999999906
11
74.2911050000000017
21
-126.098236
0
LINE
8
BLACK
6
CONTINUOUS
10
74.2911050000000017
20
-126.098236
11
74.2911059999999992
21
-126.098236
0
LINE
8
BLACK
6
CONTINUOUS
10
74.2911059999999992
20
-126.098236
11
74.1589010000000002
21
-125.8430939999999936
0
LINE
8
BLACK
6
CONTINUOUS
10
74.1589010000000002
20
-125.8430939999999936
11
73.9931869999999918
21
-125.6083289999999977
0
LINE
8
BLACK
6
CONTINUOUS
10
73.9931869999999918
20
-125.6083289999999977
11
73.9145539999999954
21
-125.5241350000000011
0
LINE
8
BLACK
6
CONTINUOUS
10
73.9145539999999954
20
-125.5241350000000011
11
73.7970529999999911
21
-125.3983219999999932
0
LINE
8
BLACK
6
CONTINUOUS
10
73.7970529999999911
20
-125.3983219999999932
11
73.5741469999999964
21
-125.2169749999999908
0
LINE
8
BLACK
6
CONTINUOUS
10
73.5741469999999964
20
-125.2169749999999908
11
73.5741459999999989
21
-125.2169739999999933
0
LINE
8
BLACK
6
CONTINUOUS
10
73.5741459999999989
20
-125.2169739999999933
11
73.3286169999999942
21
-125.0676639999999935
0
LINE
8
BLACK
6
CONTINUOUS
10
73.3286169999999942
20
-125.0676639999999935
11
73.065062999999995
21
-124.9531879999999973
0
LINE
8
BLACK
6
CONTINUOUS
10
73.065062999999995
20
-124.9531879999999973
11
73.065061
21
-124.9531869999999998
0
LINE
8
BLACK
6
CONTINUOUS
10
73.065061
20
-124.9531869999999998
11
73.0650579999999934
21
-124.9531859999999881
0
LINE
8
BLACK
6
CONTINUOUS
10
73.0650579999999934
20
-124.9531859999999881
11
72.9355779999999925
21
-124.9169069999999948
0
LINE
8
BLACK
6
CONTINUOUS
10
72.9355779999999925
20
-124.9169069999999948
11
72.7883640000000014
21
-124.8756599999999963
0
LINE
8
BLACK
6
CONTINUOUS
10
72.7883640000000014
20
-124.8756599999999963
11
72.7883589999999998
21
-124.8756589999999989
0
LINE
8
BLACK
6
CONTINUOUS
10
72.7883589999999998
20
-124.8756589999999989
11
72.7883580000000023
21
-124.8756589999999989
0
LINE
8
BLACK
6
CONTINUOUS
10
72.7883580000000023
20
-124.8756589999999989
11
72.5769420000000025
21
-124.8465999999999951
0
LINE
8
BLACK
6
CONTINUOUS
10
72.5769420000000025
20
-124.8465999999999951
11
72.5036789999999911
21
-124.8365299999999962
0
LINE
8
BLACK
6
CONTINUOUS
10
72.5036789999999911
20
-124.8365299999999962
11
72.5036779999999936
21
-124.8365299999999962
0
LINE
8
BLACK
6
CONTINUOUS
10
72.5036779999999936
20
-124.8365299999999962
11
72.216321999999991
21
-124.8365299999999962
0
LINE
8
BLACK
6
CONTINUOUS
10
72.216321999999991
20
-124.8365299999999962
11
72.2163209999999935
21
-124.8365299999999962
0
LINE
8
BLACK
6
CONTINUOUS
10
72.2163209999999935
20
-124.8365299999999962
11
71.9316419999999965
21
-124.8756589999999989
0
LINE
8
BLACK
6
CONTINUOUS
10
71.9316419999999965
20
-124.8756589999999989
11
71.931635
21
-124.8756599999999963
0
LINE
8
BLACK
6
CONTINUOUS
10
71.931635
20
-124.8756599999999963
11
71.7586589999999944
21
-124.9241260000000011
0
LINE
8
BLACK
6
CONTINUOUS
10
71.7586589999999944
20
-124.9241260000000011
11
71.6549419999999913
21
-124.9531859999999881
0
LINE
8
BLACK
6
CONTINUOUS
10
71.6549419999999913
20
-124.9531859999999881
11
71.6549389999999988
21
-124.9531859999999881
0
LINE
8
BLACK
6
CONTINUOUS
10
71.6549389999999988
20
-124.9531859999999881
11
71.6549359999999922
21
-124.9531879999999973
0
LINE
8
BLACK
6
CONTINUOUS
10
71.6549359999999922
20
-124.9531879999999973
11
71.6549349999999947
21
-124.9531879999999973
0
LINE
8
BLACK
6
CONTINUOUS
10
71.6549349999999947
20
-124.9531879999999973
11
71.391381999999993
21
-125.0676639999999935
0
LINE
8
BLACK
6
CONTINUOUS
10
71.391381999999993
20
-125.0676639999999935
11
71.1458530000000025
21
-125.2169739999999933
0
LINE
8
BLACK
6
CONTINUOUS
10
71.1458530000000025
20
-125.2169739999999933
11
70.9229500000000002
21
-125.3983190000000008
0
LINE
8
BLACK
6
CONTINUOUS
10
70.9229500000000002
20
-125.3983190000000008
11
70.7268119999999954
21
-125.6083289999999977
0
LINE
8
BLACK
6
CONTINUOUS
10
70.7268119999999954
20
-125.6083289999999977
11
70.5610980000000012
21
-125.8430939999999936
0
LINE
8
BLACK
6
CONTINUOUS
10
70.5610980000000012
20
-125.8430939999999936
11
70.4288939999999997
21
-126.098236
0
LINE
8
BLACK
6
CONTINUOUS
10
70.4288939999999997
20
-126.098236
11
70.3326670000000007
21
-126.3689919999999915
0
LINE
8
BLACK
6
CONTINUOUS
10
70.3326670000000007
20
-126.3689919999999915
11
70.3326660000000032
21
-126.3689949999999982
0
LINE
8
BLACK
6
CONTINUOUS
10
70.3326660000000032
20
-126.3689949999999982
11
70.2742009999999908
21
-126.6503489999999914
0
LINE
8
BLACK
6
CONTINUOUS
10
70.2742009999999908
20
-126.6503489999999914
11
70.2545920000000024
21
-126.9370299999999929
0
LINE
8
BLACK
6
CONTINUOUS
10
70.2545920000000024
20
-126.9370299999999929
11
70.2742009999999908
21
-127.223709999999997
0
LINE
8
BLACK
6
CONTINUOUS
10
134.5042009999999948
20
-127.1946499999999958
11
134.5042009999999948
21
-127.1946539999999999
0
LINE
8
BLACK
6
CONTINUOUS
10
134.5042009999999948
20
-127.1946539999999999
11
134.5042019999999923
21
-127.1946559999999948
0
LINE
8
BLACK
6
CONTINUOUS
10
134.5042019999999923
20
-127.1946559999999948
11
134.5102410000000077
21
-127.223715999999996
0
LINE
8
BLACK
6
CONTINUOUS
10
134.5102410000000077
20
-127.223715999999996
11
134.5626660000000072
21
-127.476003999999989
0
LINE
8
BLACK
6
CONTINUOUS
10
134.5626660000000072
20
-127.476003999999989
11
134.5626670000000047
21
-127.4760069999999956
0
LINE
8
BLACK
6
CONTINUOUS
10
134.5626670000000047
20
-127.4760069999999956
11
134.6588940000000036
21
-127.7467629999999872
0
LINE
8
BLACK
6
CONTINUOUS
10
134.6588940000000036
20
-127.7467629999999872
11
134.6588930000000062
21
-127.7467629999999872
0
LINE
8
BLACK
6
CONTINUOUS
10
134.6588930000000062
20
-127.7467629999999872
11
134.7910980000000052
21
-128.0019049999999936
0
LINE
8
BLACK
6
CONTINUOUS
10
134.7910980000000052
20
-128.0019049999999936
11
134.9568119999999851
21
-128.2366700000000037
0
LINE
8
BLACK
6
CONTINUOUS
10
134.9568119999999851
20
-128.2366700000000037
11
135.0034579999999949
21
-128.2866149999999834
0
LINE
8
BLACK
6
CONTINUOUS
10
135.0034579999999949
20
-128.2866149999999834
11
135.1529469999999833
21
-128.4466779999999915
0
LINE
8
BLACK
6
CONTINUOUS
10
135.1529469999999833
20
-128.4466779999999915
11
135.3758530000000064
21
-128.628025000000008
0
LINE
8
BLACK
6
CONTINUOUS
10
135.3758530000000064
20
-128.628025000000008
11
135.5764309999999853
21
-128.75
0
LINE
8
BLACK
6
CONTINUOUS
10
135.5764309999999853
20
-128.75
11
135.6213819999999828
21
-128.7773349999999937
0
LINE
8
BLACK
6
CONTINUOUS
10
135.6213819999999828
20
-128.7773349999999937
11
135.8082369999999912
21
-128.8584960000000024
0
LINE
8
BLACK
6
CONTINUOUS
10
135.8082369999999912
20
-128.8584960000000024
11
135.8849419999999952
21
-128.8918139999999823
0
LINE
8
BLACK
6
CONTINUOUS
10
135.8849419999999952
20
-128.8918139999999823
11
136.1616420000000005
21
-128.9693409999999858
0
LINE
8
BLACK
6
CONTINUOUS
10
136.1616420000000005
20
-128.9693409999999858
11
136.4119199999999807
21
-129.0037409999999909
0
LINE
8
BLACK
6
CONTINUOUS
10
136.4119199999999807
20
-129.0037409999999909
11
136.4463209999999833
21
-129.0084699999999884
0
LINE
8
BLACK
6
CONTINUOUS
10
136.4463209999999833
20
-129.0084699999999884
11
136.4463219999999808
21
-129.0084699999999884
0
LINE
8
BLACK
6
CONTINUOUS
10
136.4463219999999808
20
-129.0084699999999884
11
136.7336789999999951
21
-129.0084699999999884
0
LINE
8
BLACK
6
CONTINUOUS
10
136.7336789999999951
20
-129.0084699999999884
11
136.7643699999999853
21
-129.0042509999999822
0
LINE
8
BLACK
6
CONTINUOUS
10
136.7643699999999853
20
-129.0042509999999822
11
137.0183580000000063
21
-128.9693409999999858
0
LINE
8
BLACK
6
CONTINUOUS
10
137.0183580000000063
20
-128.9693409999999858
11
137.2950579999999832
21
-128.8918139999999823
0
LINE
8
BLACK
6
CONTINUOUS
10
137.2950579999999832
20
-128.8918139999999823
11
137.4917130000000043
21
-128.8063949999999807
0
LINE
8
BLACK
6
CONTINUOUS
10
137.4917130000000043
20
-128.8063949999999807
11
137.5586169999999981
21
-128.7773349999999937
0
LINE
8
BLACK
6
CONTINUOUS
10
137.5586169999999981
20
-128.7773349999999937
11
137.5586199999999906
21
-128.7773329999999987
0
LINE
8
BLACK
6
CONTINUOUS
10
137.5586199999999906
20
-128.7773329999999987
11
137.5586250000000064
21
-128.7773310000000038
0
LINE
8
BLACK
6
CONTINUOUS
10
137.5586250000000064
20
-128.7773310000000038
11
137.8041470000000004
21
-128.628025000000008
0
LINE
8
BLACK
6
CONTINUOUS
10
137.8041470000000004
20
-128.628025000000008
11
138.0270529999999951
21
-128.4466779999999915
0
LINE
8
BLACK
6
CONTINUOUS
10
138.0270529999999951
20
-128.4466779999999915
11
138.2231889999999908
21
-128.2366679999999803
0
LINE
8
BLACK
6
CONTINUOUS
10
138.2231889999999908
20
-128.2366679999999803
11
138.3889010000000042
21
-128.0019059999999911
0
LINE
8
BLACK
6
CONTINUOUS
10
138.3889010000000042
20
-128.0019059999999911
11
138.5211039999999798
21
-127.7467669999999913
0
LINE
8
BLACK
6
CONTINUOUS
10
138.5211039999999798
20
-127.7467669999999913
11
138.6173339999999996
21
-127.476001999999994
0
LINE
8
BLACK
6
CONTINUOUS
10
138.6173339999999996
20
-127.476001999999994
11
138.6757979999999861
21
-127.1946559999999948
0
LINE
8
BLACK
6
CONTINUOUS
10
138.6757979999999861
20
-127.1946559999999948
11
138.6954079999999863
21
-126.9079699999999917
0
LINE
8
BLACK
6
CONTINUOUS
10
138.6954079999999863
20
-126.9079699999999917
11
138.6757979999999861
21
-126.6212839999999886
0
LINE
8
BLACK
6
CONTINUOUS
10
138.6757979999999861
20
-126.6212839999999886
11
138.6173339999999996
21
-126.3399379999999894
0
LINE
8
BLACK
6
CONTINUOUS
10
138.6173339999999996
20
-126.3399379999999894
11
138.5211050000000057
21
-126.0691759999999988
0
LINE
8
BLACK
6
CONTINUOUS
10
138.5211050000000057
20
-126.0691759999999988
11
138.5211060000000032
21
-126.0691759999999988
0
LINE
8
BLACK
6
CONTINUOUS
10
138.5211060000000032
20
-126.0691759999999988
11
138.3889010000000042
21
-125.8140339999999924
0
LINE
8
BLACK
6
CONTINUOUS
10
138.3889010000000042
20
-125.8140339999999924
11
138.2231869999999958
21
-125.5792689999999965
0
LINE
8
BLACK
6
CONTINUOUS
10
138.2231869999999958
20
-125.5792689999999965
11
138.1445539999999994
21
-125.4950749999999999
0
LINE
8
BLACK
6
CONTINUOUS
10
138.1445539999999994
20
-125.4950749999999999
11
138.0270529999999951
21
-125.369261999999992
0
LINE
8
BLACK
6
CONTINUOUS
10
138.0270529999999951
20
-125.369261999999992
11
137.8398669999999981
21
-125.2169749999999908
0
LINE
8
BLACK
6
CONTINUOUS
10
137.8398669999999981
20
-125.2169749999999908
11
137.8041460000000029
21
-125.1879139999999921
0
LINE
8
BLACK
6
CONTINUOUS
10
137.8041460000000029
20
-125.1879139999999921
11
137.5586169999999981
21
-125.0386039999999923
0
LINE
8
BLACK
6
CONTINUOUS
10
137.5586169999999981
20
-125.0386039999999923
11
137.295062999999999
21
-124.9241279999999961
0
LINE
8
BLACK
6
CONTINUOUS
10
137.295062999999999
20
-124.9241279999999961
11
137.295061000000004
21
-124.9241269999999986
0
LINE
8
BLACK
6
CONTINUOUS
10
137.295061000000004
20
-124.9241269999999986
11
137.2950579999999832
21
-124.9241260000000011
0
LINE
8
BLACK
6
CONTINUOUS
10
137.2950579999999832
20
-124.9241260000000011
11
137.1655779999999822
21
-124.8878469999999936
0
LINE
8
BLACK
6
CONTINUOUS
10
137.1655779999999822
20
-124.8878469999999936
11
137.0183639999999912
21
-124.8465999999999951
0
LINE
8
BLACK
6
CONTINUOUS
10
137.0183639999999912
20
-124.8465999999999951
11
137.0183590000000038
21
-124.8465989999999977
0
LINE
8
BLACK
6
CONTINUOUS
10
137.0183590000000038
20
-124.8465989999999977
11
137.0183580000000063
21
-124.8465989999999977
0
LINE
8
BLACK
6
CONTINUOUS
10
137.0183580000000063
20
-124.8465989999999977
11
136.8760179999999878
21
-124.8270339999999976
0
LINE
8
BLACK
6
CONTINUOUS
10
136.8760179999999878
20
-124.8270339999999976
11
136.7336789999999951
21
-124.807469999999995
0
LINE
8
BLACK
6
CONTINUOUS
10
136.7336789999999951
20
-124.807469999999995
11
136.7336779999999976
21
-124.807469999999995
0
LINE
8
BLACK
6
CONTINUOUS
10
136.7336779999999976
20
-124.807469999999995
11
136.4463219999999808
21
-124.807469999999995
0
LINE
8
BLACK
6
CONTINUOUS
10
136.4463219999999808
20
-124.807469999999995
11
136.4463209999999833
21
-124.807469999999995
0
LINE
8
BLACK
6
CONTINUOUS
10
136.4463209999999833
20
-124.807469999999995
11
136.1616420000000005
21
-124.8465989999999977
0
LINE
8
BLACK
6
CONTINUOUS
10
136.1616420000000005
20
-124.8465989999999977
11
136.1616349999999898
21
-124.8465999999999951
0
LINE
8
BLACK
6
CONTINUOUS
10
136.1616349999999898
20
-124.8465999999999951
11
135.9538609999999892
21
-124.9048149999999993
0
LINE
8
BLACK
6
CONTINUOUS
10
135.9538609999999892
20
-124.9048149999999993
11
135.8849419999999952
21
-124.9241260000000011
0
LINE
8
BLACK
6
CONTINUOUS
10
135.8849419999999952
20
-124.9241260000000011
11
135.8849390000000028
21
-124.9241260000000011
0
LINE
8
BLACK
6
CONTINUOUS
10
135.8849390000000028
20
-124.9241260000000011
11
135.884935999999982
21
-124.9241279999999961
0
LINE
8
BLACK
6
CONTINUOUS
10
135.884935999999982
20
-124.9241279999999961
11
135.8849349999999845
21
-124.9241279999999961
0
LINE
8
BLACK
6
CONTINUOUS
10
135.8849349999999845
20
-124.9241279999999961
11
135.6213819999999828
21
-125.0386039999999923
0
LINE
8
BLACK
6
CONTINUOUS
10
135.6213819999999828
20
-125.0386039999999923
11
135.3758530000000064
21
-125.1879139999999921
0
LINE
8
BLACK
6
CONTINUOUS
10
135.3758530000000064
20
-125.1879139999999921
11
135.1529500000000041
21
-125.3692589999999996
0
LINE
8
BLACK
6
CONTINUOUS
10
135.1529500000000041
20
-125.3692589999999996
11
134.9568119999999851
21
-125.5792689999999965
0
LINE
8
BLACK
6
CONTINUOUS
10
134.9568119999999851
20
-125.5792689999999965
11
134.7910980000000052
21
-125.8140339999999924
0
LINE
8
BLACK
6
CONTINUOUS
10
134.7910980000000052
20
-125.8140339999999924
11
134.6588940000000036
21
-126.0691759999999988
0
LINE
8
BLACK
6
CONTINUOUS
10
134.6588940000000036
20
-126.0691759999999988
11
134.5626670000000047
21
-126.3399319999999904
0
LINE
8
BLACK
6
CONTINUOUS
10
134.5626670000000047
20
-126.3399319999999904
11
134.5626660000000072
21
-126.339934999999997
0
LINE
8
BLACK
6
CONTINUOUS
10
134.5626660000000072
20
-126.339934999999997
11
134.5042009999999948
21
-126.6212889999999902
0
LINE
8
BLACK
6
CONTINUOUS
10
134.5042009999999948
20
-126.6212889999999902
11
134.4845919999999921
21
-126.9079699999999917
0
LINE
8
BLACK
6
CONTINUOUS
10
134.4845919999999921
20
-126.9079699999999917
11
134.5042009999999948
21
-127.1946499999999958
0
LINE
8
BLACK
6
CONTINUOUS
10
136.1523329999999987
20
-107.7883169999999922
11
136.1523339999999962
21
-107.7883190000000013
0
LINE
8
BLACK
6
CONTINUOUS
10
136.1523339999999962
20
-107.7883190000000013
11
136.2111270000000047
21
-108.0712529999999987
0
LINE
8
BLACK
6
CONTINUOUS
10
136.2111270000000047
20
-108.0712529999999987
11
136.2111319999999921
21
-108.0712690000000009
0
LINE
8
BLACK
6
CONTINUOUS
10
136.2111319999999921
20
-108.0712690000000009
11
136.3079070000000002
21
-108.3435649999999981
0
LINE
8
BLACK
6
CONTINUOUS
10
136.3079070000000002
20
-108.3435649999999981
11
136.4408630000000073
21
-108.6001599999999883
0
LINE
8
BLACK
6
CONTINUOUS
10
136.4408630000000073
20
-108.6001599999999883
11
136.58793399999999
21
-108.8085099999999983
0
LINE
8
BLACK
6
CONTINUOUS
10
136.58793399999999
20
-108.8085099999999983
11
136.9469589999999926
21
-108.4494839999999982
0
LINE
8
BLACK
6
CONTINUOUS
10
136.9469589999999926
20
-108.4494839999999982
11
136.9454999999999814
21
-108.4477749999999929
0
LINE
8
BLACK
6
CONTINUOUS
10
136.9454999999999814
20
-108.4477749999999929
11
136.8132959999999798
21
-108.2320369999999912
0
LINE
8
BLACK
6
CONTINUOUS
10
136.8132959999999798
20
-108.2320369999999912
11
136.7164679999999919
21
-107.9982749999999925
0
LINE
8
BLACK
6
CONTINUOUS
10
136.7164679999999919
20
-107.9982749999999925
11
136.657400999999993
21
-107.7522429999999929
0
LINE
8
BLACK
6
CONTINUOUS
10
136.657400999999993
20
-107.7522429999999929
11
136.637549000000007
21
-107.5
0
LINE
8
BLACK
6
CONTINUOUS
10
136.637549000000007
20
-107.5
11
136.657400999999993
21
-107.2477569999999929
0
LINE
8
BLACK
6
CONTINUOUS
10
136.657400999999993
20
-107.2477569999999929
11
136.7164679999999919
21
-107.0017249999999933
0
LINE
8
BLACK
6
CONTINUOUS
10
136.7164679999999919
20
-107.0017249999999933
11
136.8132959999999798
21
-106.7679629999999946
0
LINE
8
BLACK
6
CONTINUOUS
10
136.8132959999999798
20
-106.7679629999999946
11
136.9454999999999814
21
-106.5522249999999929
0
LINE
8
BLACK
6
CONTINUOUS
10
136.9454999999999814
20
-106.5522249999999929
11
136.94695999999999
21
-106.5505139999999926
0
LINE
8
BLACK
6
CONTINUOUS
10
136.94695999999999
20
-106.5505139999999926
11
136.58793399999999
21
-106.1914879999999926
0
LINE
8
BLACK
6
CONTINUOUS
10
136.58793399999999
20
-106.1914879999999926
11
136.5879329999999925
21
-106.1914879999999926
0
LINE
8
BLACK
6
CONTINUOUS
10
136.5879329999999925
20
-106.1914879999999926
11
136.4408669999999972
21
-106.3998319999999893
0
LINE
8
BLACK
6
CONTINUOUS
10
136.4408669999999972
20
-106.3998319999999893
11
136.4408630000000073
21
-106.3998379999999884
0
LINE
8
BLACK
6
CONTINUOUS
10
136.4408630000000073
20
-106.3998379999999884
11
136.3079070000000002
21
-106.6564339999999902
0
LINE
8
BLACK
6
CONTINUOUS
10
136.3079070000000002
20
-106.6564339999999902
11
136.2111319999999921
21
-106.9287300000000016
0
LINE
8
BLACK
6
CONTINUOUS
10
136.2111319999999921
20
-106.9287300000000016
11
136.2111270000000047
21
-106.9287459999999896
0
LINE
8
BLACK
6
CONTINUOUS
10
136.2111270000000047
20
-106.9287459999999896
11
136.1523339999999962
21
-107.2116800000000012
0
LINE
8
BLACK
6
CONTINUOUS
10
136.1523339999999962
20
-107.2116800000000012
11
136.1523329999999987
21
-107.2116819999999962
0
LINE
8
BLACK
6
CONTINUOUS
10
136.1523329999999987
20
-107.2116819999999962
11
136.1326129999999921
21
-107.5
0
LINE
8
BLACK
6
CONTINUOUS
10
136.1326129999999921
20
-107.5
11
136.1523329999999987
21
-107.7883169999999922
0
CIRCLE
8
BLACK
10
70.75
20
-107.5
40
1.
0
CIRCLE
8
BLACK
10
84.25
20
-107.5
40
1.
0
CIRCLE
8
BLACK
10
124.75
20
-107.5
40
1.
0
CIRCLE
8
BLACK
10
138.25
20
-107.5
40
1.
0
CIRCLE
8
BLACK
10
89.5
20
-116.75
40
0.25
0
CIRCLE
8
BLACK
10
89.5
20
-117.75
40
0.25
0
CIRCLE
8
BLACK
10
89.5
20
-118.75
40
0.25
0
CIRCLE
8
BLACK
10
95.7999999999999972
20
-139.6999999999999886
40
0.25
0
CIRCLE
8
BLACK
10
118.5
20
-137.5
40
1.0999999999999999
0
CIRCLE
8
BLACK
10
118.5
20
-109.5
40
1.0999999999999999
0
CIRCLE
8
BLACK
10
90.5
20
-109.5
40
1.0999999999999999
0
CIRCLE
8
BLACK
10
90.5
20
-137.5
40
1.0999999999999999
0
CIRCLE
8
BLACK
10
98.1999999999999886
20
-139.7999999999999829
40
0.25
0
CIRCLE
8
BLACK
10
100.5
20
-139.5999999999999943
40
0.25
0
CIRCLE
8
BLACK
10
127.6999999999999886
20
-136.5250000000000057
40
0.381
0
CIRCLE
8
BLACK
10
130.2750000000000057
20
-135.5250000000000057
40
0.381
0
CIRCLE
8
BLACK
10
127.75
20
-134.25
40
0.381
0
CIRCLE
8
BLACK
10
130.1999999999999886
20
-133.25
40
0.381
0
CIRCLE
8
BLACK
10
127.6999999999999886
20
-131.9749999999999943
40
0.381
0
CIRCLE
8
BLACK
10
130.2750000000000057
20
-131.
40
0.381
0
CIRCLE
8
BLACK
10
127.75
20
-129.75
40
0.381
0
CIRCLE
8
BLACK
10
130.25
20
-128.75
40
0.381
0
CIRCLE
8
BLACK
10
81.25
20
-128.75
40
0.381
0
CIRCLE
8
BLACK
10
78.6749999999999972
20
-129.75
40
0.381
0
CIRCLE
8
BLACK
10
81.2000000000000028
20
-131.0250000000000057
40
0.381
0
CIRCLE
8
BLACK
10
78.75
20
-132.0250000000000057
40
0.381
0
CIRCLE
8
BLACK
10
81.25
20
-133.2999999999999829
40
0.381
0
CIRCLE
8
BLACK
10
78.6749999999999972
20
-134.2750000000000057
40
0.381
0
CIRCLE
8
BLACK
10
81.2000000000000028
20
-135.5250000000000057
40
0.381
0
CIRCLE
8
BLACK
10
78.7000000000000028
20
-136.5250000000000057
40
0.381
0
CIRCLE
8
BLACK
10
94.5
20
-141.0999999999999943
40
0.15
0
CIRCLE
8
BLACK
10
84.2999999999999972
20
-141.0999999999999943
40
0.15
  0
ENDSEC
  0
EOF
